"primary_spa_name","primary_spa_city","competitor_rank","competitor_name","competitor_review_count","competitor_star_rating","competitor_distance_miles","competitor_gbp_url"
"Lisse Aesthetics","Dallas","1","NakedMD Med Spa Dallas","582","4.9","2.01","https://www.google.com/maps/search/?api=1&query=NakedMD%20Med%20Spa%20Dallas&query_place_id=ChIJj2R7CNAhTIYR-jVvd4jqwYQ"
"Lisse Aesthetics","Dallas","2","OMNI SCULPT MD: Med Spa","463","5.0","0.21","https://www.google.com/maps/search/?api=1&query=OMNI%20SCULPT%20MD%3A%20Med%20Spa&query_place_id=ChIJeXuQkfShToYRv2GPVWSAB98"
"Lisse Aesthetics","Dallas","3","AYA Medical Spa Dallas - University Park","139","5.0","2.8","https://www.google.com/maps/search/?api=1&query=AYA%20Medical%20Spa%20Dallas%20-%20University%20Park&query_place_id=ChIJo_L80uifToYRmY82xz8pKrg"
"Bare Aesthetics Dallas","Dallas","1","It's A Secret Med Spa","574","4.6","0.77","https://www.google.com/maps/search/?api=1&query=It's%20A%20Secret%20Med%20Spa&query_place_id=ChIJsSzHhjGZToYRNTzakPv8gq8"
"Bare Aesthetics Dallas","Dallas","2","Lemmon Avenue Plastic Surgery and Laser Center","444","4.9","0.76","https://www.google.com/maps/search/?api=1&query=Lemmon%20Avenue%20Plastic%20Surgery%20and%20Laser%20Center&query_place_id=ChIJN_OiSCuZToYRc0N9LjtYaP4"
"Bare Aesthetics Dallas","Dallas","3","OVME","250","4.8","0.53","https://www.google.com/maps/search/?api=1&query=OVME&query_place_id=ChIJW8NOn-mfToYRou8QHdl_Iu8"
"Bella MedSpa - Dallas MedSpa","Dallas","1","Calypso Aesthetic Lab","203","5.0","3.77","https://www.google.com/maps/search/?api=1&query=Calypso%20Aesthetic%20Lab&query_place_id=ChIJTTvaCtqdToYRYdiL9GnoJuk"
"Bella MedSpa - Dallas MedSpa","Dallas","2","VIV Wellness","111","5.0","3.42","https://www.google.com/maps/search/?api=1&query=VIV%20Wellness&query_place_id=ChIJ53d-3qSZToYRbwVvERiF6kc"
"Bella MedSpa - Dallas MedSpa","Dallas","3","Dallas Aesthetic Studio","110","5.0","2.98","https://www.google.com/maps/search/?api=1&query=Dallas%20Aesthetic%20Studio&query_place_id=ChIJs2Doe-iZToYR1KHKTP18mUQ"
"It's A Secret Med Spa","Dallas","1","Lemmon Avenue Plastic Surgery and Laser Center","444","4.9","0.25","https://www.google.com/maps/search/?api=1&query=Lemmon%20Avenue%20Plastic%20Surgery%20and%20Laser%20Center&query_place_id=ChIJN_OiSCuZToYRc0N9LjtYaP4"
"It's A Secret Med Spa","Dallas","2","OVME","250","4.8","0.72","https://www.google.com/maps/search/?api=1&query=OVME&query_place_id=ChIJW8NOn-mfToYRou8QHdl_Iu8"
"It's A Secret Med Spa","Dallas","3","SkinSpirit West Village Dallas","150","4.9","0.11","https://www.google.com/maps/search/?api=1&query=SkinSpirit%20West%20Village%20Dallas&query_place_id=ChIJyVE92lOfToYRq1HCZBLZF0M"
"Calypso Aesthetic Lab","Dallas","1","Mara's Med Spa","603","4.8","1.61","https://www.google.com/maps/search/?api=1&query=Mara's%20Med%20Spa&query_place_id=ChIJVTgC-i-ZToYRnhM8bs_V0V8"
"Calypso Aesthetic Lab","Dallas","2","Lemmon Avenue Plastic Surgery and Laser Center","444","4.9","2.03","https://www.google.com/maps/search/?api=1&query=Lemmon%20Avenue%20Plastic%20Surgery%20and%20Laser%20Center&query_place_id=ChIJN_OiSCuZToYRc0N9LjtYaP4"
"Calypso Aesthetic Lab","Dallas","3","The Science of Beauty","201","5.0","1.44","https://www.google.com/maps/search/?api=1&query=The%20Science%20of%20Beauty&query_place_id=ChIJlRYFrG-ZToYR8Q7o9DDXScI"
"Aurum Health","Dallas","1","UPKEEP Med Spa","887","4.9","0.34","https://www.google.com/maps/search/?api=1&query=UPKEEP%20Med%20Spa&query_place_id=ChIJAR_dnRWfToYR5ElZ5LxdzTg"
"Aurum Health","Dallas","2","It's A Secret Med Spa","574","4.6","0.79","https://www.google.com/maps/search/?api=1&query=It's%20A%20Secret%20Med%20Spa&query_place_id=ChIJsSzHhjGZToYRNTzakPv8gq8"
"Aurum Health","Dallas","3","OVME","250","4.8","0.79","https://www.google.com/maps/search/?api=1&query=OVME&query_place_id=ChIJW8NOn-mfToYRou8QHdl_Iu8"
"Lily Aesthetics & Wellness","Dallas","1","NakedMD Med Spa Dallas","582","4.9","3.22","https://www.google.com/maps/search/?api=1&query=NakedMD%20Med%20Spa%20Dallas&query_place_id=ChIJj2R7CNAhTIYR-jVvd4jqwYQ"
"Lily Aesthetics & Wellness","Dallas","2","SkinSpaMED","421","4.9","1.35","https://www.google.com/maps/search/?api=1&query=SkinSpaMED&query_place_id=ChIJw2ZFgt4gTIYRESSpN1nY-2I"
"Lily Aesthetics & Wellness","Dallas","3","Rejuve Med Spa","302","4.8","3.6","https://www.google.com/maps/search/?api=1&query=Rejuve%20Med%20Spa&query_place_id=ChIJrTEvDMwjTIYRD16bpXaOzH8"
"Medical Aesthetics of North Dallas","Plano","1","U Med Spa","1165","4.9","1.72","https://www.google.com/maps/search/?api=1&query=U%20Med%20Spa&query_place_id=ChIJz-wOVbE8TIYROmo0LS8t3Ms"
"Medical Aesthetics of North Dallas","Plano","2","It's A Secret Med Spa","380","4.8","2.0","https://www.google.com/maps/search/?api=1&query=It's%20A%20Secret%20Med%20Spa&query_place_id=ChIJAQCQZ8M8TIYR76vlNNqSr9U"
"Medical Aesthetics of North Dallas","Plano","3","OVME","160","4.7","2.05","https://www.google.com/maps/search/?api=1&query=OVME&query_place_id=ChIJX0R_nmg9TIYROzWzfs-ym2s"
"Total Med Solutions","Dallas","1","ZO Skin Centre","486","4.9","1.45","https://www.google.com/maps/search/?api=1&query=ZO%20Skin%20Centre&query_place_id=ChIJA3qOWNueToYRuvNFDhfiYsg"
"Total Med Solutions","Dallas","2","Well Labs+ Medspa Dallas","359","4.9","1.55","https://www.google.com/maps/search/?api=1&query=Well%20Labs%2B%20Medspa%20Dallas&query_place_id=ChIJjxoGJHyeToYR6Yq2dQEElwI"
"Total Med Solutions","Dallas","3","CULT Aesthetics","352","4.9","0.89","https://www.google.com/maps/search/?api=1&query=CULT%20Aesthetics&query_place_id=ChIJFX32ikGZToYRsMJi8wiyMQo"
"Modern Medical Spa","Dallas","1","NakedMD Med Spa Dallas","582","4.9","3.03","https://www.google.com/maps/search/?api=1&query=NakedMD%20Med%20Spa%20Dallas&query_place_id=ChIJj2R7CNAhTIYR-jVvd4jqwYQ"
"Modern Medical Spa","Dallas","2","OMNI SCULPT MD: Med Spa","463","5.0","4.03","https://www.google.com/maps/search/?api=1&query=OMNI%20SCULPT%20MD%3A%20Med%20Spa&query_place_id=ChIJeXuQkfShToYRv2GPVWSAB98"
"Modern Medical Spa","Dallas","3","SkinSpaMED","421","4.9","0.13","https://www.google.com/maps/search/?api=1&query=SkinSpaMED&query_place_id=ChIJw2ZFgt4gTIYRESSpN1nY-2I"
"Skin Spa New York North Station","Boston","1","Skin Spa New York - Back Bay","381","4.8","1.64","https://www.google.com/maps/search/?api=1&query=Skin%20Spa%20New%20York%20-%20Back%20Bay&query_place_id=ChIJo9Y9lw9644kRR5soqeEBYyk"
"Skin Spa New York North Station","Boston","2","Restore Hyper Wellness","188","4.9","2.13","https://www.google.com/maps/search/?api=1&query=Restore%20Hyper%20Wellness&query_place_id=ChIJ_3lfJtlw44kRhQUM0cH7zqc"
"Skin Spa New York North Station","Boston","3","Skin Laundry - Arsenal Yards","174","4.7","5.06","https://www.google.com/maps/search/?api=1&query=Skin%20Laundry%20-%20Arsenal%20Yards&query_place_id=ChIJqZGGMTF544kRTKEh3BLF8ks"
"Rejuve Med Spa","Dallas","1","Metamorph Med Spa","467","5.0","0.87","https://www.google.com/maps/search/?api=1&query=Metamorph%20Med%20Spa&query_place_id=ChIJXSQ8-eIjTIYRAIZoiBgLKsw"
"Rejuve Med Spa","Dallas","2","Uplift Medspa Health & Wellness","144","5.0","1.07","https://www.google.com/maps/search/?api=1&query=Uplift%20Medspa%20Health%20%26%20Wellness&query_place_id=ChIJOaosxx0hTIYRwgghz8vKkVQ"
"Rejuve Med Spa","Dallas","3","Princess Med Spa","121","4.9","1.03","https://www.google.com/maps/search/?api=1&query=Princess%20Med%20Spa&query_place_id=ChIJ__8vCLEjTIYR5iIUmzBxEFY"
"Mara's Med Spa","Dallas","1","It's A Secret Med Spa","574","4.6","1.05","https://www.google.com/maps/search/?api=1&query=It's%20A%20Secret%20Med%20Spa&query_place_id=ChIJsSzHhjGZToYRNTzakPv8gq8"
"Mara's Med Spa","Dallas","2","Lemmon Avenue Plastic Surgery and Laser Center","444","4.9","0.8","https://www.google.com/maps/search/?api=1&query=Lemmon%20Avenue%20Plastic%20Surgery%20and%20Laser%20Center&query_place_id=ChIJN_OiSCuZToYRc0N9LjtYaP4"
"Mara's Med Spa","Dallas","3","SkinSpirit West Village Dallas","150","4.9","1.01","https://www.google.com/maps/search/?api=1&query=SkinSpirit%20West%20Village%20Dallas&query_place_id=ChIJyVE92lOfToYRq1HCZBLZF0M"
"InjectCo MedSpa Dallas","Dallas","1","UPKEEP Med Spa","887","4.9","0.7","https://www.google.com/maps/search/?api=1&query=UPKEEP%20Med%20Spa&query_place_id=ChIJAR_dnRWfToYR5ElZ5LxdzTg"
"InjectCo MedSpa Dallas","Dallas","2","It's A Secret Med Spa","574","4.6","0.43","https://www.google.com/maps/search/?api=1&query=It's%20A%20Secret%20Med%20Spa&query_place_id=ChIJsSzHhjGZToYRNTzakPv8gq8"
"InjectCo MedSpa Dallas","Dallas","3","Lemmon Avenue Plastic Surgery and Laser Center","444","4.9","0.64","https://www.google.com/maps/search/?api=1&query=Lemmon%20Avenue%20Plastic%20Surgery%20and%20Laser%20Center&query_place_id=ChIJN_OiSCuZToYRc0N9LjtYaP4"
"CULT Aesthetics","Dallas","1","ZO Skin Centre","486","4.9","0.75","https://www.google.com/maps/search/?api=1&query=ZO%20Skin%20Centre&query_place_id=ChIJA3qOWNueToYRuvNFDhfiYsg"
"CULT Aesthetics","Dallas","2","Total Med Solutions","343","4.8","0.89","https://www.google.com/maps/search/?api=1&query=Total%20Med%20Solutions&query_place_id=ChIJqacCkQWfToYR4EUy8H6hEBk"
"CULT Aesthetics","Dallas","3","OVME","250","4.8","0.82","https://www.google.com/maps/search/?api=1&query=OVME&query_place_id=ChIJW8NOn-mfToYRou8QHdl_Iu8"
"Dallas Aesthetic Studio","Dallas","1","Mara's Med Spa","603","4.8","1.04","https://www.google.com/maps/search/?api=1&query=Mara's%20Med%20Spa&query_place_id=ChIJVTgC-i-ZToYRnhM8bs_V0V8"
"Dallas Aesthetic Studio","Dallas","2","Lemmon Avenue Plastic Surgery and Laser Center","444","4.9","1.83","https://www.google.com/maps/search/?api=1&query=Lemmon%20Avenue%20Plastic%20Surgery%20and%20Laser%20Center&query_place_id=ChIJN_OiSCuZToYRc0N9LjtYaP4"
"Dallas Aesthetic Studio","Dallas","3","Calypso Aesthetic Lab","203","5.0","1.35","https://www.google.com/maps/search/?api=1&query=Calypso%20Aesthetic%20Lab&query_place_id=ChIJTTvaCtqdToYRYdiL9GnoJuk"
"VIV Wellness","Dallas","1","Mara's Med Spa","603","4.8","0.59","https://www.google.com/maps/search/?api=1&query=Mara's%20Med%20Spa&query_place_id=ChIJVTgC-i-ZToYRnhM8bs_V0V8"
"VIV Wellness","Dallas","2","Lemmon Avenue Plastic Surgery and Laser Center","444","4.9","1.36","https://www.google.com/maps/search/?api=1&query=Lemmon%20Avenue%20Plastic%20Surgery%20and%20Laser%20Center&query_place_id=ChIJN_OiSCuZToYRc0N9LjtYaP4"
"VIV Wellness","Dallas","3","SkinSpirit West Village Dallas","150","4.9","1.56","https://www.google.com/maps/search/?api=1&query=SkinSpirit%20West%20Village%20Dallas&query_place_id=ChIJyVE92lOfToYRq1HCZBLZF0M"
"Ember Medical Spa","Dallas","1","UPKEEP Med Spa","887","4.9","2.01","https://www.google.com/maps/search/?api=1&query=UPKEEP%20Med%20Spa&query_place_id=ChIJAR_dnRWfToYR5ElZ5LxdzTg"
"Ember Medical Spa","Dallas","2","ZO Skin Centre","486","4.9","2.0","https://www.google.com/maps/search/?api=1&query=ZO%20Skin%20Centre&query_place_id=ChIJA3qOWNueToYRuvNFDhfiYsg"
"Ember Medical Spa","Dallas","3","Sanjiva Medical Spa","246","5.0","1.73","https://www.google.com/maps/search/?api=1&query=Sanjiva%20Medical%20Spa&query_place_id=ChIJNRZQOFefToYRoAIyBbPcbXI"
"Timeless Beauty Med Spa","Dallas","1","Bella MedSpa - Dallas MedSpa","508","4.8","0.76","https://www.google.com/maps/search/?api=1&query=Bella%20MedSpa%20-%20Dallas%20MedSpa&query_place_id=ChIJhXBDi2OZToYReAfRqIZuXdM"
"Timeless Beauty Med Spa","Dallas","2","Calypso Aesthetic Lab","203","5.0","3.02","https://www.google.com/maps/search/?api=1&query=Calypso%20Aesthetic%20Lab&query_place_id=ChIJTTvaCtqdToYRYdiL9GnoJuk"
"Timeless Beauty Med Spa","Dallas","3","VIV Wellness","111","5.0","2.72","https://www.google.com/maps/search/?api=1&query=VIV%20Wellness&query_place_id=ChIJ53d-3qSZToYRbwVvERiF6kc"
"SkinSpaMED","Dallas","1","NakedMD Med Spa Dallas","582","4.9","3.15","https://www.google.com/maps/search/?api=1&query=NakedMD%20Med%20Spa%20Dallas&query_place_id=ChIJj2R7CNAhTIYR-jVvd4jqwYQ"
"SkinSpaMED","Dallas","2","OMNI SCULPT MD: Med Spa","463","5.0","4.12","https://www.google.com/maps/search/?api=1&query=OMNI%20SCULPT%20MD%3A%20Med%20Spa&query_place_id=ChIJeXuQkfShToYRv2GPVWSAB98"
"SkinSpaMED","Dallas","3","Lily Aesthetics & Wellness","166","4.8","1.35","https://www.google.com/maps/search/?api=1&query=Lily%20Aesthetics%20%26%20Wellness&query_place_id=ChIJx9w0IBAhTIYRINvY5qzWl68"
"UPKEEP Med Spa","Dallas","1","It's A Secret Med Spa","574","4.6","1.05","https://www.google.com/maps/search/?api=1&query=It's%20A%20Secret%20Med%20Spa&query_place_id=ChIJsSzHhjGZToYRNTzakPv8gq8"
"UPKEEP Med Spa","Dallas","2","OVME","250","4.8","1.13","https://www.google.com/maps/search/?api=1&query=OVME&query_place_id=ChIJW8NOn-mfToYRou8QHdl_Iu8"
"UPKEEP Med Spa","Dallas","3","Aurum Health","244","4.9","0.34","https://www.google.com/maps/search/?api=1&query=Aurum%20Health&query_place_id=ChIJD8LET6GZToYRSleYd2kkdPw"
"It's A Secret Med Spa","Fort Worth","1","Fort Worth Plastic Surgery","1067","4.9","1.12","https://www.google.com/maps/search/?api=1&query=Fort%20Worth%20Plastic%20Surgery&query_place_id=ChIJN_KWUnxxToYRHRG-7_D-ta0"
"It's A Secret Med Spa","Fort Worth","2","Vitalyc Medspa","383","4.9","1.58","https://www.google.com/maps/search/?api=1&query=Vitalyc%20Medspa&query_place_id=ChIJRf3MEfRzToYR5MtfLITGIXY"
"It's A Secret Med Spa","Fort Worth","3","Hanami Medspa: Elaine Phuah, DO, MBA, FACOI","254","4.9","1.28","https://www.google.com/maps/search/?api=1&query=Hanami%20Medspa%3A%20Elaine%20Phuah%2C%20DO%2C%20MBA%2C%20FACOI&query_place_id=ChIJh6xb-nJxToYRl0sDgOMiOcw"
"Aesteem Aesthetics","Dallas","1","UPKEEP Med Spa","887","4.9","2.08","https://www.google.com/maps/search/?api=1&query=UPKEEP%20Med%20Spa&query_place_id=ChIJAR_dnRWfToYR5ElZ5LxdzTg"
"Aesteem Aesthetics","Dallas","2","Aurum Health","244","4.9","2.27","https://www.google.com/maps/search/?api=1&query=Aurum%20Health&query_place_id=ChIJD8LET6GZToYRSleYd2kkdPw"
"Aesteem Aesthetics","Dallas","3","AYA Medical Spa Dallas - University Park","139","5.0","1.02","https://www.google.com/maps/search/?api=1&query=AYA%20Medical%20Spa%20Dallas%20-%20University%20Park&query_place_id=ChIJo_L80uifToYRmY82xz8pKrg"
"The Retreat Medical Spa","Fort Worth","1","Fort Worth Plastic Surgery","1067","4.9","0.74","https://www.google.com/maps/search/?api=1&query=Fort%20Worth%20Plastic%20Surgery&query_place_id=ChIJN_KWUnxxToYRHRG-7_D-ta0"
"The Retreat Medical Spa","Fort Worth","2","Hanami Medspa: Elaine Phuah, DO, MBA, FACOI","254","4.9","0.52","https://www.google.com/maps/search/?api=1&query=Hanami%20Medspa%3A%20Elaine%20Phuah%2C%20DO%2C%20MBA%2C%20FACOI&query_place_id=ChIJh6xb-nJxToYRl0sDgOMiOcw"
"The Retreat Medical Spa","Fort Worth","3","Youthful Magnolia","145","5.0","0.31","https://www.google.com/maps/search/?api=1&query=Youthful%20Magnolia&query_place_id=ChIJKfBVkXVxToYRQoOEfRo5a2Q"
"Sanjiva Medical Spa","Dallas","1","Well Labs+ Medspa Dallas","359","4.9","0.49","https://www.google.com/maps/search/?api=1&query=Well%20Labs%2B%20Medspa%20Dallas&query_place_id=ChIJjxoGJHyeToYR6Yq2dQEElwI"
"Sanjiva Medical Spa","Dallas","2","CULT Aesthetics","352","4.9","2.22","https://www.google.com/maps/search/?api=1&query=CULT%20Aesthetics&query_place_id=ChIJFX32ikGZToYRsMJi8wiyMQo"
"Sanjiva Medical Spa","Dallas","3","Total Med Solutions","343","4.8","1.63","https://www.google.com/maps/search/?api=1&query=Total%20Med%20Solutions&query_place_id=ChIJqacCkQWfToYR4EUy8H6hEBk"
"Kalos Medical Spa at Kirby Plastic Surgery","Fort Worth","1","Beverly Hills Rejuvenation Center","198","4.7","1.55","https://www.google.com/maps/search/?api=1&query=Beverly%20Hills%20Rejuvenation%20Center&query_place_id=ChIJq19dokZzToYRhpLzfU31xSs"
"Kalos Medical Spa at Kirby Plastic Surgery","Fort Worth","2","OrangeTwist","120","4.8","1.18","https://www.google.com/maps/search/?api=1&query=OrangeTwist&query_place_id=ChIJhYMt6q1zToYRNp11544wayE"
"Kalos Medical Spa at Kirby Plastic Surgery","Fort Worth","3","InjectCo MedSpa Fort Worth","100","5.0","1.46","https://www.google.com/maps/search/?api=1&query=InjectCo%20MedSpa%20Fort%20Worth&query_place_id=ChIJY52k0mpzToYR9XV5Bfj-quM"
"Youthful Magnolia","Fort Worth","1","Fort Worth Plastic Surgery","1067","4.9","0.52","https://www.google.com/maps/search/?api=1&query=Fort%20Worth%20Plastic%20Surgery&query_place_id=ChIJN_KWUnxxToYRHRG-7_D-ta0"
"Youthful Magnolia","Fort Worth","2","Hanami Medspa: Elaine Phuah, DO, MBA, FACOI","254","4.9","0.41","https://www.google.com/maps/search/?api=1&query=Hanami%20Medspa%3A%20Elaine%20Phuah%2C%20DO%2C%20MBA%2C%20FACOI&query_place_id=ChIJh6xb-nJxToYRl0sDgOMiOcw"
"Youthful Magnolia","Fort Worth","3","The Retreat Medical Spa","73","4.9","0.31","https://www.google.com/maps/search/?api=1&query=The%20Retreat%20Medical%20Spa&query_place_id=ChIJ94-PS3ZxToYRedfv9s5S-BU"
"Heyday Skincare Seaport","Boston","1","Skin Spa New York - Back Bay","381","4.8","1.92","https://www.google.com/maps/search/?api=1&query=Skin%20Spa%20New%20York%20-%20Back%20Bay&query_place_id=ChIJo9Y9lw9644kRR5soqeEBYyk"
"Heyday Skincare Seaport","Boston","2","Skin Spa New York North Station","231","4.9","1.05","https://www.google.com/maps/search/?api=1&query=Skin%20Spa%20New%20York%20North%20Station&query_place_id=ChIJt9-1WaNx44kRW_oKLlcxNv4"
"Heyday Skincare Seaport","Boston","3","Restore Hyper Wellness","188","4.9","3.17","https://www.google.com/maps/search/?api=1&query=Restore%20Hyper%20Wellness&query_place_id=ChIJ_3lfJtlw44kRhQUM0cH7zqc"
"Bougie Aesthetics","Fort Worth","1","Hanami Medspa: Elaine Phuah, DO, MBA, FACOI","254","4.9","1.21","https://www.google.com/maps/search/?api=1&query=Hanami%20Medspa%3A%20Elaine%20Phuah%2C%20DO%2C%20MBA%2C%20FACOI&query_place_id=ChIJh6xb-nJxToYRl0sDgOMiOcw"
"Bougie Aesthetics","Fort Worth","2","Tina Torres Cosmetics","135","4.9","0.66","https://www.google.com/maps/search/?api=1&query=Tina%20Torres%20Cosmetics&query_place_id=ChIJxwt82kdzToYRizTFX0vGphU"
"Bougie Aesthetics","Fort Worth","3","Skin Beauty Med Spa","79","5.0","1.13","https://www.google.com/maps/search/?api=1&query=Skin%20Beauty%20Med%20Spa&query_place_id=ChIJMUW46pVxToYRt1cgDSTAmN8"
"The Science of Beauty","Dallas","1","It's A Secret Med Spa","574","4.6","1.01","https://www.google.com/maps/search/?api=1&query=It's%20A%20Secret%20Med%20Spa&query_place_id=ChIJsSzHhjGZToYRNTzakPv8gq8"
"The Science of Beauty","Dallas","2","Lemmon Avenue Plastic Surgery and Laser Center","444","4.9","0.99","https://www.google.com/maps/search/?api=1&query=Lemmon%20Avenue%20Plastic%20Surgery%20and%20Laser%20Center&query_place_id=ChIJN_OiSCuZToYRc0N9LjtYaP4"
"The Science of Beauty","Dallas","3","SkinSpirit West Village Dallas","150","4.9","1.1","https://www.google.com/maps/search/?api=1&query=SkinSpirit%20West%20Village%20Dallas&query_place_id=ChIJyVE92lOfToYRq1HCZBLZF0M"
"H2 Wellness & MedSpa","Fort Worth","1","It's A Secret Med Spa","308","4.7","2.29","https://www.google.com/maps/search/?api=1&query=It's%20A%20Secret%20Med%20Spa&query_place_id=ChIJ_wc3yzRzToYRKgq7xXuE7x8"
"H2 Wellness & MedSpa","Fort Worth","2","Beverly Hills Rejuvenation Center","198","4.7","2.0","https://www.google.com/maps/search/?api=1&query=Beverly%20Hills%20Rejuvenation%20Center&query_place_id=ChIJq19dokZzToYRhpLzfU31xSs"
"H2 Wellness & MedSpa","Fort Worth","3","InjectCo MedSpa Fort Worth","100","5.0","2.03","https://www.google.com/maps/search/?api=1&query=InjectCo%20MedSpa%20Fort%20Worth&query_place_id=ChIJY52k0mpzToYR9XV5Bfj-quM"
"KAYO Aesthetics","Fort Worth","1","SKINTECH SPA - Fort Worth","745","4.6","0.47","https://www.google.com/maps/search/?api=1&query=SKINTECH%20SPA%20-%20Fort%20Worth&query_place_id=ChIJbbejSVZtToYRABT0etPH5-E"
"KAYO Aesthetics","Fort Worth","2","A Nurses Touch Skin Care & Med Spa","604","4.9","0.61","https://www.google.com/maps/search/?api=1&query=A%20Nurses%20Touch%20Skin%20Care%20%26%20Med%20Spa&query_place_id=ChIJq-aKIIFyToYRC3FDx_Vc1jU"
"KAYO Aesthetics","Fort Worth","3","Kalos Medical Spa at Kirby Plastic Surgery","351","5.0","1.24","https://www.google.com/maps/search/?api=1&query=Kalos%20Medical%20Spa%20at%20Kirby%20Plastic%20Surgery&query_place_id=ChIJp14MFC5zToYRdaad_Mu9UII"
"Restore Hyper Wellness","Westport","1","Lil Brit of Wax and Facials","42","5.0","7.99","https://www.google.com/maps/search/?api=1&query=Lil%20Brit%20of%20Wax%20and%20Facials&query_place_id=ChIJIT-eQc5x54gR_q2TSGthy1Q"
"Dallas Pro Aesthetics","Dallas","1","NakedMD Med Spa Dallas","582","4.9","3.44","https://www.google.com/maps/search/?api=1&query=NakedMD%20Med%20Spa%20Dallas&query_place_id=ChIJj2R7CNAhTIYR-jVvd4jqwYQ"
"Dallas Pro Aesthetics","Dallas","2","OMNI SCULPT MD: Med Spa","463","5.0","4.42","https://www.google.com/maps/search/?api=1&query=OMNI%20SCULPT%20MD%3A%20Med%20Spa&query_place_id=ChIJeXuQkfShToYRv2GPVWSAB98"
"Dallas Pro Aesthetics","Dallas","3","SkinSpaMED","421","4.9","0.3","https://www.google.com/maps/search/?api=1&query=SkinSpaMED&query_place_id=ChIJw2ZFgt4gTIYRESSpN1nY-2I"
"Cosmetic And Laser Center Botox Clinic","Boston","1","Skin Spa New York - Back Bay","381","4.8","1.79","https://www.google.com/maps/search/?api=1&query=Skin%20Spa%20New%20York%20-%20Back%20Bay&query_place_id=ChIJo9Y9lw9644kRR5soqeEBYyk"
"Cosmetic And Laser Center Botox Clinic","Boston","2","Skin Spa New York North Station","231","4.9","1.11","https://www.google.com/maps/search/?api=1&query=Skin%20Spa%20New%20York%20North%20Station&query_place_id=ChIJt9-1WaNx44kRW_oKLlcxNv4"
"Cosmetic And Laser Center Botox Clinic","Boston","3","Restore Hyper Wellness","188","4.9","3.23","https://www.google.com/maps/search/?api=1&query=Restore%20Hyper%20Wellness&query_place_id=ChIJ_3lfJtlw44kRhQUM0cH7zqc"
"Snug Aesthetics","Fort Worth","1","It's A Secret Med Spa","308","4.7","2.35","https://www.google.com/maps/search/?api=1&query=It's%20A%20Secret%20Med%20Spa&query_place_id=ChIJ_wc3yzRzToYRKgq7xXuE7x8"
"Snug Aesthetics","Fort Worth","2","Tina Torres Cosmetics","135","4.9","3.01","https://www.google.com/maps/search/?api=1&query=Tina%20Torres%20Cosmetics&query_place_id=ChIJxwt82kdzToYRizTFX0vGphU"
"Snug Aesthetics","Fort Worth","3","Bougie Aesthetics","111","4.8","2.35","https://www.google.com/maps/search/?api=1&query=Bougie%20Aesthetics&query_place_id=ChIJWXF8qTPZTYYROcA-rVQYU-8"
"InjectCo MedSpa Fort Worth","Fort Worth","1","Vitalyc Medspa","383","4.9","1.58","https://www.google.com/maps/search/?api=1&query=Vitalyc%20Medspa&query_place_id=ChIJRf3MEfRzToYR5MtfLITGIXY"
"InjectCo MedSpa Fort Worth","Fort Worth","2","Kalos Medical Spa at Kirby Plastic Surgery","351","5.0","1.46","https://www.google.com/maps/search/?api=1&query=Kalos%20Medical%20Spa%20at%20Kirby%20Plastic%20Surgery&query_place_id=ChIJp14MFC5zToYRdaad_Mu9UII"
"InjectCo MedSpa Fort Worth","Fort Worth","3","Beverly Hills Rejuvenation Center","198","4.7","0.14","https://www.google.com/maps/search/?api=1&query=Beverly%20Hills%20Rejuvenation%20Center&query_place_id=ChIJq19dokZzToYRhpLzfU31xSs"
"Skin Care Fort Worth","Fort Worth","1","Kalos Medical Spa at Kirby Plastic Surgery","351","5.0","1.6","https://www.google.com/maps/search/?api=1&query=Kalos%20Medical%20Spa%20at%20Kirby%20Plastic%20Surgery&query_place_id=ChIJp14MFC5zToYRdaad_Mu9UII"
"Skin Care Fort Worth","Fort Worth","2","Beverly Hills Rejuvenation Center","198","4.7","1.49","https://www.google.com/maps/search/?api=1&query=Beverly%20Hills%20Rejuvenation%20Center&query_place_id=ChIJq19dokZzToYRhpLzfU31xSs"
"Skin Care Fort Worth","Fort Worth","3","OrangeTwist","120","4.8","2.2","https://www.google.com/maps/search/?api=1&query=OrangeTwist&query_place_id=ChIJhYMt6q1zToYRNp11544wayE"
"Vitalyc Medspa","Fort Worth","1","Fort Worth Plastic Surgery","1067","4.9","1.05","https://www.google.com/maps/search/?api=1&query=Fort%20Worth%20Plastic%20Surgery&query_place_id=ChIJN_KWUnxxToYRHRG-7_D-ta0"
"Vitalyc Medspa","Fort Worth","2","Hanami Medspa: Elaine Phuah, DO, MBA, FACOI","254","4.9","1.28","https://www.google.com/maps/search/?api=1&query=Hanami%20Medspa%3A%20Elaine%20Phuah%2C%20DO%2C%20MBA%2C%20FACOI&query_place_id=ChIJh6xb-nJxToYRl0sDgOMiOcw"
"Vitalyc Medspa","Fort Worth","3","Beverly Hills Rejuvenation Center","198","4.7","1.47","https://www.google.com/maps/search/?api=1&query=Beverly%20Hills%20Rejuvenation%20Center&query_place_id=ChIJq19dokZzToYRhpLzfU31xSs"
"SKINTECH SPA - Fort Worth","Fort Worth","1","A Nurses Touch Skin Care & Med Spa","604","4.9","0.18","https://www.google.com/maps/search/?api=1&query=A%20Nurses%20Touch%20Skin%20Care%20%26%20Med%20Spa&query_place_id=ChIJq-aKIIFyToYRC3FDx_Vc1jU"
"SKINTECH SPA - Fort Worth","Fort Worth","2","Kalos Medical Spa at Kirby Plastic Surgery","351","5.0","1.59","https://www.google.com/maps/search/?api=1&query=Kalos%20Medical%20Spa%20at%20Kirby%20Plastic%20Surgery&query_place_id=ChIJp14MFC5zToYRdaad_Mu9UII"
"SKINTECH SPA - Fort Worth","Fort Worth","3","OrangeTwist","120","4.8","0.47","https://www.google.com/maps/search/?api=1&query=OrangeTwist&query_place_id=ChIJhYMt6q1zToYRNp11544wayE"
"Hanami Medspa: Elaine Phuah, DO, MBA, FACOI","Fort Worth","1","Fort Worth Plastic Surgery","1067","4.9","0.27","https://www.google.com/maps/search/?api=1&query=Fort%20Worth%20Plastic%20Surgery&query_place_id=ChIJN_KWUnxxToYRHRG-7_D-ta0"
"Hanami Medspa: Elaine Phuah, DO, MBA, FACOI","Fort Worth","2","Youthful Magnolia","145","5.0","0.41","https://www.google.com/maps/search/?api=1&query=Youthful%20Magnolia&query_place_id=ChIJKfBVkXVxToYRQoOEfRo5a2Q"
"Hanami Medspa: Elaine Phuah, DO, MBA, FACOI","Fort Worth","3","The Retreat Medical Spa","73","4.9","0.52","https://www.google.com/maps/search/?api=1&query=The%20Retreat%20Medical%20Spa&query_place_id=ChIJ94-PS3ZxToYRedfv9s5S-BU"
"Geneva Med Spa","Frisco","1","Starwood Med Spa","658","4.9","1.54","https://www.google.com/maps/search/?api=1&query=Starwood%20Med%20Spa&query_place_id=ChIJhaGNQns8TIYRsl2pep3beSI"
"Geneva Med Spa","Frisco","2","Modern Skin Med Spa","112","5.0","1.07","https://www.google.com/maps/search/?api=1&query=Modern%20Skin%20Med%20Spa&query_place_id=ChIJ-2aoFkg9TIYRnU3grVS6MTM"
"Geneva Med Spa","Frisco","3","Dallas Medicine & Aesthetics","111","4.9","1.51","https://www.google.com/maps/search/?api=1&query=Dallas%20Medicine%20%26%20Aesthetics&query_place_id=ChIJo5ZsySmZToYRh51RyI8Z8RE"
"Fort Worth Plastic Surgery","Fort Worth","1","Hanami Medspa: Elaine Phuah, DO, MBA, FACOI","254","4.9","0.27","https://www.google.com/maps/search/?api=1&query=Hanami%20Medspa%3A%20Elaine%20Phuah%2C%20DO%2C%20MBA%2C%20FACOI&query_place_id=ChIJh6xb-nJxToYRl0sDgOMiOcw"
"Fort Worth Plastic Surgery","Fort Worth","2","Youthful Magnolia","145","5.0","0.52","https://www.google.com/maps/search/?api=1&query=Youthful%20Magnolia&query_place_id=ChIJKfBVkXVxToYRQoOEfRo5a2Q"
"Fort Worth Plastic Surgery","Fort Worth","3","The Retreat Medical Spa","73","4.9","0.74","https://www.google.com/maps/search/?api=1&query=The%20Retreat%20Medical%20Spa&query_place_id=ChIJ94-PS3ZxToYRedfv9s5S-BU"
"A Nurses Touch Skin Care & Med Spa","Fort Worth","1","SKINTECH SPA - Fort Worth","745","4.6","0.18","https://www.google.com/maps/search/?api=1&query=SKINTECH%20SPA%20-%20Fort%20Worth&query_place_id=ChIJbbejSVZtToYRABT0etPH5-E"
"A Nurses Touch Skin Care & Med Spa","Fort Worth","2","Kalos Medical Spa at Kirby Plastic Surgery","351","5.0","1.63","https://www.google.com/maps/search/?api=1&query=Kalos%20Medical%20Spa%20at%20Kirby%20Plastic%20Surgery&query_place_id=ChIJp14MFC5zToYRdaad_Mu9UII"
"A Nurses Touch Skin Care & Med Spa","Fort Worth","3","OrangeTwist","120","4.8","0.58","https://www.google.com/maps/search/?api=1&query=OrangeTwist&query_place_id=ChIJhYMt6q1zToYRNp11544wayE"
"OrangeTwist","Fort Worth","1","SKINTECH SPA - Fort Worth","745","4.6","0.47","https://www.google.com/maps/search/?api=1&query=SKINTECH%20SPA%20-%20Fort%20Worth&query_place_id=ChIJbbejSVZtToYRABT0etPH5-E"
"OrangeTwist","Fort Worth","2","A Nurses Touch Skin Care & Med Spa","604","4.9","0.58","https://www.google.com/maps/search/?api=1&query=A%20Nurses%20Touch%20Skin%20Care%20%26%20Med%20Spa&query_place_id=ChIJq-aKIIFyToYRC3FDx_Vc1jU"
"OrangeTwist","Fort Worth","3","Kalos Medical Spa at Kirby Plastic Surgery","351","5.0","1.18","https://www.google.com/maps/search/?api=1&query=Kalos%20Medical%20Spa%20at%20Kirby%20Plastic%20Surgery&query_place_id=ChIJp14MFC5zToYRdaad_Mu9UII"
"Magnetic Aesthetics","Frisco","1","Hush MedSpa","334","4.9","0.74","https://www.google.com/maps/search/?api=1&query=Hush%20MedSpa&query_place_id=ChIJ5Yn6otg5TIYRRDMOxUm7IQc"
"Magnetic Aesthetics","Frisco","2","FINETUNE Med Spa - Frisco","210","5.0","1.46","https://www.google.com/maps/search/?api=1&query=FINETUNE%20Med%20Spa%20-%20Frisco&query_place_id=ChIJa9dvEBU7TIYRNwEE9A33p8w"
"Magnetic Aesthetics","Frisco","3","BUTEX Medical Spa and Laser Treatment","188","5.0","0.3","https://www.google.com/maps/search/?api=1&query=BUTEX%20Medical%20Spa%20and%20Laser%20Treatment&query_place_id=ChIJo133yeQ5TIYRIh6seUqNpss"
"FINETUNE Med Spa - Frisco","Frisco","1","Hush MedSpa","334","4.9","0.72","https://www.google.com/maps/search/?api=1&query=Hush%20MedSpa&query_place_id=ChIJ5Yn6otg5TIYRRDMOxUm7IQc"
"FINETUNE Med Spa - Frisco","Frisco","2","BUTEX Medical Spa and Laser Treatment","188","5.0","1.36","https://www.google.com/maps/search/?api=1&query=BUTEX%20Medical%20Spa%20and%20Laser%20Treatment&query_place_id=ChIJo133yeQ5TIYRIh6seUqNpss"
"FINETUNE Med Spa - Frisco","Frisco","3","It's A Secret Med Spa","152","4.5","1.47","https://www.google.com/maps/search/?api=1&query=It's%20A%20Secret%20Med%20Spa&query_place_id=ChIJ7aFaHdw9TIYR4wkSvcL68U4"
"Hush MedSpa","Frisco","1","FINETUNE Med Spa - Frisco","210","5.0","0.72","https://www.google.com/maps/search/?api=1&query=FINETUNE%20Med%20Spa%20-%20Frisco&query_place_id=ChIJa9dvEBU7TIYRNwEE9A33p8w"
"Hush MedSpa","Frisco","2","BUTEX Medical Spa and Laser Treatment","188","5.0","0.64","https://www.google.com/maps/search/?api=1&query=BUTEX%20Medical%20Spa%20and%20Laser%20Treatment&query_place_id=ChIJo133yeQ5TIYRIh6seUqNpss"
"Hush MedSpa","Frisco","3","Magnetic Aesthetics","77","5.0","0.74","https://www.google.com/maps/search/?api=1&query=Magnetic%20Aesthetics&query_place_id=ChIJ5xh--4M5TIYRyPxYWrtWEHk"
"Beautiful Aesthetics","Frisco","1","SkinChic Aesthetics","238","5.0","0.06","https://www.google.com/maps/search/?api=1&query=SkinChic%20Aesthetics&query_place_id=ChIJS-RORUQ7TIYRULnHS8ILJIY"
"Beautiful Aesthetics","Frisco","2","FINETUNE Med Spa - Frisco","210","5.0","2.35","https://www.google.com/maps/search/?api=1&query=FINETUNE%20Med%20Spa%20-%20Frisco&query_place_id=ChIJa9dvEBU7TIYRNwEE9A33p8w"
"Beautiful Aesthetics","Frisco","3","Med Spa Studios & Genesis Hyperbaric","81","4.9","1.35","https://www.google.com/maps/search/?api=1&query=Med%20Spa%20Studios%20%26%20Genesis%20Hyperbaric&query_place_id=ChIJvyPXS9ggTIYRRZ4hWRuzADA"
"Tina Torres Cosmetics","Fort Worth","1","Bougie Aesthetics","111","4.8","0.66","https://www.google.com/maps/search/?api=1&query=Bougie%20Aesthetics&query_place_id=ChIJWXF8qTPZTYYROcA-rVQYU-8"
"Tina Torres Cosmetics","Fort Worth","2","Skin Beauty Med Spa","79","5.0","0.48","https://www.google.com/maps/search/?api=1&query=Skin%20Beauty%20Med%20Spa&query_place_id=ChIJMUW46pVxToYRt1cgDSTAmN8"
"Tina Torres Cosmetics","Fort Worth","3","The Retreat Medical Spa","73","4.9","0.93","https://www.google.com/maps/search/?api=1&query=The%20Retreat%20Medical%20Spa&query_place_id=ChIJ94-PS3ZxToYRedfv9s5S-BU"
"Modern Skin Med Spa","Frisco","1","Starwood Med Spa","658","4.9","0.54","https://www.google.com/maps/search/?api=1&query=Starwood%20Med%20Spa&query_place_id=ChIJhaGNQns8TIYRsl2pep3beSI"
"Modern Skin Med Spa","Frisco","2","Le Beau Visage Medical Spa","286","4.9","1.31","https://www.google.com/maps/search/?api=1&query=Le%20Beau%20Visage%20Medical%20Spa&query_place_id=ChIJkdUxAfE8TIYRrlKxyWbiSHQ"
"Modern Skin Med Spa","Frisco","3","Geneva Med Spa","116","5.0","1.07","https://www.google.com/maps/search/?api=1&query=Geneva%20Med%20Spa&query_place_id=ChIJqQxmNhQ7TIYRCm-noRxlOs4"
"Blu Magnolia Aesthetics","Fort Worth","1","Snug Aesthetics","197","5.0","8.1","https://www.google.com/maps/search/?api=1&query=Snug%20Aesthetics&query_place_id=ChIJne2QU053ToYRVvWjwnrTy78"
"Blu Magnolia Aesthetics","Fort Worth","2","Skinique Med Spa & Wellness","107","4.5","0.34","https://www.google.com/maps/search/?api=1&query=Skinique%20Med%20Spa%20%26%20Wellness&query_place_id=ChIJz_ihVPfYTYYR8HUz7fK5Xs4"
"Blu Magnolia Aesthetics","Fort Worth","3","Cloud9 Med Spa","100","5.0","3.8","https://www.google.com/maps/search/?api=1&query=Cloud9%20Med%20Spa&query_place_id=ChIJZUE_F2fZTYYRSZL3wfLbbf4"
"SkinChic Aesthetics","Frisco","1","FINETUNE Med Spa - Frisco","210","5.0","2.36","https://www.google.com/maps/search/?api=1&query=FINETUNE%20Med%20Spa%20-%20Frisco&query_place_id=ChIJa9dvEBU7TIYRNwEE9A33p8w"
"SkinChic Aesthetics","Frisco","2","Beautiful Aesthetics","97","5.0","0.06","https://www.google.com/maps/search/?api=1&query=Beautiful%20Aesthetics&query_place_id=ChIJZfEIy_A7TIYRWSoY9YneiIc"
"SkinChic Aesthetics","Frisco","3","Med Spa Studios & Genesis Hyperbaric","81","4.9","1.4","https://www.google.com/maps/search/?api=1&query=Med%20Spa%20Studios%20%26%20Genesis%20Hyperbaric&query_place_id=ChIJvyPXS9ggTIYRRZ4hWRuzADA"
"Med Spa Studios & Genesis Hyperbaric","Frisco","1","SkinChic Aesthetics","238","5.0","1.4","https://www.google.com/maps/search/?api=1&query=SkinChic%20Aesthetics&query_place_id=ChIJS-RORUQ7TIYRULnHS8ILJIY"
"Med Spa Studios & Genesis Hyperbaric","Frisco","2","Geneva Med Spa","116","5.0","3.07","https://www.google.com/maps/search/?api=1&query=Geneva%20Med%20Spa&query_place_id=ChIJqQxmNhQ7TIYRCm-noRxlOs4"
"Med Spa Studios & Genesis Hyperbaric","Frisco","3","Beautiful Aesthetics","97","5.0","1.35","https://www.google.com/maps/search/?api=1&query=Beautiful%20Aesthetics&query_place_id=ChIJZfEIy_A7TIYRWSoY9YneiIc"
"Dallas Medicine & Aesthetics","Frisco","1","Starwood Med Spa","658","4.9","1.28","https://www.google.com/maps/search/?api=1&query=Starwood%20Med%20Spa&query_place_id=ChIJhaGNQns8TIYRsl2pep3beSI"
"Dallas Medicine & Aesthetics","Frisco","2","Le Beau Visage Medical Spa","286","4.9","0.67","https://www.google.com/maps/search/?api=1&query=Le%20Beau%20Visage%20Medical%20Spa&query_place_id=ChIJkdUxAfE8TIYRrlKxyWbiSHQ"
"Dallas Medicine & Aesthetics","Frisco","3","Purple Basil Medspa","163","5.0","1.01","https://www.google.com/maps/search/?api=1&query=Purple%20Basil%20Medspa&query_place_id=ChIJgbog1Y49TIYRVQKTsKs1KMg"
"Starwood Med Spa","Frisco","1","Le Beau Visage Medical Spa","286","4.9","1.41","https://www.google.com/maps/search/?api=1&query=Le%20Beau%20Visage%20Medical%20Spa&query_place_id=ChIJkdUxAfE8TIYRrlKxyWbiSHQ"
"Starwood Med Spa","Frisco","2","Modern Skin Med Spa","112","5.0","0.54","https://www.google.com/maps/search/?api=1&query=Modern%20Skin%20Med%20Spa&query_place_id=ChIJ-2aoFkg9TIYRnU3grVS6MTM"
"Starwood Med Spa","Frisco","3","Dallas Medicine & Aesthetics","111","4.9","1.28","https://www.google.com/maps/search/?api=1&query=Dallas%20Medicine%20%26%20Aesthetics&query_place_id=ChIJo5ZsySmZToYRh51RyI8Z8RE"
"Le Beau Visage Medical Spa","Frisco","1","Purple Basil Medspa","163","5.0","0.37","https://www.google.com/maps/search/?api=1&query=Purple%20Basil%20Medspa&query_place_id=ChIJgbog1Y49TIYRVQKTsKs1KMg"
"Le Beau Visage Medical Spa","Frisco","2","Starwood Med Spa","158","4.9","1.22","https://www.google.com/maps/search/?api=1&query=Starwood%20Med%20Spa&query_place_id=ChIJWx6gFj09TIYR9tExGmtztDI"
"Le Beau Visage Medical Spa","Frisco","3","Dallas Medicine & Aesthetics","111","4.9","0.67","https://www.google.com/maps/search/?api=1&query=Dallas%20Medicine%20%26%20Aesthetics&query_place_id=ChIJo5ZsySmZToYRh51RyI8Z8RE"
"Amazon Aesthetics and Laser","Frisco","1","Starwood Med Spa","658","4.9","0.93","https://www.google.com/maps/search/?api=1&query=Starwood%20Med%20Spa&query_place_id=ChIJhaGNQns8TIYRsl2pep3beSI"
"Amazon Aesthetics and Laser","Frisco","2","Purple Basil Medspa","163","5.0","1.95","https://www.google.com/maps/search/?api=1&query=Purple%20Basil%20Medspa&query_place_id=ChIJgbog1Y49TIYRVQKTsKs1KMg"
"Amazon Aesthetics and Laser","Frisco","3","It's A Secret Med Spa","152","4.5","0.94","https://www.google.com/maps/search/?api=1&query=It's%20A%20Secret%20Med%20Spa&query_place_id=ChIJ7aFaHdw9TIYR4wkSvcL68U4"
"Skin Beauty Med Spa","Fort Worth","1","Hanami Medspa: Elaine Phuah, DO, MBA, FACOI","254","4.9","1.06","https://www.google.com/maps/search/?api=1&query=Hanami%20Medspa%3A%20Elaine%20Phuah%2C%20DO%2C%20MBA%2C%20FACOI&query_place_id=ChIJh6xb-nJxToYRl0sDgOMiOcw"
"Skin Beauty Med Spa","Fort Worth","2","Tina Torres Cosmetics","135","4.9","0.48","https://www.google.com/maps/search/?api=1&query=Tina%20Torres%20Cosmetics&query_place_id=ChIJxwt82kdzToYRizTFX0vGphU"
"Skin Beauty Med Spa","Fort Worth","3","The Retreat Medical Spa","73","4.9","0.79","https://www.google.com/maps/search/?api=1&query=The%20Retreat%20Medical%20Spa&query_place_id=ChIJ94-PS3ZxToYRedfv9s5S-BU"
"Just Injected","Dallas","1","ZO Skin Centre","486","4.9","2.0","https://www.google.com/maps/search/?api=1&query=ZO%20Skin%20Centre&query_place_id=ChIJA3qOWNueToYRuvNFDhfiYsg"
"Just Injected","Dallas","2","CULT Aesthetics","352","4.9","1.27","https://www.google.com/maps/search/?api=1&query=CULT%20Aesthetics&query_place_id=ChIJFX32ikGZToYRsMJi8wiyMQo"
"Just Injected","Dallas","3","Total Med Solutions","343","4.8","0.82","https://www.google.com/maps/search/?api=1&query=Total%20Med%20Solutions&query_place_id=ChIJqacCkQWfToYR4EUy8H6hEBk"
"Cloud9 Med Spa","Fort Worth","1","Blu Magnolia Aesthetics","125","5.0","3.8","https://www.google.com/maps/search/?api=1&query=Blu%20Magnolia%20Aesthetics&query_place_id=ChIJ7fOOLurZTYYRKyU-XpokgZc"
"Cloud9 Med Spa","Fort Worth","2","Skinique Med Spa & Wellness","107","4.5","3.78","https://www.google.com/maps/search/?api=1&query=Skinique%20Med%20Spa%20%26%20Wellness&query_place_id=ChIJz_ihVPfYTYYR8HUz7fK5Xs4"
"Cloud9 Med Spa","Fort Worth","3","Texas Med Group","53","4.9","4.72","https://www.google.com/maps/search/?api=1&query=Texas%20Med%20Group&query_place_id=ChIJu5JazmDXTYYRUNU7dw5kN7c"
"Skinique Med Spa & Wellness","Fort Worth","1","Snug Aesthetics","197","5.0","8.18","https://www.google.com/maps/search/?api=1&query=Snug%20Aesthetics&query_place_id=ChIJne2QU053ToYRVvWjwnrTy78"
"Skinique Med Spa & Wellness","Fort Worth","2","Blu Magnolia Aesthetics","125","5.0","0.34","https://www.google.com/maps/search/?api=1&query=Blu%20Magnolia%20Aesthetics&query_place_id=ChIJ7fOOLurZTYYRKyU-XpokgZc"
"Skinique Med Spa & Wellness","Fort Worth","3","Cloud9 Med Spa","100","5.0","3.78","https://www.google.com/maps/search/?api=1&query=Cloud9%20Med%20Spa&query_place_id=ChIJZUE_F2fZTYYRSZL3wfLbbf4"
"It's A Secret Med Spa","Frisco","1","Starwood Med Spa","658","4.9","1.86","https://www.google.com/maps/search/?api=1&query=Starwood%20Med%20Spa&query_place_id=ChIJhaGNQns8TIYRsl2pep3beSI"
"It's A Secret Med Spa","Frisco","2","Hush MedSpa","334","4.9","1.59","https://www.google.com/maps/search/?api=1&query=Hush%20MedSpa&query_place_id=ChIJ5Yn6otg5TIYRRDMOxUm7IQc"
"It's A Secret Med Spa","Frisco","3","FINETUNE Med Spa - Frisco","210","5.0","1.47","https://www.google.com/maps/search/?api=1&query=FINETUNE%20Med%20Spa%20-%20Frisco&query_place_id=ChIJa9dvEBU7TIYRNwEE9A33p8w"
"Contour Med Spa","Frisco","1","Starwood Med Spa","658","4.9","1.05","https://www.google.com/maps/search/?api=1&query=Starwood%20Med%20Spa&query_place_id=ChIJhaGNQns8TIYRsl2pep3beSI"
"Contour Med Spa","Frisco","2","Geneva Med Spa","116","5.0","0.48","https://www.google.com/maps/search/?api=1&query=Geneva%20Med%20Spa&query_place_id=ChIJqQxmNhQ7TIYRCm-noRxlOs4"
"Contour Med Spa","Frisco","3","Modern Skin Med Spa","112","5.0","0.62","https://www.google.com/maps/search/?api=1&query=Modern%20Skin%20Med%20Spa&query_place_id=ChIJ-2aoFkg9TIYRnU3grVS6MTM"
"Lemmon Avenue Plastic Surgery and Laser Center","Dallas","1","It's A Secret Med Spa","574","4.6","0.25","https://www.google.com/maps/search/?api=1&query=It's%20A%20Secret%20Med%20Spa&query_place_id=ChIJsSzHhjGZToYRNTzakPv8gq8"
"Lemmon Avenue Plastic Surgery and Laser Center","Dallas","2","SkinSpirit West Village Dallas","150","4.9","0.23","https://www.google.com/maps/search/?api=1&query=SkinSpirit%20West%20Village%20Dallas&query_place_id=ChIJyVE92lOfToYRq1HCZBLZF0M"
"Lemmon Avenue Plastic Surgery and Laser Center","Dallas","3","InjectCo MedSpa Dallas","141","5.0","0.64","https://www.google.com/maps/search/?api=1&query=InjectCo%20MedSpa%20Dallas&query_place_id=ChIJSWOzaeifToYRvJrkXYkPrAQ"
"Alchemy 43 Dallas-Lakewood","Dallas","1","UPKEEP Med Spa","887","4.9","2.18","https://www.google.com/maps/search/?api=1&query=UPKEEP%20Med%20Spa&query_place_id=ChIJAR_dnRWfToYR5ElZ5LxdzTg"
"Alchemy 43 Dallas-Lakewood","Dallas","2","Aurum Health","244","4.9","2.5","https://www.google.com/maps/search/?api=1&query=Aurum%20Health&query_place_id=ChIJD8LET6GZToYRSleYd2kkdPw"
"Alchemy 43 Dallas-Lakewood","Dallas","3","AYA Medical Spa Dallas - University Park","139","5.0","2.27","https://www.google.com/maps/search/?api=1&query=AYA%20Medical%20Spa%20Dallas%20-%20University%20Park&query_place_id=ChIJo_L80uifToYRmY82xz8pKrg"
"Jewell Aesthetics","Dallas","1","NakedMD Med Spa Dallas","582","4.9","3.44","https://www.google.com/maps/search/?api=1&query=NakedMD%20Med%20Spa%20Dallas&query_place_id=ChIJj2R7CNAhTIYR-jVvd4jqwYQ"
"Jewell Aesthetics","Dallas","2","SkinSpaMED","421","4.9","1.7","https://www.google.com/maps/search/?api=1&query=SkinSpaMED&query_place_id=ChIJw2ZFgt4gTIYRESSpN1nY-2I"
"Jewell Aesthetics","Dallas","3","Rejuve Med Spa","302","4.8","3.24","https://www.google.com/maps/search/?api=1&query=Rejuve%20Med%20Spa&query_place_id=ChIJrTEvDMwjTIYRD16bpXaOzH8"
"Renew Beauty Med Spa","Frisco","1","It's A Secret Med Spa","380","4.8","0.76","https://www.google.com/maps/search/?api=1&query=It's%20A%20Secret%20Med%20Spa&query_place_id=ChIJAQCQZ8M8TIYR76vlNNqSr9U"
"Renew Beauty Med Spa","Frisco","2","Le Beau Visage Medical Spa","286","4.9","0.74","https://www.google.com/maps/search/?api=1&query=Le%20Beau%20Visage%20Medical%20Spa&query_place_id=ChIJkdUxAfE8TIYRrlKxyWbiSHQ"
"Renew Beauty Med Spa","Frisco","3","Purple Basil Medspa","163","5.0","1.09","https://www.google.com/maps/search/?api=1&query=Purple%20Basil%20Medspa&query_place_id=ChIJgbog1Y49TIYRVQKTsKs1KMg"
"OVME","Dallas","1","It's A Secret Med Spa","574","4.6","0.72","https://www.google.com/maps/search/?api=1&query=It's%20A%20Secret%20Med%20Spa&query_place_id=ChIJsSzHhjGZToYRNTzakPv8gq8"
"OVME","Dallas","2","ZO Skin Centre","486","4.9","0.34","https://www.google.com/maps/search/?api=1&query=ZO%20Skin%20Centre&query_place_id=ChIJA3qOWNueToYRuvNFDhfiYsg"
"OVME","Dallas","3","SkinSpirit West Village Dallas","150","4.9","0.66","https://www.google.com/maps/search/?api=1&query=SkinSpirit%20West%20Village%20Dallas&query_place_id=ChIJyVE92lOfToYRq1HCZBLZF0M"
"ZO Skin Centre","Dallas","1","CULT Aesthetics","352","4.9","0.75","https://www.google.com/maps/search/?api=1&query=CULT%20Aesthetics&query_place_id=ChIJFX32ikGZToYRsMJi8wiyMQo"
"ZO Skin Centre","Dallas","2","OVME","250","4.8","0.34","https://www.google.com/maps/search/?api=1&query=OVME&query_place_id=ChIJW8NOn-mfToYRou8QHdl_Iu8"
"ZO Skin Centre","Dallas","3","Aurum Health","244","4.9","0.86","https://www.google.com/maps/search/?api=1&query=Aurum%20Health&query_place_id=ChIJD8LET6GZToYRSleYd2kkdPw"
"Skin Hub Med Spa and Salon","Frisco","1","Hush MedSpa","334","4.9","1.44","https://www.google.com/maps/search/?api=1&query=Hush%20MedSpa&query_place_id=ChIJ5Yn6otg5TIYRRDMOxUm7IQc"
"Skin Hub Med Spa and Salon","Frisco","2","SkinChic Aesthetics","238","5.0","1.38","https://www.google.com/maps/search/?api=1&query=SkinChic%20Aesthetics&query_place_id=ChIJS-RORUQ7TIYRULnHS8ILJIY"
"Skin Hub Med Spa and Salon","Frisco","3","FINETUNE Med Spa - Frisco","210","5.0","0.99","https://www.google.com/maps/search/?api=1&query=FINETUNE%20Med%20Spa%20-%20Frisco&query_place_id=ChIJa9dvEBU7TIYRNwEE9A33p8w"
"AestheticFX","Frisco","1","Hush MedSpa","334","4.9","0.97","https://www.google.com/maps/search/?api=1&query=Hush%20MedSpa&query_place_id=ChIJ5Yn6otg5TIYRRDMOxUm7IQc"
"AestheticFX","Frisco","2","FINETUNE Med Spa - Frisco","210","5.0","1.69","https://www.google.com/maps/search/?api=1&query=FINETUNE%20Med%20Spa%20-%20Frisco&query_place_id=ChIJa9dvEBU7TIYRNwEE9A33p8w"
"AestheticFX","Frisco","3","BUTEX Medical Spa and Laser Treatment","188","5.0","0.36","https://www.google.com/maps/search/?api=1&query=BUTEX%20Medical%20Spa%20and%20Laser%20Treatment&query_place_id=ChIJo133yeQ5TIYRIh6seUqNpss"
"MEDSPA 33","Plano","1","Metamorph Med Spa","467","5.0","6.96","https://www.google.com/maps/search/?api=1&query=Metamorph%20Med%20Spa&query_place_id=ChIJXSQ8-eIjTIYRAIZoiBgLKsw"
"MEDSPA 33","Plano","2","Plano Plastic Spa","74","4.9","6.16","https://www.google.com/maps/search/?api=1&query=Plano%20Plastic%20Spa&query_place_id=ChIJ238AKWgiTIYR3OGSqt5xWkg"
"MEDSPA 33","Plano","3","Themedspabyrayray","64","4.8","4.28","https://www.google.com/maps/search/?api=1&query=Themedspabyrayray&query_place_id=ChIJn3mn9kQpTIYRHg6ibibhCgA"
"Princess Med Spa","Plano","1","Metamorph Med Spa","467","5.0","0.84","https://www.google.com/maps/search/?api=1&query=Metamorph%20Med%20Spa&query_place_id=ChIJXSQ8-eIjTIYRAIZoiBgLKsw"
"Princess Med Spa","Plano","2","Rejuve Med Spa","302","4.8","1.03","https://www.google.com/maps/search/?api=1&query=Rejuve%20Med%20Spa&query_place_id=ChIJrTEvDMwjTIYRD16bpXaOzH8"
"Princess Med Spa","Plano","3","Uplift Medspa Health & Wellness","144","5.0","0.17","https://www.google.com/maps/search/?api=1&query=Uplift%20Medspa%20Health%20%26%20Wellness&query_place_id=ChIJOaosxx0hTIYRwgghz8vKkVQ"
"Uplift Medspa Health & Wellness","Plano","1","Metamorph Med Spa","467","5.0","0.99","https://www.google.com/maps/search/?api=1&query=Metamorph%20Med%20Spa&query_place_id=ChIJXSQ8-eIjTIYRAIZoiBgLKsw"
"Uplift Medspa Health & Wellness","Plano","2","Rejuve Med Spa","302","4.8","1.07","https://www.google.com/maps/search/?api=1&query=Rejuve%20Med%20Spa&query_place_id=ChIJrTEvDMwjTIYRD16bpXaOzH8"
"Uplift Medspa Health & Wellness","Plano","3","Princess Med Spa","121","4.9","0.17","https://www.google.com/maps/search/?api=1&query=Princess%20Med%20Spa&query_place_id=ChIJ__8vCLEjTIYR5iIUmzBxEFY"
"It's A Secret Med Spa","Plano","1","Skin Pharm","180","5.0","1.12","https://www.google.com/maps/search/?api=1&query=Skin%20Pharm&query_place_id=ChIJcZWVxaY9TIYRKSMDnriJuiI"
"It's A Secret Med Spa","Plano","2","Starwood Med Spa","158","4.9","0.12","https://www.google.com/maps/search/?api=1&query=Starwood%20Med%20Spa&query_place_id=ChIJWx6gFj09TIYR9tExGmtztDI"
"It's A Secret Med Spa","Plano","3","Aesthetic Collective Plano","114","5.0","1.19","https://www.google.com/maps/search/?api=1&query=Aesthetic%20Collective%20Plano&query_place_id=ChIJk5TsklQ9TIYRswr4u3qnXd0"
"Beverly Hills Rejuvenation Center","Fort Worth","1","Vitalyc Medspa","383","4.9","1.47","https://www.google.com/maps/search/?api=1&query=Vitalyc%20Medspa&query_place_id=ChIJRf3MEfRzToYR5MtfLITGIXY"
"Beverly Hills Rejuvenation Center","Fort Worth","2","Kalos Medical Spa at Kirby Plastic Surgery","351","5.0","1.55","https://www.google.com/maps/search/?api=1&query=Kalos%20Medical%20Spa%20at%20Kirby%20Plastic%20Surgery&query_place_id=ChIJp14MFC5zToYRdaad_Mu9UII"
"Beverly Hills Rejuvenation Center","Fort Worth","3","InjectCo MedSpa Fort Worth","100","5.0","0.14","https://www.google.com/maps/search/?api=1&query=InjectCo%20MedSpa%20Fort%20Worth&query_place_id=ChIJY52k0mpzToYR9XV5Bfj-quM"
"Novuskin Med Spa Frisco","Frisco","1","SKIN Med Spa & Laser","351","4.6","0.77","https://www.google.com/maps/search/?api=1&query=SKIN%20Med%20Spa%20%26%20Laser&query_place_id=ChIJoclYD2wXTIYR0HQFbJEQvRA"
"Novuskin Med Spa Frisco","Frisco","2","Elite Derma Med Spa","139","4.9","2.82","https://www.google.com/maps/search/?api=1&query=Elite%20Derma%20Med%20Spa&query_place_id=ChIJMc4mAic9TIYRv2WZLkfhoKY"
"Novuskin Med Spa Frisco","Frisco","3","Venus Medical Aesthetics - Med Spa McKinney","118","5.0","2.53","https://www.google.com/maps/search/?api=1&query=Venus%20Medical%20Aesthetics%20-%20Med%20Spa%20McKinney&query_place_id=ChIJV2urNgUXTIYRbUACPB2qAfY"
"U Med Spa","Plano","1","It's A Secret Med Spa","380","4.8","1.23","https://www.google.com/maps/search/?api=1&query=It's%20A%20Secret%20Med%20Spa&query_place_id=ChIJAQCQZ8M8TIYR76vlNNqSr9U"
"U Med Spa","Plano","2","Skin Pharm","180","5.0","0.45","https://www.google.com/maps/search/?api=1&query=Skin%20Pharm&query_place_id=ChIJcZWVxaY9TIYRKSMDnriJuiI"
"U Med Spa","Plano","3","OVME","160","4.7","0.37","https://www.google.com/maps/search/?api=1&query=OVME&query_place_id=ChIJX0R_nmg9TIYROzWzfs-ym2s"
"Metamorph Med Spa","Plano","1","Rejuve Med Spa","302","4.8","0.87","https://www.google.com/maps/search/?api=1&query=Rejuve%20Med%20Spa&query_place_id=ChIJrTEvDMwjTIYRD16bpXaOzH8"
"Metamorph Med Spa","Plano","2","Uplift Medspa Health & Wellness","144","5.0","0.99","https://www.google.com/maps/search/?api=1&query=Uplift%20Medspa%20Health%20%26%20Wellness&query_place_id=ChIJOaosxx0hTIYRwgghz8vKkVQ"
"Metamorph Med Spa","Plano","3","Princess Med Spa","121","4.9","0.84","https://www.google.com/maps/search/?api=1&query=Princess%20Med%20Spa&query_place_id=ChIJ__8vCLEjTIYR5iIUmzBxEFY"
"Purple Basil Medspa","Frisco","1","Starwood Med Spa","658","4.9","1.45","https://www.google.com/maps/search/?api=1&query=Starwood%20Med%20Spa&query_place_id=ChIJhaGNQns8TIYRsl2pep3beSI"
"Purple Basil Medspa","Frisco","2","Le Beau Visage Medical Spa","286","4.9","0.37","https://www.google.com/maps/search/?api=1&query=Le%20Beau%20Visage%20Medical%20Spa&query_place_id=ChIJkdUxAfE8TIYRrlKxyWbiSHQ"
"Purple Basil Medspa","Frisco","3","Modern Skin Med Spa","112","5.0","1.48","https://www.google.com/maps/search/?api=1&query=Modern%20Skin%20Med%20Spa&query_place_id=ChIJ-2aoFkg9TIYRnU3grVS6MTM"
"Starwood Med Spa","Plano","1","It's A Secret Med Spa","380","4.8","0.12","https://www.google.com/maps/search/?api=1&query=It's%20A%20Secret%20Med%20Spa&query_place_id=ChIJAQCQZ8M8TIYR76vlNNqSr9U"
"Starwood Med Spa","Plano","2","Le Beau Visage Medical Spa","286","4.9","1.22","https://www.google.com/maps/search/?api=1&query=Le%20Beau%20Visage%20Medical%20Spa&query_place_id=ChIJkdUxAfE8TIYRrlKxyWbiSHQ"
"Starwood Med Spa","Plano","3","Skin Pharm","180","5.0","1.18","https://www.google.com/maps/search/?api=1&query=Skin%20Pharm&query_place_id=ChIJcZWVxaY9TIYRKSMDnriJuiI"
"NovaDerm Med Spa","Plano","1","SkinSpirit Plano","292","4.9","0.19","https://www.google.com/maps/search/?api=1&query=SkinSpirit%20Plano&query_place_id=ChIJXd2s2mQjTIYRWdllNxfckVg"
"NovaDerm Med Spa","Plano","2","Princess Med Spa","121","4.9","1.1","https://www.google.com/maps/search/?api=1&query=Princess%20Med%20Spa&query_place_id=ChIJ__8vCLEjTIYR5iIUmzBxEFY"
"NovaDerm Med Spa","Plano","3","Revived Aesthetics","113","5.0","0.44","https://www.google.com/maps/search/?api=1&query=Revived%20Aesthetics&query_place_id=ChIJ5w1A2k0jTIYRpk1ug7WFY04"
"InjectCo MedSpa Plano","Plano","1","Spavia Day Spa - West Plano","934","4.8","0.96","https://www.google.com/maps/search/?api=1&query=Spavia%20Day%20Spa%20-%20West%20Plano&query_place_id=ChIJ27Yr9ngjTIYR8Er67n4CQk8"
"InjectCo MedSpa Plano","Plano","2","Total Med Solutions","910","4.8","0.78","https://www.google.com/maps/search/?api=1&query=Total%20Med%20Solutions&query_place_id=ChIJwdaTIF8jTIYR4AGCX3n8fno"
"InjectCo MedSpa Plano","Plano","3","Vitalize Medical Spa","94","4.8","0.47","https://www.google.com/maps/search/?api=1&query=Vitalize%20Medical%20Spa&query_place_id=ChIJV6fj63wjTIYR--m2GJOnfrw"
"S Glowic MedSpa","Plano","1","It's A Secret Med Spa","380","4.8","0.07","https://www.google.com/maps/search/?api=1&query=It's%20A%20Secret%20Med%20Spa&query_place_id=ChIJAQCQZ8M8TIYR76vlNNqSr9U"
"S Glowic MedSpa","Plano","2","Skin Pharm","180","5.0","1.19","https://www.google.com/maps/search/?api=1&query=Skin%20Pharm&query_place_id=ChIJcZWVxaY9TIYRKSMDnriJuiI"
"S Glowic MedSpa","Plano","3","Starwood Med Spa","158","4.9","0.07","https://www.google.com/maps/search/?api=1&query=Starwood%20Med%20Spa&query_place_id=ChIJWx6gFj09TIYR9tExGmtztDI"
"Element Medical Aesthetics","McKinney","1","Novuskin Med Spa Frisco","1072","4.7","1.31","https://www.google.com/maps/search/?api=1&query=Novuskin%20Med%20Spa%20Frisco&query_place_id=ChIJvblMkfoXTIYR8YwyLghqRW8"
"Element Medical Aesthetics","McKinney","2","SKIN Med Spa & Laser","351","4.6","0.69","https://www.google.com/maps/search/?api=1&query=SKIN%20Med%20Spa%20%26%20Laser&query_place_id=ChIJoclYD2wXTIYR0HQFbJEQvRA"
"Element Medical Aesthetics","McKinney","3","Elite Derma Med Spa","139","4.9","1.57","https://www.google.com/maps/search/?api=1&query=Elite%20Derma%20Med%20Spa&query_place_id=ChIJMc4mAic9TIYRv2WZLkfhoKY"
"Themedspabyrayray","Plano","1","Novuskin Med Spa Frisco","1072","4.7","5.11","https://www.google.com/maps/search/?api=1&query=Novuskin%20Med%20Spa%20Frisco&query_place_id=ChIJvblMkfoXTIYR8YwyLghqRW8"
"Themedspabyrayray","Plano","2","Plano Plastic Spa","74","4.9","5.09","https://www.google.com/maps/search/?api=1&query=Plano%20Plastic%20Spa&query_place_id=ChIJ238AKWgiTIYR3OGSqt5xWkg"
"Themedspabyrayray","Plano","3","MEDSPA 33","71","5.0","4.28","https://www.google.com/maps/search/?api=1&query=MEDSPA%2033&query_place_id=ChIJWZngp5oZTIYRSD8tsHSgKqM"
"VIO Med Spa","McKinney","1","BeauxMD Medical Aesthetics","288","5.0","2.43","https://www.google.com/maps/search/?api=1&query=BeauxMD%20Medical%20Aesthetics&query_place_id=ChIJHY7zAWETTIYRIXgVsmj8B8Q"
"VIO Med Spa","McKinney","2","Nova Headspa & Medspa","168","5.0","1.86","https://www.google.com/maps/search/?api=1&query=Nova%20Headspa%20%26%20Medspa&query_place_id=ChIJMUoY94kTTIYR55NWiyjBio4"
"VIO Med Spa","McKinney","3","Starwood Med Spa","144","4.8","1.47","https://www.google.com/maps/search/?api=1&query=Starwood%20Med%20Spa&query_place_id=ChIJh-2AY6kWTIYRmFMXwBEp0M4"
"WEIMEI MED SPA & ANTI-AGING CENTER","Plano","1","It's A Secret Med Spa","380","4.8","0.66","https://www.google.com/maps/search/?api=1&query=It's%20A%20Secret%20Med%20Spa&query_place_id=ChIJAQCQZ8M8TIYR76vlNNqSr9U"
"WEIMEI MED SPA & ANTI-AGING CENTER","Plano","2","Le Beau Visage Medical Spa","286","4.9","1.37","https://www.google.com/maps/search/?api=1&query=Le%20Beau%20Visage%20Medical%20Spa&query_place_id=ChIJkdUxAfE8TIYRrlKxyWbiSHQ"
"WEIMEI MED SPA & ANTI-AGING CENTER","Plano","3","Purple Basil Medspa","163","5.0","1.49","https://www.google.com/maps/search/?api=1&query=Purple%20Basil%20Medspa&query_place_id=ChIJgbog1Y49TIYRVQKTsKs1KMg"
"L’AMOUR MEDSPA","McKinney","1","My Sunshine Beauty MedSpa","194","4.9","0.3","https://www.google.com/maps/search/?api=1&query=My%20Sunshine%20Beauty%20MedSpa&query_place_id=ChIJ9xNGZBXWU0ARhsxlXI_irBc"
"L’AMOUR MEDSPA","McKinney","2","Lotus Skin Studio","123","4.9","0.3","https://www.google.com/maps/search/?api=1&query=Lotus%20Skin%20Studio&query_place_id=ChIJ687fNYEVTIYRalXh8ySrn0o"
"L’AMOUR MEDSPA","McKinney","3","Venus Medical Aesthetics - Med Spa McKinney","118","5.0","0.55","https://www.google.com/maps/search/?api=1&query=Venus%20Medical%20Aesthetics%20-%20Med%20Spa%20McKinney&query_place_id=ChIJV2urNgUXTIYRbUACPB2qAfY"
"OMNI SCULPT MD: Med Spa","Dallas","1","NakedMD Med Spa Dallas","582","4.9","1.81","https://www.google.com/maps/search/?api=1&query=NakedMD%20Med%20Spa%20Dallas&query_place_id=ChIJj2R7CNAhTIYR-jVvd4jqwYQ"
"OMNI SCULPT MD: Med Spa","Dallas","2","Lisse Aesthetics","155","5.0","0.21","https://www.google.com/maps/search/?api=1&query=Lisse%20Aesthetics&query_place_id=ChIJ2S5HowcupmwREps5rpigD5A"
"OMNI SCULPT MD: Med Spa","Dallas","3","AYA Medical Spa Dallas - University Park","139","5.0","2.99","https://www.google.com/maps/search/?api=1&query=AYA%20Medical%20Spa%20Dallas%20-%20University%20Park&query_place_id=ChIJo_L80uifToYRmY82xz8pKrg"
"SKIN Med Spa & Laser","McKinney","1","Novuskin Med Spa Frisco","1072","4.7","0.77","https://www.google.com/maps/search/?api=1&query=Novuskin%20Med%20Spa%20Frisco&query_place_id=ChIJvblMkfoXTIYR8YwyLghqRW8"
"SKIN Med Spa & Laser","McKinney","2","My Sunshine Beauty MedSpa","194","4.9","2.25","https://www.google.com/maps/search/?api=1&query=My%20Sunshine%20Beauty%20MedSpa&query_place_id=ChIJ9xNGZBXWU0ARhsxlXI_irBc"
"SKIN Med Spa & Laser","McKinney","3","Venus Medical Aesthetics - Med Spa McKinney","118","5.0","1.81","https://www.google.com/maps/search/?api=1&query=Venus%20Medical%20Aesthetics%20-%20Med%20Spa%20McKinney&query_place_id=ChIJV2urNgUXTIYRbUACPB2qAfY"
"Venus Medical Aesthetics - Med Spa McKinney","McKinney","1","My Sunshine Beauty MedSpa","194","4.9","0.44","https://www.google.com/maps/search/?api=1&query=My%20Sunshine%20Beauty%20MedSpa&query_place_id=ChIJ9xNGZBXWU0ARhsxlXI_irBc"
"Venus Medical Aesthetics - Med Spa McKinney","McKinney","2","Lotus Skin Studio","123","4.9","0.44","https://www.google.com/maps/search/?api=1&query=Lotus%20Skin%20Studio&query_place_id=ChIJ687fNYEVTIYRalXh8ySrn0o"
"Venus Medical Aesthetics - Med Spa McKinney","McKinney","3","Aneva Skin","108","5.0","1.26","https://www.google.com/maps/search/?api=1&query=Aneva%20Skin&query_place_id=ChIJKTtDF7cXTIYROtmVh_TdfAc"
"Aesthetic Collective Plano","Plano","1","U Med Spa","1165","4.9","0.39","https://www.google.com/maps/search/?api=1&query=U%20Med%20Spa&query_place_id=ChIJz-wOVbE8TIYROmo0LS8t3Ms"
"Aesthetic Collective Plano","Plano","2","It's A Secret Med Spa","380","4.8","1.19","https://www.google.com/maps/search/?api=1&query=It's%20A%20Secret%20Med%20Spa&query_place_id=ChIJAQCQZ8M8TIYR76vlNNqSr9U"
"Aesthetic Collective Plano","Plano","3","Skin Pharm","180","5.0","0.09","https://www.google.com/maps/search/?api=1&query=Skin%20Pharm&query_place_id=ChIJcZWVxaY9TIYRKSMDnriJuiI"
"Hartwater Aesthetics","McKinney","1","Aneva Skin","108","5.0","2.97","https://www.google.com/maps/search/?api=1&query=Aneva%20Skin&query_place_id=ChIJKTtDF7cXTIYROtmVh_TdfAc"
"Hartwater Aesthetics","McKinney","2","Revive Primary Care & Med Spa - McKinney","64","4.6","1.96","https://www.google.com/maps/search/?api=1&query=Revive%20Primary%20Care%20%26%20Med%20Spa%20-%20McKinney&query_place_id=ChIJp8R8LpQVTIYRKu_J0q4rmjY"
"Hartwater Aesthetics","McKinney","3","Immortal Med Spa","56","5.0","1.46","https://www.google.com/maps/search/?api=1&query=Immortal%20Med%20Spa&query_place_id=ChIJc8y5pU0UTIYR0WCBYiL5spU"
"LAH Wellness Center","McKinney","1","Aneva Skin","108","5.0","3.7","https://www.google.com/maps/search/?api=1&query=Aneva%20Skin&query_place_id=ChIJKTtDF7cXTIYROtmVh_TdfAc"
"LAH Wellness Center","McKinney","2","Hartwater Aesthetics","107","4.9","3.21","https://www.google.com/maps/search/?api=1&query=Hartwater%20Aesthetics&query_place_id=ChIJyTULhJQVTIYRri1RtAri5nc"
"LAH Wellness Center","McKinney","3","RejuvedermMD Aesthetic Center - McKinney","54","4.9","2.67","https://www.google.com/maps/search/?api=1&query=RejuvedermMD%20Aesthetic%20Center%20-%20McKinney&query_place_id=ChIJQRqIIQkVTIYRiNnu2iOo9xk"
"Elite Derma Med Spa","McKinney","1","SKIN Med Spa & Laser","351","4.6","2.26","https://www.google.com/maps/search/?api=1&query=SKIN%20Med%20Spa%20%26%20Laser&query_place_id=ChIJoclYD2wXTIYR0HQFbJEQvRA"
"Elite Derma Med Spa","McKinney","2","Starwood Med Spa","144","4.8","1.92","https://www.google.com/maps/search/?api=1&query=Starwood%20Med%20Spa&query_place_id=ChIJh-2AY6kWTIYRmFMXwBEp0M4"
"Elite Derma Med Spa","McKinney","3","L’AMOUR MEDSPA","104","5.0","2.44","https://www.google.com/maps/search/?api=1&query=L%E2%80%99AMOUR%20MEDSPA&query_place_id=ChIJKRNeIskVTIYR8T5PdP7EwmM"
"It's A Secret Med Spa - Austin","Austin","1","Devenir Aesthetics","713","5.0","3.2","https://www.google.com/maps/search/?api=1&query=Devenir%20Aesthetics&query_place_id=ChIJF23mqg3LRIYRNpM99O5tpLU"
"It's A Secret Med Spa - Austin","Austin","2","ULALA Med Spa","248","5.0","3.42","https://www.google.com/maps/search/?api=1&query=ULALA%20Med%20Spa&query_place_id=ChIJxwO-Yi3LRIYRjC9U9YwzKVQ"
"It's A Secret Med Spa - Austin","Austin","3","W Aesthetics -","135","4.9","4.97","https://www.google.com/maps/search/?api=1&query=W%20Aesthetics%20-&query_place_id=ChIJb4j1DR_LRIYRhrFwp4KWCbo"
"Beaux MedSpa","Austin","1","Fresh Aesthetics","220","5.0","1.02","https://www.google.com/maps/search/?api=1&query=Fresh%20Aesthetics&query_place_id=ChIJLVZwSR9LW4YR-hXvEFknrN0"
"Beaux MedSpa","Austin","2","Austin Med Spa","202","4.9","4.43","https://www.google.com/maps/search/?api=1&query=Austin%20Med%20Spa&query_place_id=ChIJ0UfRBEC1RIYRueYNY9HpgbQ"
"Beaux MedSpa","Austin","3","Aesthetica Med Spa","168","4.8","0.9","https://www.google.com/maps/search/?api=1&query=Aesthetica%20Med%20Spa&query_place_id=ChIJmbZxmDpLW4YRNmhQNrLPn88"
"BUTEX Medical Spa and Laser Treatment","Frisco","1","Hush MedSpa","334","4.9","0.64","https://www.google.com/maps/search/?api=1&query=Hush%20MedSpa&query_place_id=ChIJ5Yn6otg5TIYRRDMOxUm7IQc"
"BUTEX Medical Spa and Laser Treatment","Frisco","2","FINETUNE Med Spa - Frisco","210","5.0","1.36","https://www.google.com/maps/search/?api=1&query=FINETUNE%20Med%20Spa%20-%20Frisco&query_place_id=ChIJa9dvEBU7TIYRNwEE9A33p8w"
"BUTEX Medical Spa and Laser Treatment","Frisco","3","Magnetic Aesthetics","77","5.0","0.3","https://www.google.com/maps/search/?api=1&query=Magnetic%20Aesthetics&query_place_id=ChIJ5xh--4M5TIYRyPxYWrtWEHk"
"Aneva Skin","McKinney","1","My Sunshine Beauty MedSpa","194","4.9","0.9","https://www.google.com/maps/search/?api=1&query=My%20Sunshine%20Beauty%20MedSpa&query_place_id=ChIJ9xNGZBXWU0ARhsxlXI_irBc"
"Aneva Skin","McKinney","2","Lotus Skin Studio","123","4.9","0.9","https://www.google.com/maps/search/?api=1&query=Lotus%20Skin%20Studio&query_place_id=ChIJ687fNYEVTIYRalXh8ySrn0o"
"Aneva Skin","McKinney","3","Venus Medical Aesthetics - Med Spa McKinney","118","5.0","1.26","https://www.google.com/maps/search/?api=1&query=Venus%20Medical%20Aesthetics%20-%20Med%20Spa%20McKinney&query_place_id=ChIJV2urNgUXTIYRbUACPB2qAfY"
"Revived Aesthetics","Plano","1","SkinSpirit Plano","292","4.9","0.47","https://www.google.com/maps/search/?api=1&query=SkinSpirit%20Plano&query_place_id=ChIJXd2s2mQjTIYRWdllNxfckVg"
"Revived Aesthetics","Plano","2","Uplift Medspa Health & Wellness","144","5.0","0.76","https://www.google.com/maps/search/?api=1&query=Uplift%20Medspa%20Health%20%26%20Wellness&query_place_id=ChIJOaosxx0hTIYRwgghz8vKkVQ"
"Revived Aesthetics","Plano","3","Princess Med Spa","121","4.9","0.68","https://www.google.com/maps/search/?api=1&query=Princess%20Med%20Spa&query_place_id=ChIJ__8vCLEjTIYR5iIUmzBxEFY"
"Devenir Aesthetics","Austin","1","It's A Secret Med Spa - Austin","347","4.8","3.2","https://www.google.com/maps/search/?api=1&query=It's%20A%20Secret%20Med%20Spa%20-%20Austin&query_place_id=ChIJFfAFAgrNRIYRM0_L1xQNq0o"
"Devenir Aesthetics","Austin","2","Skin Envy Austin- Central","335","5.0","3.47","https://www.google.com/maps/search/?api=1&query=Skin%20Envy%20Austin-%20Central&query_place_id=ChIJKZwRB2PLRIYRT4yFdMowmME"
"Devenir Aesthetics","Austin","3","ULALA Med Spa","248","5.0","1.74","https://www.google.com/maps/search/?api=1&query=ULALA%20Med%20Spa&query_place_id=ChIJxwO-Yi3LRIYRjC9U9YwzKVQ"
"W Aesthetics -","Austin","1","Devenir Aesthetics","713","5.0","2.45","https://www.google.com/maps/search/?api=1&query=Devenir%20Aesthetics&query_place_id=ChIJF23mqg3LRIYRNpM99O5tpLU"
"W Aesthetics -","Austin","2","Wild and Beautiful Natural Aesthetics","536","5.0","2.03","https://www.google.com/maps/search/?api=1&query=Wild%20and%20Beautiful%20Natural%20Aesthetics&query_place_id=ChIJ73h8su_LRIYR1Gm47UbmnZE"
"W Aesthetics -","Austin","3","NakedMD Med Spa Austin","405","4.9","1.82","https://www.google.com/maps/search/?api=1&query=NakedMD%20Med%20Spa%20Austin&query_place_id=ChIJx0Pq20XLRIYR41dgTx-rEwk"
"Plano Plastic Spa","Plano","1","Metamorph Med Spa","467","5.0","0.94","https://www.google.com/maps/search/?api=1&query=Metamorph%20Med%20Spa&query_place_id=ChIJXSQ8-eIjTIYRAIZoiBgLKsw"
"Plano Plastic Spa","Plano","2","Revived Aesthetics","113","5.0","1.6","https://www.google.com/maps/search/?api=1&query=Revived%20Aesthetics&query_place_id=ChIJ5w1A2k0jTIYRpk1ug7WFY04"
"Plano Plastic Spa","Plano","3","NovaDerm Med Spa","81","5.0","1.54","https://www.google.com/maps/search/?api=1&query=NovaDerm%20Med%20Spa&query_place_id=ChIJ6UzFZt45TIYRe-QGKHriGqA"
"Fresh Aesthetics","Austin","1","Austin Med Spa","202","4.9","3.63","https://www.google.com/maps/search/?api=1&query=Austin%20Med%20Spa&query_place_id=ChIJ0UfRBEC1RIYRueYNY9HpgbQ"
"Fresh Aesthetics","Austin","2","Aesthetica Med Spa","168","4.8","1.69","https://www.google.com/maps/search/?api=1&query=Aesthetica%20Med%20Spa&query_place_id=ChIJmbZxmDpLW4YRNmhQNrLPn88"
"Fresh Aesthetics","Austin","3","Beaux MedSpa","144","4.8","1.02","https://www.google.com/maps/search/?api=1&query=Beaux%20MedSpa&query_place_id=ChIJo_5yGxg1W4YR8dZJCLBbvro"
"Starwood Med Spa","McKinney","1","Nova Headspa & Medspa","168","5.0","2.41","https://www.google.com/maps/search/?api=1&query=Nova%20Headspa%20%26%20Medspa&query_place_id=ChIJMUoY94kTTIYR55NWiyjBio4"
"Starwood Med Spa","McKinney","2","Elite Derma Med Spa","139","4.9","1.92","https://www.google.com/maps/search/?api=1&query=Elite%20Derma%20Med%20Spa&query_place_id=ChIJMc4mAic9TIYRv2WZLkfhoKY"
"Starwood Med Spa","McKinney","3","Aneva Skin","108","5.0","3.01","https://www.google.com/maps/search/?api=1&query=Aneva%20Skin&query_place_id=ChIJKTtDF7cXTIYROtmVh_TdfAc"
"Texas Laser and Aesthetics Medspa","Austin","1","Skin Envy Austin- South","1113","4.9","1.8","https://www.google.com/maps/search/?api=1&query=Skin%20Envy%20Austin-%20South&query_place_id=ChIJ4y9vfmFLW4YR0xwvgu9SY4s"
"Texas Laser and Aesthetics Medspa","Austin","2","The Injection Room -","165","4.8","2.45","https://www.google.com/maps/search/?api=1&query=The%20Injection%20Room%20-&query_place_id=ChIJMSyV1h21RIYRjKdgum-x2E4"
"Texas Laser and Aesthetics Medspa","Austin","3","SDBotox - Austin","151","4.9","2.59","https://www.google.com/maps/search/?api=1&query=SDBotox%20-%20Austin&query_place_id=ChIJfz0hdwq1RIYR3rWNI691ru8"
"Wild and Beautiful Natural Aesthetics","Austin","1","NakedMD Med Spa Austin","405","4.9","0.88","https://www.google.com/maps/search/?api=1&query=NakedMD%20Med%20Spa%20Austin&query_place_id=ChIJx0Pq20XLRIYR41dgTx-rEwk"
"Wild and Beautiful Natural Aesthetics","Austin","2","Skin Envy Austin- Central","335","5.0","0.89","https://www.google.com/maps/search/?api=1&query=Skin%20Envy%20Austin-%20Central&query_place_id=ChIJKZwRB2PLRIYRT4yFdMowmME"
"Wild and Beautiful Natural Aesthetics","Austin","3","Refine Aesthetics","279","5.0","1.81","https://www.google.com/maps/search/?api=1&query=Refine%20Aesthetics&query_place_id=ChIJnSIx9ga1RIYRm3hYxBfMXUk"
"Elite Medical + Longevity | Comprehensive Wellness and Aesthetics","Austin","1","Devenir Aesthetics","713","5.0","0.7","https://www.google.com/maps/search/?api=1&query=Devenir%20Aesthetics&query_place_id=ChIJF23mqg3LRIYRNpM99O5tpLU"
"Elite Medical + Longevity | Comprehensive Wellness and Aesthetics","Austin","2","It's A Secret Med Spa - Austin","347","4.8","2.51","https://www.google.com/maps/search/?api=1&query=It's%20A%20Secret%20Med%20Spa%20-%20Austin&query_place_id=ChIJFfAFAgrNRIYRM0_L1xQNq0o"
"Elite Medical + Longevity | Comprehensive Wellness and Aesthetics","Austin","3","Skin Envy Austin- Central","335","5.0","3.94","https://www.google.com/maps/search/?api=1&query=Skin%20Envy%20Austin-%20Central&query_place_id=ChIJKZwRB2PLRIYRT4yFdMowmME"
"Austin Med Spa","Austin","1","Refine Aesthetics","279","5.0","0.98","https://www.google.com/maps/search/?api=1&query=Refine%20Aesthetics&query_place_id=ChIJnSIx9ga1RIYRm3hYxBfMXUk"
"Austin Med Spa","Austin","2","Rejuvenate Austin","222","4.8","0.32","https://www.google.com/maps/search/?api=1&query=Rejuvenate%20Austin&query_place_id=ChIJb8T6p5dKW4YRm04Re1H3LRY"
"Austin Med Spa","Austin","3","SkinSpirit Austin","194","4.9","0.66","https://www.google.com/maps/search/?api=1&query=SkinSpirit%20Austin&query_place_id=ChIJHRJE9sG1RIYREofKtV_-ofA"
"The Injection Room -","Austin","1","Texas Laser and Aesthetics Medspa","245","4.9","2.45","https://www.google.com/maps/search/?api=1&query=Texas%20Laser%20and%20Aesthetics%20Medspa&query_place_id=ChIJ0VwcmTJLW4YRpJpmLjs3UIM"
"The Injection Room -","Austin","2","SkinSpirit Austin","194","4.9","3.07","https://www.google.com/maps/search/?api=1&query=SkinSpirit%20Austin&query_place_id=ChIJHRJE9sG1RIYREofKtV_-ofA"
"The Injection Room -","Austin","3","SDBotox - Austin","151","4.9","1.73","https://www.google.com/maps/search/?api=1&query=SDBotox%20-%20Austin&query_place_id=ChIJfz0hdwq1RIYR3rWNI691ru8"
"SDBotox - Austin","Austin","1","Rejuvenate Austin","222","4.8","1.54","https://www.google.com/maps/search/?api=1&query=Rejuvenate%20Austin&query_place_id=ChIJb8T6p5dKW4YRm04Re1H3LRY"
"SDBotox - Austin","Austin","2","Austin Med Spa","202","4.9","1.71","https://www.google.com/maps/search/?api=1&query=Austin%20Med%20Spa&query_place_id=ChIJ0UfRBEC1RIYRueYNY9HpgbQ"
"SDBotox - Austin","Austin","3","SkinSpirit Austin","194","4.9","1.47","https://www.google.com/maps/search/?api=1&query=SkinSpirit%20Austin&query_place_id=ChIJHRJE9sG1RIYREofKtV_-ofA"
"Aesthetica Med Spa","Austin","1","Fresh Aesthetics","220","5.0","1.69","https://www.google.com/maps/search/?api=1&query=Fresh%20Aesthetics&query_place_id=ChIJLVZwSR9LW4YR-hXvEFknrN0"
"Aesthetica Med Spa","Austin","2","Austin Med Spa","202","4.9","4.5","https://www.google.com/maps/search/?api=1&query=Austin%20Med%20Spa&query_place_id=ChIJ0UfRBEC1RIYRueYNY9HpgbQ"
"Aesthetica Med Spa","Austin","3","Beaux MedSpa","144","4.8","0.9","https://www.google.com/maps/search/?api=1&query=Beaux%20MedSpa&query_place_id=ChIJo_5yGxg1W4YR8dZJCLBbvro"
"ATX Aesthetics","Austin","1","Skin Envy Austin- South","1113","4.9","3.0","https://www.google.com/maps/search/?api=1&query=Skin%20Envy%20Austin-%20South&query_place_id=ChIJ4y9vfmFLW4YR0xwvgu9SY4s"
"ATX Aesthetics","Austin","2","Texas Laser and Aesthetics Medspa","245","4.9","2.08","https://www.google.com/maps/search/?api=1&query=Texas%20Laser%20and%20Aesthetics%20Medspa&query_place_id=ChIJ0VwcmTJLW4YRpJpmLjs3UIM"
"ATX Aesthetics","Austin","3","SkinSpirit Austin","194","4.9","2.94","https://www.google.com/maps/search/?api=1&query=SkinSpirit%20Austin&query_place_id=ChIJHRJE9sG1RIYREofKtV_-ofA"
"Rejuvenate Austin","Austin","1","Refine Aesthetics","279","5.0","0.83","https://www.google.com/maps/search/?api=1&query=Refine%20Aesthetics&query_place_id=ChIJnSIx9ga1RIYRm3hYxBfMXUk"
"Rejuvenate Austin","Austin","2","Austin Med Spa","202","4.9","0.32","https://www.google.com/maps/search/?api=1&query=Austin%20Med%20Spa&query_place_id=ChIJ0UfRBEC1RIYRueYNY9HpgbQ"
"Rejuvenate Austin","Austin","3","SkinSpirit Austin","194","4.9","0.34","https://www.google.com/maps/search/?api=1&query=SkinSpirit%20Austin&query_place_id=ChIJHRJE9sG1RIYREofKtV_-ofA"
"Refine Aesthetics","Austin","1","Peachy East Austin","440","4.9","1.58","https://www.google.com/maps/search/?api=1&query=Peachy%20East%20Austin&query_place_id=ChIJ_Q4jkZ61RIYRCbbrC_3ZSgU"
"Refine Aesthetics","Austin","2","Rejuvenate Austin","222","4.8","0.83","https://www.google.com/maps/search/?api=1&query=Rejuvenate%20Austin&query_place_id=ChIJb8T6p5dKW4YRm04Re1H3LRY"
"Refine Aesthetics","Austin","3","Austin Med Spa","202","4.9","0.98","https://www.google.com/maps/search/?api=1&query=Austin%20Med%20Spa&query_place_id=ChIJ0UfRBEC1RIYRueYNY9HpgbQ"
"Austin Aesthetic Atelier - Medical Spa + Wellness","Austin","1","Devenir Aesthetics","713","5.0","6.18","https://www.google.com/maps/search/?api=1&query=Devenir%20Aesthetics&query_place_id=ChIJF23mqg3LRIYRNpM99O5tpLU"
"Austin Aesthetic Atelier - Medical Spa + Wellness","Austin","2","Aesthetica Med Spa","168","4.8","6.03","https://www.google.com/maps/search/?api=1&query=Aesthetica%20Med%20Spa&query_place_id=ChIJmbZxmDpLW4YRNmhQNrLPn88"
"Austin Aesthetic Atelier - Medical Spa + Wellness","Austin","3","Glo Med Spa Austin","121","4.7","4.81","https://www.google.com/maps/search/?api=1&query=Glo%20Med%20Spa%20Austin&query_place_id=ChIJiVaE7ObMRIYR1snEJe-Iw30"
"Pink Aesthetics MEDSPA","Austin","1","Wild and Beautiful Natural Aesthetics","536","5.0","4.01","https://www.google.com/maps/search/?api=1&query=Wild%20and%20Beautiful%20Natural%20Aesthetics&query_place_id=ChIJ73h8su_LRIYR1Gm47UbmnZE"
"Pink Aesthetics MEDSPA","Austin","2","Skin Envy Austin- Central","335","5.0","3.85","https://www.google.com/maps/search/?api=1&query=Skin%20Envy%20Austin-%20Central&query_place_id=ChIJKZwRB2PLRIYRT4yFdMowmME"
"Pink Aesthetics MEDSPA","Austin","3","VIO Med Spa","265","4.8","2.97","https://www.google.com/maps/search/?api=1&query=VIO%20Med%20Spa&query_place_id=ChIJmak4vQy1RIYReYMnqbTIiP0"
"VIO Med Spa","Austin","1","Wild and Beautiful Natural Aesthetics","536","5.0","1.92","https://www.google.com/maps/search/?api=1&query=Wild%20and%20Beautiful%20Natural%20Aesthetics&query_place_id=ChIJ73h8su_LRIYR1Gm47UbmnZE"
"VIO Med Spa","Austin","2","Peachy East Austin","440","4.9","2.82","https://www.google.com/maps/search/?api=1&query=Peachy%20East%20Austin&query_place_id=ChIJ_Q4jkZ61RIYRCbbrC_3ZSgU"
"VIO Med Spa","Austin","3","NakedMD Med Spa Austin","405","4.9","2.75","https://www.google.com/maps/search/?api=1&query=NakedMD%20Med%20Spa%20Austin&query_place_id=ChIJx0Pq20XLRIYR41dgTx-rEwk"
"Peachy East Austin","Austin","1","Refine Aesthetics","279","5.0","1.58","https://www.google.com/maps/search/?api=1&query=Refine%20Aesthetics&query_place_id=ChIJnSIx9ga1RIYRm3hYxBfMXUk"
"Peachy East Austin","Austin","2","Rejuvenate Austin","222","4.8","1.99","https://www.google.com/maps/search/?api=1&query=Rejuvenate%20Austin&query_place_id=ChIJb8T6p5dKW4YRm04Re1H3LRY"
"Peachy East Austin","Austin","3","SkinSpirit Austin","194","4.9","1.66","https://www.google.com/maps/search/?api=1&query=SkinSpirit%20Austin&query_place_id=ChIJHRJE9sG1RIYREofKtV_-ofA"
"Face By Leyla","Austin","1","Peachy East Austin","440","4.9","0.34","https://www.google.com/maps/search/?api=1&query=Peachy%20East%20Austin&query_place_id=ChIJ_Q4jkZ61RIYRCbbrC_3ZSgU"
"Face By Leyla","Austin","2","Refine Aesthetics","279","5.0","1.26","https://www.google.com/maps/search/?api=1&query=Refine%20Aesthetics&query_place_id=ChIJnSIx9ga1RIYRm3hYxBfMXUk"
"Face By Leyla","Austin","3","Rejuvenate Austin","222","4.8","1.66","https://www.google.com/maps/search/?api=1&query=Rejuvenate%20Austin&query_place_id=ChIJb8T6p5dKW4YRm04Re1H3LRY"
"BeauxMD Medical Aesthetics","McKinney","1","Nova Headspa & Medspa","168","5.0","2.25","https://www.google.com/maps/search/?api=1&query=Nova%20Headspa%20%26%20Medspa&query_place_id=ChIJMUoY94kTTIYR55NWiyjBio4"
"BeauxMD Medical Aesthetics","McKinney","2","Starwood Med Spa","144","4.8","3.8","https://www.google.com/maps/search/?api=1&query=Starwood%20Med%20Spa&query_place_id=ChIJh-2AY6kWTIYRmFMXwBEp0M4"
"BeauxMD Medical Aesthetics","McKinney","3","VIO Med Spa","93","4.8","2.43","https://www.google.com/maps/search/?api=1&query=VIO%20Med%20Spa&query_place_id=ChIJb8LmSVoTTIYRItzrYamU5T0"
"ULALA Med Spa","Austin","1","Devenir Aesthetics","713","5.0","1.74","https://www.google.com/maps/search/?api=1&query=Devenir%20Aesthetics&query_place_id=ChIJF23mqg3LRIYRNpM99O5tpLU"
"ULALA Med Spa","Austin","2","Skin Envy Austin- Central","335","5.0","2.88","https://www.google.com/maps/search/?api=1&query=Skin%20Envy%20Austin-%20Central&query_place_id=ChIJKZwRB2PLRIYRT4yFdMowmME"
"ULALA Med Spa","Austin","3","W Aesthetics -","135","4.9","1.59","https://www.google.com/maps/search/?api=1&query=W%20Aesthetics%20-&query_place_id=ChIJb4j1DR_LRIYRhrFwp4KWCbo"
"Raven Med Spa","Plano","1","SkinSpirit Plano","292","4.9","1.55","https://www.google.com/maps/search/?api=1&query=SkinSpirit%20Plano&query_place_id=ChIJXd2s2mQjTIYRWdllNxfckVg"
"Raven Med Spa","Plano","2","Medical Aesthetics of North Dallas","153","4.9","0.61","https://www.google.com/maps/search/?api=1&query=Medical%20Aesthetics%20of%20North%20Dallas&query_place_id=ChIJjbdK20wiTIYR0nqdZPir3lw"
"Raven Med Spa","Plano","3","NovaDerm Med Spa","81","5.0","1.67","https://www.google.com/maps/search/?api=1&query=NovaDerm%20Med%20Spa&query_place_id=ChIJ6UzFZt45TIYRe-QGKHriGqA"
"ABL Medical Spa & Wellness Clinic MD","Round Rock","1","Allure Laser & Day Spa","283","4.9","0.81","https://www.google.com/maps/search/?api=1&query=Allure%20Laser%20%26%20Day%20Spa&query_place_id=ChIJW-I2dI7RRIYR9b6gOM4UKPY"
"ABL Medical Spa & Wellness Clinic MD","Round Rock","2","Smooth Aesthetics","250","5.0","0.61","https://www.google.com/maps/search/?api=1&query=Smooth%20Aesthetics&query_place_id=ChIJRahdHpTTRIYRtUYBkZD2fsM"
"ABL Medical Spa & Wellness Clinic MD","Round Rock","3","Ginger Allure MedSpa","191","4.9","0.74","https://www.google.com/maps/search/?api=1&query=Ginger%20Allure%20MedSpa&query_place_id=ChIJMQJXhavRRIYRIkwJHW5O5Gw"
"Glo Med Spa Austin","Austin","1","It's A Secret Med Spa - Austin","347","4.8","5.41","https://www.google.com/maps/search/?api=1&query=It's%20A%20Secret%20Med%20Spa%20-%20Austin&query_place_id=ChIJFfAFAgrNRIYRM0_L1xQNq0o"
"Glo Med Spa Austin","Austin","2","Austin Aesthetic Atelier - Medical Spa + Wellness","191","5.0","4.81","https://www.google.com/maps/search/?api=1&query=Austin%20Aesthetic%20Atelier%20-%20Medical%20Spa%20%2B%20Wellness&query_place_id=ChIJX6tblTQzW4YRR3O8KjiTbP8"
"Glo Med Spa Austin","Austin","3","Elite Medical + Longevity | Comprehensive Wellness and Aesthetics","109","5.0","6.08","https://www.google.com/maps/search/?api=1&query=Elite%20Medical%20%2B%20Longevity%20%7C%20Comprehensive%20Wellness%20and%20Aesthetics&query_place_id=ChIJ34opbW_LRIYRDGp6oOrtZ6M"
"Organica Aesthetics","Round Rock","1","Smooth Aesthetics","250","5.0","0.18","https://www.google.com/maps/search/?api=1&query=Smooth%20Aesthetics&query_place_id=ChIJRahdHpTTRIYRtUYBkZD2fsM"
"Organica Aesthetics","Round Rock","2","Ginger Allure MedSpa","191","4.9","0.34","https://www.google.com/maps/search/?api=1&query=Ginger%20Allure%20MedSpa&query_place_id=ChIJMQJXhavRRIYRIkwJHW5O5Gw"
"Organica Aesthetics","Round Rock","3","Beauty Intelligence","44","4.9","0.26","https://www.google.com/maps/search/?api=1&query=Beauty%20Intelligence&query_place_id=ChIJt6Qg_IjRRIYRzaULeXQnbQA"
"Ginger Allure MedSpa","Round Rock","1","Smooth Aesthetics","250","5.0","0.38","https://www.google.com/maps/search/?api=1&query=Smooth%20Aesthetics&query_place_id=ChIJRahdHpTTRIYRtUYBkZD2fsM"
"Ginger Allure MedSpa","Round Rock","2","Organica Aesthetics","78","4.8","0.34","https://www.google.com/maps/search/?api=1&query=Organica%20Aesthetics&query_place_id=ChIJ1S6xlistW4YRWYIDcDZ18wo"
"Ginger Allure MedSpa","Round Rock","3","Aria Skin Studio","22","5.0","0.32","https://www.google.com/maps/search/?api=1&query=Aria%20Skin%20Studio&query_place_id=ChIJeY1Pf7bRRIYRbfHDP6daClg"
"Transform Austin Med Spa","Austin","1","Devenir Aesthetics","713","5.0","6.63","https://www.google.com/maps/search/?api=1&query=Devenir%20Aesthetics&query_place_id=ChIJF23mqg3LRIYRNpM99O5tpLU"
"Transform Austin Med Spa","Austin","2","Austin Aesthetic Atelier - Medical Spa + Wellness","191","5.0","0.64","https://www.google.com/maps/search/?api=1&query=Austin%20Aesthetic%20Atelier%20-%20Medical%20Spa%20%2B%20Wellness&query_place_id=ChIJX6tblTQzW4YRR3O8KjiTbP8"
"Transform Austin Med Spa","Austin","3","Aesthetica Med Spa","168","4.8","6.66","https://www.google.com/maps/search/?api=1&query=Aesthetica%20Med%20Spa&query_place_id=ChIJmbZxmDpLW4YRNmhQNrLPn88"
"Radiant Beauty & Health West Hartford","West Hartford","1","Samara MedSpa Avon","391","4.8","7.11","https://www.google.com/maps/search/?api=1&query=Samara%20MedSpa%20Avon&query_place_id=ChIJk-BzR5Cv54kR7Z17Hetyy7Q"
"Radiant Beauty & Health West Hartford","West Hartford","2","Restore Hyper Wellness","235","4.8","1.44","https://www.google.com/maps/search/?api=1&query=Restore%20Hyper%20Wellness&query_place_id=ChIJJz8FzBmr54kRG5sXBzUU2eM"
"Radiant Beauty & Health West Hartford","West Hartford","3","Jackie La Croix","173","5.0","7.82","https://www.google.com/maps/search/?api=1&query=Jackie%20La%20Croix&query_place_id=ChIJnWor4SRR5okRdIq9dyYrciI"
"Austin Luxury Medspa","West Lake Hills","1","Fresh Aesthetics","220","5.0","0.57","https://www.google.com/maps/search/?api=1&query=Fresh%20Aesthetics&query_place_id=ChIJLVZwSR9LW4YR-hXvEFknrN0"
"Austin Luxury Medspa","West Lake Hills","2","Austin Med Spa","202","4.9","3.08","https://www.google.com/maps/search/?api=1&query=Austin%20Med%20Spa&query_place_id=ChIJ0UfRBEC1RIYRueYNY9HpgbQ"
"Austin Luxury Medspa","West Lake Hills","3","Aesthetica Med Spa","168","4.8","1.82","https://www.google.com/maps/search/?api=1&query=Aesthetica%20Med%20Spa&query_place_id=ChIJmbZxmDpLW4YRNmhQNrLPn88"
"San Antonio Med Spa - Alamo Heights","Alamo Heights","1","MEDICTECH SPA - MED SPA","521","4.9","2.76","https://www.google.com/maps/search/?api=1&query=MEDICTECH%20SPA%20-%20MED%20SPA&query_place_id=ChIJz5bMzFVlXIYR8CmO1u6ov2I"
"San Antonio Med Spa - Alamo Heights","Alamo Heights","2","Khronos MedSpa & Laser","481","5.0","2.1","https://www.google.com/maps/search/?api=1&query=Khronos%20MedSpa%20%26%20Laser&query_place_id=ChIJkTaRGUGLXIYR5-h_7VDWNMQ"
"San Antonio Med Spa - Alamo Heights","Alamo Heights","3","DermaTouch RN","334","4.9","2.71","https://www.google.com/maps/search/?api=1&query=DermaTouch%20RN&query_place_id=ChIJfXgwDHxfXIYRkMUqShN5a9w"
"It's A Secret Med Spa","San Antonio","1","Jovem Medspa","553","4.9","2.71","https://www.google.com/maps/search/?api=1&query=Jovem%20Medspa&query_place_id=ChIJoWcBxvVlXIYRviTLWQVTvA8"
"It's A Secret Med Spa","San Antonio","2","Cutella Medical Spa","415","5.0","1.2","https://www.google.com/maps/search/?api=1&query=Cutella%20Medical%20Spa&query_place_id=ChIJR0h_0W5lXIYRI2BegPQQisw"
"It's A Secret Med Spa","San Antonio","3","San Antonio Med Spa","227","4.9","1.73","https://www.google.com/maps/search/?api=1&query=San%20Antonio%20Med%20Spa&query_place_id=ChIJYfu_N7plXIYRlSm2AEbWn88"
"San Antonio Med Spa","San Antonio","1","Jovem Medspa","553","4.9","0.98","https://www.google.com/maps/search/?api=1&query=Jovem%20Medspa&query_place_id=ChIJoWcBxvVlXIYRviTLWQVTvA8"
"San Antonio Med Spa","San Antonio","2","Cutella Medical Spa","415","5.0","2.92","https://www.google.com/maps/search/?api=1&query=Cutella%20Medical%20Spa&query_place_id=ChIJR0h_0W5lXIYRI2BegPQQisw"
"San Antonio Med Spa","San Antonio","3","Jules Aesthetics & Wellness","408","5.0","5.9","https://www.google.com/maps/search/?api=1&query=Jules%20Aesthetics%20%26%20Wellness&query_place_id=ChIJH5dRZSBhXIYR-tGzsA7jvN8"
"Khronos MedSpa & Laser","San Antonio","1","The Injection Room - South Flores","485","4.8","2.54","https://www.google.com/maps/search/?api=1&query=The%20Injection%20Room%20-%20South%20Flores&query_place_id=ChIJCTy9wzBZXIYRBxf7Y_IUr_w"
"Khronos MedSpa & Laser","San Antonio","2","DermaTouch RN","334","4.9","0.71","https://www.google.com/maps/search/?api=1&query=DermaTouch%20RN&query_place_id=ChIJfXgwDHxfXIYRkMUqShN5a9w"
"Khronos MedSpa & Laser","San Antonio","3","The Heights Plastic Surgery Med Spa","173","4.9","4.16","https://www.google.com/maps/search/?api=1&query=The%20Heights%20Plastic%20Surgery%20Med%20Spa&query_place_id=ChIJI_lDEKj1XIYRl3WzAw7pHzk"
"Skin Envy Austin- Central","Austin","1","Wild and Beautiful Natural Aesthetics","536","5.0","0.89","https://www.google.com/maps/search/?api=1&query=Wild%20and%20Beautiful%20Natural%20Aesthetics&query_place_id=ChIJ73h8su_LRIYR1Gm47UbmnZE"
"Skin Envy Austin- Central","Austin","2","NakedMD Med Spa Austin","405","4.9","0.58","https://www.google.com/maps/search/?api=1&query=NakedMD%20Med%20Spa%20Austin&query_place_id=ChIJx0Pq20XLRIYR41dgTx-rEwk"
"Skin Envy Austin- Central","Austin","3","Refine Aesthetics","279","5.0","2.56","https://www.google.com/maps/search/?api=1&query=Refine%20Aesthetics&query_place_id=ChIJnSIx9ga1RIYRm3hYxBfMXUk"
"Ageless Beauty Medspa","San Antonio","1","Esthetica Medspa San Antonio","1065","4.7","1.24","https://www.google.com/maps/search/?api=1&query=Esthetica%20Medspa%20San%20Antonio&query_place_id=ChIJt66jjiBiXIYR7wWuiysa0BI"
"Ageless Beauty Medspa","San Antonio","2","Magnolia Medical & Aesthetics","256","4.8","1.08","https://www.google.com/maps/search/?api=1&query=Magnolia%20Medical%20%26%20Aesthetics&query_place_id=ChIJTSfTb2djXIYRPYkQnTOQmYA"
"Ageless Beauty Medspa","San Antonio","3","NakedMD Med Spa San Antonio","222","4.9","0.85","https://www.google.com/maps/search/?api=1&query=NakedMD%20Med%20Spa%20San%20Antonio&query_place_id=ChIJxzkjAWuJXIYRiJgIm4_w25Y"
"Chan Ramos MedSpa","Round Rock","1","Allure Laser & Day Spa","283","4.9","3.51","https://www.google.com/maps/search/?api=1&query=Allure%20Laser%20%26%20Day%20Spa&query_place_id=ChIJW-I2dI7RRIYR9b6gOM4UKPY"
"Chan Ramos MedSpa","Round Rock","2","ABL Medical Spa & Wellness Clinic MD","108","4.9","3.23","https://www.google.com/maps/search/?api=1&query=ABL%20Medical%20Spa%20%26%20Wellness%20Clinic%20MD&query_place_id=ChIJMYAMbi7RRIYRvvdEJcokD3A"
"Chan Ramos MedSpa","Round Rock","3","Vibrant Med Spa","93","5.0","0.01","https://www.google.com/maps/search/?api=1&query=Vibrant%20Med%20Spa&query_place_id=ChIJtc4NK13RRIYRNL_48kdari4"
"Radiance San Antonio","San Antonio","1","Nova Aesthetics","1074","4.9","1.52","https://www.google.com/maps/search/?api=1&query=Nova%20Aesthetics&query_place_id=ChIJx_Tb2t9fXIYRahXoMqq3EqI"
"Radiance San Antonio","San Antonio","2","The Skin Elite","347","4.9","0.28","https://www.google.com/maps/search/?api=1&query=The%20Skin%20Elite&query_place_id=ChIJmy-gR5VhXIYRQsqj1r2KbQY"
"Radiance San Antonio","San Antonio","3","Anew You Medical Aesthetics and Total Wellness Center","234","4.1","3.14","https://www.google.com/maps/search/?api=1&query=Anew%20You%20Medical%20Aesthetics%20and%20Total%20Wellness%20Center&query_place_id=ChIJ4eI-aRdhXIYRYwPkYvmeIps"
"Skin Envy Austin- South","Austin","1","Texas Laser and Aesthetics Medspa","245","4.9","1.8","https://www.google.com/maps/search/?api=1&query=Texas%20Laser%20and%20Aesthetics%20Medspa&query_place_id=ChIJ0VwcmTJLW4YRpJpmLjs3UIM"
"Skin Envy Austin- South","Austin","2","The Injection Room -","165","4.8","3.21","https://www.google.com/maps/search/?api=1&query=The%20Injection%20Room%20-&query_place_id=ChIJMSyV1h21RIYRjKdgum-x2E4"
"Skin Envy Austin- South","Austin","3","SDBotox - Austin","151","4.9","4.1","https://www.google.com/maps/search/?api=1&query=SDBotox%20-%20Austin&query_place_id=ChIJfz0hdwq1RIYR3rWNI691ru8"
"Jovem Medspa","San Antonio","1","Cutella Medical Spa","415","5.0","3.89","https://www.google.com/maps/search/?api=1&query=Cutella%20Medical%20Spa&query_place_id=ChIJR0h_0W5lXIYRI2BegPQQisw"
"Jovem Medspa","San Antonio","2","Jules Aesthetics & Wellness","408","5.0","6.74","https://www.google.com/maps/search/?api=1&query=Jules%20Aesthetics%20%26%20Wellness&query_place_id=ChIJH5dRZSBhXIYR-tGzsA7jvN8"
"Jovem Medspa","San Antonio","3","It's A Secret Med Spa","277","4.8","2.71","https://www.google.com/maps/search/?api=1&query=It's%20A%20Secret%20Med%20Spa&query_place_id=ChIJ5RBQioRlXIYRZhzytxHhVmc"
"Beauty Wise Med Spa & Wellness","San Antonio","1","Esthetica Medspa San Antonio","1065","4.7","1.62","https://www.google.com/maps/search/?api=1&query=Esthetica%20Medspa%20San%20Antonio&query_place_id=ChIJt66jjiBiXIYR7wWuiysa0BI"
"Beauty Wise Med Spa & Wellness","San Antonio","2","Magnolia Medical & Aesthetics","256","4.8","1.05","https://www.google.com/maps/search/?api=1&query=Magnolia%20Medical%20%26%20Aesthetics&query_place_id=ChIJTSfTb2djXIYRPYkQnTOQmYA"
"Beauty Wise Med Spa & Wellness","San Antonio","3","NakedMD Med Spa San Antonio","222","4.9","0.41","https://www.google.com/maps/search/?api=1&query=NakedMD%20Med%20Spa%20San%20Antonio&query_place_id=ChIJxzkjAWuJXIYRiJgIm4_w25Y"
"Vibrant Med Spa","Round Rock","1","Allure Laser & Day Spa","283","4.9","3.51","https://www.google.com/maps/search/?api=1&query=Allure%20Laser%20%26%20Day%20Spa&query_place_id=ChIJW-I2dI7RRIYR9b6gOM4UKPY"
"Vibrant Med Spa","Round Rock","2","ABL Medical Spa & Wellness Clinic MD","108","4.9","3.22","https://www.google.com/maps/search/?api=1&query=ABL%20Medical%20Spa%20%26%20Wellness%20Clinic%20MD&query_place_id=ChIJMYAMbi7RRIYRvvdEJcokD3A"
"Vibrant Med Spa","Round Rock","3","Chan Ramos MedSpa","90","5.0","0.01","https://www.google.com/maps/search/?api=1&query=Chan%20Ramos%20MedSpa&query_place_id=ChIJibAkNp0zW4YRiiDjIlXfKdQ"
"Perfect Touch Med Spa LLC","San Antonio","1","Stadia Medical Spa","1200","4.9","1.76","https://www.google.com/maps/search/?api=1&query=Stadia%20Medical%20Spa&query_place_id=ChIJyQVZIkJnXIYRqlvaKUJ1p_8"
"Perfect Touch Med Spa LLC","San Antonio","2","Spa Black","416","4.6","3.34","https://www.google.com/maps/search/?api=1&query=Spa%20Black&query_place_id=ChIJPTfGj_BdXIYRhLXaNoME944"
"Perfect Touch Med Spa LLC","San Antonio","3","The Skin Elite","347","4.9","4.09","https://www.google.com/maps/search/?api=1&query=The%20Skin%20Elite&query_place_id=ChIJmy-gR5VhXIYRQsqj1r2KbQY"
"Radiant Heights Med Spa","San Antonio","1","Nova Aesthetics","1074","4.9","3.06","https://www.google.com/maps/search/?api=1&query=Nova%20Aesthetics&query_place_id=ChIJx_Tb2t9fXIYRahXoMqq3EqI"
"Radiant Heights Med Spa","San Antonio","2","MEDICTECH SPA - MED SPA","521","4.9","0.58","https://www.google.com/maps/search/?api=1&query=MEDICTECH%20SPA%20-%20MED%20SPA&query_place_id=ChIJz5bMzFVlXIYR8CmO1u6ov2I"
"Radiant Heights Med Spa","San Antonio","3","The Skin Elite","347","4.9","4.23","https://www.google.com/maps/search/?api=1&query=The%20Skin%20Elite&query_place_id=ChIJmy-gR5VhXIYRQsqj1r2KbQY"
"Haus Of Aesthetics Med Spa LLC","San Antonio","1","Stadia Medical Spa","1200","4.9","0.81","https://www.google.com/maps/search/?api=1&query=Stadia%20Medical%20Spa&query_place_id=ChIJyQVZIkJnXIYRqlvaKUJ1p_8"
"Haus Of Aesthetics Med Spa LLC","San Antonio","2","Spa Black","416","4.6","1.05","https://www.google.com/maps/search/?api=1&query=Spa%20Black&query_place_id=ChIJPTfGj_BdXIYRhLXaNoME944"
"Haus Of Aesthetics Med Spa LLC","San Antonio","3","The Skin Elite","347","4.9","4.5","https://www.google.com/maps/search/?api=1&query=The%20Skin%20Elite&query_place_id=ChIJmy-gR5VhXIYRQsqj1r2KbQY"
"The Lotus | Aesthetics And Wellness","Helotes","1","Cutella Medical Spa","415","5.0","6.08","https://www.google.com/maps/search/?api=1&query=Cutella%20Medical%20Spa&query_place_id=ChIJR0h_0W5lXIYRI2BegPQQisw"
"The Lotus | Aesthetics And Wellness","Helotes","2","It's A Secret Med Spa","277","4.8","5.84","https://www.google.com/maps/search/?api=1&query=It's%20A%20Secret%20Med%20Spa&query_place_id=ChIJ5RBQioRlXIYRZhzytxHhVmc"
"The Lotus | Aesthetics And Wellness","Helotes","3","Schön Medical Aesthetics","140","5.0","3.16","https://www.google.com/maps/search/?api=1&query=Sch%C3%B6n%20Medical%20Aesthetics&query_place_id=ChIJD13BMvhpXIYRpiY7sbqWmjo"
"Toxins at Tiffany's Med Spa","San Antonio","1","Cutella Medical Spa","415","5.0","0.24","https://www.google.com/maps/search/?api=1&query=Cutella%20Medical%20Spa&query_place_id=ChIJR0h_0W5lXIYRI2BegPQQisw"
"Toxins at Tiffany's Med Spa","San Antonio","2","Jules Aesthetics & Wellness","408","5.0","3.57","https://www.google.com/maps/search/?api=1&query=Jules%20Aesthetics%20%26%20Wellness&query_place_id=ChIJH5dRZSBhXIYR-tGzsA7jvN8"
"Toxins at Tiffany's Med Spa","San Antonio","3","It's A Secret Med Spa","277","4.8","1.03","https://www.google.com/maps/search/?api=1&query=It's%20A%20Secret%20Med%20Spa&query_place_id=ChIJ5RBQioRlXIYRZhzytxHhVmc"
"Schön Medical Aesthetics","San Antonio","1","Stadia Medical Spa","1200","4.9","5.3","https://www.google.com/maps/search/?api=1&query=Stadia%20Medical%20Spa&query_place_id=ChIJyQVZIkJnXIYRqlvaKUJ1p_8"
"Schön Medical Aesthetics","San Antonio","2","The Lotus | Aesthetics And Wellness","427","5.0","3.16","https://www.google.com/maps/search/?api=1&query=The%20Lotus%20%7C%20Aesthetics%20And%20Wellness&query_place_id=ChIJY_MBh41oXIYR6B5RcQwvRBw"
"Schön Medical Aesthetics","San Antonio","3","Reveille Botox and Beyond","133","5.0","0.07","https://www.google.com/maps/search/?api=1&query=Reveille%20Botox%20and%20Beyond&query_place_id=ChIJ7WQogn9pXIYRi90OwGpFFNQ"
"Nova Aesthetics","San Antonio","1","MEDICTECH SPA - MED SPA","521","4.9","2.48","https://www.google.com/maps/search/?api=1&query=MEDICTECH%20SPA%20-%20MED%20SPA&query_place_id=ChIJz5bMzFVlXIYR8CmO1u6ov2I"
"Nova Aesthetics","San Antonio","2","The Skin Elite","347","4.9","1.38","https://www.google.com/maps/search/?api=1&query=The%20Skin%20Elite&query_place_id=ChIJmy-gR5VhXIYRQsqj1r2KbQY"
"Nova Aesthetics","San Antonio","3","Radiant Heights Med Spa","192","5.0","3.06","https://www.google.com/maps/search/?api=1&query=Radiant%20Heights%20Med%20Spa&query_place_id=ChIJwzrKZ-v1XIYRmHp6XhHLuQ8"
"Allure Laser & Day Spa","Round Rock","1","Westlake Dermatology & Cosmetic Surgery - Round Rock","340","4.1","0.93","https://www.google.com/maps/search/?api=1&query=Westlake%20Dermatology%20%26%20Cosmetic%20Surgery%20-%20Round%20Rock&query_place_id=ChIJbwbN7yPSRIYRPpwvhqp8PFQ"
"Allure Laser & Day Spa","Round Rock","2","Smooth Aesthetics","250","5.0","0.96","https://www.google.com/maps/search/?api=1&query=Smooth%20Aesthetics&query_place_id=ChIJRahdHpTTRIYRtUYBkZD2fsM"
"Allure Laser & Day Spa","Round Rock","3","ABL Medical Spa & Wellness Clinic MD","108","4.9","0.81","https://www.google.com/maps/search/?api=1&query=ABL%20Medical%20Spa%20%26%20Wellness%20Clinic%20MD&query_place_id=ChIJMYAMbi7RRIYRvvdEJcokD3A"
"Jules Aesthetics & Wellness","San Antonio","1","Esthetica Medspa San Antonio","1065","4.7","1.96","https://www.google.com/maps/search/?api=1&query=Esthetica%20Medspa%20San%20Antonio&query_place_id=ChIJt66jjiBiXIYR7wWuiysa0BI"
"Jules Aesthetics & Wellness","San Antonio","2","Anew You Medical Aesthetics and Total Wellness Center","234","4.1","1.89","https://www.google.com/maps/search/?api=1&query=Anew%20You%20Medical%20Aesthetics%20and%20Total%20Wellness%20Center&query_place_id=ChIJ4eI-aRdhXIYRYwPkYvmeIps"
"Jules Aesthetics & Wellness","San Antonio","3","Believe Aesthetics & Wellness","149","5.0","2.05","https://www.google.com/maps/search/?api=1&query=Believe%20Aesthetics%20%26%20Wellness&query_place_id=ChIJS8XrRIdhXIYRPi-Kpih-TVE"
"Esthetica Medspa San Antonio","San Antonio","1","Jules Aesthetics & Wellness","408","5.0","1.96","https://www.google.com/maps/search/?api=1&query=Jules%20Aesthetics%20%26%20Wellness&query_place_id=ChIJH5dRZSBhXIYR-tGzsA7jvN8"
"Esthetica Medspa San Antonio","San Antonio","2","Magnolia Medical & Aesthetics","256","4.8","1.32","https://www.google.com/maps/search/?api=1&query=Magnolia%20Medical%20%26%20Aesthetics&query_place_id=ChIJTSfTb2djXIYRPYkQnTOQmYA"
"Esthetica Medspa San Antonio","San Antonio","3","Lumyn Medspa","111","4.9","1.16","https://www.google.com/maps/search/?api=1&query=Lumyn%20Medspa&query_place_id=ChIJFar8aSRjXIYRst4peuOKxBc"
"Anew You Medical Aesthetics and Total Wellness Center","San Antonio","1","Jules Aesthetics & Wellness","408","5.0","1.89","https://www.google.com/maps/search/?api=1&query=Jules%20Aesthetics%20%26%20Wellness&query_place_id=ChIJH5dRZSBhXIYR-tGzsA7jvN8"
"Anew You Medical Aesthetics and Total Wellness Center","San Antonio","2","The Skin Elite","347","4.9","3.3","https://www.google.com/maps/search/?api=1&query=The%20Skin%20Elite&query_place_id=ChIJmy-gR5VhXIYRQsqj1r2KbQY"
"Anew You Medical Aesthetics and Total Wellness Center","San Antonio","3","Believe Aesthetics & Wellness","149","5.0","1.91","https://www.google.com/maps/search/?api=1&query=Believe%20Aesthetics%20%26%20Wellness&query_place_id=ChIJS8XrRIdhXIYRPi-Kpih-TVE"
"Magnolia Medical & Aesthetics","San Antonio","1","Esthetica Medspa San Antonio","1065","4.7","1.32","https://www.google.com/maps/search/?api=1&query=Esthetica%20Medspa%20San%20Antonio&query_place_id=ChIJt66jjiBiXIYR7wWuiysa0BI"
"Magnolia Medical & Aesthetics","San Antonio","2","NakedMD Med Spa San Antonio","222","4.9","1.23","https://www.google.com/maps/search/?api=1&query=NakedMD%20Med%20Spa%20San%20Antonio&query_place_id=ChIJxzkjAWuJXIYRiJgIm4_w25Y"
"Magnolia Medical & Aesthetics","San Antonio","3","Lumyn Medspa","111","4.9","1.03","https://www.google.com/maps/search/?api=1&query=Lumyn%20Medspa&query_place_id=ChIJFar8aSRjXIYRst4peuOKxBc"
"VanityMD Luxury Aesthetics Medspa","Atlanta","1","Ecobel Med Spa","412","4.8","0.88","https://www.google.com/maps/search/?api=1&query=Ecobel%20Med%20Spa&query_place_id=ChIJsxT5sWgP9YgRA-I95wHd5GI"
"VanityMD Luxury Aesthetics Medspa","Atlanta","2","NYAH Med Spa","323","4.4","0.8","https://www.google.com/maps/search/?api=1&query=NYAH%20Med%20Spa&query_place_id=ChIJL0Tr9fQF9YgRyQPbXukrqa8"
"VanityMD Luxury Aesthetics Medspa","Atlanta","3","SkinSpirit Buckhead","146","4.9","0.54","https://www.google.com/maps/search/?api=1&query=SkinSpirit%20Buckhead&query_place_id=ChIJAYpfPvYF9YgRyc4Do7M0Rz0"
"Stadia Medical Spa","San Antonio","1","Spa Black","416","4.6","1.73","https://www.google.com/maps/search/?api=1&query=Spa%20Black&query_place_id=ChIJPTfGj_BdXIYRhLXaNoME944"
"Stadia Medical Spa","San Antonio","2","The Skin Elite","347","4.9","4.28","https://www.google.com/maps/search/?api=1&query=The%20Skin%20Elite&query_place_id=ChIJmy-gR5VhXIYRQsqj1r2KbQY"
"Stadia Medical Spa","San Antonio","3","Anew You Medical Aesthetics and Total Wellness Center","234","4.1","4.18","https://www.google.com/maps/search/?api=1&query=Anew%20You%20Medical%20Aesthetics%20and%20Total%20Wellness%20Center&query_place_id=ChIJ4eI-aRdhXIYRYwPkYvmeIps"
"Muse Atlanta Skin Health & Aesthetics","Atlanta","1","4Ever Young Med Spa & Wellness Center - Atlanta Midtown","1167","5.0","2.38","https://www.google.com/maps/search/?api=1&query=4Ever%20Young%20Med%20Spa%20%26%20Wellness%20Center%20-%20Atlanta%20Midtown&query_place_id=ChIJbXmEZoMF9YgRWkatsCKRd5Y"
"Muse Atlanta Skin Health & Aesthetics","Atlanta","2","BLUE Med Center & Spa","417","4.9","2.0","https://www.google.com/maps/search/?api=1&query=BLUE%20Med%20Center%20%26%20Spa&query_place_id=ChIJHZx-I0IE9YgRni9jd9SWfcg"
"Muse Atlanta Skin Health & Aesthetics","Atlanta","3","AYA Medical Spa Colony Square - Midtown","211","4.8","2.43","https://www.google.com/maps/search/?api=1&query=AYA%20Medical%20Spa%20Colony%20Square%20-%20Midtown&query_place_id=ChIJuTJDltIF9YgReJ4c3BRu5jo"
"ALCÔVE AESTHETICS","Atlanta","1","Derm Clinic M.D.","302","5.0","1.51","https://www.google.com/maps/search/?api=1&query=Derm%20Clinic%20M.D.&query_place_id=ChIJo1r7sWgP9YgRpuWEQKTQ3fw"
"ALCÔVE AESTHETICS","Atlanta","2","SkynBar","286","5.0","1.4","https://www.google.com/maps/search/?api=1&query=SkynBar&query_place_id=ChIJOx9qzmAP9YgRbdG7imrm7FQ"
"ALCÔVE AESTHETICS","Atlanta","3","Slater Aesthetics & Anti-Aging","232","4.9","0.44","https://www.google.com/maps/search/?api=1&query=Slater%20Aesthetics%20%26%20Anti-Aging&query_place_id=ChIJAZBtbhwP9YgRTQOm4vzj5iM"
"Ecobel Med Spa","Atlanta","1","OVME","464","4.7","0.32","https://www.google.com/maps/search/?api=1&query=OVME&query_place_id=ChIJpaSPuYwF9YgRNdwMAf8gaag"
"Ecobel Med Spa","Atlanta","2","Skin Pharm","323","5.0","0.21","https://www.google.com/maps/search/?api=1&query=Skin%20Pharm&query_place_id=ChIJcRhgPWEF9YgR_St2rnaTxAY"
"Ecobel Med Spa","Atlanta","3","Viva MD","129","5.0","0.19","https://www.google.com/maps/search/?api=1&query=Viva%20MD&query_place_id=ChIJAYZS5lwT9YgRFrZjXrHOIPc"
"ELLEMES Medical Spa","Atlanta","1","WIFH","378","4.9","1.19","https://www.google.com/maps/search/?api=1&query=WIFH&query_place_id=ChIJW3waLUwJ9YgRITtSHNm79_U"
"ELLEMES Medical Spa","Atlanta","2","CULT Aesthetics","292","5.0","0.85","https://www.google.com/maps/search/?api=1&query=CULT%20Aesthetics&query_place_id=ChIJD7N-SRMJ9YgRnA78N2jqV-k"
"ELLEMES Medical Spa","Atlanta","3","AYA Medical Spa Northside - Sandy Springs","71","4.9","0.31","https://www.google.com/maps/search/?api=1&query=AYA%20Medical%20Spa%20Northside%20-%20Sandy%20Springs&query_place_id=ChIJf4x8X8sO9YgR2EpxLRp2rNE"
"Museo Medical Aesthetics","San Antonio","1","Stadia Medical Spa","1200","4.9","6.71","https://www.google.com/maps/search/?api=1&query=Stadia%20Medical%20Spa&query_place_id=ChIJyQVZIkJnXIYRqlvaKUJ1p_8"
"Museo Medical Aesthetics","San Antonio","2","The Lotus | Aesthetics And Wellness","427","5.0","5.46","https://www.google.com/maps/search/?api=1&query=The%20Lotus%20%7C%20Aesthetics%20And%20Wellness&query_place_id=ChIJY_MBh41oXIYR6B5RcQwvRBw"
"Museo Medical Aesthetics","San Antonio","3","Schön Medical Aesthetics","140","5.0","2.65","https://www.google.com/maps/search/?api=1&query=Sch%C3%B6n%20Medical%20Aesthetics&query_place_id=ChIJD13BMvhpXIYRpiY7sbqWmjo"
"Peachy Atlanta Midtown","Atlanta","1","4Ever Young Med Spa & Wellness Center - Atlanta Midtown","1167","5.0","1.21","https://www.google.com/maps/search/?api=1&query=4Ever%20Young%20Med%20Spa%20%26%20Wellness%20Center%20-%20Atlanta%20Midtown&query_place_id=ChIJbXmEZoMF9YgRWkatsCKRd5Y"
"Peachy Atlanta Midtown","Atlanta","2","BLUE Med Center & Spa","417","4.9","1.62","https://www.google.com/maps/search/?api=1&query=BLUE%20Med%20Center%20%26%20Spa&query_place_id=ChIJHZx-I0IE9YgRni9jd9SWfcg"
"Peachy Atlanta Midtown","Atlanta","3","AYA Medical Spa Colony Square - Midtown","211","4.8","1.58","https://www.google.com/maps/search/?api=1&query=AYA%20Medical%20Spa%20Colony%20Square%20-%20Midtown&query_place_id=ChIJuTJDltIF9YgReJ4c3BRu5jo"
"Lumyn Medspa","San Antonio","1","Esthetica Medspa San Antonio","1065","4.7","1.16","https://www.google.com/maps/search/?api=1&query=Esthetica%20Medspa%20San%20Antonio&query_place_id=ChIJt66jjiBiXIYR7wWuiysa0BI"
"Lumyn Medspa","San Antonio","2","Magnolia Medical & Aesthetics","256","4.8","1.03","https://www.google.com/maps/search/?api=1&query=Magnolia%20Medical%20%26%20Aesthetics&query_place_id=ChIJTSfTb2djXIYRPYkQnTOQmYA"
"Lumyn Medspa","San Antonio","3","NakedMD Med Spa San Antonio","222","4.9","0.91","https://www.google.com/maps/search/?api=1&query=NakedMD%20Med%20Spa%20San%20Antonio&query_place_id=ChIJxzkjAWuJXIYRiJgIm4_w25Y"
"AYA Medical Spa Colony Square - Midtown","Atlanta","1","4Ever Young Med Spa & Wellness Center - Atlanta Midtown","1167","5.0","0.41","https://www.google.com/maps/search/?api=1&query=4Ever%20Young%20Med%20Spa%20%26%20Wellness%20Center%20-%20Atlanta%20Midtown&query_place_id=ChIJbXmEZoMF9YgRWkatsCKRd5Y"
"AYA Medical Spa Colony Square - Midtown","Atlanta","2","BLUE Med Center & Spa","417","4.9","0.45","https://www.google.com/maps/search/?api=1&query=BLUE%20Med%20Center%20%26%20Spa&query_place_id=ChIJHZx-I0IE9YgRni9jd9SWfcg"
"AYA Medical Spa Colony Square - Midtown","Atlanta","3","Peachy Atlanta Midtown","105","5.0","1.58","https://www.google.com/maps/search/?api=1&query=Peachy%20Atlanta%20Midtown&query_place_id=ChIJL3s4q78F9YgRRQ-YtFTvaMA"
"Chin Up! Aesthetics Atlanta","Atlanta","1","dermani MEDSPA® Vinings","447","4.9","0.98","https://www.google.com/maps/search/?api=1&query=dermani%20MEDSPA%C2%AE%20Vinings&query_place_id=ChIJQ4xy-G4Q9YgRllWerAvmK2E"
"Chin Up! Aesthetics Atlanta","Atlanta","2","Buckhead Facial Plastic Surgery: Theresa M. Jarmuz, MD","292","4.8","3.14","https://www.google.com/maps/search/?api=1&query=Buckhead%20Facial%20Plastic%20Surgery%3A%20Theresa%20M.%20Jarmuz%2C%20MD&query_place_id=ChIJ5dn1BvgP9YgRMz_cYLgFXK4"
"Chin Up! Aesthetics Atlanta","Atlanta","3","Amerejuve MedSpa Marietta, GA - Laser Hair Removal, CoolSculpting, Botox & Facials","122","4.5","3.79","https://www.google.com/maps/search/?api=1&query=Amerejuve%20MedSpa%20Marietta%2C%20GA%20-%20Laser%20Hair%20Removal%2C%20CoolSculpting%2C%20Botox%20%26%20Facials&query_place_id=ChIJ82S6xbsR9YgRBvfBRhZ3k5M"
"Blue Divine Aesthetics","Atlanta","1","OVME","464","4.7","0.47","https://www.google.com/maps/search/?api=1&query=OVME&query_place_id=ChIJpaSPuYwF9YgRNdwMAf8gaag"
"Blue Divine Aesthetics","Atlanta","2","Artisan Beauté - Buckhead","412","4.9","0.24","https://www.google.com/maps/search/?api=1&query=Artisan%20Beaut%C3%A9%20-%20Buckhead&query_place_id=ChIJ9zQ0EzsF9YgRnOHGmMkcnQE"
"Blue Divine Aesthetics","Atlanta","3","Slim Studio FACE & BODY","196","4.8","0.17","https://www.google.com/maps/search/?api=1&query=Slim%20Studio%20FACE%20%26%20BODY&query_place_id=ChIJQyIJhxkP9YgRH_SxnMgaEgo"
"MEDICTECH SPA - MED SPA","San Antonio","1","Nova Aesthetics","1074","4.9","2.48","https://www.google.com/maps/search/?api=1&query=Nova%20Aesthetics&query_place_id=ChIJx_Tb2t9fXIYRahXoMqq3EqI"
"MEDICTECH SPA - MED SPA","San Antonio","2","The Skin Elite","347","4.9","3.68","https://www.google.com/maps/search/?api=1&query=The%20Skin%20Elite&query_place_id=ChIJmy-gR5VhXIYRQsqj1r2KbQY"
"MEDICTECH SPA - MED SPA","San Antonio","3","Radiant Heights Med Spa","192","5.0","0.58","https://www.google.com/maps/search/?api=1&query=Radiant%20Heights%20Med%20Spa&query_place_id=ChIJwzrKZ-v1XIYRmHp6XhHLuQ8"
"Bella Medspa","Atlanta","1","OVME","464","4.7","0.39","https://www.google.com/maps/search/?api=1&query=OVME&query_place_id=ChIJpaSPuYwF9YgRNdwMAf8gaag"
"Bella Medspa","Atlanta","2","Artisan Beauté - Buckhead","412","4.9","0.18","https://www.google.com/maps/search/?api=1&query=Artisan%20Beaut%C3%A9%20-%20Buckhead&query_place_id=ChIJ9zQ0EzsF9YgRnOHGmMkcnQE"
"Bella Medspa","Atlanta","3","Blue Divine Aesthetics","328","4.6","0.1","https://www.google.com/maps/search/?api=1&query=Blue%20Divine%20Aesthetics&query_place_id=ChIJE_EaM48F9YgR1arRiFD0tiE"
"OVME","Atlanta","1","Artisan Beauté - Buckhead","412","4.9","0.23","https://www.google.com/maps/search/?api=1&query=Artisan%20Beaut%C3%A9%20-%20Buckhead&query_place_id=ChIJ9zQ0EzsF9YgRnOHGmMkcnQE"
"OVME","Atlanta","2","Skin Pharm","323","5.0","0.16","https://www.google.com/maps/search/?api=1&query=Skin%20Pharm&query_place_id=ChIJcRhgPWEF9YgR_St2rnaTxAY"
"OVME","Atlanta","3","Viva MD","129","5.0","0.13","https://www.google.com/maps/search/?api=1&query=Viva%20MD&query_place_id=ChIJAYZS5lwT9YgRFrZjXrHOIPc"
"Age-less Weigh-less","Woburn","1","VIO Med Spa - Burlington","429","4.9","2.73","https://www.google.com/maps/search/?api=1&query=VIO%20Med%20Spa%20-%20Burlington&query_place_id=ChIJ2REhlxOf44kRStgnlWi6VFE"
"Age-less Weigh-less","Woburn","2","Restore Hyper Wellness","417","4.9","6.54","https://www.google.com/maps/search/?api=1&query=Restore%20Hyper%20Wellness&query_place_id=ChIJi0MY-IoN44kRgxWY8FNsAes"
"Age-less Weigh-less","Woburn","3","Sono Bello Boston","266","4.0","0.0","https://www.google.com/maps/search/?api=1&query=Sono%20Bello%20Boston&query_place_id=ChIJNeuokRZ144kRAAgD_Zgq0vI"
"Balanced Aesthetics + Wellness","Atlanta","1","The Ageless Center","480","4.5","2.47","https://www.google.com/maps/search/?api=1&query=The%20Ageless%20Center&query_place_id=ChIJMfxHNeIF9YgRgyZb4lnnZIg"
"Balanced Aesthetics + Wellness","Atlanta","2","Ecobel Med Spa","412","4.8","2.66","https://www.google.com/maps/search/?api=1&query=Ecobel%20Med%20Spa&query_place_id=ChIJsxT5sWgP9YgRA-I95wHd5GI"
"Balanced Aesthetics + Wellness","Atlanta","3","NYAH Med Spa","323","4.4","2.63","https://www.google.com/maps/search/?api=1&query=NYAH%20Med%20Spa&query_place_id=ChIJL0Tr9fQF9YgRyQPbXukrqa8"
"dermani MEDSPA® Buckhead","Atlanta","1","Artisan Beauté - Buckhead","412","4.9","0.52","https://www.google.com/maps/search/?api=1&query=Artisan%20Beaut%C3%A9%20-%20Buckhead&query_place_id=ChIJ9zQ0EzsF9YgRnOHGmMkcnQE"
"dermani MEDSPA® Buckhead","Atlanta","2","Blue Divine Aesthetics","328","4.6","0.53","https://www.google.com/maps/search/?api=1&query=Blue%20Divine%20Aesthetics&query_place_id=ChIJE_EaM48F9YgR1arRiFD0tiE"
"dermani MEDSPA® Buckhead","Atlanta","3","A Bless Beauty Medspa and Clinic","60","5.0","0.13","https://www.google.com/maps/search/?api=1&query=A%20Bless%20Beauty%20Medspa%20and%20Clinic&query_place_id=ChIJ0foLY9kF9YgRxqWcDuqUqCo"
"BLUE Med Center & Spa","Atlanta","1","4Ever Young Med Spa & Wellness Center - Atlanta Midtown","1167","5.0","0.45","https://www.google.com/maps/search/?api=1&query=4Ever%20Young%20Med%20Spa%20%26%20Wellness%20Center%20-%20Atlanta%20Midtown&query_place_id=ChIJbXmEZoMF9YgRWkatsCKRd5Y"
"BLUE Med Center & Spa","Atlanta","2","AYA Medical Spa Colony Square - Midtown","211","4.8","0.45","https://www.google.com/maps/search/?api=1&query=AYA%20Medical%20Spa%20Colony%20Square%20-%20Midtown&query_place_id=ChIJuTJDltIF9YgReJ4c3BRu5jo"
"BLUE Med Center & Spa","Atlanta","3","Muse Atlanta Skin Health & Aesthetics","178","5.0","2.0","https://www.google.com/maps/search/?api=1&query=Muse%20Atlanta%20Skin%20Health%20%26%20Aesthetics&query_place_id=ChIJkxXCLtgF9YgRdQS0tI-qz_g"
"dermani MEDSPA® North Buckhead","Atlanta","1","Charette Cosmetics Medical Spa - Atlanta","2480","4.9","1.64","https://www.google.com/maps/search/?api=1&query=Charette%20Cosmetics%20Medical%20Spa%20-%20Atlanta&query_place_id=ChIJzcsoAwEP9YgR-VmmGtV2rUc"
"dermani MEDSPA® North Buckhead","Atlanta","2","Slater Aesthetics & Anti-Aging","232","4.9","0.17","https://www.google.com/maps/search/?api=1&query=Slater%20Aesthetics%20%26%20Anti-Aging&query_place_id=ChIJAZBtbhwP9YgRTQOm4vzj5iM"
"dermani MEDSPA® North Buckhead","Atlanta","3","LUX Med Spa","170","4.8","0.48","https://www.google.com/maps/search/?api=1&query=LUX%20Med%20Spa&query_place_id=ChIJTSB_hxkP9YgRIL88df0hwQU"
"NYAH Med Spa","Atlanta","1","Derm Clinic M.D.","302","5.0","0.48","https://www.google.com/maps/search/?api=1&query=Derm%20Clinic%20M.D.&query_place_id=ChIJo1r7sWgP9YgRpuWEQKTQ3fw"
"NYAH Med Spa","Atlanta","2","SkynBar","286","5.0","0.61","https://www.google.com/maps/search/?api=1&query=SkynBar&query_place_id=ChIJOx9qzmAP9YgRbdG7imrm7FQ"
"NYAH Med Spa","Atlanta","3","Slim Studio FACE & BODY","196","4.8","0.68","https://www.google.com/maps/search/?api=1&query=Slim%20Studio%20FACE%20%26%20BODY&query_place_id=ChIJQyIJhxkP9YgRH_SxnMgaEgo"
"Buckhead Facial Plastic Surgery: Theresa M. Jarmuz, MD","Atlanta","1","dermani MEDSPA® Vinings","447","4.9","2.52","https://www.google.com/maps/search/?api=1&query=dermani%20MEDSPA%C2%AE%20Vinings&query_place_id=ChIJQ4xy-G4Q9YgRllWerAvmK2E"
"Buckhead Facial Plastic Surgery: Theresa M. Jarmuz, MD","Atlanta","2","Blue Divine Aesthetics","328","4.6","2.56","https://www.google.com/maps/search/?api=1&query=Blue%20Divine%20Aesthetics&query_place_id=ChIJE_EaM48F9YgR1arRiFD0tiE"
"Buckhead Facial Plastic Surgery: Theresa M. Jarmuz, MD","Atlanta","3","Bella Medspa","148","4.4","2.64","https://www.google.com/maps/search/?api=1&query=Bella%20Medspa&query_place_id=ChIJn1WpWxQP9YgRjl26U3CwDqI"
"AYA Medical Spa Buckhead","Atlanta","1","OVME","464","4.7","0.13","https://www.google.com/maps/search/?api=1&query=OVME&query_place_id=ChIJpaSPuYwF9YgRNdwMAf8gaag"
"AYA Medical Spa Buckhead","Atlanta","2","Skin Pharm","323","5.0","0.03","https://www.google.com/maps/search/?api=1&query=Skin%20Pharm&query_place_id=ChIJcRhgPWEF9YgR_St2rnaTxAY"
"AYA Medical Spa Buckhead","Atlanta","3","Viva MD","129","5.0","0.09","https://www.google.com/maps/search/?api=1&query=Viva%20MD&query_place_id=ChIJAYZS5lwT9YgRFrZjXrHOIPc"
"Cutella Medical Spa","San Antonio","1","Jules Aesthetics & Wellness","408","5.0","3.52","https://www.google.com/maps/search/?api=1&query=Jules%20Aesthetics%20%26%20Wellness&query_place_id=ChIJH5dRZSBhXIYR-tGzsA7jvN8"
"Cutella Medical Spa","San Antonio","2","It's A Secret Med Spa","277","4.8","1.2","https://www.google.com/maps/search/?api=1&query=It's%20A%20Secret%20Med%20Spa&query_place_id=ChIJ5RBQioRlXIYRZhzytxHhVmc"
"Cutella Medical Spa","San Antonio","3","San Antonio Med Spa","227","4.9","2.92","https://www.google.com/maps/search/?api=1&query=San%20Antonio%20Med%20Spa&query_place_id=ChIJYfu_N7plXIYRlSm2AEbWn88"
"Skin Pharm","Atlanta","1","OVME","464","4.7","0.16","https://www.google.com/maps/search/?api=1&query=OVME&query_place_id=ChIJpaSPuYwF9YgRNdwMAf8gaag"
"Skin Pharm","Atlanta","2","Viva MD","129","5.0","0.1","https://www.google.com/maps/search/?api=1&query=Viva%20MD&query_place_id=ChIJAYZS5lwT9YgRFrZjXrHOIPc"
"Skin Pharm","Atlanta","3","AYA Medical Spa Buckhead","111","4.9","0.03","https://www.google.com/maps/search/?api=1&query=AYA%20Medical%20Spa%20Buckhead&query_place_id=ChIJQbZOhCAF9YgRK9iEVTUxe6s"
"Artisan Beauté - Buckhead","Atlanta","1","OVME","464","4.7","0.23","https://www.google.com/maps/search/?api=1&query=OVME&query_place_id=ChIJpaSPuYwF9YgRNdwMAf8gaag"
"Artisan Beauté - Buckhead","Atlanta","2","Blue Divine Aesthetics","328","4.6","0.24","https://www.google.com/maps/search/?api=1&query=Blue%20Divine%20Aesthetics&query_place_id=ChIJE_EaM48F9YgR1arRiFD0tiE"
"Artisan Beauté - Buckhead","Atlanta","3","Slim Studio FACE & BODY","196","4.8","0.15","https://www.google.com/maps/search/?api=1&query=Slim%20Studio%20FACE%20%26%20BODY&query_place_id=ChIJQyIJhxkP9YgRH_SxnMgaEgo"
"Flawless Skin Boutique Med Spa - Fillers - Skin Tightening","Atlanta","1","OVME","464","4.7","0.42","https://www.google.com/maps/search/?api=1&query=OVME&query_place_id=ChIJpaSPuYwF9YgRNdwMAf8gaag"
"Flawless Skin Boutique Med Spa - Fillers - Skin Tightening","Atlanta","2","Artisan Beauté - Buckhead","412","4.9","0.21","https://www.google.com/maps/search/?api=1&query=Artisan%20Beaut%C3%A9%20-%20Buckhead&query_place_id=ChIJ9zQ0EzsF9YgRnOHGmMkcnQE"
"Flawless Skin Boutique Med Spa - Fillers - Skin Tightening","Atlanta","3","Blue Divine Aesthetics","328","4.6","0.11","https://www.google.com/maps/search/?api=1&query=Blue%20Divine%20Aesthetics&query_place_id=ChIJE_EaM48F9YgR1arRiFD0tiE"
"4Ever Young Med Spa & Wellness Center - Atlanta Midtown","Atlanta","1","BLUE Med Center & Spa","417","4.9","0.45","https://www.google.com/maps/search/?api=1&query=BLUE%20Med%20Center%20%26%20Spa&query_place_id=ChIJHZx-I0IE9YgRni9jd9SWfcg"
"4Ever Young Med Spa & Wellness Center - Atlanta Midtown","Atlanta","2","AYA Medical Spa Colony Square - Midtown","211","4.8","0.41","https://www.google.com/maps/search/?api=1&query=AYA%20Medical%20Spa%20Colony%20Square%20-%20Midtown&query_place_id=ChIJuTJDltIF9YgReJ4c3BRu5jo"
"4Ever Young Med Spa & Wellness Center - Atlanta Midtown","Atlanta","3","Peachy Atlanta Midtown","105","5.0","1.21","https://www.google.com/maps/search/?api=1&query=Peachy%20Atlanta%20Midtown&query_place_id=ChIJL3s4q78F9YgRRQ-YtFTvaMA"
"Skinship | Atlanta Skincare and Medical Aesthetics","Atlanta","1","OVME","464","4.7","0.24","https://www.google.com/maps/search/?api=1&query=OVME&query_place_id=ChIJpaSPuYwF9YgRNdwMAf8gaag"
"Skinship | Atlanta Skincare and Medical Aesthetics","Atlanta","2","Ecobel Med Spa","412","4.8","0.08","https://www.google.com/maps/search/?api=1&query=Ecobel%20Med%20Spa&query_place_id=ChIJsxT5sWgP9YgRA-I95wHd5GI"
"Skinship | Atlanta Skincare and Medical Aesthetics","Atlanta","3","Skin Pharm","323","5.0","0.15","https://www.google.com/maps/search/?api=1&query=Skin%20Pharm&query_place_id=ChIJcRhgPWEF9YgR_St2rnaTxAY"
"Skin Social Medical Spa","Sandy Springs","1","Charette Cosmetics Medical Spa - Atlanta","2480","4.9","0.11","https://www.google.com/maps/search/?api=1&query=Charette%20Cosmetics%20Medical%20Spa%20-%20Atlanta&query_place_id=ChIJzcsoAwEP9YgR-VmmGtV2rUc"
"Skin Social Medical Spa","Sandy Springs","2","dermani MEDSPA® Sandy Springs","289","4.6","0.26","https://www.google.com/maps/search/?api=1&query=dermani%20MEDSPA%C2%AE%20Sandy%20Springs&query_place_id=ChIJ3_uT1ZMO9YgRqQp-CXGDaDU"
"Skin Social Medical Spa","Sandy Springs","3","Fresh Faces by Rebecca","234","5.0","0.82","https://www.google.com/maps/search/?api=1&query=Fresh%20Faces%20by%20Rebecca&query_place_id=ChIJkSgsczUF9YgRmFTABs1TlUg"
"LumiVita Buckhead","Atlanta","1","dermani MEDSPA® Buckhead","414","4.7","1.0","https://www.google.com/maps/search/?api=1&query=dermani%20MEDSPA%C2%AE%20Buckhead&query_place_id=ChIJO2nwaPUF9YgRc3EfkcahrqA"
"LumiVita Buckhead","Atlanta","2","Truffles Aesthetics","130","4.9","0.37","https://www.google.com/maps/search/?api=1&query=Truffles%20Aesthetics&query_place_id=ChIJq6raCaYF9YgRzYsAqNsjtt8"
"LumiVita Buckhead","Atlanta","3","Regenerative MedSpa of Buckhead","76","4.9","0.66","https://www.google.com/maps/search/?api=1&query=Regenerative%20MedSpa%20of%20Buckhead&query_place_id=ChIJ60GYmuIF9YgRBcg0S2_roes"
"dermani MEDSPA® Sandy Springs","Atlanta","1","Charette Cosmetics Medical Spa - Atlanta","2480","4.9","0.35","https://www.google.com/maps/search/?api=1&query=Charette%20Cosmetics%20Medical%20Spa%20-%20Atlanta&query_place_id=ChIJzcsoAwEP9YgR-VmmGtV2rUc"
"dermani MEDSPA® Sandy Springs","Atlanta","2","Skin Social Medical Spa","665","5.0","0.26","https://www.google.com/maps/search/?api=1&query=Skin%20Social%20Medical%20Spa&query_place_id=ChIJ2fD7oc3RyIARoCY5v2X7vvk"
"dermani MEDSPA® Sandy Springs","Atlanta","3","Fresh Faces by Rebecca","234","5.0","0.58","https://www.google.com/maps/search/?api=1&query=Fresh%20Faces%20by%20Rebecca&query_place_id=ChIJkSgsczUF9YgRmFTABs1TlUg"
"Marimad Luxury Spa","Sandy Springs","1","Fresh Faces by Rebecca","234","5.0","0.3","https://www.google.com/maps/search/?api=1&query=Fresh%20Faces%20by%20Rebecca&query_place_id=ChIJkSgsczUF9YgRmFTABs1TlUg"
"Marimad Luxury Spa","Sandy Springs","2","Vrai Aesthetics and Concierge","153","5.0","0.54","https://www.google.com/maps/search/?api=1&query=Vrai%20Aesthetics%20and%20Concierge&query_place_id=ChIJTYHhuXMF9YgRaNxLVDqvd5Y"
"Marimad Luxury Spa","Sandy Springs","3","Pure Bliss Med Spa","122","4.9","0.23","https://www.google.com/maps/search/?api=1&query=Pure%20Bliss%20Med%20Spa&query_place_id=ChIJh_wFpZkO9YgRlmqfHXFkpCg"
"A Bless Beauty Medspa and Clinic","Atlanta","1","dermani MEDSPA® Buckhead","414","4.7","0.13","https://www.google.com/maps/search/?api=1&query=dermani%20MEDSPA%C2%AE%20Buckhead&query_place_id=ChIJO2nwaPUF9YgRc3EfkcahrqA"
"A Bless Beauty Medspa and Clinic","Atlanta","2","Artisan Beauté - Buckhead","412","4.9","0.45","https://www.google.com/maps/search/?api=1&query=Artisan%20Beaut%C3%A9%20-%20Buckhead&query_place_id=ChIJ9zQ0EzsF9YgRnOHGmMkcnQE"
"A Bless Beauty Medspa and Clinic","Atlanta","3","Blue Divine Aesthetics","328","4.6","0.41","https://www.google.com/maps/search/?api=1&query=Blue%20Divine%20Aesthetics&query_place_id=ChIJE_EaM48F9YgR1arRiFD0tiE"
"Fresh Faces by Rebecca","Atlanta","1","dermani MEDSPA® Sandy Springs","289","4.6","0.58","https://www.google.com/maps/search/?api=1&query=dermani%20MEDSPA%C2%AE%20Sandy%20Springs&query_place_id=ChIJ3_uT1ZMO9YgRqQp-CXGDaDU"
"Fresh Faces by Rebecca","Atlanta","2","Pure Bliss Med Spa","122","4.9","0.16","https://www.google.com/maps/search/?api=1&query=Pure%20Bliss%20Med%20Spa&query_place_id=ChIJh_wFpZkO9YgRlmqfHXFkpCg"
"Fresh Faces by Rebecca","Atlanta","3","Marimad Luxury Spa","73","4.9","0.3","https://www.google.com/maps/search/?api=1&query=Marimad%20Luxury%20Spa&query_place_id=ChIJfSlRTaEP9YgRGpTest07d8M"
"The Ageless Center","Atlanta","1","Ecobel Med Spa","412","4.8","0.99","https://www.google.com/maps/search/?api=1&query=Ecobel%20Med%20Spa&query_place_id=ChIJsxT5sWgP9YgRA-I95wHd5GI"
"The Ageless Center","Atlanta","2","Skin Pharm","323","5.0","1.18","https://www.google.com/maps/search/?api=1&query=Skin%20Pharm&query_place_id=ChIJcRhgPWEF9YgR_St2rnaTxAY"
"The Ageless Center","Atlanta","3","Viva MD","129","5.0","1.18","https://www.google.com/maps/search/?api=1&query=Viva%20MD&query_place_id=ChIJAYZS5lwT9YgRFrZjXrHOIPc"
"AYA Medical Spa Northside - Sandy Springs","Sandy Springs","1","ELLEMES Medical Spa","414","4.9","0.31","https://www.google.com/maps/search/?api=1&query=ELLEMES%20Medical%20Spa&query_place_id=ChIJMY_l6dcJ9YgRYn5y8bg16dM"
"AYA Medical Spa Northside - Sandy Springs","Sandy Springs","2","Lifespring Antiaging & Aesthetic Medicine","324","4.2","0.93","https://www.google.com/maps/search/?api=1&query=Lifespring%20Antiaging%20%26%20Aesthetic%20Medicine&query_place_id=ChIJx6zWnfUF9YgRM4ub9mkZ9J8"
"AYA Medical Spa Northside - Sandy Springs","Sandy Springs","3","CULT Aesthetics","292","5.0","0.63","https://www.google.com/maps/search/?api=1&query=CULT%20Aesthetics&query_place_id=ChIJD7N-SRMJ9YgRnA78N2jqV-k"
"Truffles Aesthetics","Atlanta","1","LumiVita Buckhead","582","4.9","0.37","https://www.google.com/maps/search/?api=1&query=LumiVita%20Buckhead&query_place_id=ChIJg5pAd6MF9YgRulptp8eiepI"
"Truffles Aesthetics","Atlanta","2","dermani MEDSPA® Buckhead","414","4.7","1.36","https://www.google.com/maps/search/?api=1&query=dermani%20MEDSPA%C2%AE%20Buckhead&query_place_id=ChIJO2nwaPUF9YgRc3EfkcahrqA"
"Truffles Aesthetics","Atlanta","3","Regenerative MedSpa of Buckhead","76","4.9","0.3","https://www.google.com/maps/search/?api=1&query=Regenerative%20MedSpa%20of%20Buckhead&query_place_id=ChIJ60GYmuIF9YgRBcg0S2_roes"
"Vrai Aesthetics and Concierge","Sandy Springs","1","Fresh Faces by Rebecca","234","5.0","0.81","https://www.google.com/maps/search/?api=1&query=Fresh%20Faces%20by%20Rebecca&query_place_id=ChIJkSgsczUF9YgRmFTABs1TlUg"
"Vrai Aesthetics and Concierge","Sandy Springs","2","SubRosa Medspa","151","5.0","0.93","https://www.google.com/maps/search/?api=1&query=SubRosa%20Medspa&query_place_id=ChIJJyu9rAQP9YgRIS4IEAlcP5Y"
"Vrai Aesthetics and Concierge","Sandy Springs","3","Pure Bliss Med Spa","122","4.9","0.77","https://www.google.com/maps/search/?api=1&query=Pure%20Bliss%20Med%20Spa&query_place_id=ChIJh_wFpZkO9YgRlmqfHXFkpCg"
"Pure Bliss Med Spa","Sandy Springs","1","dermani MEDSPA® Sandy Springs","289","4.6","0.66","https://www.google.com/maps/search/?api=1&query=dermani%20MEDSPA%C2%AE%20Sandy%20Springs&query_place_id=ChIJ3_uT1ZMO9YgRqQp-CXGDaDU"
"Pure Bliss Med Spa","Sandy Springs","2","Fresh Faces by Rebecca","234","5.0","0.16","https://www.google.com/maps/search/?api=1&query=Fresh%20Faces%20by%20Rebecca&query_place_id=ChIJkSgsczUF9YgRmFTABs1TlUg"
"Pure Bliss Med Spa","Sandy Springs","3","Marimad Luxury Spa","73","4.9","0.23","https://www.google.com/maps/search/?api=1&query=Marimad%20Luxury%20Spa&query_place_id=ChIJfSlRTaEP9YgRGpTest07d8M"
"Allure Aesthetic Center | Med Spa, Botox, Laser, Tattoo Removal, P Shot Alpharetta","Alpharetta","1","Youthtopia Med Spa","467","4.8","3.37","https://www.google.com/maps/search/?api=1&query=Youthtopia%20Med%20Spa&query_place_id=ChIJVzgJ0jSe9YgR0AukYZ27qo4"
"Allure Aesthetic Center | Med Spa, Botox, Laser, Tattoo Removal, P Shot Alpharetta","Alpharetta","2","Contoura Medspa","168","5.0","3.38","https://www.google.com/maps/search/?api=1&query=Contoura%20Medspa&query_place_id=ChIJuRCzOEp19YgR8NtRiAqrCl4"
"Allure Aesthetic Center | Med Spa, Botox, Laser, Tattoo Removal, P Shot Alpharetta","Alpharetta","3","Grace Aesthetics + Wellness","81","5.0","3.03","https://www.google.com/maps/search/?api=1&query=Grace%20Aesthetics%20%2B%20Wellness&query_place_id=ChIJ9StlAaef9YgRypSyZvcG0BM"
"Charette Cosmetics Medical Spa - Atlanta","Atlanta","1","Skin Social Medical Spa","665","5.0","0.11","https://www.google.com/maps/search/?api=1&query=Skin%20Social%20Medical%20Spa&query_place_id=ChIJ2fD7oc3RyIARoCY5v2X7vvk"
"Charette Cosmetics Medical Spa - Atlanta","Atlanta","2","dermani MEDSPA® Sandy Springs","289","4.6","0.35","https://www.google.com/maps/search/?api=1&query=dermani%20MEDSPA%C2%AE%20Sandy%20Springs&query_place_id=ChIJ3_uT1ZMO9YgRqQp-CXGDaDU"
"Charette Cosmetics Medical Spa - Atlanta","Atlanta","3","Fresh Faces by Rebecca","234","5.0","0.93","https://www.google.com/maps/search/?api=1&query=Fresh%20Faces%20by%20Rebecca&query_place_id=ChIJkSgsczUF9YgRmFTABs1TlUg"
"CULT Aesthetics","Atlanta","1","WIFH","378","4.9","0.38","https://www.google.com/maps/search/?api=1&query=WIFH&query_place_id=ChIJW3waLUwJ9YgRITtSHNm79_U"
"CULT Aesthetics","Atlanta","2","Lifespring Antiaging & Aesthetic Medicine","324","4.2","0.57","https://www.google.com/maps/search/?api=1&query=Lifespring%20Antiaging%20%26%20Aesthetic%20Medicine&query_place_id=ChIJx6zWnfUF9YgRM4ub9mkZ9J8"
"CULT Aesthetics","Atlanta","3","The Atlanta Aesthetician ""Aesthetics of Atlanta","71","4.5","0.49","https://www.google.com/maps/search/?api=1&query=The%20Atlanta%20Aesthetician%20%22Aesthetics%20of%20Atlanta&query_place_id=ChIJG8OYM8wF9YgRF9D74nxgwZU"
"SubRosa Medspa","Sandy Springs","1","Lifespring Antiaging & Aesthetic Medicine","324","4.2","1.08","https://www.google.com/maps/search/?api=1&query=Lifespring%20Antiaging%20%26%20Aesthetic%20Medicine&query_place_id=ChIJx6zWnfUF9YgRM4ub9mkZ9J8"
"SubRosa Medspa","Sandy Springs","2","Vrai Aesthetics and Concierge","153","5.0","0.93","https://www.google.com/maps/search/?api=1&query=Vrai%20Aesthetics%20and%20Concierge&query_place_id=ChIJTYHhuXMF9YgRaNxLVDqvd5Y"
"SubRosa Medspa","Sandy Springs","3","Pure Bliss Med Spa","122","4.9","0.95","https://www.google.com/maps/search/?api=1&query=Pure%20Bliss%20Med%20Spa&query_place_id=ChIJh_wFpZkO9YgRlmqfHXFkpCg"
"WIFH","Sandy Springs","1","Lifespring Antiaging & Aesthetic Medicine","324","4.2","0.69","https://www.google.com/maps/search/?api=1&query=Lifespring%20Antiaging%20%26%20Aesthetic%20Medicine&query_place_id=ChIJx6zWnfUF9YgRM4ub9mkZ9J8"
"WIFH","Sandy Springs","2","CULT Aesthetics","292","5.0","0.38","https://www.google.com/maps/search/?api=1&query=CULT%20Aesthetics&query_place_id=ChIJD7N-SRMJ9YgRnA78N2jqV-k"
"WIFH","Sandy Springs","3","The Atlanta Aesthetician ""Aesthetics of Atlanta","71","4.5","0.18","https://www.google.com/maps/search/?api=1&query=The%20Atlanta%20Aesthetician%20%22Aesthetics%20of%20Atlanta&query_place_id=ChIJG8OYM8wF9YgRF9D74nxgwZU"
"Glitz and Glam Aesthetic","Alpharetta","1","Youthtopia Med Spa","467","4.8","0.6","https://www.google.com/maps/search/?api=1&query=Youthtopia%20Med%20Spa&query_place_id=ChIJVzgJ0jSe9YgR0AukYZ27qo4"
"Glitz and Glam Aesthetic","Alpharetta","2","AYA Medical Spa Avalon - Alpharetta","220","4.9","0.57","https://www.google.com/maps/search/?api=1&query=AYA%20Medical%20Spa%20Avalon%20-%20Alpharetta&query_place_id=ChIJF0pAcIR19YgRm-GECNMMyvA"
"Glitz and Glam Aesthetic","Alpharetta","3","SHINE Medical Aesthetics","154","5.0","0.41","https://www.google.com/maps/search/?api=1&query=SHINE%20Medical%20Aesthetics&query_place_id=ChIJP9Umupx19YgRMGt3V5jpuyU"
"Windward Healthcare and Aesthetics","Alpharetta","1","AYA Medical Spa Avalon - Alpharetta","220","4.9","1.03","https://www.google.com/maps/search/?api=1&query=AYA%20Medical%20Spa%20Avalon%20-%20Alpharetta&query_place_id=ChIJF0pAcIR19YgRm-GECNMMyvA"
"Windward Healthcare and Aesthetics","Alpharetta","2","NXTGEN BODIES MD MedSpa & Wellness","132","4.9","0.42","https://www.google.com/maps/search/?api=1&query=NXTGEN%20BODIES%20MD%20MedSpa%20%26%20Wellness&query_place_id=ChIJbaNv7ouOmq4R6a84LGUZNPI"
"Windward Healthcare and Aesthetics","Alpharetta","3","Palma Aesthetics","27","5.0","0.91","https://www.google.com/maps/search/?api=1&query=Palma%20Aesthetics&query_place_id=ChIJR6gj2ot19YgRox-bNObV66o"
"Medical Spa - Laser Hair Removal, Injections, PRP, Chemical Peels, Microneedling, IV Hydration & More in Alpharetta, Georgia","Alpharetta","1","Cosmo Med Spa & Salon","725","4.7","2.81","https://www.google.com/maps/search/?api=1&query=Cosmo%20Med%20Spa%20%26%20Salon&query_place_id=ChIJVekYUeKe9YgRenwCvh9GLQk"
"Medical Spa - Laser Hair Removal, Injections, PRP, Chemical Peels, Microneedling, IV Hydration & More in Alpharetta, Georgia","Alpharetta","2","Windward Healthcare and Aesthetics","115","4.9","2.43","https://www.google.com/maps/search/?api=1&query=Windward%20Healthcare%20and%20Aesthetics&query_place_id=ChIJ86IeSqt19YgRhpJ9jUFyNF0"
"Medical Spa - Laser Hair Removal, Injections, PRP, Chemical Peels, Microneedling, IV Hydration & More in Alpharetta, Georgia","Alpharetta","3","SafiraMD Medical Aesthetics & Wellness Center","36","4.9","0.88","https://www.google.com/maps/search/?api=1&query=SafiraMD%20Medical%20Aesthetics%20%26%20Wellness%20Center&query_place_id=ChIJCX7KiSic9YgRF-hQ5wYCrs4"
"Free Spirit Aesthetics and Wellness","Alpharetta","1","dermani MEDSPA® Alpharetta","269","4.8","4.12","https://www.google.com/maps/search/?api=1&query=dermani%20MEDSPA%C2%AE%20Alpharetta&query_place_id=ChIJma_vIdx19YgRy_TCkCalx4k"
"Free Spirit Aesthetics and Wellness","Alpharetta","2","Skin Pharm","154","5.0","5.51","https://www.google.com/maps/search/?api=1&query=Skin%20Pharm&query_place_id=ChIJRxdQ9y119YgRA1Hcjo88csE"
"Free Spirit Aesthetics and Wellness","Alpharetta","3","OVME","138","4.8","5.6","https://www.google.com/maps/search/?api=1&query=OVME&query_place_id=ChIJNUG28iZ19YgRdhe8k6BCvmw"
"Cosmo Med Spa & Salon","Alpharetta","1","NXTGEN BODIES MD MedSpa & Wellness","132","4.9","3.03","https://www.google.com/maps/search/?api=1&query=NXTGEN%20BODIES%20MD%20MedSpa%20%26%20Wellness&query_place_id=ChIJbaNv7ouOmq4R6a84LGUZNPI"
"Cosmo Med Spa & Salon","Alpharetta","2","Windward Healthcare and Aesthetics","115","4.9","2.79","https://www.google.com/maps/search/?api=1&query=Windward%20Healthcare%20and%20Aesthetics&query_place_id=ChIJ86IeSqt19YgRhpJ9jUFyNF0"
"Cosmo Med Spa & Salon","Alpharetta","3","Medical Spa - Laser Hair Removal, Injections, PRP, Chemical Peels, Microneedling, IV Hydration & More in Alpharetta, Georgia","92","5.0","2.81","https://www.google.com/maps/search/?api=1&query=Medical%20Spa%20-%20Laser%20Hair%20Removal%2C%20Injections%2C%20PRP%2C%20Chemical%20Peels%2C%20Microneedling%2C%20IV%20Hydration%20%26%20More%20in%20Alpharetta%2C%20Georgia&query_place_id=ChIJ7b88XwB19YgREZad3A9-f64"
"OVME","Alpharetta","1","AYA Medical Spa Avalon - Alpharetta","220","4.9","0.21","https://www.google.com/maps/search/?api=1&query=AYA%20Medical%20Spa%20Avalon%20-%20Alpharetta&query_place_id=ChIJF0pAcIR19YgRm-GECNMMyvA"
"OVME","Alpharetta","2","SHINE Medical Aesthetics","154","5.0","0.08","https://www.google.com/maps/search/?api=1&query=SHINE%20Medical%20Aesthetics&query_place_id=ChIJP9Umupx19YgRMGt3V5jpuyU"
"OVME","Alpharetta","3","Skin Pharm","154","5.0","0.09","https://www.google.com/maps/search/?api=1&query=Skin%20Pharm&query_place_id=ChIJRxdQ9y119YgRA1Hcjo88csE"
"AYA Medical Spa Avalon - Alpharetta","Alpharetta","1","SHINE Medical Aesthetics","154","5.0","0.19","https://www.google.com/maps/search/?api=1&query=SHINE%20Medical%20Aesthetics&query_place_id=ChIJP9Umupx19YgRMGt3V5jpuyU"
"AYA Medical Spa Avalon - Alpharetta","Alpharetta","2","Skin Pharm","154","5.0","0.27","https://www.google.com/maps/search/?api=1&query=Skin%20Pharm&query_place_id=ChIJRxdQ9y119YgRA1Hcjo88csE"
"AYA Medical Spa Avalon - Alpharetta","Alpharetta","3","OVME","138","4.8","0.21","https://www.google.com/maps/search/?api=1&query=OVME&query_place_id=ChIJNUG28iZ19YgRdhe8k6BCvmw"
"Youthtopia Med Spa","Alpharetta","1","First Body","314","5.0","0.19","https://www.google.com/maps/search/?api=1&query=First%20Body&query_place_id=ChIJe3vPb7119YgRPEB5VQqNmeg"
"Youthtopia Med Spa","Alpharetta","2","Contoura Medspa","168","5.0","0.82","https://www.google.com/maps/search/?api=1&query=Contoura%20Medspa&query_place_id=ChIJuRCzOEp19YgR8NtRiAqrCl4"
"Youthtopia Med Spa","Alpharetta","3","Grace Aesthetics + Wellness","81","5.0","0.86","https://www.google.com/maps/search/?api=1&query=Grace%20Aesthetics%20%2B%20Wellness&query_place_id=ChIJ9StlAaef9YgRypSyZvcG0BM"
"Skin Pharm","Alpharetta","1","AYA Medical Spa Avalon - Alpharetta","220","4.9","0.27","https://www.google.com/maps/search/?api=1&query=AYA%20Medical%20Spa%20Avalon%20-%20Alpharetta&query_place_id=ChIJF0pAcIR19YgRm-GECNMMyvA"
"Skin Pharm","Alpharetta","2","SHINE Medical Aesthetics","154","5.0","0.17","https://www.google.com/maps/search/?api=1&query=SHINE%20Medical%20Aesthetics&query_place_id=ChIJP9Umupx19YgRMGt3V5jpuyU"
"Skin Pharm","Alpharetta","3","OVME","138","4.8","0.09","https://www.google.com/maps/search/?api=1&query=OVME&query_place_id=ChIJNUG28iZ19YgRdhe8k6BCvmw"
"Vie Riche","Alpharetta","1","dermani MEDSPA® Alpharetta","269","4.8","0.9","https://www.google.com/maps/search/?api=1&query=dermani%20MEDSPA%C2%AE%20Alpharetta&query_place_id=ChIJma_vIdx19YgRy_TCkCalx4k"
"Vie Riche","Alpharetta","2","Skin Pharm","154","5.0","0.83","https://www.google.com/maps/search/?api=1&query=Skin%20Pharm&query_place_id=ChIJRxdQ9y119YgRA1Hcjo88csE"
"Vie Riche","Alpharetta","3","SHINE Medical Aesthetics","154","5.0","0.95","https://www.google.com/maps/search/?api=1&query=SHINE%20Medical%20Aesthetics&query_place_id=ChIJP9Umupx19YgRMGt3V5jpuyU"
"First Body","Alpharetta","1","Youthtopia Med Spa","467","4.8","0.19","https://www.google.com/maps/search/?api=1&query=Youthtopia%20Med%20Spa&query_place_id=ChIJVzgJ0jSe9YgR0AukYZ27qo4"
"First Body","Alpharetta","2","Contoura Medspa","168","5.0","0.68","https://www.google.com/maps/search/?api=1&query=Contoura%20Medspa&query_place_id=ChIJuRCzOEp19YgR8NtRiAqrCl4"
"First Body","Alpharetta","3","SHINE Medical Aesthetics","154","5.0","0.96","https://www.google.com/maps/search/?api=1&query=SHINE%20Medical%20Aesthetics&query_place_id=ChIJP9Umupx19YgRMGt3V5jpuyU"
"Contoura Medspa","Alpharetta","1","Youthtopia Med Spa","467","4.8","0.82","https://www.google.com/maps/search/?api=1&query=Youthtopia%20Med%20Spa&query_place_id=ChIJVzgJ0jSe9YgR0AukYZ27qo4"
"Contoura Medspa","Alpharetta","2","First Body","314","5.0","0.68","https://www.google.com/maps/search/?api=1&query=First%20Body&query_place_id=ChIJe3vPb7119YgRPEB5VQqNmeg"
"Contoura Medspa","Alpharetta","3","Glitz and Glam Aesthetic","67","5.0","1.25","https://www.google.com/maps/search/?api=1&query=Glitz%20and%20Glam%20Aesthetic&query_place_id=ChIJg4L3qJmX9YgRHaQ2fExQCto"
"Ferrara Medical Aesthetics","Marietta","1","OPAL Aesthetics - East Cobb","557","5.0","0.43","https://www.google.com/maps/search/?api=1&query=OPAL%20Aesthetics%20-%20East%20Cobb&query_place_id=ChIJ5z5oBzQJ9YgRyhw55qZIiDA"
"Ferrara Medical Aesthetics","Marietta","2","OVME","251","4.9","1.1","https://www.google.com/maps/search/?api=1&query=OVME&query_place_id=ChIJH8_Nn8EN9YgR2hBEjoiAny4"
"Ferrara Medical Aesthetics","Marietta","3","dermani MEDSPA® East Cobb","173","4.9","0.48","https://www.google.com/maps/search/?api=1&query=dermani%20MEDSPA%C2%AE%20East%20Cobb&query_place_id=ChIJAfocrmcN9YgRerdGZh5mTEg"
"Regenerative MedSpa of Buckhead","Atlanta","1","LumiVita Buckhead","582","4.9","0.66","https://www.google.com/maps/search/?api=1&query=LumiVita%20Buckhead&query_place_id=ChIJg5pAd6MF9YgRulptp8eiepI"
"Regenerative MedSpa of Buckhead","Atlanta","2","dermani MEDSPA® Buckhead","414","4.7","1.65","https://www.google.com/maps/search/?api=1&query=dermani%20MEDSPA%C2%AE%20Buckhead&query_place_id=ChIJO2nwaPUF9YgRc3EfkcahrqA"
"Regenerative MedSpa of Buckhead","Atlanta","3","AYA Medical Spa Colony Square - Midtown","211","4.8","1.67","https://www.google.com/maps/search/?api=1&query=AYA%20Medical%20Spa%20Colony%20Square%20-%20Midtown&query_place_id=ChIJuTJDltIF9YgReJ4c3BRu5jo"
"dermani MEDSPA® Alpharetta","Alpharetta","1","Skin Pharm","154","5.0","1.72","https://www.google.com/maps/search/?api=1&query=Skin%20Pharm&query_place_id=ChIJRxdQ9y119YgRA1Hcjo88csE"
"dermani MEDSPA® Alpharetta","Alpharetta","2","SHINE Medical Aesthetics","154","5.0","1.85","https://www.google.com/maps/search/?api=1&query=SHINE%20Medical%20Aesthetics&query_place_id=ChIJP9Umupx19YgRMGt3V5jpuyU"
"dermani MEDSPA® Alpharetta","Alpharetta","3","OVME","138","4.8","1.79","https://www.google.com/maps/search/?api=1&query=OVME&query_place_id=ChIJNUG28iZ19YgRdhe8k6BCvmw"
"Lifespring Antiaging & Aesthetic Medicine","Atlanta","1","WIFH","378","4.9","0.69","https://www.google.com/maps/search/?api=1&query=WIFH&query_place_id=ChIJW3waLUwJ9YgRITtSHNm79_U"
"Lifespring Antiaging & Aesthetic Medicine","Atlanta","2","CULT Aesthetics","292","5.0","0.57","https://www.google.com/maps/search/?api=1&query=CULT%20Aesthetics&query_place_id=ChIJD7N-SRMJ9YgRnA78N2jqV-k"
"Lifespring Antiaging & Aesthetic Medicine","Atlanta","3","The Atlanta Aesthetician ""Aesthetics of Atlanta","71","4.5","0.62","https://www.google.com/maps/search/?api=1&query=The%20Atlanta%20Aesthetician%20%22Aesthetics%20of%20Atlanta&query_place_id=ChIJG8OYM8wF9YgRF9D74nxgwZU"
"Amada Med Spa","Marietta","1","OPAL Aesthetics - East Cobb","557","5.0","1.77","https://www.google.com/maps/search/?api=1&query=OPAL%20Aesthetics%20-%20East%20Cobb&query_place_id=ChIJ5z5oBzQJ9YgRyhw55qZIiDA"
"Amada Med Spa","Marietta","2","dermani MEDSPA® East Cobb","173","4.9","1.78","https://www.google.com/maps/search/?api=1&query=dermani%20MEDSPA%C2%AE%20East%20Cobb&query_place_id=ChIJAfocrmcN9YgRerdGZh5mTEg"
"Amada Med Spa","Marietta","3","Atlanta MediSpa & Surgery Center - East Cobb","167","4.8","2.07","https://www.google.com/maps/search/?api=1&query=Atlanta%20MediSpa%20%26%20Surgery%20Center%20-%20East%20Cobb&query_place_id=ChIJG_KTfp4N9YgRy66Q9xHSTnk"
"New You Aesthetic","Marietta","1","Marietta Plastic Surgery","1038","4.9","6.62","https://www.google.com/maps/search/?api=1&query=Marietta%20Plastic%20Surgery&query_place_id=ChIJ9-YJdEYU9YgRZyIOvqAyc9M"
"New You Aesthetic","Marietta","2","Refinery21 Studio","302","5.0","5.21","https://www.google.com/maps/search/?api=1&query=Refinery21%20Studio&query_place_id=ChIJ7S3jXWQ_9YgRAZMETUp6UII"
"New You Aesthetic","Marietta","3","Signature Image Atlanta","115","4.9","2.96","https://www.google.com/maps/search/?api=1&query=Signature%20Image%20Atlanta&query_place_id=ChIJubcbD9Q99YgR3g7qwy8jf-U"
"Nazra Aesthetics","Marietta","1","OVME","251","4.9","3.28","https://www.google.com/maps/search/?api=1&query=OVME&query_place_id=ChIJH8_Nn8EN9YgR2hBEjoiAny4"
"Nazra Aesthetics","Marietta","2","Atlanta MediSpa & Surgery Center - East Cobb","167","4.8","3.3","https://www.google.com/maps/search/?api=1&query=Atlanta%20MediSpa%20%26%20Surgery%20Center%20-%20East%20Cobb&query_place_id=ChIJG_KTfp4N9YgRy66Q9xHSTnk"
"Nazra Aesthetics","Marietta","3","Marietta's Best Medspa, Anti Aging & Regenerative Medicine: Modern Beauty Oasis","132","5.0","0.73","https://www.google.com/maps/search/?api=1&query=Marietta's%20Best%20Medspa%2C%20Anti%20Aging%20%26%20Regenerative%20Medicine%3A%20Modern%20Beauty%20Oasis&query_place_id=ChIJlwudh2UR9YgRWumG_M3WUjk"
"Omni Medspa - Marietta","Marietta","1","OPAL Aesthetics - East Cobb","557","5.0","0.97","https://www.google.com/maps/search/?api=1&query=OPAL%20Aesthetics%20-%20East%20Cobb&query_place_id=ChIJ5z5oBzQJ9YgRyhw55qZIiDA"
"Omni Medspa - Marietta","Marietta","2","OVME","251","4.9","1.56","https://www.google.com/maps/search/?api=1&query=OVME&query_place_id=ChIJH8_Nn8EN9YgR2hBEjoiAny4"
"Omni Medspa - Marietta","Marietta","3","dermani MEDSPA® East Cobb","173","4.9","1.01","https://www.google.com/maps/search/?api=1&query=dermani%20MEDSPA%C2%AE%20East%20Cobb&query_place_id=ChIJAfocrmcN9YgRerdGZh5mTEg"
"Elevate Medical Spa","Nashville","1","ElaMar Nashville","647","5.0","1.92","https://www.google.com/maps/search/?api=1&query=ElaMar%20Nashville&query_place_id=ChIJzWRlxBZhZIgRF5Byvi9iFng"
"Elevate Medical Spa","Nashville","2","Hi, Finch","406","5.0","1.23","https://www.google.com/maps/search/?api=1&query=Hi%2C%20Finch&query_place_id=ChIJcQjpRZBhZIgRMUrTlTevWKc"
"Elevate Medical Spa","Nashville","3","SLK Aesthetic Medicine","349","4.9","1.12","https://www.google.com/maps/search/?api=1&query=SLK%20Aesthetic%20Medicine&query_place_id=ChIJkbB8w0RhZIgRO6PNhMTpDaA"
"NSI Wellness | Aesthetics","Nashville","1","ElaMar Nashville","647","5.0","1.27","https://www.google.com/maps/search/?api=1&query=ElaMar%20Nashville&query_place_id=ChIJzWRlxBZhZIgRF5Byvi9iFng"
"NSI Wellness | Aesthetics","Nashville","2","NakedMD Med Spa Nashville","629","4.8","0.81","https://www.google.com/maps/search/?api=1&query=NakedMD%20Med%20Spa%20Nashville&query_place_id=ChIJ_71XM8BnZIgRL87NtVfaERs"
"NSI Wellness | Aesthetics","Nashville","3","Skin Pharm","509","5.0","1.4","https://www.google.com/maps/search/?api=1&query=Skin%20Pharm&query_place_id=ChIJb7Mkf9xjZIgRjcvP84efD3Q"
"Grace Aesthetics + Wellness","Alpharetta","1","Youthtopia Med Spa","467","4.8","0.86","https://www.google.com/maps/search/?api=1&query=Youthtopia%20Med%20Spa&query_place_id=ChIJVzgJ0jSe9YgR0AukYZ27qo4"
"Grace Aesthetics + Wellness","Alpharetta","2","First Body","314","5.0","1.05","https://www.google.com/maps/search/?api=1&query=First%20Body&query_place_id=ChIJe3vPb7119YgRPEB5VQqNmeg"
"Grace Aesthetics + Wellness","Alpharetta","3","Vie Riche","73","4.9","1.28","https://www.google.com/maps/search/?api=1&query=Vie%20Riche&query_place_id=ChIJL2V4ZBd19YgRFMrvEy0SoHE"
"LUX Med Spa","Atlanta","1","Derm Clinic M.D.","302","5.0","1.65","https://www.google.com/maps/search/?api=1&query=Derm%20Clinic%20M.D.&query_place_id=ChIJo1r7sWgP9YgRpuWEQKTQ3fw"
"LUX Med Spa","Atlanta","2","SkynBar","286","5.0","1.54","https://www.google.com/maps/search/?api=1&query=SkynBar&query_place_id=ChIJOx9qzmAP9YgRbdG7imrm7FQ"
"LUX Med Spa","Atlanta","3","Slater Aesthetics & Anti-Aging","232","4.9","0.3","https://www.google.com/maps/search/?api=1&query=Slater%20Aesthetics%20%26%20Anti-Aging&query_place_id=ChIJAZBtbhwP9YgRTQOm4vzj5iM"
"Debora K Brazilian Aesthetic Center","Marietta","1","4Ever Young Med Spa & Wellness Center - Marietta","310","4.9","2.78","https://www.google.com/maps/search/?api=1&query=4Ever%20Young%20Med%20Spa%20%26%20Wellness%20Center%20-%20Marietta&query_place_id=ChIJtVT_zAcT9YgRcfZAQZlSz9g"
"Debora K Brazilian Aesthetic Center","Marietta","2","OVME","251","4.9","3.58","https://www.google.com/maps/search/?api=1&query=OVME&query_place_id=ChIJH8_Nn8EN9YgR2hBEjoiAny4"
"Debora K Brazilian Aesthetic Center","Marietta","3","Pele Aesthetics","93","4.9","1.53","https://www.google.com/maps/search/?api=1&query=Pele%20Aesthetics&query_place_id=ChIJ2bxXpNUF9YgR35a-zYwH70c"
"ElaMar Nashville","Nashville","1","Hi, Finch","406","5.0","1.05","https://www.google.com/maps/search/?api=1&query=Hi%2C%20Finch&query_place_id=ChIJcQjpRZBhZIgRMUrTlTevWKc"
"ElaMar Nashville","Nashville","2","NSI Wellness | Aesthetics","364","4.9","1.27","https://www.google.com/maps/search/?api=1&query=NSI%20Wellness%20%7C%20Aesthetics&query_place_id=ChIJm32TiUpdZIgRzwMVLS49MRc"
"ElaMar Nashville","Nashville","3","SLK Aesthetic Medicine","349","4.9","1.15","https://www.google.com/maps/search/?api=1&query=SLK%20Aesthetic%20Medicine&query_place_id=ChIJkbB8w0RhZIgRO6PNhMTpDaA"
"Signature Image Atlanta","Marietta","1","Marietta Plastic Surgery","1038","4.9","4.46","https://www.google.com/maps/search/?api=1&query=Marietta%20Plastic%20Surgery&query_place_id=ChIJ9-YJdEYU9YgRZyIOvqAyc9M"
"Signature Image Atlanta","Marietta","2","New You Aesthetic","422","5.0","2.96","https://www.google.com/maps/search/?api=1&query=New%20You%20Aesthetic&query_place_id=ChIJ0Ya5u8s59YgRSArZKz6j5QY"
"Signature Image Atlanta","Marietta","3","Refinery21 Studio","302","5.0","2.57","https://www.google.com/maps/search/?api=1&query=Refinery21%20Studio&query_place_id=ChIJ7S3jXWQ_9YgRAZMETUp6UII"
"SHINE Medical Aesthetics","Alpharetta","1","AYA Medical Spa Avalon - Alpharetta","220","4.9","0.19","https://www.google.com/maps/search/?api=1&query=AYA%20Medical%20Spa%20Avalon%20-%20Alpharetta&query_place_id=ChIJF0pAcIR19YgRm-GECNMMyvA"
"SHINE Medical Aesthetics","Alpharetta","2","Skin Pharm","154","5.0","0.17","https://www.google.com/maps/search/?api=1&query=Skin%20Pharm&query_place_id=ChIJRxdQ9y119YgRA1Hcjo88csE"
"SHINE Medical Aesthetics","Alpharetta","3","OVME","138","4.8","0.08","https://www.google.com/maps/search/?api=1&query=OVME&query_place_id=ChIJNUG28iZ19YgRdhe8k6BCvmw"
"Radianté Spa Nashville","Nashville","1","Melrose Aesthetics","198","5.0","1.26","https://www.google.com/maps/search/?api=1&query=Melrose%20Aesthetics&query_place_id=ChIJub5VGQJlZIgRI4PrSNXabJg"
"Radianté Spa Nashville","Nashville","2","Anastacia Aesthetics","101","4.9","1.89","https://www.google.com/maps/search/?api=1&query=Anastacia%20Aesthetics&query_place_id=ChIJG4AhtppmZIgRRmLabHk0Y8E"
"Radianté Spa Nashville","Nashville","3","Nashville Skin Society","74","5.0","2.03","https://www.google.com/maps/search/?api=1&query=Nashville%20Skin%20Society&query_place_id=ChIJy84X0NtvZIgRxMeDlaODkQ4"
"Skin MB","Nashville","1","Skin Pharm","509","5.0","1.73","https://www.google.com/maps/search/?api=1&query=Skin%20Pharm&query_place_id=ChIJb7Mkf9xjZIgRjcvP84efD3Q"
"Skin MB","Nashville","2","OVME","284","4.8","0.06","https://www.google.com/maps/search/?api=1&query=OVME&query_place_id=ChIJz6Fq-x5lZIgRDlDP7SRM7jU"
"Skin MB","Nashville","3","Complexion Nashville","234","4.9","2.39","https://www.google.com/maps/search/?api=1&query=Complexion%20Nashville&query_place_id=ChIJVR3_m-xnZIgRPyTstBUCiPE"
"The Aesthetics Club Nashville - By Nash Injections by Hannah","Nashville","1","NakedMD Med Spa Nashville","629","4.8","1.74","https://www.google.com/maps/search/?api=1&query=NakedMD%20Med%20Spa%20Nashville&query_place_id=ChIJ_71XM8BnZIgRL87NtVfaERs"
"The Aesthetics Club Nashville - By Nash Injections by Hannah","Nashville","2","Toxxology®","131","5.0","0.65","https://www.google.com/maps/search/?api=1&query=Toxxology%C2%AE&query_place_id=ChIJPzMDQ41xZIgR2lpZANGEzQU"
"The Aesthetics Club Nashville - By Nash Injections by Hannah","Nashville","3","Reflection Aesthetics Co","120","5.0","0.13","https://www.google.com/maps/search/?api=1&query=Reflection%20Aesthetics%20Co&query_place_id=ChIJYXIAtgRhZIgRSpjbl1owRLg"
"The Natural Look MedSpa","Nashville","1","NakedMD Med Spa Nashville","629","4.8","0.26","https://www.google.com/maps/search/?api=1&query=NakedMD%20Med%20Spa%20Nashville&query_place_id=ChIJ_71XM8BnZIgRL87NtVfaERs"
"The Natural Look MedSpa","Nashville","2","NSI Wellness | Aesthetics","364","4.9","1.05","https://www.google.com/maps/search/?api=1&query=NSI%20Wellness%20%7C%20Aesthetics&query_place_id=ChIJm32TiUpdZIgRzwMVLS49MRc"
"The Natural Look MedSpa","Nashville","3","The Aesthetics Club Nashville - By Nash Injections by Hannah","275","5.0","1.53","https://www.google.com/maps/search/?api=1&query=The%20Aesthetics%20Club%20Nashville%20-%20By%20Nash%20Injections%20by%20Hannah&query_place_id=ChIJk9rBNFdjZIgR8V60YBdCHNc"
"Nashville Skin Society","Nashville","1","Sunday Skin","233","4.9","4.15","https://www.google.com/maps/search/?api=1&query=Sunday%20Skin&query_place_id=ChIJI3m2QEZ7ZIgRvFIihpOE0Uw"
"Nashville Skin Society","Nashville","2","Melrose Aesthetics","198","5.0","3.29","https://www.google.com/maps/search/?api=1&query=Melrose%20Aesthetics&query_place_id=ChIJub5VGQJlZIgRI4PrSNXabJg"
"Nashville Skin Society","Nashville","3","Anastacia Aesthetics","101","4.9","3.71","https://www.google.com/maps/search/?api=1&query=Anastacia%20Aesthetics&query_place_id=ChIJG4AhtppmZIgRRmLabHk0Y8E"
"Canvas Skin","Nashville","1","Sunday Skin","233","4.9","0.64","https://www.google.com/maps/search/?api=1&query=Sunday%20Skin&query_place_id=ChIJI3m2QEZ7ZIgRvFIihpOE0Uw"
"Canvas Skin","Nashville","2","R3 Anti Aging & Medspa","223","4.9","0.51","https://www.google.com/maps/search/?api=1&query=R3%20Anti%20Aging%20%26%20Medspa&query_place_id=ChIJ_-OS2OR7ZIgRE3PRwDOYTGw"
"Canvas Skin","Nashville","3","Stages Skin Studio","64","5.0","0.62","https://www.google.com/maps/search/?api=1&query=Stages%20Skin%20Studio&query_place_id=ChIJBXZ6T7F7ZIgR-e4GaTUwTQw"
"Toxxology®","Nashville","1","NakedMD Med Spa Nashville","629","4.8","2.36","https://www.google.com/maps/search/?api=1&query=NakedMD%20Med%20Spa%20Nashville&query_place_id=ChIJ_71XM8BnZIgRL87NtVfaERs"
"Toxxology®","Nashville","2","The Aesthetics Club Nashville - By Nash Injections by Hannah","275","5.0","0.65","https://www.google.com/maps/search/?api=1&query=The%20Aesthetics%20Club%20Nashville%20-%20By%20Nash%20Injections%20by%20Hannah&query_place_id=ChIJk9rBNFdjZIgR8V60YBdCHNc"
"Toxxology®","Nashville","3","Reflection Aesthetics Co","120","5.0","0.52","https://www.google.com/maps/search/?api=1&query=Reflection%20Aesthetics%20Co&query_place_id=ChIJYXIAtgRhZIgRSpjbl1owRLg"
"AmaChi MedSpa","Marietta","1","New You Aesthetic","422","5.0","7.57","https://www.google.com/maps/search/?api=1&query=New%20You%20Aesthetic&query_place_id=ChIJ0Ya5u8s59YgRSArZKz6j5QY"
"AmaChi MedSpa","Marietta","2","Refinery21 Studio","302","5.0","6.49","https://www.google.com/maps/search/?api=1&query=Refinery21%20Studio&query_place_id=ChIJ7S3jXWQ_9YgRAZMETUp6UII"
"AmaChi MedSpa","Marietta","3","Chin Up! Aesthetics Atlanta","134","5.0","8.08","https://www.google.com/maps/search/?api=1&query=Chin%20Up!%20Aesthetics%20Atlanta&query_place_id=ChIJB7Ly7n0R9YgR-dRgiiw69IY"
"Skin Pharm","Nashville","1","NSI Wellness | Aesthetics","364","4.9","1.4","https://www.google.com/maps/search/?api=1&query=NSI%20Wellness%20%7C%20Aesthetics&query_place_id=ChIJm32TiUpdZIgRzwMVLS49MRc"
"Skin Pharm","Nashville","2","Complexion Nashville","234","4.9","1.27","https://www.google.com/maps/search/?api=1&query=Complexion%20Nashville&query_place_id=ChIJVR3_m-xnZIgRPyTstBUCiPE"
"Skin Pharm","Nashville","3","Elan Skin & Laser Med Spa of Nashville","206","4.7","1.28","https://www.google.com/maps/search/?api=1&query=Elan%20Skin%20%26%20Laser%20Med%20Spa%20of%20Nashville&query_place_id=ChIJq4eWhm1kZIgROJ2wYgCYeVw"
"Complexion Nashville","Nashville","1","ElaMar Nashville","647","5.0","1.23","https://www.google.com/maps/search/?api=1&query=ElaMar%20Nashville&query_place_id=ChIJzWRlxBZhZIgRF5Byvi9iFng"
"Complexion Nashville","Nashville","2","NakedMD Med Spa Nashville","629","4.8","1.31","https://www.google.com/maps/search/?api=1&query=NakedMD%20Med%20Spa%20Nashville&query_place_id=ChIJ_71XM8BnZIgRL87NtVfaERs"
"Complexion Nashville","Nashville","3","Skin Pharm","509","5.0","1.27","https://www.google.com/maps/search/?api=1&query=Skin%20Pharm&query_place_id=ChIJb7Mkf9xjZIgRjcvP84efD3Q"
"OVME","Nashville","1","Skin Pharm","509","5.0","1.77","https://www.google.com/maps/search/?api=1&query=Skin%20Pharm&query_place_id=ChIJb7Mkf9xjZIgRjcvP84efD3Q"
"OVME","Nashville","2","Complexion Nashville","234","4.9","2.45","https://www.google.com/maps/search/?api=1&query=Complexion%20Nashville&query_place_id=ChIJVR3_m-xnZIgRPyTstBUCiPE"
"OVME","Nashville","3","Skin MB","231","5.0","0.06","https://www.google.com/maps/search/?api=1&query=Skin%20MB&query_place_id=ChIJW7GWu3VkZIgRHbjYNyUBYnE"
"Misty Med Spa & Skin Rx","Marietta","1","OVME","251","4.9","0.42","https://www.google.com/maps/search/?api=1&query=OVME&query_place_id=ChIJH8_Nn8EN9YgR2hBEjoiAny4"
"Misty Med Spa & Skin Rx","Marietta","2","dermani MEDSPA® East Cobb","173","4.9","0.9","https://www.google.com/maps/search/?api=1&query=dermani%20MEDSPA%C2%AE%20East%20Cobb&query_place_id=ChIJAfocrmcN9YgRerdGZh5mTEg"
"Misty Med Spa & Skin Rx","Marietta","3","Atlanta MediSpa & Surgery Center - East Cobb","167","4.8","0.56","https://www.google.com/maps/search/?api=1&query=Atlanta%20MediSpa%20%26%20Surgery%20Center%20-%20East%20Cobb&query_place_id=ChIJG_KTfp4N9YgRy66Q9xHSTnk"
"Skinsations Med Spa","Marietta","1","Amerejuve MedSpa Marietta, GA - Laser Hair Removal, CoolSculpting, Botox & Facials","122","4.5","0.7","https://www.google.com/maps/search/?api=1&query=Amerejuve%20MedSpa%20Marietta%2C%20GA%20-%20Laser%20Hair%20Removal%2C%20CoolSculpting%2C%20Botox%20%26%20Facials&query_place_id=ChIJ82S6xbsR9YgRBvfBRhZ3k5M"
"Skinsations Med Spa","Marietta","2","Pele Aesthetics","93","4.9","3.06","https://www.google.com/maps/search/?api=1&query=Pele%20Aesthetics&query_place_id=ChIJ2bxXpNUF9YgR35a-zYwH70c"
"Skinsations Med Spa","Marietta","3","Aqua Medical Spa - Marietta","63","5.0","1.57","https://www.google.com/maps/search/?api=1&query=Aqua%20Medical%20Spa%20-%20Marietta&query_place_id=ChIJ9-x0KP0R9YgRtkL_iagE9p4"
"4Ever Young Med Spa & Wellness Center - Marietta","Marietta","1","Nazra Aesthetics","219","4.9","4.08","https://www.google.com/maps/search/?api=1&query=Nazra%20Aesthetics&query_place_id=ChIJQRBtdtMN9YgRLzExL9YaCzM"
"4Ever Young Med Spa & Wellness Center - Marietta","Marietta","2","Marietta's Best Medspa, Anti Aging & Regenerative Medicine: Modern Beauty Oasis","132","5.0","3.76","https://www.google.com/maps/search/?api=1&query=Marietta's%20Best%20Medspa%2C%20Anti%20Aging%20%26%20Regenerative%20Medicine%3A%20Modern%20Beauty%20Oasis&query_place_id=ChIJlwudh2UR9YgRWumG_M3WUjk"
"4Ever Young Med Spa & Wellness Center - Marietta","Marietta","3","Debora K Brazilian Aesthetic Center","79","4.9","2.78","https://www.google.com/maps/search/?api=1&query=Debora%20K%20Brazilian%20Aesthetic%20Center&query_place_id=ChIJWUG6JaIT9YgRTY1hIIlM9i8"
"dermani MEDSPA® East Cobb","Marietta","1","OPAL Aesthetics - East Cobb","557","5.0","0.07","https://www.google.com/maps/search/?api=1&query=OPAL%20Aesthetics%20-%20East%20Cobb&query_place_id=ChIJ5z5oBzQJ9YgRyhw55qZIiDA"
"dermani MEDSPA® East Cobb","Marietta","2","OVME","251","4.9","0.64","https://www.google.com/maps/search/?api=1&query=OVME&query_place_id=ChIJH8_Nn8EN9YgR2hBEjoiAny4"
"dermani MEDSPA® East Cobb","Marietta","3","Atlanta MediSpa & Surgery Center - East Cobb","167","4.8","0.35","https://www.google.com/maps/search/?api=1&query=Atlanta%20MediSpa%20%26%20Surgery%20Center%20-%20East%20Cobb&query_place_id=ChIJG_KTfp4N9YgRy66Q9xHSTnk"
"Smiley Aesthetics Medical Spa – Botox & Weight Loss Clinic Nashville West","Nashville","1","ElaMar Nashville","647","5.0","1.3","https://www.google.com/maps/search/?api=1&query=ElaMar%20Nashville&query_place_id=ChIJzWRlxBZhZIgRF5Byvi9iFng"
"Smiley Aesthetics Medical Spa – Botox & Weight Loss Clinic Nashville West","Nashville","2","Hi, Finch","406","5.0","1.19","https://www.google.com/maps/search/?api=1&query=Hi%2C%20Finch&query_place_id=ChIJcQjpRZBhZIgRMUrTlTevWKc"
"Smiley Aesthetics Medical Spa – Botox & Weight Loss Clinic Nashville West","Nashville","3","SLK Aesthetic Medicine","349","4.9","1.16","https://www.google.com/maps/search/?api=1&query=SLK%20Aesthetic%20Medicine&query_place_id=ChIJkbB8w0RhZIgRO6PNhMTpDaA"
"Marietta Plastic Surgery","Marietta","1","4Ever Young Med Spa & Wellness Center - Marietta","310","4.9","4.35","https://www.google.com/maps/search/?api=1&query=4Ever%20Young%20Med%20Spa%20%26%20Wellness%20Center%20-%20Marietta&query_place_id=ChIJtVT_zAcT9YgRcfZAQZlSz9g"
"Marietta Plastic Surgery","Marietta","2","Refinery21 Studio","302","5.0","2.08","https://www.google.com/maps/search/?api=1&query=Refinery21%20Studio&query_place_id=ChIJ7S3jXWQ_9YgRAZMETUp6UII"
"Marietta Plastic Surgery","Marietta","3","Signature Image Atlanta","115","4.9","4.46","https://www.google.com/maps/search/?api=1&query=Signature%20Image%20Atlanta&query_place_id=ChIJubcbD9Q99YgR3g7qwy8jf-U"
"OVME","Marietta","1","OPAL Aesthetics - East Cobb","557","5.0","0.71","https://www.google.com/maps/search/?api=1&query=OPAL%20Aesthetics%20-%20East%20Cobb&query_place_id=ChIJ5z5oBzQJ9YgRyhw55qZIiDA"
"OVME","Marietta","2","dermani MEDSPA® East Cobb","173","4.9","0.64","https://www.google.com/maps/search/?api=1&query=dermani%20MEDSPA%C2%AE%20East%20Cobb&query_place_id=ChIJAfocrmcN9YgRerdGZh5mTEg"
"OVME","Marietta","3","Atlanta MediSpa & Surgery Center - East Cobb","167","4.8","0.33","https://www.google.com/maps/search/?api=1&query=Atlanta%20MediSpa%20%26%20Surgery%20Center%20-%20East%20Cobb&query_place_id=ChIJG_KTfp4N9YgRy66Q9xHSTnk"
"OVME","Nashville","1","NakedMD Med Spa Nashville","629","4.8","1.45","https://www.google.com/maps/search/?api=1&query=NakedMD%20Med%20Spa%20Nashville&query_place_id=ChIJ_71XM8BnZIgRL87NtVfaERs"
"OVME","Nashville","2","Melrose Aesthetics","198","5.0","1.55","https://www.google.com/maps/search/?api=1&query=Melrose%20Aesthetics&query_place_id=ChIJub5VGQJlZIgRI4PrSNXabJg"
"OVME","Nashville","3","Belcourt Aesthetics","86","4.8","1.61","https://www.google.com/maps/search/?api=1&query=Belcourt%20Aesthetics&query_place_id=ChIJ87g-qVRnZIgR-DWYJeO5nks"
"Amerejuve MedSpa Marietta, GA - Laser Hair Removal, CoolSculpting, Botox & Facials","Marietta","1","dermani MEDSPA® Vinings","447","4.9","3.16","https://www.google.com/maps/search/?api=1&query=dermani%20MEDSPA%C2%AE%20Vinings&query_place_id=ChIJQ4xy-G4Q9YgRllWerAvmK2E"
"Amerejuve MedSpa Marietta, GA - Laser Hair Removal, CoolSculpting, Botox & Facials","Marietta","2","Skinsations Med Spa","360","4.8","0.7","https://www.google.com/maps/search/?api=1&query=Skinsations%20Med%20Spa&query_place_id=ChIJRUvqLAcR9YgRjQXLLhIyQMs"
"Amerejuve MedSpa Marietta, GA - Laser Hair Removal, CoolSculpting, Botox & Facials","Marietta","3","Aqua Medical Spa - Marietta","63","5.0","1.02","https://www.google.com/maps/search/?api=1&query=Aqua%20Medical%20Spa%20-%20Marietta&query_place_id=ChIJ9-x0KP0R9YgRtkL_iagE9p4"
"Glow Medical Spa","Franklin","1","615 Aesthetics","420","5.0","1.09","https://www.google.com/maps/search/?api=1&query=615%20Aesthetics&query_place_id=ChIJEavUHjlhZIgRGwVNihjDiOs"
"Glow Medical Spa","Franklin","2","Grace Aesthetics","383","5.0","1.46","https://www.google.com/maps/search/?api=1&query=Grace%20Aesthetics&query_place_id=ChIJry1GWq57ZIgRG_2tNM2Xiuo"
"Glow Medical Spa","Franklin","3","Relive Health Brentwood","205","5.0","0.12","https://www.google.com/maps/search/?api=1&query=Relive%20Health%20Brentwood&query_place_id=ChIJO15Aha99ZIgRIr19YyICxvQ"
"Fresh Start Med Spa","Marietta","1","Marietta Plastic Surgery","1038","4.9","6.29","https://www.google.com/maps/search/?api=1&query=Marietta%20Plastic%20Surgery&query_place_id=ChIJ9-YJdEYU9YgRZyIOvqAyc9M"
"Fresh Start Med Spa","Marietta","2","New You Aesthetic","422","5.0","1.1","https://www.google.com/maps/search/?api=1&query=New%20You%20Aesthetic&query_place_id=ChIJ0Ya5u8s59YgRSArZKz6j5QY"
"Fresh Start Med Spa","Marietta","3","Refinery21 Studio","302","5.0","4.62","https://www.google.com/maps/search/?api=1&query=Refinery21%20Studio&query_place_id=ChIJ7S3jXWQ_9YgRAZMETUp6UII"
"Splendid Skin","Franklin","1","Franklin Skin and Laser","461","4.9","0.81","https://www.google.com/maps/search/?api=1&query=Franklin%20Skin%20and%20Laser&query_place_id=ChIJo_XkQyB_ZIgRZFfJpHSf0bQ"
"Splendid Skin","Franklin","2","Grace Aesthetics","383","5.0","0.97","https://www.google.com/maps/search/?api=1&query=Grace%20Aesthetics&query_place_id=ChIJry1GWq57ZIgRG_2tNM2Xiuo"
"Splendid Skin","Franklin","3","Laserderm MedSpa LLC","62","4.2","0.88","https://www.google.com/maps/search/?api=1&query=Laserderm%20MedSpa%20LLC&query_place_id=ChIJHxqVaFB-ZIgRPV56Sg0lpFI"
"Pele Aesthetics","Marietta","1","Marietta Plastic Surgery","1038","4.9","3.1","https://www.google.com/maps/search/?api=1&query=Marietta%20Plastic%20Surgery&query_place_id=ChIJ9-YJdEYU9YgRZyIOvqAyc9M"
"Pele Aesthetics","Marietta","2","Skinsations Med Spa","360","4.8","3.06","https://www.google.com/maps/search/?api=1&query=Skinsations%20Med%20Spa&query_place_id=ChIJRUvqLAcR9YgRjQXLLhIyQMs"
"Pele Aesthetics","Marietta","3","Amerejuve MedSpa Marietta, GA - Laser Hair Removal, CoolSculpting, Botox & Facials","122","4.5","3.61","https://www.google.com/maps/search/?api=1&query=Amerejuve%20MedSpa%20Marietta%2C%20GA%20-%20Laser%20Hair%20Removal%2C%20CoolSculpting%2C%20Botox%20%26%20Facials&query_place_id=ChIJ82S6xbsR9YgRBvfBRhZ3k5M"
"Skin Pharm","Franklin","1","OVME","313","4.9","0.89","https://www.google.com/maps/search/?api=1&query=OVME&query_place_id=ChIJP3NcP_B_ZIgRnSdYRUKCJik"
"Skin Pharm","Franklin","2","NakedMD Med Spa Franklin","312","4.9","0.78","https://www.google.com/maps/search/?api=1&query=NakedMD%20Med%20Spa%20Franklin&query_place_id=ChIJbQYKbLd5ZIgRjuASHf3uwQ0"
"Skin Pharm","Franklin","3","Splendid Skin","221","5.0","1.43","https://www.google.com/maps/search/?api=1&query=Splendid%20Skin&query_place_id=ChIJWfskhJd5ZIgRVg8R3mOnz-s"
"NXTGEN BODIES MD MedSpa & Wellness","Alpharetta","1","AYA Medical Spa Avalon - Alpharetta","220","4.9","0.68","https://www.google.com/maps/search/?api=1&query=AYA%20Medical%20Spa%20Avalon%20-%20Alpharetta&query_place_id=ChIJF0pAcIR19YgRm-GECNMMyvA"
"NXTGEN BODIES MD MedSpa & Wellness","Alpharetta","2","Skin Pharm","154","5.0","0.84","https://www.google.com/maps/search/?api=1&query=Skin%20Pharm&query_place_id=ChIJRxdQ9y119YgRA1Hcjo88csE"
"NXTGEN BODIES MD MedSpa & Wellness","Alpharetta","3","Windward Healthcare and Aesthetics","115","4.9","0.42","https://www.google.com/maps/search/?api=1&query=Windward%20Healthcare%20and%20Aesthetics&query_place_id=ChIJ86IeSqt19YgRhpJ9jUFyNF0"
"dermani MEDSPA® Cool Springs","Franklin","1","Grace Aesthetics","383","5.0","1.47","https://www.google.com/maps/search/?api=1&query=Grace%20Aesthetics&query_place_id=ChIJry1GWq57ZIgRG_2tNM2Xiuo"
"dermani MEDSPA® Cool Springs","Franklin","2","OVME","313","4.9","0.55","https://www.google.com/maps/search/?api=1&query=OVME&query_place_id=ChIJP3NcP_B_ZIgRnSdYRUKCJik"
"dermani MEDSPA® Cool Springs","Franklin","3","Skin Pharm","215","5.0","1.44","https://www.google.com/maps/search/?api=1&query=Skin%20Pharm&query_place_id=ChIJcak9jWR5ZIgR9YRpsWeYxw8"
"Pinup Skin Medical Spa","Franklin","1","Jack + Jill Aesthetics","495","4.4","1.85","https://www.google.com/maps/search/?api=1&query=Jack%20%2B%20Jill%20Aesthetics&query_place_id=ChIJCdP30Dp_ZIgR8sZegTGCOmQ"
"Pinup Skin Medical Spa","Franklin","2","Southern Aesthetics at Dion's South Franklin","56","4.6","0.47","https://www.google.com/maps/search/?api=1&query=Southern%20Aesthetics%20at%20Dion's%20South%20Franklin&query_place_id=ChIJiYBcICl_ZIgRJ9e_r2IMfCk"
"Pinup Skin Medical Spa","Franklin","3","SkinTheoryRx","53","5.0","0.43","https://www.google.com/maps/search/?api=1&query=SkinTheoryRx&query_place_id=ChIJk8YBqxF_ZIgRTRZy4frKJd8"
"OVME","Franklin","1","Splendid Skin","221","5.0","1.26","https://www.google.com/maps/search/?api=1&query=Splendid%20Skin&query_place_id=ChIJWfskhJd5ZIgRVg8R3mOnz-s"
"OVME","Franklin","2","Skin Pharm","215","5.0","0.89","https://www.google.com/maps/search/?api=1&query=Skin%20Pharm&query_place_id=ChIJcak9jWR5ZIgR9YRpsWeYxw8"
"OVME","Franklin","3","APs Aesthetics and Wellness - Medical Spa","192","5.0","1.07","https://www.google.com/maps/search/?api=1&query=APs%20Aesthetics%20and%20Wellness%20-%20Medical%20Spa&query_place_id=ChIJs1-Wk19vYogRkqU6NK7NDT8"
"Marietta's Best Medspa, Anti Aging & Regenerative Medicine: Modern Beauty Oasis","Marietta","1","OVME","251","4.9","2.56","https://www.google.com/maps/search/?api=1&query=OVME&query_place_id=ChIJH8_Nn8EN9YgR2hBEjoiAny4"
"Marietta's Best Medspa, Anti Aging & Regenerative Medicine: Modern Beauty Oasis","Marietta","2","Nazra Aesthetics","219","4.9","0.73","https://www.google.com/maps/search/?api=1&query=Nazra%20Aesthetics&query_place_id=ChIJQRBtdtMN9YgRLzExL9YaCzM"
"Marietta's Best Medspa, Anti Aging & Regenerative Medicine: Modern Beauty Oasis","Marietta","3","Atlanta MediSpa & Surgery Center - East Cobb","167","4.8","2.61","https://www.google.com/maps/search/?api=1&query=Atlanta%20MediSpa%20%26%20Surgery%20Center%20-%20East%20Cobb&query_place_id=ChIJG_KTfp4N9YgRy66Q9xHSTnk"
"GlamourLash Beauty Lounge","Braintree","1","Restore Hyper Wellness","322","4.9","5.25","https://www.google.com/maps/search/?api=1&query=Restore%20Hyper%20Wellness&query_place_id=ChIJNb6vr4Vj44kReE15CzZfytU"
"GlamourLash Beauty Lounge","Braintree","2","Restore Hyper Wellness","254","4.9","9.0","https://www.google.com/maps/search/?api=1&query=Restore%20Hyper%20Wellness&query_place_id=ChIJq9IPhN1_44kR8UhsAsHkzx0"
"Bella Vi Spa & Aesthetics","Franklin","1","Grace Aesthetics","383","5.0","1.22","https://www.google.com/maps/search/?api=1&query=Grace%20Aesthetics&query_place_id=ChIJry1GWq57ZIgRG_2tNM2Xiuo"
"Bella Vi Spa & Aesthetics","Franklin","2","OVME","313","4.9","0.47","https://www.google.com/maps/search/?api=1&query=OVME&query_place_id=ChIJP3NcP_B_ZIgRnSdYRUKCJik"
"Bella Vi Spa & Aesthetics","Franklin","3","Splendid Skin","221","5.0","1.14","https://www.google.com/maps/search/?api=1&query=Splendid%20Skin&query_place_id=ChIJWfskhJd5ZIgRVg8R3mOnz-s"
"APs Aesthetics and Wellness - Medical Spa","Franklin","1","615 Aesthetics","420","5.0","1.1","https://www.google.com/maps/search/?api=1&query=615%20Aesthetics&query_place_id=ChIJEavUHjlhZIgRGwVNihjDiOs"
"APs Aesthetics and Wellness - Medical Spa","Franklin","2","Grace Aesthetics","383","5.0","0.76","https://www.google.com/maps/search/?api=1&query=Grace%20Aesthetics&query_place_id=ChIJry1GWq57ZIgRG_2tNM2Xiuo"
"APs Aesthetics and Wellness - Medical Spa","Franklin","3","OVME","313","4.9","1.07","https://www.google.com/maps/search/?api=1&query=OVME&query_place_id=ChIJP3NcP_B_ZIgRnSdYRUKCJik"
"Franklin Skin and Laser","Franklin","1","Schaffer Skin","138","5.0","0.33","https://www.google.com/maps/search/?api=1&query=Schaffer%20Skin&query_place_id=ChIJ9RA0BWh5ZIgRKKtr6pmFUL8"
"Franklin Skin and Laser","Franklin","2","REGEN Society Aesthetics + Wellness","126","5.0","0.34","https://www.google.com/maps/search/?api=1&query=REGEN%20Society%20Aesthetics%20%2B%20Wellness&query_place_id=ChIJifcTaq17ZIgRpgHqOFEccuk"
"Franklin Skin and Laser","Franklin","3","Laserderm MedSpa LLC","62","4.2","0.08","https://www.google.com/maps/search/?api=1&query=Laserderm%20MedSpa%20LLC&query_place_id=ChIJHxqVaFB-ZIgRPV56Sg0lpFI"
"The Look Aesthetics","Franklin","1","Jack + Jill Aesthetics","495","4.4","3.64","https://www.google.com/maps/search/?api=1&query=Jack%20%2B%20Jill%20Aesthetics&query_place_id=ChIJCdP30Dp_ZIgR8sZegTGCOmQ"
"The Look Aesthetics","Franklin","2","NakedMD Med Spa Franklin","312","4.9","3.82","https://www.google.com/maps/search/?api=1&query=NakedMD%20Med%20Spa%20Franklin&query_place_id=ChIJbQYKbLd5ZIgRjuASHf3uwQ0"
"The Look Aesthetics","Franklin","3","Pinup Skin Medical Spa","79","4.9","4.09","https://www.google.com/maps/search/?api=1&query=Pinup%20Skin%20Medical%20Spa&query_place_id=ChIJNx_fZk1-ZIgRIpWpJLr2HWo"
"Marvel Cosmetic MedSpa","Brentwood","1","Skin Essentials Aesthetics & Lasers","151","5.0","0.12","https://www.google.com/maps/search/?api=1&query=Skin%20Essentials%20Aesthetics%20%26%20Lasers&query_place_id=ChIJEzH8jyd7ZIgRTo6UfI-OXyk"
"Marvel Cosmetic MedSpa","Brentwood","2","GLO30 Brentwood","93","5.0","0.21","https://www.google.com/maps/search/?api=1&query=GLO30%20Brentwood&query_place_id=ChIJWaYvLJp7ZIgRMwSehSCoEPo"
"Marvel Cosmetic MedSpa","Brentwood","3","Stages Skin Studio","64","5.0","0.16","https://www.google.com/maps/search/?api=1&query=Stages%20Skin%20Studio&query_place_id=ChIJBXZ6T7F7ZIgR-e4GaTUwTQw"
"OPAL Aesthetics - East Cobb","Marietta","1","OVME","251","4.9","0.71","https://www.google.com/maps/search/?api=1&query=OVME&query_place_id=ChIJH8_Nn8EN9YgR2hBEjoiAny4"
"OPAL Aesthetics - East Cobb","Marietta","2","dermani MEDSPA® East Cobb","173","4.9","0.07","https://www.google.com/maps/search/?api=1&query=dermani%20MEDSPA%C2%AE%20East%20Cobb&query_place_id=ChIJAfocrmcN9YgRerdGZh5mTEg"
"OPAL Aesthetics - East Cobb","Marietta","3","Atlanta MediSpa & Surgery Center - East Cobb","167","4.8","0.41","https://www.google.com/maps/search/?api=1&query=Atlanta%20MediSpa%20%26%20Surgery%20Center%20-%20East%20Cobb&query_place_id=ChIJG_KTfp4N9YgRy66Q9xHSTnk"
"ReWind Medical Solutions","Franklin","1","Pinup Skin Medical Spa","79","4.9","2.96","https://www.google.com/maps/search/?api=1&query=Pinup%20Skin%20Medical%20Spa&query_place_id=ChIJNx_fZk1-ZIgRIpWpJLr2HWo"
"ReWind Medical Solutions","Franklin","2","Southern Aesthetics at Dion's South Franklin","56","4.6","2.92","https://www.google.com/maps/search/?api=1&query=Southern%20Aesthetics%20at%20Dion's%20South%20Franklin&query_place_id=ChIJiYBcICl_ZIgRJ9e_r2IMfCk"
"ReWind Medical Solutions","Franklin","3","SkinTheoryRx","53","5.0","2.88","https://www.google.com/maps/search/?api=1&query=SkinTheoryRx&query_place_id=ChIJk8YBqxF_ZIgRTRZy4frKJd8"
"REGEN Society Aesthetics + Wellness","Brentwood","1","Franklin Skin and Laser","461","4.9","0.34","https://www.google.com/maps/search/?api=1&query=Franklin%20Skin%20and%20Laser&query_place_id=ChIJo_XkQyB_ZIgRZFfJpHSf0bQ"
"REGEN Society Aesthetics + Wellness","Brentwood","2","Schaffer Skin","138","5.0","0.05","https://www.google.com/maps/search/?api=1&query=Schaffer%20Skin&query_place_id=ChIJ9RA0BWh5ZIgRKKtr6pmFUL8"
"REGEN Society Aesthetics + Wellness","Brentwood","3","Laserderm MedSpa LLC","62","4.2","0.27","https://www.google.com/maps/search/?api=1&query=Laserderm%20MedSpa%20LLC&query_place_id=ChIJHxqVaFB-ZIgRPV56Sg0lpFI"
"ABR Aesthetics","Franklin","1","615 Aesthetics","420","5.0","0.86","https://www.google.com/maps/search/?api=1&query=615%20Aesthetics&query_place_id=ChIJEavUHjlhZIgRGwVNihjDiOs"
"ABR Aesthetics","Franklin","2","Grace Aesthetics","383","5.0","0.57","https://www.google.com/maps/search/?api=1&query=Grace%20Aesthetics&query_place_id=ChIJry1GWq57ZIgRG_2tNM2Xiuo"
"ABR Aesthetics","Franklin","3","APs Aesthetics and Wellness - Medical Spa","192","5.0","0.24","https://www.google.com/maps/search/?api=1&query=APs%20Aesthetics%20and%20Wellness%20-%20Medical%20Spa&query_place_id=ChIJs1-Wk19vYogRkqU6NK7NDT8"
"Premier Aesthetics Studio","Brentwood","1","615 Aesthetics","420","5.0","0.23","https://www.google.com/maps/search/?api=1&query=615%20Aesthetics&query_place_id=ChIJEavUHjlhZIgRGwVNihjDiOs"
"Premier Aesthetics Studio","Brentwood","2","Grace Aesthetics","383","5.0","0.72","https://www.google.com/maps/search/?api=1&query=Grace%20Aesthetics&query_place_id=ChIJry1GWq57ZIgRG_2tNM2Xiuo"
"Premier Aesthetics Studio","Brentwood","3","NexGen Aesthetic Institute","30","5.0","0.86","https://www.google.com/maps/search/?api=1&query=NexGen%20Aesthetic%20Institute&query_place_id=ChIJ-bJXjI57ZIgRWzMpIMzZv5w"
"Grace Aesthetics","Franklin","1","Franklin Skin and Laser","461","4.9","0.75","https://www.google.com/maps/search/?api=1&query=Franklin%20Skin%20and%20Laser&query_place_id=ChIJo_XkQyB_ZIgRZFfJpHSf0bQ"
"Grace Aesthetics","Franklin","2","615 Aesthetics","420","5.0","0.5","https://www.google.com/maps/search/?api=1&query=615%20Aesthetics&query_place_id=ChIJEavUHjlhZIgRGwVNihjDiOs"
"Grace Aesthetics","Franklin","3","ABR Aesthetics","78","4.9","0.57","https://www.google.com/maps/search/?api=1&query=ABR%20Aesthetics&query_place_id=ChIJPcOk9QR7ZIgRQfErBK-CZuw"
"R3 Anti Aging & Medspa","Brentwood","1","Skin Essentials Aesthetics & Lasers","151","5.0","0.21","https://www.google.com/maps/search/?api=1&query=Skin%20Essentials%20Aesthetics%20%26%20Lasers&query_place_id=ChIJEzH8jyd7ZIgRTo6UfI-OXyk"
"R3 Anti Aging & Medspa","Brentwood","2","Marvel Cosmetic MedSpa","80","5.0","0.23","https://www.google.com/maps/search/?api=1&query=Marvel%20Cosmetic%20MedSpa&query_place_id=ChIJLcHXqDZ7ZIgRXXIFXR-1PGA"
"R3 Anti Aging & Medspa","Brentwood","3","Stages Skin Studio","64","5.0","0.22","https://www.google.com/maps/search/?api=1&query=Stages%20Skin%20Studio&query_place_id=ChIJBXZ6T7F7ZIgR-e4GaTUwTQw"
"Skin Essentials Aesthetics & Lasers","Brentwood","1","R3 Anti Aging & Medspa","223","4.9","0.21","https://www.google.com/maps/search/?api=1&query=R3%20Anti%20Aging%20%26%20Medspa&query_place_id=ChIJ_-OS2OR7ZIgRE3PRwDOYTGw"
"Skin Essentials Aesthetics & Lasers","Brentwood","2","Marvel Cosmetic MedSpa","80","5.0","0.12","https://www.google.com/maps/search/?api=1&query=Marvel%20Cosmetic%20MedSpa&query_place_id=ChIJLcHXqDZ7ZIgRXXIFXR-1PGA"
"Skin Essentials Aesthetics & Lasers","Brentwood","3","Stages Skin Studio","64","5.0","0.04","https://www.google.com/maps/search/?api=1&query=Stages%20Skin%20Studio&query_place_id=ChIJBXZ6T7F7ZIgR-e4GaTUwTQw"
"Sunday Skin","Brentwood","1","Canvas Skin","477","5.0","0.64","https://www.google.com/maps/search/?api=1&query=Canvas%20Skin&query_place_id=ChIJ4ckF1gF7ZIgR1nPVbSU6cJc"
"Sunday Skin","Brentwood","2","Stages Skin Studio","64","5.0","1.03","https://www.google.com/maps/search/?api=1&query=Stages%20Skin%20Studio&query_place_id=ChIJBXZ6T7F7ZIgR-e4GaTUwTQw"
"Sunday Skin","Brentwood","3","Skin Edit 615","58","5.0","1.01","https://www.google.com/maps/search/?api=1&query=Skin%20Edit%20615&query_place_id=ChIJI9ZVKKh7ZIgRiIvprePV_Xc"
"Schaffer Skin","Brentwood","1","Franklin Skin and Laser","461","4.9","0.33","https://www.google.com/maps/search/?api=1&query=Franklin%20Skin%20and%20Laser&query_place_id=ChIJo_XkQyB_ZIgRZFfJpHSf0bQ"
"Schaffer Skin","Brentwood","2","REGEN Society Aesthetics + Wellness","126","5.0","0.05","https://www.google.com/maps/search/?api=1&query=REGEN%20Society%20Aesthetics%20%2B%20Wellness&query_place_id=ChIJifcTaq17ZIgRpgHqOFEccuk"
"Schaffer Skin","Brentwood","3","Laserderm MedSpa LLC","62","4.2","0.25","https://www.google.com/maps/search/?api=1&query=Laserderm%20MedSpa%20LLC&query_place_id=ChIJHxqVaFB-ZIgRPV56Sg0lpFI"
"Stages Skin Studio","Brentwood","1","R3 Anti Aging & Medspa","223","4.9","0.22","https://www.google.com/maps/search/?api=1&query=R3%20Anti%20Aging%20%26%20Medspa&query_place_id=ChIJ_-OS2OR7ZIgRE3PRwDOYTGw"
"Stages Skin Studio","Brentwood","2","Skin Essentials Aesthetics & Lasers","151","5.0","0.04","https://www.google.com/maps/search/?api=1&query=Skin%20Essentials%20Aesthetics%20%26%20Lasers&query_place_id=ChIJEzH8jyd7ZIgRTo6UfI-OXyk"
"Stages Skin Studio","Brentwood","3","Marvel Cosmetic MedSpa","80","5.0","0.16","https://www.google.com/maps/search/?api=1&query=Marvel%20Cosmetic%20MedSpa&query_place_id=ChIJLcHXqDZ7ZIgRXXIFXR-1PGA"
"Elan Skin & Laser Med Spa of Nashville","Nashville","1","Skin Pharm","509","5.0","1.28","https://www.google.com/maps/search/?api=1&query=Skin%20Pharm&query_place_id=ChIJb7Mkf9xjZIgRjcvP84efD3Q"
"Elan Skin & Laser Med Spa of Nashville","Nashville","2","OVME","284","4.8","0.55","https://www.google.com/maps/search/?api=1&query=OVME&query_place_id=ChIJz6Fq-x5lZIgRDlDP7SRM7jU"
"Elan Skin & Laser Med Spa of Nashville","Nashville","3","Skin MB","231","5.0","0.53","https://www.google.com/maps/search/?api=1&query=Skin%20MB&query_place_id=ChIJW7GWu3VkZIgRHbjYNyUBYnE"
"Total Med Solutions","Plano","1","Spavia Day Spa - West Plano","934","4.8","1.73","https://www.google.com/maps/search/?api=1&query=Spavia%20Day%20Spa%20-%20West%20Plano&query_place_id=ChIJ27Yr9ngjTIYR8Er67n4CQk8"
"Total Med Solutions","Plano","2","Vitalize Medical Spa","94","4.8","1.2","https://www.google.com/maps/search/?api=1&query=Vitalize%20Medical%20Spa&query_place_id=ChIJV6fj63wjTIYR--m2GJOnfrw"
"Total Med Solutions","Plano","3","InjectCo MedSpa Plano","80","4.9","0.78","https://www.google.com/maps/search/?api=1&query=InjectCo%20MedSpa%20Plano&query_place_id=ChIJr6p6KFQjTIYRu1N9Gw-6hO0"
"GLO30 Brentwood","Brentwood","1","Skin Essentials Aesthetics & Lasers","151","5.0","0.26","https://www.google.com/maps/search/?api=1&query=Skin%20Essentials%20Aesthetics%20%26%20Lasers&query_place_id=ChIJEzH8jyd7ZIgRTo6UfI-OXyk"
"GLO30 Brentwood","Brentwood","2","SkinSpirit Brentwood","100","5.0","0.26","https://www.google.com/maps/search/?api=1&query=SkinSpirit%20Brentwood&query_place_id=ChIJa__aE0x7ZIgReca_Y3rzzlw"
"GLO30 Brentwood","Brentwood","3","Marvel Cosmetic MedSpa","80","5.0","0.21","https://www.google.com/maps/search/?api=1&query=Marvel%20Cosmetic%20MedSpa&query_place_id=ChIJLcHXqDZ7ZIgRXXIFXR-1PGA"
"Skin Pharm","Plano","1","U Med Spa","1165","4.9","0.45","https://www.google.com/maps/search/?api=1&query=U%20Med%20Spa&query_place_id=ChIJz-wOVbE8TIYROmo0LS8t3Ms"
"Skin Pharm","Plano","2","It's A Secret Med Spa","380","4.8","1.12","https://www.google.com/maps/search/?api=1&query=It's%20A%20Secret%20Med%20Spa&query_place_id=ChIJAQCQZ8M8TIYR76vlNNqSr9U"
"Skin Pharm","Plano","3","OVME","160","4.7","0.39","https://www.google.com/maps/search/?api=1&query=OVME&query_place_id=ChIJX0R_nmg9TIYROzWzfs-ym2s"
"VIO Med Spa - Burlington","Burlington","1","Age-less Weigh-less","601","5.0","2.73","https://www.google.com/maps/search/?api=1&query=Age-less%20Weigh-less&query_place_id=ChIJ98w5HxR144kR28sAmXiyPR0"
"VIO Med Spa - Burlington","Burlington","2","Restore Hyper Wellness","417","4.9","9.25","https://www.google.com/maps/search/?api=1&query=Restore%20Hyper%20Wellness&query_place_id=ChIJi0MY-IoN44kRgxWY8FNsAes"
"VIO Med Spa - Burlington","Burlington","3","Sono Bello Boston","266","4.0","2.73","https://www.google.com/maps/search/?api=1&query=Sono%20Bello%20Boston&query_place_id=ChIJNeuokRZ144kRAAgD_Zgq0vI"
"Relive Health Brentwood","Franklin","1","615 Aesthetics","420","5.0","1.05","https://www.google.com/maps/search/?api=1&query=615%20Aesthetics&query_place_id=ChIJEavUHjlhZIgRGwVNihjDiOs"
"Relive Health Brentwood","Franklin","2","Grace Aesthetics","383","5.0","1.45","https://www.google.com/maps/search/?api=1&query=Grace%20Aesthetics&query_place_id=ChIJry1GWq57ZIgRG_2tNM2Xiuo"
"Relive Health Brentwood","Franklin","3","Glow Medical Spa","245","4.9","0.12","https://www.google.com/maps/search/?api=1&query=Glow%20Medical%20Spa&query_place_id=ChIJU2vYw1B-ZIgRlDN3uEpoOi4"
"Old City Medspa","Knoxville","1","Downtown Smooth Spa","633","5.0","0.44","https://www.google.com/maps/search/?api=1&query=Downtown%20Smooth%20Spa&query_place_id=ChIJF82sTsEXXIgRnmBqePJl8vc"
"Old City Medspa","Knoxville","2","Smiley Aesthetics Medical Spa – Botox & Weight Loss Clinic Knoxville","515","5.0","0.34","https://www.google.com/maps/search/?api=1&query=Smiley%20Aesthetics%20Medical%20Spa%20%E2%80%93%20Botox%20%26%20Weight%20Loss%20Clinic%20Knoxville&query_place_id=ChIJoT9ifwqb-wgR1VFjQ9EN3yU"
"Old City Medspa","Knoxville","3","Sarah Hitchcox Aesthetics","243","5.0","4.44","https://www.google.com/maps/search/?api=1&query=Sarah%20Hitchcox%20Aesthetics&query_place_id=ChIJT25n7649XIgRyzkQqbTa0DY"
"OVME","Plano","1","U Med Spa","1165","4.9","0.37","https://www.google.com/maps/search/?api=1&query=U%20Med%20Spa&query_place_id=ChIJz-wOVbE8TIYROmo0LS8t3Ms"
"OVME","Plano","2","It's A Secret Med Spa","380","4.8","1.46","https://www.google.com/maps/search/?api=1&query=It's%20A%20Secret%20Med%20Spa&query_place_id=ChIJAQCQZ8M8TIYR76vlNNqSr9U"
"OVME","Plano","3","Skin Pharm","180","5.0","0.39","https://www.google.com/maps/search/?api=1&query=Skin%20Pharm&query_place_id=ChIJcZWVxaY9TIYRKSMDnriJuiI"
"Downtown Smooth Spa","Knoxville","1","Smiley Aesthetics Medical Spa – Botox & Weight Loss Clinic Knoxville","515","5.0","0.37","https://www.google.com/maps/search/?api=1&query=Smiley%20Aesthetics%20Medical%20Spa%20%E2%80%93%20Botox%20%26%20Weight%20Loss%20Clinic%20Knoxville&query_place_id=ChIJoT9ifwqb-wgR1VFjQ9EN3yU"
"Downtown Smooth Spa","Knoxville","2","Old City Medspa","258","4.9","0.44","https://www.google.com/maps/search/?api=1&query=Old%20City%20Medspa&query_place_id=ChIJn5R4kGQXXIgRuioiqwxYtVA"
"Downtown Smooth Spa","Knoxville","3","Sarah Hitchcox Aesthetics","243","5.0","4.46","https://www.google.com/maps/search/?api=1&query=Sarah%20Hitchcox%20Aesthetics&query_place_id=ChIJT25n7649XIgRyzkQqbTa0DY"
"The Wellness Room","Knoxville","1","Pretty Girl Aesthetics","919","5.0","1.35","https://www.google.com/maps/search/?api=1&query=Pretty%20Girl%20Aesthetics&query_place_id=ChIJLeTOBb4vXIgRDbkHtQLEin8"
"The Wellness Room","Knoxville","2","Jessica Ellam Medical Aesthetics","447","5.0","1.09","https://www.google.com/maps/search/?api=1&query=Jessica%20Ellam%20Medical%20Aesthetics&query_place_id=ChIJCRd--p8lXIgR4ZKngMdIC2Y"
"The Wellness Room","Knoxville","3","A Better You Med Spa","211","4.7","1.02","https://www.google.com/maps/search/?api=1&query=A%20Better%20You%20Med%20Spa&query_place_id=ChIJwVb9v5kvXIgRfK4VLAwx0oo"
"A Better You Med Spa","Knoxville","1","Pretty Girl Aesthetics","919","5.0","0.33","https://www.google.com/maps/search/?api=1&query=Pretty%20Girl%20Aesthetics&query_place_id=ChIJLeTOBb4vXIgRDbkHtQLEin8"
"A Better You Med Spa","Knoxville","2","The Wellness Room","509","5.0","1.02","https://www.google.com/maps/search/?api=1&query=The%20Wellness%20Room&query_place_id=ChIJLeroOasvXIgRBWUx7phu0kQ"
"A Better You Med Spa","Knoxville","3","Skin & Sculpt Medical Spa","224","5.0","0.4","https://www.google.com/maps/search/?api=1&query=Skin%20%26%20Sculpt%20Medical%20Spa&query_place_id=ChIJPbAKxm4lXIgRu8rUR8kk918"
"RevitalyzeMD","Knoxville","1","Sarah Hitchcox Aesthetics","243","5.0","1.39","https://www.google.com/maps/search/?api=1&query=Sarah%20Hitchcox%20Aesthetics&query_place_id=ChIJT25n7649XIgRyzkQqbTa0DY"
"RevitalyzeMD","Knoxville","2","Create Medical Aesthetics","213","5.0","0.28","https://www.google.com/maps/search/?api=1&query=Create%20Medical%20Aesthetics&query_place_id=ChIJjZGlhDIlXIgRCwG3EQ9yxXk"
"RevitalyzeMD","Knoxville","3","Aesthetic Elevation Knoxville","83","5.0","0.6","https://www.google.com/maps/search/?api=1&query=Aesthetic%20Elevation%20Knoxville&query_place_id=ChIJVxJMiiQjXIgRuwfHj77h2-k"
"Ageless Medical Spa","Knoxville","1","Ideal Image Knoxville","975","4.8","0.58","https://www.google.com/maps/search/?api=1&query=Ideal%20Image%20Knoxville&query_place_id=ChIJ492gr_QuXIgR1AKC2S_pt7M"
"Ageless Medical Spa","Knoxville","2","Dolce Medical Spa","864","4.9","2.24","https://www.google.com/maps/search/?api=1&query=Dolce%20Medical%20Spa&query_place_id=ChIJI21zx0UvXIgR9JHGZaISSOg"
"Ageless Medical Spa","Knoxville","3","Beautique Medical Anti-Aging","536","5.0","2.12","https://www.google.com/maps/search/?api=1&query=Beautique%20Medical%20Anti-Aging&query_place_id=ChIJVVXl6gUvXIgRkeYcg2jo9J8"
"Skin & Sculpt Medical Spa","Knoxville","1","Pretty Girl Aesthetics","919","5.0","0.09","https://www.google.com/maps/search/?api=1&query=Pretty%20Girl%20Aesthetics&query_place_id=ChIJLeTOBb4vXIgRDbkHtQLEin8"
"Skin & Sculpt Medical Spa","Knoxville","2","The Wellness Room","509","5.0","1.4","https://www.google.com/maps/search/?api=1&query=The%20Wellness%20Room&query_place_id=ChIJLeroOasvXIgRBWUx7phu0kQ"
"Skin & Sculpt Medical Spa","Knoxville","3","Arabella Medical Aesthetics","215","5.0","0.63","https://www.google.com/maps/search/?api=1&query=Arabella%20Medical%20Aesthetics&query_place_id=ChIJ23oUa1olXIgRTmSwy2aT0Ng"
"Vitalize Medical Spa","Plano","1","Spavia Day Spa - West Plano","934","4.8","0.55","https://www.google.com/maps/search/?api=1&query=Spavia%20Day%20Spa%20-%20West%20Plano&query_place_id=ChIJ27Yr9ngjTIYR8Er67n4CQk8"
"Vitalize Medical Spa","Plano","2","Total Med Solutions","910","4.8","1.2","https://www.google.com/maps/search/?api=1&query=Total%20Med%20Solutions&query_place_id=ChIJwdaTIF8jTIYR4AGCX3n8fno"
"Vitalize Medical Spa","Plano","3","InjectCo MedSpa Plano","80","4.9","0.47","https://www.google.com/maps/search/?api=1&query=InjectCo%20MedSpa%20Plano&query_place_id=ChIJr6p6KFQjTIYRu1N9Gw-6hO0"
"Jack + Jill Aesthetics","Franklin","1","OVME","313","4.9","1.5","https://www.google.com/maps/search/?api=1&query=OVME&query_place_id=ChIJP3NcP_B_ZIgRnSdYRUKCJik"
"Jack + Jill Aesthetics","Franklin","2","NakedMD Med Spa Franklin","312","4.9","1.05","https://www.google.com/maps/search/?api=1&query=NakedMD%20Med%20Spa%20Franklin&query_place_id=ChIJbQYKbLd5ZIgRjuASHf3uwQ0"
"Jack + Jill Aesthetics","Franklin","3","Skin Pharm","215","5.0","1.5","https://www.google.com/maps/search/?api=1&query=Skin%20Pharm&query_place_id=ChIJcak9jWR5ZIgR9YRpsWeYxw8"
"RUMI Aesthetics","Plano","1","Novuskin Med Spa Frisco","1072","4.7","1.75","https://www.google.com/maps/search/?api=1&query=Novuskin%20Med%20Spa%20Frisco&query_place_id=ChIJvblMkfoXTIYR8YwyLghqRW8"
"RUMI Aesthetics","Plano","2","SKIN Med Spa & Laser","351","4.6","2.41","https://www.google.com/maps/search/?api=1&query=SKIN%20Med%20Spa%20%26%20Laser&query_place_id=ChIJoclYD2wXTIYR0HQFbJEQvRA"
"RUMI Aesthetics","Plano","3","Le Beau Visage Medical Spa","286","4.9","2.7","https://www.google.com/maps/search/?api=1&query=Le%20Beau%20Visage%20Medical%20Spa&query_place_id=ChIJkdUxAfE8TIYRrlKxyWbiSHQ"
"Jessica Ellam Medical Aesthetics","Knoxville","1","Dolce Medical Spa","864","4.9","0.43","https://www.google.com/maps/search/?api=1&query=Dolce%20Medical%20Spa&query_place_id=ChIJI21zx0UvXIgR9JHGZaISSOg"
"Jessica Ellam Medical Aesthetics","Knoxville","2","Beautique Medical Anti-Aging","536","5.0","0.49","https://www.google.com/maps/search/?api=1&query=Beautique%20Medical%20Anti-Aging&query_place_id=ChIJVVXl6gUvXIgRkeYcg2jo9J8"
"Jessica Ellam Medical Aesthetics","Knoxville","3","The Wellness Room","509","5.0","1.09","https://www.google.com/maps/search/?api=1&query=The%20Wellness%20Room&query_place_id=ChIJLeroOasvXIgRBWUx7phu0kQ"
"Create Medical Aesthetics","Knoxville","1","RevitalyzeMD","648","4.9","0.28","https://www.google.com/maps/search/?api=1&query=RevitalyzeMD&query_place_id=ChIJSf9sJsIuXIgRuaoAL9N-Fok"
"Create Medical Aesthetics","Knoxville","2","Sarah Hitchcox Aesthetics","243","5.0","1.13","https://www.google.com/maps/search/?api=1&query=Sarah%20Hitchcox%20Aesthetics&query_place_id=ChIJT25n7649XIgRyzkQqbTa0DY"
"Create Medical Aesthetics","Knoxville","3","Aesthetic Elevation Knoxville","83","5.0","0.53","https://www.google.com/maps/search/?api=1&query=Aesthetic%20Elevation%20Knoxville&query_place_id=ChIJVxJMiiQjXIgRuwfHj77h2-k"
"Arabella Medical Aesthetics","Knoxville","1","Pretty Girl Aesthetics","919","5.0","0.58","https://www.google.com/maps/search/?api=1&query=Pretty%20Girl%20Aesthetics&query_place_id=ChIJLeTOBb4vXIgRDbkHtQLEin8"
"Arabella Medical Aesthetics","Knoxville","2","The Wellness Room","509","5.0","1.73","https://www.google.com/maps/search/?api=1&query=The%20Wellness%20Room&query_place_id=ChIJLeroOasvXIgRBWUx7phu0kQ"
"Arabella Medical Aesthetics","Knoxville","3","Skin & Sculpt Medical Spa","224","5.0","0.63","https://www.google.com/maps/search/?api=1&query=Skin%20%26%20Sculpt%20Medical%20Spa&query_place_id=ChIJPbAKxm4lXIgRu8rUR8kk918"
"Smiley Aesthetics Medical Spa – Botox & Weight Loss Clinic Knoxville","Knoxville","1","RevitalyzeMD","648","4.9","5.55","https://www.google.com/maps/search/?api=1&query=RevitalyzeMD&query_place_id=ChIJSf9sJsIuXIgRuaoAL9N-Fok"
"Smiley Aesthetics Medical Spa – Botox & Weight Loss Clinic Knoxville","Knoxville","2","Downtown Smooth Spa","633","5.0","0.37","https://www.google.com/maps/search/?api=1&query=Downtown%20Smooth%20Spa&query_place_id=ChIJF82sTsEXXIgRnmBqePJl8vc"
"Smiley Aesthetics Medical Spa – Botox & Weight Loss Clinic Knoxville","Knoxville","3","Old City Medspa","258","4.9","0.34","https://www.google.com/maps/search/?api=1&query=Old%20City%20Medspa&query_place_id=ChIJn5R4kGQXXIgRuioiqwxYtVA"
"Culture Aesthetics & Wellness","Knoxville","1","RevitalyzeMD","648","4.9","1.59","https://www.google.com/maps/search/?api=1&query=RevitalyzeMD&query_place_id=ChIJSf9sJsIuXIgRuaoAL9N-Fok"
"Culture Aesthetics & Wellness","Knoxville","2","Arabella Medical Aesthetics","215","5.0","2.63","https://www.google.com/maps/search/?api=1&query=Arabella%20Medical%20Aesthetics&query_place_id=ChIJ23oUa1olXIgRTmSwy2aT0Ng"
"Culture Aesthetics & Wellness","Knoxville","3","Create Medical Aesthetics","213","5.0","1.78","https://www.google.com/maps/search/?api=1&query=Create%20Medical%20Aesthetics&query_place_id=ChIJjZGlhDIlXIgRCwG3EQ9yxXk"
"Nova Headspa & Medspa","McKinney","1","BeauxMD Medical Aesthetics","288","5.0","2.25","https://www.google.com/maps/search/?api=1&query=BeauxMD%20Medical%20Aesthetics&query_place_id=ChIJHY7zAWETTIYRIXgVsmj8B8Q"
"Nova Headspa & Medspa","McKinney","2","VIO Med Spa","93","4.8","1.86","https://www.google.com/maps/search/?api=1&query=VIO%20Med%20Spa&query_place_id=ChIJb8LmSVoTTIYRItzrYamU5T0"
"Nova Headspa & Medspa","McKinney","3","Revive Primary Care & Med Spa - McKinney","64","4.6","1.96","https://www.google.com/maps/search/?api=1&query=Revive%20Primary%20Care%20%26%20Med%20Spa%20-%20McKinney&query_place_id=ChIJp8R8LpQVTIYRKu_J0q4rmjY"
"615 Aesthetics","Brentwood","1","Grace Aesthetics","383","5.0","0.5","https://www.google.com/maps/search/?api=1&query=Grace%20Aesthetics&query_place_id=ChIJry1GWq57ZIgRG_2tNM2Xiuo"
"615 Aesthetics","Brentwood","2","Schaffer Skin","138","5.0","0.86","https://www.google.com/maps/search/?api=1&query=Schaffer%20Skin&query_place_id=ChIJ9RA0BWh5ZIgRKKtr6pmFUL8"
"615 Aesthetics","Brentwood","3","Premier Aesthetics Studio","71","5.0","0.23","https://www.google.com/maps/search/?api=1&query=Premier%20Aesthetics%20Studio&query_place_id=ChIJw7cotyV7ZIgR6jIpFqQ-KKk"
"Beauty Lounge Med Spa","Sarasota","1","Sarasota Plastic Surgery Center & Med Spa","371","4.9","0.25","https://www.google.com/maps/search/?api=1&query=Sarasota%20Plastic%20Surgery%20Center%20%26%20Med%20Spa&query_place_id=ChIJ5ezS4U9Aw4gReviEy-6ifpc"
"Beauty Lounge Med Spa","Sarasota","2","Cosmetic Skin & Laser Center","260","4.9","0.77","https://www.google.com/maps/search/?api=1&query=Cosmetic%20Skin%20%26%20Laser%20Center&query_place_id=ChIJQfcd1FJAw4gRQOxlbF3UpMo"
"Beauty Lounge Med Spa","Sarasota","3","Sarasota Facial Aesthetics","147","4.9","0.55","https://www.google.com/maps/search/?api=1&query=Sarasota%20Facial%20Aesthetics&query_place_id=ChIJkwrODERAw4gR1ASl1vzDdPg"
"Lotus Skin Studio","McKinney","1","My Sunshine Beauty MedSpa","194","4.9","0.0","https://www.google.com/maps/search/?api=1&query=My%20Sunshine%20Beauty%20MedSpa&query_place_id=ChIJ9xNGZBXWU0ARhsxlXI_irBc"
"Lotus Skin Studio","McKinney","2","Venus Medical Aesthetics - Med Spa McKinney","118","5.0","0.44","https://www.google.com/maps/search/?api=1&query=Venus%20Medical%20Aesthetics%20-%20Med%20Spa%20McKinney&query_place_id=ChIJV2urNgUXTIYRbUACPB2qAfY"
"Lotus Skin Studio","McKinney","3","Aneva Skin","108","5.0","0.9","https://www.google.com/maps/search/?api=1&query=Aneva%20Skin&query_place_id=ChIJKTtDF7cXTIYROtmVh_TdfAc"
"LUX MedSpa And Wellness Center","Sarasota","1","Vita Aesthetics","227","5.0","0.07","https://www.google.com/maps/search/?api=1&query=Vita%20Aesthetics&query_place_id=ChIJuU6YSIJBw4gR_1ucqL7rgI4"
"LUX MedSpa And Wellness Center","Sarasota","2","Chelsea Vacca Medical Aesthetics | Sarasota Botox Fillers Microneedling CO2 Laser Tattoo Removal","198","4.9","1.62","https://www.google.com/maps/search/?api=1&query=Chelsea%20Vacca%20Medical%20Aesthetics%20%7C%20Sarasota%20Botox%20Fillers%20Microneedling%20CO2%20Laser%20Tattoo%20Removal&query_place_id=ChIJpe7W2PtBw4gRAx8G9Vxa_Xw"
"LUX MedSpa And Wellness Center","Sarasota","3","The Aesthetic Center","194","4.9","1.25","https://www.google.com/maps/search/?api=1&query=The%20Aesthetic%20Center&query_place_id=ChIJp9PVyG1Aw4gRKx8H6j60Gxs"
"Healthy Way MedSpa","Sarasota","1","SRQ Med Spa","167","5.0","0.31","https://www.google.com/maps/search/?api=1&query=SRQ%20Med%20Spa&query_place_id=ChIJTdU7zcxBw4gR7sS7bZw_Wmw"
"Healthy Way MedSpa","Sarasota","2","SkinSpirit Sarasota","112","5.0","0.56","https://www.google.com/maps/search/?api=1&query=SkinSpirit%20Sarasota&query_place_id=ChIJVbXSRG1Bw4gRY12huXcLSmA"
"Healthy Way MedSpa","Sarasota","3","Rejuvenate 528 Regenerative Aesthetics Medical Spa","75","4.9","0.57","https://www.google.com/maps/search/?api=1&query=Rejuvenate%20528%20Regenerative%20Aesthetics%20Medical%20Spa&query_place_id=ChIJLTUJdEZBw4gRBY_YiUq2rrA"
"Medispa At Choto","Knoxville","1","Ideal Image Knoxville","975","4.8","4.9","https://www.google.com/maps/search/?api=1&query=Ideal%20Image%20Knoxville&query_place_id=ChIJ492gr_QuXIgR1AKC2S_pt7M"
"Medispa At Choto","Knoxville","2","Dolce Medical Spa","864","4.9","4.95","https://www.google.com/maps/search/?api=1&query=Dolce%20Medical%20Spa&query_place_id=ChIJI21zx0UvXIgR9JHGZaISSOg"
"Medispa At Choto","Knoxville","3","Beautique Medical Anti-Aging","536","5.0","4.95","https://www.google.com/maps/search/?api=1&query=Beautique%20Medical%20Anti-Aging&query_place_id=ChIJVVXl6gUvXIgRkeYcg2jo9J8"
"Elite Medical Spa of Sarasota","Sarasota","1","Vita Aesthetics","227","5.0","3.75","https://www.google.com/maps/search/?api=1&query=Vita%20Aesthetics&query_place_id=ChIJuU6YSIJBw4gR_1ucqL7rgI4"
"Elite Medical Spa of Sarasota","Sarasota","2","Mermaid Med Spa","136","4.9","2.46","https://www.google.com/maps/search/?api=1&query=Mermaid%20Med%20Spa&query_place_id=ChIJ9aR5sFk5w4gRmTlKKju1dw8"
"Elite Medical Spa of Sarasota","Sarasota","3","LUX MedSpa And Wellness Center","129","4.9","3.76","https://www.google.com/maps/search/?api=1&query=LUX%20MedSpa%20And%20Wellness%20Center&query_place_id=ChIJb73KiVs_w4gRdtXEAkRRxHo"
"Pretty Girl Aesthetics","Knoxville","1","The Wellness Room","509","5.0","1.35","https://www.google.com/maps/search/?api=1&query=The%20Wellness%20Room&query_place_id=ChIJLeroOasvXIgRBWUx7phu0kQ"
"Pretty Girl Aesthetics","Knoxville","2","Skin & Sculpt Medical Spa","224","5.0","0.09","https://www.google.com/maps/search/?api=1&query=Skin%20%26%20Sculpt%20Medical%20Spa&query_place_id=ChIJPbAKxm4lXIgRu8rUR8kk918"
"Pretty Girl Aesthetics","Knoxville","3","Arabella Medical Aesthetics","215","5.0","0.58","https://www.google.com/maps/search/?api=1&query=Arabella%20Medical%20Aesthetics&query_place_id=ChIJ23oUa1olXIgRTmSwy2aT0Ng"
"Sparkle Skin Solutions","Sarasota","1","Sarasota Plastic Surgery Center & Med Spa","371","4.9","0.99","https://www.google.com/maps/search/?api=1&query=Sarasota%20Plastic%20Surgery%20Center%20%26%20Med%20Spa&query_place_id=ChIJ5ezS4U9Aw4gReviEy-6ifpc"
"Sparkle Skin Solutions","Sarasota","2","Cosmetic Skin & Laser Center","260","4.9","0.3","https://www.google.com/maps/search/?api=1&query=Cosmetic%20Skin%20%26%20Laser%20Center&query_place_id=ChIJQfcd1FJAw4gRQOxlbF3UpMo"
"Sparkle Skin Solutions","Sarasota","3","Sarasota Facial Aesthetics","147","4.9","1.26","https://www.google.com/maps/search/?api=1&query=Sarasota%20Facial%20Aesthetics&query_place_id=ChIJkwrODERAw4gR1ASl1vzDdPg"
"My Sunshine Beauty MedSpa","McKinney","1","Lotus Skin Studio","123","4.9","0.0","https://www.google.com/maps/search/?api=1&query=Lotus%20Skin%20Studio&query_place_id=ChIJ687fNYEVTIYRalXh8ySrn0o"
"My Sunshine Beauty MedSpa","McKinney","2","Venus Medical Aesthetics - Med Spa McKinney","118","5.0","0.44","https://www.google.com/maps/search/?api=1&query=Venus%20Medical%20Aesthetics%20-%20Med%20Spa%20McKinney&query_place_id=ChIJV2urNgUXTIYRbUACPB2qAfY"
"My Sunshine Beauty MedSpa","McKinney","3","Aneva Skin","108","5.0","0.9","https://www.google.com/maps/search/?api=1&query=Aneva%20Skin&query_place_id=ChIJKTtDF7cXTIYROtmVh_TdfAc"
"Vita Aesthetics","Sarasota","1","Chelsea Vacca Medical Aesthetics | Sarasota Botox Fillers Microneedling CO2 Laser Tattoo Removal","198","4.9","1.62","https://www.google.com/maps/search/?api=1&query=Chelsea%20Vacca%20Medical%20Aesthetics%20%7C%20Sarasota%20Botox%20Fillers%20Microneedling%20CO2%20Laser%20Tattoo%20Removal&query_place_id=ChIJpe7W2PtBw4gRAx8G9Vxa_Xw"
"Vita Aesthetics","Sarasota","2","The Aesthetic Center","194","4.9","1.31","https://www.google.com/maps/search/?api=1&query=The%20Aesthetic%20Center&query_place_id=ChIJp9PVyG1Aw4gRKx8H6j60Gxs"
"Vita Aesthetics","Sarasota","3","LUX MedSpa And Wellness Center","129","4.9","0.07","https://www.google.com/maps/search/?api=1&query=LUX%20MedSpa%20And%20Wellness%20Center&query_place_id=ChIJb73KiVs_w4gRdtXEAkRRxHo"
"Aire MedSpa","Sarasota","1","Bowtique Med Spa","395","4.8","1.99","https://www.google.com/maps/search/?api=1&query=Bowtique%20Med%20Spa&query_place_id=ChIJjRwpr4VBw4gRXOza3A_PJQA"
"Aire MedSpa","Sarasota","2","RMI Med Spa","205","4.9","1.16","https://www.google.com/maps/search/?api=1&query=RMI%20Med%20Spa&query_place_id=ChIJz8Jt529Aw4gRJlIkfygjlj0"
"Aire MedSpa","Sarasota","3","Harmony Med Spa","164","5.0","1.27","https://www.google.com/maps/search/?api=1&query=Harmony%20Med%20Spa&query_place_id=ChIJUdByUGdBw4gRrFwruukx7Fc"
"Facial Mania Med Spa Sarasota","Sarasota","1","Bowtique Med Spa","395","4.8","3.63","https://www.google.com/maps/search/?api=1&query=Bowtique%20Med%20Spa&query_place_id=ChIJjRwpr4VBw4gRXOza3A_PJQA"
"Facial Mania Med Spa Sarasota","Sarasota","2","Aire MedSpa","217","5.0","2.11","https://www.google.com/maps/search/?api=1&query=Aire%20MedSpa&query_place_id=ChIJ8T6Q8NNBw4gRAuZfToLYwro"
"Facial Mania Med Spa Sarasota","Sarasota","3","RMI Med Spa","205","4.9","3.2","https://www.google.com/maps/search/?api=1&query=RMI%20Med%20Spa&query_place_id=ChIJz8Jt529Aw4gRJlIkfygjlj0"
"SkinCare Physicians","Chestnut Hill","1","Joseph A Russo MD","407","4.9","1.36","https://www.google.com/maps/search/?api=1&query=Joseph%20A%20Russo%20MD&query_place_id=ChIJjywWOHWC44kRF-9J7WA7WOo"
"SkinCare Physicians","Chestnut Hill","2","Skin Spa New York - Back Bay","381","4.8","4.6","https://www.google.com/maps/search/?api=1&query=Skin%20Spa%20New%20York%20-%20Back%20Bay&query_place_id=ChIJo9Y9lw9644kRR5soqeEBYyk"
"SkinCare Physicians","Chestnut Hill","3","Restore Hyper Wellness","235","4.9","2.29","https://www.google.com/maps/search/?api=1&query=Restore%20Hyper%20Wellness&query_place_id=ChIJmw6-MRGD44kRNRmObW8-CCQ"
"Mermaid Med Spa","Sarasota","1","Elite Medical Spa of Sarasota","725","4.9","2.46","https://www.google.com/maps/search/?api=1&query=Elite%20Medical%20Spa%20of%20Sarasota&query_place_id=ChIJ-U36vN9Gw4gROCMgbVbdrwk"
"Mermaid Med Spa","Sarasota","2","Vita Aesthetics","227","5.0","6.15","https://www.google.com/maps/search/?api=1&query=Vita%20Aesthetics&query_place_id=ChIJuU6YSIJBw4gR_1ucqL7rgI4"
"Mermaid Med Spa","Sarasota","3","LUX MedSpa And Wellness Center","129","4.9","6.17","https://www.google.com/maps/search/?api=1&query=LUX%20MedSpa%20And%20Wellness%20Center&query_place_id=ChIJb73KiVs_w4gRdtXEAkRRxHo"
"Revive Primary Care & Med Spa - McKinney","McKinney","1","Nova Headspa & Medspa","168","5.0","1.96","https://www.google.com/maps/search/?api=1&query=Nova%20Headspa%20%26%20Medspa&query_place_id=ChIJMUoY94kTTIYR55NWiyjBio4"
"Revive Primary Care & Med Spa - McKinney","McKinney","2","Hartwater Aesthetics","107","4.9","1.96","https://www.google.com/maps/search/?api=1&query=Hartwater%20Aesthetics&query_place_id=ChIJyTULhJQVTIYRri1RtAri5nc"
"Revive Primary Care & Med Spa - McKinney","McKinney","3","Immortal Med Spa","56","5.0","1.93","https://www.google.com/maps/search/?api=1&query=Immortal%20Med%20Spa&query_place_id=ChIJc8y5pU0UTIYR0WCBYiL5spU"
"Eternal MedSpa Sarasota","Sarasota","1","Bowtique Med Spa","395","4.8","2.44","https://www.google.com/maps/search/?api=1&query=Bowtique%20Med%20Spa&query_place_id=ChIJjRwpr4VBw4gRXOza3A_PJQA"
"Eternal MedSpa Sarasota","Sarasota","2","Aire MedSpa","217","5.0","1.37","https://www.google.com/maps/search/?api=1&query=Aire%20MedSpa&query_place_id=ChIJ8T6Q8NNBw4gRAuZfToLYwro"
"Eternal MedSpa Sarasota","Sarasota","3","RMI Med Spa","205","4.9","0.31","https://www.google.com/maps/search/?api=1&query=RMI%20Med%20Spa&query_place_id=ChIJz8Jt529Aw4gRJlIkfygjlj0"
"Austin Aesthetic Couture","Round Rock","1","Ginger Allure MedSpa","191","4.9","1.85","https://www.google.com/maps/search/?api=1&query=Ginger%20Allure%20MedSpa&query_place_id=ChIJMQJXhavRRIYRIkwJHW5O5Gw"
"Austin Aesthetic Couture","Round Rock","2","RejuviYouth Health & Wellness Spa","56","5.0","1.22","https://www.google.com/maps/search/?api=1&query=RejuviYouth%20Health%20%26%20Wellness%20Spa&query_place_id=ChIJq6r6nyXRRIYRmLr375D7PWE"
"Austin Aesthetic Couture","Round Rock","3","Texas Needle Queen • Botox & Lip Filler Clinic | Round Rock, TX","53","5.0","1.69","https://www.google.com/maps/search/?api=1&query=Texas%20Needle%20Queen%20%E2%80%A2%20Botox%20%26%20Lip%20Filler%20Clinic%20%7C%20Round%20Rock%2C%20TX&query_place_id=ChIJaeErf0nXRIYRh-52B_Xkm9E"
"River Oaks Galleria Medspa","Houston","1","Glow Medspa Houston","421","4.7","0.5","https://www.google.com/maps/search/?api=1&query=Glow%20Medspa%20Houston&query_place_id=ChIJ1Ws29V7BQIYRitqq8aWriQA"
"River Oaks Galleria Medspa","Houston","2","Skinful Aesthetics","316","4.9","1.22","https://www.google.com/maps/search/?api=1&query=Skinful%20Aesthetics&query_place_id=ChIJa0ktmWzBQIYR8QXNNUPor5k"
"River Oaks Galleria Medspa","Houston","3","Galleria Aesthetics and Wellness","281","4.8","0.99","https://www.google.com/maps/search/?api=1&query=Galleria%20Aesthetics%20and%20Wellness&query_place_id=ChIJ8ZwATWTBQIYRDDFvSI-MUIw"
"The MedSpa at Galleria","Houston","1","Skinful Aesthetics","316","4.9","1.1","https://www.google.com/maps/search/?api=1&query=Skinful%20Aesthetics&query_place_id=ChIJa0ktmWzBQIYR8QXNNUPor5k"
"The MedSpa at Galleria","Houston","2","NakedMD Med Spa Houston","258","4.9","1.08","https://www.google.com/maps/search/?api=1&query=NakedMD%20Med%20Spa%20Houston&query_place_id=ChIJVfPHazPBQIYRwBO3mLEUYFQ"
"The MedSpa at Galleria","Houston","3","River Oaks MedSpa","187","4.8","1.07","https://www.google.com/maps/search/?api=1&query=River%20Oaks%20MedSpa&query_place_id=ChIJL1LGdR3BQIYR5MvMIclvRtM"
"VIO Med Spa","Houston","1","PurA Medical Aesthetics","891","5.0","2.15","https://www.google.com/maps/search/?api=1&query=PurA%20Medical%20Aesthetics&query_place_id=ChIJY9j7YBzBQIYRzzmH-lzMprE"
"VIO Med Spa","Houston","2","NakedMD Med Spa Houston","258","4.9","2.18","https://www.google.com/maps/search/?api=1&query=NakedMD%20Med%20Spa%20Houston&query_place_id=ChIJVfPHazPBQIYRwBO3mLEUYFQ"
"VIO Med Spa","Houston","3","Glow Medical Aesthetics","235","4.9","0.5","https://www.google.com/maps/search/?api=1&query=Glow%20Medical%20Aesthetics&query_place_id=ChIJrerdWEnAQIYRZs5i7Hk26yw"
"Rejuvenate 528 Regenerative Aesthetics Medical Spa","Sarasota","1","SRQ Med Spa","167","5.0","0.27","https://www.google.com/maps/search/?api=1&query=SRQ%20Med%20Spa&query_place_id=ChIJTdU7zcxBw4gR7sS7bZw_Wmw"
"Rejuvenate 528 Regenerative Aesthetics Medical Spa","Sarasota","2","SkinSpirit Sarasota","112","5.0","0.49","https://www.google.com/maps/search/?api=1&query=SkinSpirit%20Sarasota&query_place_id=ChIJVbXSRG1Bw4gRY12huXcLSmA"
"Rejuvenate 528 Regenerative Aesthetics Medical Spa","Sarasota","3","Healthy Way MedSpa","97","4.8","0.57","https://www.google.com/maps/search/?api=1&query=Healthy%20Way%20MedSpa&query_place_id=ChIJh801Dm9Aw4gRhqCqQzx4uYc"
"River Oaks MedSpa","Houston","1","Skinful Aesthetics","316","4.9","0.1","https://www.google.com/maps/search/?api=1&query=Skinful%20Aesthetics&query_place_id=ChIJa0ktmWzBQIYR8QXNNUPor5k"
"River Oaks MedSpa","Houston","2","NakedMD Med Spa Houston","258","4.9","0.02","https://www.google.com/maps/search/?api=1&query=NakedMD%20Med%20Spa%20Houston&query_place_id=ChIJVfPHazPBQIYRwBO3mLEUYFQ"
"River Oaks MedSpa","Houston","3","OVME","208","4.7","1.15","https://www.google.com/maps/search/?api=1&query=OVME&query_place_id=ChIJK8imxazBQIYRbQaRbM5P-Wg"
"It's A Secret Med Spa - Houston","Houston","1","Miliv Med Spa & Facials","446","4.8","0.85","https://www.google.com/maps/search/?api=1&query=Miliv%20Med%20Spa%20%26%20Facials&query_place_id=ChIJIQNO4XDBQIYRwzhP7SIMFLw"
"It's A Secret Med Spa - Houston","Houston","2","Mederna Aesthetic & Wellness Medical Center","231","4.9","0.6","https://www.google.com/maps/search/?api=1&query=Mederna%20Aesthetic%20%26%20Wellness%20Medical%20Center&query_place_id=ChIJh4kKVA3HQIYRWCZ5zbsvFj8"
"It's A Secret Med Spa - Houston","Houston","3","The Skin Clinic","178","4.9","0.83","https://www.google.com/maps/search/?api=1&query=The%20Skin%20Clinic&query_place_id=ChIJXfIVOr7BQIYRpFlfFIutMNE"
"Westlake Dermatology & Cosmetic Surgery - Round Rock","Round Rock","1","Allure Laser & Day Spa","283","4.9","0.93","https://www.google.com/maps/search/?api=1&query=Allure%20Laser%20%26%20Day%20Spa&query_place_id=ChIJW-I2dI7RRIYR9b6gOM4UKPY"
"Westlake Dermatology & Cosmetic Surgery - Round Rock","Round Rock","2","Smooth Aesthetics","250","5.0","1.52","https://www.google.com/maps/search/?api=1&query=Smooth%20Aesthetics&query_place_id=ChIJRahdHpTTRIYRtUYBkZD2fsM"
"Westlake Dermatology & Cosmetic Surgery - Round Rock","Round Rock","3","Organica Aesthetics","78","4.8","1.6","https://www.google.com/maps/search/?api=1&query=Organica%20Aesthetics&query_place_id=ChIJ1S6xlistW4YRWYIDcDZ18wo"
"Beautique Medical Anti-Aging","Knoxville","1","Dolce Medical Spa","864","4.9","0.13","https://www.google.com/maps/search/?api=1&query=Dolce%20Medical%20Spa&query_place_id=ChIJI21zx0UvXIgR9JHGZaISSOg"
"Beautique Medical Anti-Aging","Knoxville","2","Jessica Ellam Medical Aesthetics","447","5.0","0.49","https://www.google.com/maps/search/?api=1&query=Jessica%20Ellam%20Medical%20Aesthetics&query_place_id=ChIJCRd--p8lXIgR4ZKngMdIC2Y"
"Beautique Medical Anti-Aging","Knoxville","3","Culture Aesthetics & Wellness","283","5.0","1.33","https://www.google.com/maps/search/?api=1&query=Culture%20Aesthetics%20%26%20Wellness&query_place_id=ChIJg_h4Ol9qFk4RoRg9S94T6ak"
"Persona Medical Spa","Houston","1","PurA Medical Aesthetics","891","5.0","0.9","https://www.google.com/maps/search/?api=1&query=PurA%20Medical%20Aesthetics&query_place_id=ChIJY9j7YBzBQIYRzzmH-lzMprE"
"Persona Medical Spa","Houston","2","OVME","208","4.7","0.14","https://www.google.com/maps/search/?api=1&query=OVME&query_place_id=ChIJK8imxazBQIYRbQaRbM5P-Wg"
"Persona Medical Spa","Houston","3","Sousan Med Spa","169","4.8","1.04","https://www.google.com/maps/search/?api=1&query=Sousan%20Med%20Spa&query_place_id=ChIJ9wx4lxbBQIYRqkl36M6CIq8"
"Amora Med Spa","Houston","1","Sisu Clinic Houston","434","4.9","0.57","https://www.google.com/maps/search/?api=1&query=Sisu%20Clinic%20Houston&query_place_id=ChIJmQjKANG_QIYRISoichEUJJ8"
"Amora Med Spa","Houston","2","ZO Skin Centre Houston","238","4.9","1.62","https://www.google.com/maps/search/?api=1&query=ZO%20Skin%20Centre%20Houston&query_place_id=ChIJLyiiPY7BQIYR1_Glq19lX5Q"
"Amora Med Spa","Houston","3","Nia Aesthetics MD","220","5.0","0.46","https://www.google.com/maps/search/?api=1&query=Nia%20Aesthetics%20MD&query_place_id=ChIJv_jykvS_QIYRMdS4mBpUFJg"
"Montrose Med Spa","Houston","1","Sisu Clinic Houston","434","4.9","0.7","https://www.google.com/maps/search/?api=1&query=Sisu%20Clinic%20Houston&query_place_id=ChIJmQjKANG_QIYRISoichEUJJ8"
"Montrose Med Spa","Houston","2","Nia Aesthetics MD","220","5.0","0.89","https://www.google.com/maps/search/?api=1&query=Nia%20Aesthetics%20MD&query_place_id=ChIJv_jykvS_QIYRMdS4mBpUFJg"
"Montrose Med Spa","Houston","3","OVME","208","4.7","1.05","https://www.google.com/maps/search/?api=1&query=OVME&query_place_id=ChIJK8imxazBQIYRbQaRbM5P-Wg"
"Harmony Med Spa","Sarasota","1","Bowtique Med Spa","395","4.8","0.74","https://www.google.com/maps/search/?api=1&query=Bowtique%20Med%20Spa&query_place_id=ChIJjRwpr4VBw4gRXOza3A_PJQA"
"Harmony Med Spa","Sarasota","2","Cosmetic Skin & Laser Center","260","4.9","2.87","https://www.google.com/maps/search/?api=1&query=Cosmetic%20Skin%20%26%20Laser%20Center&query_place_id=ChIJQfcd1FJAw4gRQOxlbF3UpMo"
"Harmony Med Spa","Sarasota","3","Aire MedSpa","217","5.0","1.27","https://www.google.com/maps/search/?api=1&query=Aire%20MedSpa&query_place_id=ChIJ8T6Q8NNBw4gRAuZfToLYwro"
"New You Med Spa","Houston","1","PurA Medical Aesthetics","891","5.0","2.46","https://www.google.com/maps/search/?api=1&query=PurA%20Medical%20Aesthetics&query_place_id=ChIJY9j7YBzBQIYRzzmH-lzMprE"
"New You Med Spa","Houston","2","Glow Medical Aesthetics","235","4.9","2.02","https://www.google.com/maps/search/?api=1&query=Glow%20Medical%20Aesthetics&query_place_id=ChIJrerdWEnAQIYRZs5i7Hk26yw"
"New You Med Spa","Houston","3","Nia Aesthetics MD","220","5.0","3.08","https://www.google.com/maps/search/?api=1&query=Nia%20Aesthetics%20MD&query_place_id=ChIJv_jykvS_QIYRMdS4mBpUFJg"
"The Total You Medical Spa","Houston","1","Hi Beautiful Aesthetics","439","4.8","4.25","https://www.google.com/maps/search/?api=1&query=Hi%20Beautiful%20Aesthetics&query_place_id=ChIJuy9pdCrDQIYRrwt2oraHarA"
"The Total You Medical Spa","Houston","2","Derma Theory","238","5.0","6.7","https://www.google.com/maps/search/?api=1&query=Derma%20Theory&query_place_id=ChIJKVY4aFfDQIYRuhJcZLNTvTQ"
"The Total You Medical Spa","Houston","3","Skin 101 Medical Spa","182","4.8","0.97","https://www.google.com/maps/search/?api=1&query=Skin%20101%20Medical%20Spa&query_place_id=ChIJuxNyZ5TEQIYREuDj3K-DOw4"
"Artavi Med Spa- Dr. Tarina Desai, MD","Houston","1","Dream Aesthetics Medspa","441","5.0","0.76","https://www.google.com/maps/search/?api=1&query=Dream%20Aesthetics%20Medspa&query_place_id=ChIJKYvA1SPHQIYR56YOfaFfGjw"
"Artavi Med Spa- Dr. Tarina Desai, MD","Houston","2","Mederna Aesthetic & Wellness Medical Center","231","4.9","1.05","https://www.google.com/maps/search/?api=1&query=Mederna%20Aesthetic%20%26%20Wellness%20Medical%20Center&query_place_id=ChIJh4kKVA3HQIYRWCZ5zbsvFj8"
"Artavi Med Spa- Dr. Tarina Desai, MD","Houston","3","The Skin Clinic","178","4.9","0.61","https://www.google.com/maps/search/?api=1&query=The%20Skin%20Clinic&query_place_id=ChIJXfIVOr7BQIYRpFlfFIutMNE"
"Glow Medspa Houston","Houston","1","Skinful Aesthetics","316","4.9","1.25","https://www.google.com/maps/search/?api=1&query=Skinful%20Aesthetics&query_place_id=ChIJa0ktmWzBQIYR8QXNNUPor5k"
"Glow Medspa Houston","Houston","2","NakedMD Med Spa Houston","258","4.9","1.34","https://www.google.com/maps/search/?api=1&query=NakedMD%20Med%20Spa%20Houston&query_place_id=ChIJVfPHazPBQIYRwBO3mLEUYFQ"
"Glow Medspa Houston","Houston","3","River Oaks Galleria Medspa","210","4.9","0.5","https://www.google.com/maps/search/?api=1&query=River%20Oaks%20Galleria%20Medspa&query_place_id=ChIJr95seR_BQIYRXertdTuXvVM"
"Sousan Med Spa","Houston","1","Skinful Aesthetics","316","4.9","0.26","https://www.google.com/maps/search/?api=1&query=Skinful%20Aesthetics&query_place_id=ChIJa0ktmWzBQIYR8QXNNUPor5k"
"Sousan Med Spa","Houston","2","NakedMD Med Spa Houston","258","4.9","0.25","https://www.google.com/maps/search/?api=1&query=NakedMD%20Med%20Spa%20Houston&query_place_id=ChIJVfPHazPBQIYRwBO3mLEUYFQ"
"Sousan Med Spa","Houston","3","OVME","208","4.7","0.91","https://www.google.com/maps/search/?api=1&query=OVME&query_place_id=ChIJK8imxazBQIYRbQaRbM5P-Wg"
"Smooth Aesthetics","Round Rock","1","Ginger Allure MedSpa","191","4.9","0.38","https://www.google.com/maps/search/?api=1&query=Ginger%20Allure%20MedSpa&query_place_id=ChIJMQJXhavRRIYRIkwJHW5O5Gw"
"Smooth Aesthetics","Round Rock","2","Organica Aesthetics","78","4.8","0.18","https://www.google.com/maps/search/?api=1&query=Organica%20Aesthetics&query_place_id=ChIJ1S6xlistW4YRWYIDcDZ18wo"
"Smooth Aesthetics","Round Rock","3","Beauty Intelligence","44","4.9","0.32","https://www.google.com/maps/search/?api=1&query=Beauty%20Intelligence&query_place_id=ChIJt6Qg_IjRRIYRzaULeXQnbQA"
"SRQ Med Spa","Sarasota","1","SkinSpirit Sarasota","112","5.0","0.49","https://www.google.com/maps/search/?api=1&query=SkinSpirit%20Sarasota&query_place_id=ChIJVbXSRG1Bw4gRY12huXcLSmA"
"SRQ Med Spa","Sarasota","2","Healthy Way MedSpa","97","4.8","0.31","https://www.google.com/maps/search/?api=1&query=Healthy%20Way%20MedSpa&query_place_id=ChIJh801Dm9Aw4gRhqCqQzx4uYc"
"SRQ Med Spa","Sarasota","3","Rejuvenate 528 Regenerative Aesthetics Medical Spa","75","4.9","0.27","https://www.google.com/maps/search/?api=1&query=Rejuvenate%20528%20Regenerative%20Aesthetics%20Medical%20Spa&query_place_id=ChIJLTUJdEZBw4gRBY_YiUq2rrA"
"The Aesthetic Center","Sarasota","1","Sarasota Plastic Surgery Center & Med Spa","371","4.9","1.01","https://www.google.com/maps/search/?api=1&query=Sarasota%20Plastic%20Surgery%20Center%20%26%20Med%20Spa&query_place_id=ChIJ5ezS4U9Aw4gReviEy-6ifpc"
"The Aesthetic Center","Sarasota","2","Vita Aesthetics","227","5.0","1.31","https://www.google.com/maps/search/?api=1&query=Vita%20Aesthetics&query_place_id=ChIJuU6YSIJBw4gR_1ucqL7rgI4"
"The Aesthetic Center","Sarasota","3","Sarasota Facial Aesthetics","147","4.9","1.13","https://www.google.com/maps/search/?api=1&query=Sarasota%20Facial%20Aesthetics&query_place_id=ChIJkwrODERAw4gR1ASl1vzDdPg"
"Sarasota Facial Aesthetics","Sarasota","1","Sarasota Plastic Surgery Center & Med Spa","371","4.9","0.38","https://www.google.com/maps/search/?api=1&query=Sarasota%20Plastic%20Surgery%20Center%20%26%20Med%20Spa&query_place_id=ChIJ5ezS4U9Aw4gReviEy-6ifpc"
"Sarasota Facial Aesthetics","Sarasota","2","The Aesthetic Center","194","4.9","1.13","https://www.google.com/maps/search/?api=1&query=The%20Aesthetic%20Center&query_place_id=ChIJp9PVyG1Aw4gRKx8H6j60Gxs"
"Sarasota Facial Aesthetics","Sarasota","3","Beauty Lounge Med Spa","115","5.0","0.55","https://www.google.com/maps/search/?api=1&query=Beauty%20Lounge%20Med%20Spa&query_place_id=ChIJKRJ8Kc5Bw4gR2qn9sA0D0q0"
"Lakewood Ranch Aesthetics and Wellness","Sarasota","1","Elite Medical Spa of Sarasota","725","4.9","3.22","https://www.google.com/maps/search/?api=1&query=Elite%20Medical%20Spa%20of%20Sarasota&query_place_id=ChIJ-U36vN9Gw4gROCMgbVbdrwk"
"Lakewood Ranch Aesthetics and Wellness","Sarasota","2","Vita Aesthetics","227","5.0","5.71","https://www.google.com/maps/search/?api=1&query=Vita%20Aesthetics&query_place_id=ChIJuU6YSIJBw4gR_1ucqL7rgI4"
"Lakewood Ranch Aesthetics and Wellness","Sarasota","3","Mermaid Med Spa","136","4.9","2.65","https://www.google.com/maps/search/?api=1&query=Mermaid%20Med%20Spa&query_place_id=ChIJ9aR5sFk5w4gRmTlKKju1dw8"
"MD Aesthetica MedSpa","Houston","1","Hi Beautiful Aesthetics","439","4.8","3.35","https://www.google.com/maps/search/?api=1&query=Hi%20Beautiful%20Aesthetics&query_place_id=ChIJuy9pdCrDQIYRrwt2oraHarA"
"MD Aesthetica MedSpa","Houston","2","Renud Med Spa","308","4.9","3.82","https://www.google.com/maps/search/?api=1&query=Renud%20Med%20Spa&query_place_id=ChIJN2aE-hTBQIYRZhLibK-xCjQ"
"MD Aesthetica MedSpa","Houston","3","Queen Aesthetics","208","5.0","3.87","https://www.google.com/maps/search/?api=1&query=Queen%20Aesthetics&query_place_id=ChIJ7Rb6SS3BQIYRbj-tCh_7N7E"
"Bowtique Med Spa","Sarasota","1","Cosmetic Skin & Laser Center","260","4.9","2.38","https://www.google.com/maps/search/?api=1&query=Cosmetic%20Skin%20%26%20Laser%20Center&query_place_id=ChIJQfcd1FJAw4gRQOxlbF3UpMo"
"Bowtique Med Spa","Sarasota","2","Aire MedSpa","217","5.0","1.99","https://www.google.com/maps/search/?api=1&query=Aire%20MedSpa&query_place_id=ChIJ8T6Q8NNBw4gRAuZfToLYwro"
"Bowtique Med Spa","Sarasota","3","RMI Med Spa","205","4.9","2.13","https://www.google.com/maps/search/?api=1&query=RMI%20Med%20Spa&query_place_id=ChIJz8Jt529Aw4gRJlIkfygjlj0"
"Cosmetic Skin & Laser Center","Sarasota","1","Sarasota Plastic Surgery Center & Med Spa","371","4.9","0.99","https://www.google.com/maps/search/?api=1&query=Sarasota%20Plastic%20Surgery%20Center%20%26%20Med%20Spa&query_place_id=ChIJ5ezS4U9Aw4gReviEy-6ifpc"
"Cosmetic Skin & Laser Center","Sarasota","2","Sarasota Facial Aesthetics","147","4.9","1.32","https://www.google.com/maps/search/?api=1&query=Sarasota%20Facial%20Aesthetics&query_place_id=ChIJkwrODERAw4gR1ASl1vzDdPg"
"Cosmetic Skin & Laser Center","Sarasota","3","Beauty Lounge Med Spa","115","5.0","0.77","https://www.google.com/maps/search/?api=1&query=Beauty%20Lounge%20Med%20Spa&query_place_id=ChIJKRJ8Kc5Bw4gR2qn9sA0D0q0"
"RMI Med Spa","Sarasota","1","Bowtique Med Spa","395","4.8","2.13","https://www.google.com/maps/search/?api=1&query=Bowtique%20Med%20Spa&query_place_id=ChIJjRwpr4VBw4gRXOza3A_PJQA"
"RMI Med Spa","Sarasota","2","Aire MedSpa","217","5.0","1.16","https://www.google.com/maps/search/?api=1&query=Aire%20MedSpa&query_place_id=ChIJ8T6Q8NNBw4gRAuZfToLYwro"
"RMI Med Spa","Sarasota","3","Harmony Med Spa","164","5.0","1.68","https://www.google.com/maps/search/?api=1&query=Harmony%20Med%20Spa&query_place_id=ChIJUdByUGdBw4gRrFwruukx7Fc"
"PurA Medical Aesthetics","Houston","1","Nia Aesthetics MD","220","5.0","1.41","https://www.google.com/maps/search/?api=1&query=Nia%20Aesthetics%20MD&query_place_id=ChIJv_jykvS_QIYRMdS4mBpUFJg"
"PurA Medical Aesthetics","Houston","2","OVME","208","4.7","0.92","https://www.google.com/maps/search/?api=1&query=OVME&query_place_id=ChIJK8imxazBQIYRbQaRbM5P-Wg"
"PurA Medical Aesthetics","Houston","3","Persona Medical Spa","146","4.7","0.9","https://www.google.com/maps/search/?api=1&query=Persona%20Medical%20Spa&query_place_id=ChIJb8lQPO3AQIYRVwknJdrPmFY"
"Royal Aesthetics & Injectables","Phoenix","1","NakedMD Med Spa Phoenix","589","4.9","1.21","https://www.google.com/maps/search/?api=1&query=NakedMD%20Med%20Spa%20Phoenix&query_place_id=ChIJD7i-uQgTK4cR6aK9Fvplcuw"
"Royal Aesthetics & Injectables","Phoenix","2","Morph Aesthetics","197","5.0","0.9","https://www.google.com/maps/search/?api=1&query=Morph%20Aesthetics&query_place_id=ChIJGY6t0PgTK4cRAioPuzv5cTg"
"Royal Aesthetics & Injectables","Phoenix","3","Rise Aesthetics","171","5.0","0.17","https://www.google.com/maps/search/?api=1&query=Rise%20Aesthetics&query_place_id=ChIJmU1p4VITK4cRZ5dMqP0upww"
"XIM Aesthetics LLC","Phoenix","1","NakedMD Med Spa Phoenix","589","4.9","2.15","https://www.google.com/maps/search/?api=1&query=NakedMD%20Med%20Spa%20Phoenix&query_place_id=ChIJD7i-uQgTK4cR6aK9Fvplcuw"
"XIM Aesthetics LLC","Phoenix","2","Royal Aesthetics & Injectables","193","5.0","2.23","https://www.google.com/maps/search/?api=1&query=Royal%20Aesthetics%20%26%20Injectables&query_place_id=ChIJGwPOOkYTK4cR8Nz-SBcyzSo"
"XIM Aesthetics LLC","Phoenix","3","Rise Aesthetics","171","5.0","2.37","https://www.google.com/maps/search/?api=1&query=Rise%20Aesthetics&query_place_id=ChIJmU1p4VITK4cRZ5dMqP0upww"
"Metropolitan Med Spa","Houston","1","Glow Medspa Houston","421","4.7","1.14","https://www.google.com/maps/search/?api=1&query=Glow%20Medspa%20Houston&query_place_id=ChIJ1Ws29V7BQIYRitqq8aWriQA"
"Metropolitan Med Spa","Houston","2","Galleria Aesthetics and Wellness","281","4.8","0.72","https://www.google.com/maps/search/?api=1&query=Galleria%20Aesthetics%20and%20Wellness&query_place_id=ChIJ8ZwATWTBQIYRDDFvSI-MUIw"
"Metropolitan Med Spa","Houston","3","Derma Theory","238","5.0","1.09","https://www.google.com/maps/search/?api=1&query=Derma%20Theory&query_place_id=ChIJKVY4aFfDQIYRuhJcZLNTvTQ"
"Suddenly Slimmer Med Spa","Phoenix","1","Look Lab Med Spa | Arcadia","1374","5.0","0.3","https://www.google.com/maps/search/?api=1&query=Look%20Lab%20Med%20Spa%20%7C%20Arcadia&query_place_id=ChIJ7W_7DE4NK4cRPVhHcleilcY"
"Suddenly Slimmer Med Spa","Phoenix","2","Med 44 Arcadia","242","5.0","1.55","https://www.google.com/maps/search/?api=1&query=Med%2044%20Arcadia&query_place_id=ChIJN5NhDRxzK4cRf8Cf3UOMa8c"
"Suddenly Slimmer Med Spa","Phoenix","3","Vibrant Skin Bar","152","5.0","1.24","https://www.google.com/maps/search/?api=1&query=Vibrant%20Skin%20Bar&query_place_id=ChIJs5AnX6gNK4cRSHMppJE1zek"
"Chelsea Vacca Medical Aesthetics | Sarasota Botox Fillers Microneedling CO2 Laser Tattoo Removal","Sarasota","1","SRQ Med Spa","167","5.0","0.66","https://www.google.com/maps/search/?api=1&query=SRQ%20Med%20Spa&query_place_id=ChIJTdU7zcxBw4gR7sS7bZw_Wmw"
"Chelsea Vacca Medical Aesthetics | Sarasota Botox Fillers Microneedling CO2 Laser Tattoo Removal","Sarasota","2","SkinSpirit Sarasota","112","5.0","0.17","https://www.google.com/maps/search/?api=1&query=SkinSpirit%20Sarasota&query_place_id=ChIJVbXSRG1Bw4gRY12huXcLSmA"
"Chelsea Vacca Medical Aesthetics | Sarasota Botox Fillers Microneedling CO2 Laser Tattoo Removal","Sarasota","3","Healthy Way MedSpa","97","4.8","0.69","https://www.google.com/maps/search/?api=1&query=Healthy%20Way%20MedSpa&query_place_id=ChIJh801Dm9Aw4gRhqCqQzx4uYc"
"Sarasota Plastic Surgery Center & Med Spa","Sarasota","1","Cosmetic Skin & Laser Center","260","4.9","0.99","https://www.google.com/maps/search/?api=1&query=Cosmetic%20Skin%20%26%20Laser%20Center&query_place_id=ChIJQfcd1FJAw4gRQOxlbF3UpMo"
"Sarasota Plastic Surgery Center & Med Spa","Sarasota","2","The Aesthetic Center","194","4.9","1.01","https://www.google.com/maps/search/?api=1&query=The%20Aesthetic%20Center&query_place_id=ChIJp9PVyG1Aw4gRKx8H6j60Gxs"
"Sarasota Plastic Surgery Center & Med Spa","Sarasota","3","Sarasota Facial Aesthetics","147","4.9","0.38","https://www.google.com/maps/search/?api=1&query=Sarasota%20Facial%20Aesthetics&query_place_id=ChIJkwrODERAw4gR1ASl1vzDdPg"
"Torstveit Medical Aesthetics + TMA Med Spa","Phoenix","1","NakedMD Med Spa Phoenix","589","4.9","0.51","https://www.google.com/maps/search/?api=1&query=NakedMD%20Med%20Spa%20Phoenix&query_place_id=ChIJD7i-uQgTK4cR6aK9Fvplcuw"
"Torstveit Medical Aesthetics + TMA Med Spa","Phoenix","2","Morph Aesthetics","197","5.0","1.05","https://www.google.com/maps/search/?api=1&query=Morph%20Aesthetics&query_place_id=ChIJGY6t0PgTK4cRAioPuzv5cTg"
"Torstveit Medical Aesthetics + TMA Med Spa","Phoenix","3","Royal Aesthetics & Injectables","193","5.0","0.9","https://www.google.com/maps/search/?api=1&query=Royal%20Aesthetics%20%26%20Injectables&query_place_id=ChIJGwPOOkYTK4cR8Nz-SBcyzSo"
"Morph Aesthetics","Phoenix","1","NakedMD Med Spa Phoenix","589","4.9","0.92","https://www.google.com/maps/search/?api=1&query=NakedMD%20Med%20Spa%20Phoenix&query_place_id=ChIJD7i-uQgTK4cR6aK9Fvplcuw"
"Morph Aesthetics","Phoenix","2","Royal Aesthetics & Injectables","193","5.0","0.9","https://www.google.com/maps/search/?api=1&query=Royal%20Aesthetics%20%26%20Injectables&query_place_id=ChIJGwPOOkYTK4cR8Nz-SBcyzSo"
"Morph Aesthetics","Phoenix","3","Rise Aesthetics","171","5.0","0.76","https://www.google.com/maps/search/?api=1&query=Rise%20Aesthetics&query_place_id=ChIJmU1p4VITK4cRZ5dMqP0upww"
"Nu'u Aesthetics","Phoenix","1","NakedMD Med Spa Phoenix","589","4.9","3.31","https://www.google.com/maps/search/?api=1&query=NakedMD%20Med%20Spa%20Phoenix&query_place_id=ChIJD7i-uQgTK4cR6aK9Fvplcuw"
"Nu'u Aesthetics","Phoenix","2","Royal Aesthetics & Injectables","193","5.0","3.18","https://www.google.com/maps/search/?api=1&query=Royal%20Aesthetics%20%26%20Injectables&query_place_id=ChIJGwPOOkYTK4cR8Nz-SBcyzSo"
"Nu'u Aesthetics","Phoenix","3","Rise Aesthetics","171","5.0","3.34","https://www.google.com/maps/search/?api=1&query=Rise%20Aesthetics&query_place_id=ChIJmU1p4VITK4cRZ5dMqP0upww"
"Sculpt AZ Medspa","Phoenix","1","Med 44 Arcadia","242","5.0","2.24","https://www.google.com/maps/search/?api=1&query=Med%2044%20Arcadia&query_place_id=ChIJN5NhDRxzK4cRf8Cf3UOMa8c"
"Sculpt AZ Medspa","Phoenix","2","Morph Aesthetics","197","5.0","2.29","https://www.google.com/maps/search/?api=1&query=Morph%20Aesthetics&query_place_id=ChIJGY6t0PgTK4cRAioPuzv5cTg"
"Sculpt AZ Medspa","Phoenix","3","NK Aesthetics","159","5.0","2.16","https://www.google.com/maps/search/?api=1&query=NK%20Aesthetics&query_place_id=ChIJfWpRykp1K4cReixuGnS9OCc"
"Dream Aesthetics Medspa","Houston","1","It's A Secret Med Spa - Houston","306","4.4","1.05","https://www.google.com/maps/search/?api=1&query=It's%20A%20Secret%20Med%20Spa%20-%20Houston&query_place_id=ChIJMfQFrNnBQIYRW_nnk3ZXkQw"
"Dream Aesthetics Medspa","Houston","2","Artavi Med Spa- Dr. Tarina Desai, MD","254","4.8","0.76","https://www.google.com/maps/search/?api=1&query=Artavi%20Med%20Spa-%20Dr.%20Tarina%20Desai%2C%20MD&query_place_id=ChIJme6xWynHQIYR7dJ0BUmD7is"
"Dream Aesthetics Medspa","Houston","3","NIMS Medspa","90","4.6","0.72","https://www.google.com/maps/search/?api=1&query=NIMS%20Medspa&query_place_id=ChIJUYjCZFu_QIYRLdFlCDiUAOQ"
"It's A Secret Med Spa - Phoenix","Phoenix","1","Suddenly Slimmer Med Spa","1066","4.7","1.35","https://www.google.com/maps/search/?api=1&query=Suddenly%20Slimmer%20Med%20Spa&query_place_id=ChIJSZSt8agNK4cR1cB4JqjhqsM"
"It's A Secret Med Spa - Phoenix","Phoenix","2","NakedMD Med Spa Phoenix","589","4.9","1.04","https://www.google.com/maps/search/?api=1&query=NakedMD%20Med%20Spa%20Phoenix&query_place_id=ChIJD7i-uQgTK4cR6aK9Fvplcuw"
"It's A Secret Med Spa - Phoenix","Phoenix","3","Morph Aesthetics","197","5.0","1.45","https://www.google.com/maps/search/?api=1&query=Morph%20Aesthetics&query_place_id=ChIJGY6t0PgTK4cRAioPuzv5cTg"
"Restore Hyper Wellness","Dedham","1","SkinCare Physicians","460","4.6","6.42","https://www.google.com/maps/search/?api=1&query=SkinCare%20Physicians&query_place_id=ChIJzdGLZe1444kR_yIMi4jcCRs"
"Restore Hyper Wellness","Dedham","2","Joseph A Russo MD","407","4.9","6.23","https://www.google.com/maps/search/?api=1&query=Joseph%20A%20Russo%20MD&query_place_id=ChIJjywWOHWC44kRF-9J7WA7WOo"
"Restore Hyper Wellness","Dedham","3","Restore Hyper Wellness","235","4.9","6.16","https://www.google.com/maps/search/?api=1&query=Restore%20Hyper%20Wellness&query_place_id=ChIJmw6-MRGD44kRNRmObW8-CCQ"
"Restore Hyper Wellness","Lynnfield","1","Age-less Weigh-less","601","5.0","6.54","https://www.google.com/maps/search/?api=1&query=Age-less%20Weigh-less&query_place_id=ChIJ98w5HxR144kR28sAmXiyPR0"
"Restore Hyper Wellness","Lynnfield","2","VIO Med Spa - Burlington","429","4.9","9.25","https://www.google.com/maps/search/?api=1&query=VIO%20Med%20Spa%20-%20Burlington&query_place_id=ChIJ2REhlxOf44kRStgnlWi6VFE"
"Restore Hyper Wellness","Lynnfield","3","Sono Bello Boston","266","4.0","6.54","https://www.google.com/maps/search/?api=1&query=Sono%20Bello%20Boston&query_place_id=ChIJNeuokRZ144kRAAgD_Zgq0vI"
"Restore Hyper Wellness","Hingham","1","GlamourLash Beauty Lounge","112","4.8","5.25","https://www.google.com/maps/search/?api=1&query=GlamourLash%20Beauty%20Lounge&query_place_id=ChIJEYeCUaR944kRFL1YlFOxMjE"
"Radiance Medspa","Avon","1","Samara MedSpa Avon","391","4.8","0.23","https://www.google.com/maps/search/?api=1&query=Samara%20MedSpa%20Avon&query_place_id=ChIJk-BzR5Cv54kR7Z17Hetyy7Q"
"Radiance Medspa","Avon","2","Restore Hyper Wellness","235","4.8","6.04","https://www.google.com/maps/search/?api=1&query=Restore%20Hyper%20Wellness&query_place_id=ChIJJz8FzBmr54kRG5sXBzUU2eM"
"Radiance Medspa","Avon","3","Radiant Beauty & Health West Hartford","155","4.5","6.88","https://www.google.com/maps/search/?api=1&query=Radiant%20Beauty%20%26%20Health%20West%20Hartford&query_place_id=ChIJa8bXNjat54kREgEKacMzm5A"
"Restore Hyper Wellness","Somerville","1","Skin Spa New York - Back Bay","381","4.8","2.98","https://www.google.com/maps/search/?api=1&query=Skin%20Spa%20New%20York%20-%20Back%20Bay&query_place_id=ChIJo9Y9lw9644kRR5soqeEBYyk"
"Restore Hyper Wellness","Somerville","2","Skin Spa New York North Station","231","4.9","2.13","https://www.google.com/maps/search/?api=1&query=Skin%20Spa%20New%20York%20North%20Station&query_place_id=ChIJt9-1WaNx44kRW_oKLlcxNv4"
"Restore Hyper Wellness","Somerville","3","Skin Laundry - Arsenal Yards","174","4.7","4.53","https://www.google.com/maps/search/?api=1&query=Skin%20Laundry%20-%20Arsenal%20Yards&query_place_id=ChIJqZGGMTF544kRTKEh3BLF8ks"
"Restore Hyper Wellness","West Hartford","1","Samara MedSpa Avon","391","4.8","6.27","https://www.google.com/maps/search/?api=1&query=Samara%20MedSpa%20Avon&query_place_id=ChIJk-BzR5Cv54kR7Z17Hetyy7Q"
"Restore Hyper Wellness","West Hartford","2","Jackie La Croix","173","5.0","8.74","https://www.google.com/maps/search/?api=1&query=Jackie%20La%20Croix&query_place_id=ChIJnWor4SRR5okRdIq9dyYrciI"
"Restore Hyper Wellness","West Hartford","3","Radiant Beauty & Health West Hartford","155","4.5","1.44","https://www.google.com/maps/search/?api=1&query=Radiant%20Beauty%20%26%20Health%20West%20Hartford&query_place_id=ChIJa8bXNjat54kREgEKacMzm5A"
"Restore Hyper Wellness","Newton","1","SkinCare Physicians","460","4.6","2.29","https://www.google.com/maps/search/?api=1&query=SkinCare%20Physicians&query_place_id=ChIJzdGLZe1444kR_yIMi4jcCRs"
"Restore Hyper Wellness","Newton","2","Joseph A Russo MD","407","4.9","0.93","https://www.google.com/maps/search/?api=1&query=Joseph%20A%20Russo%20MD&query_place_id=ChIJjywWOHWC44kRF-9J7WA7WOo"
"Restore Hyper Wellness","Newton","3","Skin Spa New York - Back Bay","381","4.8","6.86","https://www.google.com/maps/search/?api=1&query=Skin%20Spa%20New%20York%20-%20Back%20Bay&query_place_id=ChIJo9Y9lw9644kRR5soqeEBYyk"
"Restore Hyper Wellness","Stamford","1","Beautiful Body & Face Spa","43","5.0","4.9","https://www.google.com/maps/search/?api=1&query=Beautiful%20Body%20%26%20Face%20Spa&query_place_id=ChIJpfA3OIyYwokR-JmXK0GvKFM"
"Restore Hyper Wellness","Stamford","2","Lil Brit of Wax and Facials","42","5.0","4.57","https://www.google.com/maps/search/?api=1&query=Lil%20Brit%20of%20Wax%20and%20Facials&query_place_id=ChIJIT-eQc5x54gR_q2TSGthy1Q"
"Innova MedSpa","Phoenix","1","Royal Aesthetics & Injectables","193","5.0","2.36","https://www.google.com/maps/search/?api=1&query=Royal%20Aesthetics%20%26%20Injectables&query_place_id=ChIJGwPOOkYTK4cR8Nz-SBcyzSo"
"Innova MedSpa","Phoenix","2","Rise Aesthetics","171","5.0","2.35","https://www.google.com/maps/search/?api=1&query=Rise%20Aesthetics&query_place_id=ChIJmU1p4VITK4cRZ5dMqP0upww"
"Innova MedSpa","Phoenix","3","NK Aesthetics","159","5.0","2.64","https://www.google.com/maps/search/?api=1&query=NK%20Aesthetics&query_place_id=ChIJfWpRykp1K4cReixuGnS9OCc"
"Med 44 Arcadia","Phoenix","1","Look Lab Med Spa | Arcadia","1374","5.0","1.3","https://www.google.com/maps/search/?api=1&query=Look%20Lab%20Med%20Spa%20%7C%20Arcadia&query_place_id=ChIJ7W_7DE4NK4cRPVhHcleilcY"
"Med 44 Arcadia","Phoenix","2","Suddenly Slimmer Med Spa","1066","4.7","1.55","https://www.google.com/maps/search/?api=1&query=Suddenly%20Slimmer%20Med%20Spa&query_place_id=ChIJSZSt8agNK4cR1cB4JqjhqsM"
"Med 44 Arcadia","Phoenix","3","Sculpt AZ Medspa","167","5.0","2.24","https://www.google.com/maps/search/?api=1&query=Sculpt%20AZ%20Medspa&query_place_id=ChIJQ33hNI0NK4cRHUc6lJtGe8M"
"Moon Valley Medspa","Phoenix","1","NK Aesthetics","159","5.0","5.76","https://www.google.com/maps/search/?api=1&query=NK%20Aesthetics&query_place_id=ChIJfWpRykp1K4cReixuGnS9OCc"
"Moon Valley Medspa","Phoenix","2","SkinSpirit Paradise Valley","146","5.0","5.14","https://www.google.com/maps/search/?api=1&query=SkinSpirit%20Paradise%20Valley&query_place_id=ChIJ5QRQrzdzK4cRFD963dhqTJU"
"Moon Valley Medspa","Phoenix","3","Uptown Medispa","74","4.8","5.03","https://www.google.com/maps/search/?api=1&query=Uptown%20Medispa&query_place_id=ChIJ_4kDqZhyK4cRc8FMw2dsywU"
"Reveille Botox and Beyond","San Antonio","1","Stadia Medical Spa","1200","4.9","5.31","https://www.google.com/maps/search/?api=1&query=Stadia%20Medical%20Spa&query_place_id=ChIJyQVZIkJnXIYRqlvaKUJ1p_8"
"Reveille Botox and Beyond","San Antonio","2","The Lotus | Aesthetics And Wellness","427","5.0","3.22","https://www.google.com/maps/search/?api=1&query=The%20Lotus%20%7C%20Aesthetics%20And%20Wellness&query_place_id=ChIJY_MBh41oXIYR6B5RcQwvRBw"
"Reveille Botox and Beyond","San Antonio","3","Schön Medical Aesthetics","140","5.0","0.07","https://www.google.com/maps/search/?api=1&query=Sch%C3%B6n%20Medical%20Aesthetics&query_place_id=ChIJD13BMvhpXIYRpiY7sbqWmjo"
"The Injection Room - Eilan","San Antonio","1","Jovem Medspa","553","4.9","3.72","https://www.google.com/maps/search/?api=1&query=Jovem%20Medspa&query_place_id=ChIJoWcBxvVlXIYRviTLWQVTvA8"
"The Injection Room - Eilan","San Antonio","2","Cutella Medical Spa","415","5.0","0.47","https://www.google.com/maps/search/?api=1&query=Cutella%20Medical%20Spa&query_place_id=ChIJR0h_0W5lXIYRI2BegPQQisw"
"The Injection Room - Eilan","San Antonio","3","It's A Secret Med Spa","277","4.8","1.03","https://www.google.com/maps/search/?api=1&query=It's%20A%20Secret%20Med%20Spa&query_place_id=ChIJ5RBQioRlXIYRZhzytxHhVmc"
"The Skin Elite","Castle Hills","1","Nova Aesthetics","1074","4.9","1.38","https://www.google.com/maps/search/?api=1&query=Nova%20Aesthetics&query_place_id=ChIJx_Tb2t9fXIYRahXoMqq3EqI"
"The Skin Elite","Castle Hills","2","Anew You Medical Aesthetics and Total Wellness Center","234","4.1","3.3","https://www.google.com/maps/search/?api=1&query=Anew%20You%20Medical%20Aesthetics%20and%20Total%20Wellness%20Center&query_place_id=ChIJ4eI-aRdhXIYRYwPkYvmeIps"
"The Skin Elite","Castle Hills","3","The Heights Plastic Surgery Med Spa","173","4.9","3.6","https://www.google.com/maps/search/?api=1&query=The%20Heights%20Plastic%20Surgery%20Med%20Spa&query_place_id=ChIJI_lDEKj1XIYRl3WzAw7pHzk"
"The Injection Room - South Flores","San Antonio","1","Khronos MedSpa & Laser","481","5.0","2.54","https://www.google.com/maps/search/?api=1&query=Khronos%20MedSpa%20%26%20Laser&query_place_id=ChIJkTaRGUGLXIYR5-h_7VDWNMQ"
"The Injection Room - South Flores","San Antonio","2","DermaTouch RN","334","4.9","1.86","https://www.google.com/maps/search/?api=1&query=DermaTouch%20RN&query_place_id=ChIJfXgwDHxfXIYRkMUqShN5a9w"
"The Injection Room - South Flores","San Antonio","3","The Heights Plastic Surgery Med Spa","173","4.9","6.68","https://www.google.com/maps/search/?api=1&query=The%20Heights%20Plastic%20Surgery%20Med%20Spa&query_place_id=ChIJI_lDEKj1XIYRl3WzAw7pHzk"
"The Heights Plastic Surgery Med Spa","San Antonio","1","Nova Aesthetics","1074","4.9","2.4","https://www.google.com/maps/search/?api=1&query=Nova%20Aesthetics&query_place_id=ChIJx_Tb2t9fXIYRahXoMqq3EqI"
"The Heights Plastic Surgery Med Spa","San Antonio","2","MEDICTECH SPA - MED SPA","521","4.9","0.09","https://www.google.com/maps/search/?api=1&query=MEDICTECH%20SPA%20-%20MED%20SPA&query_place_id=ChIJz5bMzFVlXIYR8CmO1u6ov2I"
"The Heights Plastic Surgery Med Spa","San Antonio","3","The Skin Elite","347","4.9","3.6","https://www.google.com/maps/search/?api=1&query=The%20Skin%20Elite&query_place_id=ChIJmy-gR5VhXIYRQsqj1r2KbQY"
"Azul Cosmetic Surgery and Medical Spa | Sarasota","Sarasota","1","Elite Medical Spa of Sarasota","725","4.9","3.23","https://www.google.com/maps/search/?api=1&query=Elite%20Medical%20Spa%20of%20Sarasota&query_place_id=ChIJ-U36vN9Gw4gROCMgbVbdrwk"
"Azul Cosmetic Surgery and Medical Spa | Sarasota","Sarasota","2","Vita Aesthetics","227","5.0","5.75","https://www.google.com/maps/search/?api=1&query=Vita%20Aesthetics&query_place_id=ChIJuU6YSIJBw4gR_1ucqL7rgI4"
"Azul Cosmetic Surgery and Medical Spa | Sarasota","Sarasota","3","Mermaid Med Spa","136","4.9","2.6","https://www.google.com/maps/search/?api=1&query=Mermaid%20Med%20Spa&query_place_id=ChIJ9aR5sFk5w4gRmTlKKju1dw8"
"Moderne Medical Aesthetics","Scottsdale","1","The Flawless Lab - Medspa","974","5.0","1.99","https://www.google.com/maps/search/?api=1&query=The%20Flawless%20Lab%20-%20Medspa&query_place_id=ChIJj4M5Wtl1K4cRszC5SHIMXmI"
"Moderne Medical Aesthetics","Scottsdale","2","ZONA MED SPA","532","4.9","0.81","https://www.google.com/maps/search/?api=1&query=ZONA%20MED%20SPA&query_place_id=ChIJjxdkLbF1K4cRNnlutvnLeNo"
"Moderne Medical Aesthetics","Scottsdale","3","Aesthetic Assets","349","5.0","2.0","https://www.google.com/maps/search/?api=1&query=Aesthetic%20Assets&query_place_id=ChIJDadBk8J1K4cR5jyyYh9Mb3k"
"The Skin Atelier","San Antonio","1","Nova Aesthetics","1074","4.9","2.06","https://www.google.com/maps/search/?api=1&query=Nova%20Aesthetics&query_place_id=ChIJx_Tb2t9fXIYRahXoMqq3EqI"
"The Skin Atelier","San Antonio","2","MEDICTECH SPA - MED SPA","521","4.9","0.43","https://www.google.com/maps/search/?api=1&query=MEDICTECH%20SPA%20-%20MED%20SPA&query_place_id=ChIJz5bMzFVlXIYR8CmO1u6ov2I"
"The Skin Atelier","San Antonio","3","The Skin Elite","347","4.9","3.28","https://www.google.com/maps/search/?api=1&query=The%20Skin%20Elite&query_place_id=ChIJmy-gR5VhXIYRQsqj1r2KbQY"
"Spa Black","San Antonio","1","Stadia Medical Spa","1200","4.9","1.73","https://www.google.com/maps/search/?api=1&query=Stadia%20Medical%20Spa&query_place_id=ChIJyQVZIkJnXIYRqlvaKUJ1p_8"
"Spa Black","San Antonio","2","The Skin Elite","347","4.9","4.18","https://www.google.com/maps/search/?api=1&query=The%20Skin%20Elite&query_place_id=ChIJmy-gR5VhXIYRQsqj1r2KbQY"
"Spa Black","San Antonio","3","Haus Of Aesthetics Med Spa LLC","128","5.0","1.05","https://www.google.com/maps/search/?api=1&query=Haus%20Of%20Aesthetics%20Med%20Spa%20LLC&query_place_id=ChIJTTCYxGllXIYRx-pAhIpu37o"
"BabyFace Scottsdale Med Spa","Scottsdale","1","Look Lab Med Spa | Scottsdale","900","5.0","0.21","https://www.google.com/maps/search/?api=1&query=Look%20Lab%20Med%20Spa%20%7C%20Scottsdale&query_place_id=ChIJE67SOed3K4cRwcUEE76smvo"
"BabyFace Scottsdale Med Spa","Scottsdale","2","MDSkin Lounge","398","4.9","3.29","https://www.google.com/maps/search/?api=1&query=MDSkin%20Lounge&query_place_id=ChIJJWT-J3R2K4cRIgpX3TB0iQc"
"BabyFace Scottsdale Med Spa","Scottsdale","3","Arizona Aesthetics | Hair Restoration & Stem Cell Therapy","343","4.8","1.78","https://www.google.com/maps/search/?api=1&query=Arizona%20Aesthetics%20%7C%20Hair%20Restoration%20%26%20Stem%20Cell%20Therapy&query_place_id=ChIJG-5iAxF3K4cRBz9Ze_n3rhk"
"Arizona Aesthetics | Hair Restoration & Stem Cell Therapy","Scottsdale","1","Look Lab Med Spa | Scottsdale","900","5.0","1.65","https://www.google.com/maps/search/?api=1&query=Look%20Lab%20Med%20Spa%20%7C%20Scottsdale&query_place_id=ChIJE67SOed3K4cRwcUEE76smvo"
"Arizona Aesthetics | Hair Restoration & Stem Cell Therapy","Scottsdale","2","MDSkin Lounge","398","4.9","3.73","https://www.google.com/maps/search/?api=1&query=MDSkin%20Lounge&query_place_id=ChIJJWT-J3R2K4cRIgpX3TB0iQc"
"Arizona Aesthetics | Hair Restoration & Stem Cell Therapy","Scottsdale","3","Adam & Eve Medical Aesthetics","269","4.9","4.8","https://www.google.com/maps/search/?api=1&query=Adam%20%26%20Eve%20Medical%20Aesthetics&query_place_id=ChIJCR9OjgxzK4cRgXA_fkXgiH0"
"Institute of Aesthetics, Beauty & Wellness","Scottsdale","1","The Flawless Lab - Medspa","974","5.0","0.24","https://www.google.com/maps/search/?api=1&query=The%20Flawless%20Lab%20-%20Medspa&query_place_id=ChIJj4M5Wtl1K4cRszC5SHIMXmI"
"Institute of Aesthetics, Beauty & Wellness","Scottsdale","2","Moderne Medical Aesthetics","387","5.0","2.23","https://www.google.com/maps/search/?api=1&query=Moderne%20Medical%20Aesthetics&query_place_id=ChIJ1crMr5t1K4cRLBvisIXatXc"
"Institute of Aesthetics, Beauty & Wellness","Scottsdale","3","Amplified Beauty","326","4.8","2.17","https://www.google.com/maps/search/?api=1&query=Amplified%20Beauty&query_place_id=ChIJ0bTtHFELK4cR7N6jc8uy7Vo"
"NK Aesthetics","Phoenix","1","Morph Aesthetics","197","5.0","1.92","https://www.google.com/maps/search/?api=1&query=Morph%20Aesthetics&query_place_id=ChIJGY6t0PgTK4cRAioPuzv5cTg"
"NK Aesthetics","Phoenix","2","Rise Aesthetics","171","5.0","2.24","https://www.google.com/maps/search/?api=1&query=Rise%20Aesthetics&query_place_id=ChIJmU1p4VITK4cRZ5dMqP0upww"
"NK Aesthetics","Phoenix","3","Sculpt AZ Medspa","167","5.0","2.16","https://www.google.com/maps/search/?api=1&query=Sculpt%20AZ%20Medspa&query_place_id=ChIJQ33hNI0NK4cRHUc6lJtGe8M"
"Believe Aesthetics & Wellness","San Antonio","1","Esthetica Medspa San Antonio","1065","4.7","2.17","https://www.google.com/maps/search/?api=1&query=Esthetica%20Medspa%20San%20Antonio&query_place_id=ChIJt66jjiBiXIYR7wWuiysa0BI"
"Believe Aesthetics & Wellness","San Antonio","2","Jules Aesthetics & Wellness","408","5.0","2.05","https://www.google.com/maps/search/?api=1&query=Jules%20Aesthetics%20%26%20Wellness&query_place_id=ChIJH5dRZSBhXIYR-tGzsA7jvN8"
"Believe Aesthetics & Wellness","San Antonio","3","Anew You Medical Aesthetics and Total Wellness Center","234","4.1","1.91","https://www.google.com/maps/search/?api=1&query=Anew%20You%20Medical%20Aesthetics%20and%20Total%20Wellness%20Center&query_place_id=ChIJ4eI-aRdhXIYRYwPkYvmeIps"
"Nude Aesthetics Med Spa Scottsdale","Scottsdale","1","Alani Skin MD","681","4.8","0.38","https://www.google.com/maps/search/?api=1&query=Alani%20Skin%20MD&query_place_id=ChIJ8RNrhMALK4cRcckWf5NYpUQ"
"Nude Aesthetics Med Spa Scottsdale","Scottsdale","2","Skin Beautiful","562","5.0","0.09","https://www.google.com/maps/search/?api=1&query=Skin%20Beautiful&query_place_id=ChIJrUiWzqELK4cReuPmmhd_Gg0"
"Nude Aesthetics Med Spa Scottsdale","Scottsdale","3","The Perfect Secret Med Spa","543","5.0","0.48","https://www.google.com/maps/search/?api=1&query=The%20Perfect%20Secret%20Med%20Spa&query_place_id=ChIJoxcu0fZ1K4cRflxDm7fM5Z8"
"Elite Medspa Scottsdale","Scottsdale","1","Clear Dermatology & Aesthetics Center - Paradise Valley","831","4.9","0.63","https://www.google.com/maps/search/?api=1&query=Clear%20Dermatology%20%26%20Aesthetics%20Center%20-%20Paradise%20Valley&query_place_id=ChIJz-YIcTMLK4cR-5fTPcoLGwk"
"Elite Medspa Scottsdale","Scottsdale","2","Esthetic Finesse","553","5.0","1.57","https://www.google.com/maps/search/?api=1&query=Esthetic%20Finesse&query_place_id=ChIJVVVFcHQLK4cR0tkTHotF6U8"
"Elite Medspa Scottsdale","Scottsdale","3","Perfect Dose","427","5.0","0.45","https://www.google.com/maps/search/?api=1&query=Perfect%20Dose&query_place_id=ChIJxwDKvDgLK4cRvAL6MjKaTDU"
"Center for Aesthetic and Laser Medicine Scottsdale","Scottsdale","1","Inside Out Aesthetics","1003","5.0","0.46","https://www.google.com/maps/search/?api=1&query=Inside%20Out%20Aesthetics&query_place_id=ChIJL6hYI-10K4cRRHL6cIwrUpw"
"Center for Aesthetic and Laser Medicine Scottsdale","Scottsdale","2","Scottsdale Sculpt","169","4.9","1.37","https://www.google.com/maps/search/?api=1&query=Scottsdale%20Sculpt&query_place_id=ChIJRWnhv0V1K4cRoK4sttNeya0"
"Center for Aesthetic and Laser Medicine Scottsdale","Scottsdale","3","Esthetic Solutions Med Spa","99","4.8","0.52","https://www.google.com/maps/search/?api=1&query=Esthetic%20Solutions%20Med%20Spa&query_place_id=ChIJUcI8UqILK4cRxvZNBdV6bmQ"
"Glo Medspa","Scottsdale","1","Inside Out Aesthetics","1003","5.0","0.19","https://www.google.com/maps/search/?api=1&query=Inside%20Out%20Aesthetics&query_place_id=ChIJL6hYI-10K4cRRHL6cIwrUpw"
"Glo Medspa","Scottsdale","2","Center for Aesthetic and Laser Medicine Scottsdale","333","4.9","0.47","https://www.google.com/maps/search/?api=1&query=Center%20for%20Aesthetic%20and%20Laser%20Medicine%20Scottsdale&query_place_id=ChIJpfG4Z4d1K4cR8jVMvTAHVLI"
"Glo Medspa","Scottsdale","3","Scottsdale Sculpt","169","4.9","1.1","https://www.google.com/maps/search/?api=1&query=Scottsdale%20Sculpt&query_place_id=ChIJRWnhv0V1K4cRoK4sttNeya0"
"Franco Wellness & Aesthetics - Scottsdale AZ","Scottsdale","1","Alani Skin MD","681","4.8","0.25","https://www.google.com/maps/search/?api=1&query=Alani%20Skin%20MD&query_place_id=ChIJ8RNrhMALK4cRcckWf5NYpUQ"
"Franco Wellness & Aesthetics - Scottsdale AZ","Scottsdale","2","The Perfect Secret Med Spa","543","5.0","0.16","https://www.google.com/maps/search/?api=1&query=The%20Perfect%20Secret%20Med%20Spa&query_place_id=ChIJoxcu0fZ1K4cRflxDm7fM5Z8"
"Franco Wellness & Aesthetics - Scottsdale AZ","Scottsdale","3","Young Again Cosmetic Injections","528","5.0","0.36","https://www.google.com/maps/search/?api=1&query=Young%20Again%20Cosmetic%20Injections&query_place_id=ChIJo5CRjKkLK4cRsaiubQxac1A"
"DermaTouch RN","San Antonio","1","The Injection Room - South Flores","485","4.8","1.86","https://www.google.com/maps/search/?api=1&query=The%20Injection%20Room%20-%20South%20Flores&query_place_id=ChIJCTy9wzBZXIYRBxf7Y_IUr_w"
"DermaTouch RN","San Antonio","2","Khronos MedSpa & Laser","481","5.0","0.71","https://www.google.com/maps/search/?api=1&query=Khronos%20MedSpa%20%26%20Laser&query_place_id=ChIJkTaRGUGLXIYR5-h_7VDWNMQ"
"DermaTouch RN","San Antonio","3","The Heights Plastic Surgery Med Spa","173","4.9","4.87","https://www.google.com/maps/search/?api=1&query=The%20Heights%20Plastic%20Surgery%20Med%20Spa&query_place_id=ChIJI_lDEKj1XIYRl3WzAw7pHzk"
"Profile Aesthetics","Scottsdale","1","ZONA MED SPA","532","4.9","0.34","https://www.google.com/maps/search/?api=1&query=ZONA%20MED%20SPA&query_place_id=ChIJjxdkLbF1K4cRNnlutvnLeNo"
"Profile Aesthetics","Scottsdale","2","Moderne Medical Aesthetics","387","5.0","0.57","https://www.google.com/maps/search/?api=1&query=Moderne%20Medical%20Aesthetics&query_place_id=ChIJ1crMr5t1K4cRLBvisIXatXc"
"Profile Aesthetics","Scottsdale","3","Aesthetic Assets","349","5.0","1.58","https://www.google.com/maps/search/?api=1&query=Aesthetic%20Assets&query_place_id=ChIJDadBk8J1K4cR5jyyYh9Mb3k"
"Alani Skin MD","Scottsdale","1","Nude Aesthetics Med Spa Scottsdale","566","5.0","0.38","https://www.google.com/maps/search/?api=1&query=Nude%20Aesthetics%20Med%20Spa%20Scottsdale&query_place_id=ChIJAQbQIFcLK4cR47SvV1eWuz0"
"Alani Skin MD","Scottsdale","2","The Perfect Secret Med Spa","543","5.0","0.13","https://www.google.com/maps/search/?api=1&query=The%20Perfect%20Secret%20Med%20Spa&query_place_id=ChIJoxcu0fZ1K4cRflxDm7fM5Z8"
"Alani Skin MD","Scottsdale","3","Young Again Cosmetic Injections","528","5.0","0.24","https://www.google.com/maps/search/?api=1&query=Young%20Again%20Cosmetic%20Injections&query_place_id=ChIJo5CRjKkLK4cRsaiubQxac1A"
"Blume Skin & Body","Scottsdale","1","The Flawless Lab - Medspa","974","5.0","2.29","https://www.google.com/maps/search/?api=1&query=The%20Flawless%20Lab%20-%20Medspa&query_place_id=ChIJj4M5Wtl1K4cRszC5SHIMXmI"
"Blume Skin & Body","Scottsdale","2","Look Lab Med Spa | Scottsdale","900","5.0","3.68","https://www.google.com/maps/search/?api=1&query=Look%20Lab%20Med%20Spa%20%7C%20Scottsdale&query_place_id=ChIJE67SOed3K4cRwcUEE76smvo"
"Blume Skin & Body","Scottsdale","3","MDSkin Lounge","398","4.9","0.7","https://www.google.com/maps/search/?api=1&query=MDSkin%20Lounge&query_place_id=ChIJJWT-J3R2K4cRIgpX3TB0iQc"
"NEOS Med Spa Tempe","Tempe","1","Perfect Skin Center","478","4.8","1.07","https://www.google.com/maps/search/?api=1&query=Perfect%20Skin%20Center&query_place_id=ChIJ4WcyGBoHK4cRdOj9W4QIqSA"
"NEOS Med Spa Tempe","Tempe","2","Dolce Medical Spa - Tempe","385","5.0","0.13","https://www.google.com/maps/search/?api=1&query=Dolce%20Medical%20Spa%20-%20Tempe&query_place_id=ChIJ6b-1k1oHK4cRhQdXP1lUy58"
"NEOS Med Spa Tempe","Tempe","3","Derma Health Skin & Laser","369","4.8","1.25","https://www.google.com/maps/search/?api=1&query=Derma%20Health%20Skin%20%26%20Laser&query_place_id=ChIJ88WStRAHK4cRepYivLUeK5s"
"Adam & Eve Medical Aesthetics","Scottsdale","1","Look Lab Med Spa | Scottsdale","900","5.0","5.21","https://www.google.com/maps/search/?api=1&query=Look%20Lab%20Med%20Spa%20%7C%20Scottsdale&query_place_id=ChIJE67SOed3K4cRwcUEE76smvo"
"Adam & Eve Medical Aesthetics","Scottsdale","2","MDSkin Lounge","398","4.9","8.28","https://www.google.com/maps/search/?api=1&query=MDSkin%20Lounge&query_place_id=ChIJJWT-J3R2K4cRIgpX3TB0iQc"
"Adam & Eve Medical Aesthetics","Scottsdale","3","Arizona Aesthetics | Hair Restoration & Stem Cell Therapy","343","4.8","4.8","https://www.google.com/maps/search/?api=1&query=Arizona%20Aesthetics%20%7C%20Hair%20Restoration%20%26%20Stem%20Cell%20Therapy&query_place_id=ChIJG-5iAxF3K4cRBz9Ze_n3rhk"
"Your Endless Wellness","Tempe","1","Elemental Aesthetics","184","5.0","2.47","https://www.google.com/maps/search/?api=1&query=Elemental%20Aesthetics&query_place_id=ChIJ-2Z24ysJK4cRRK3aZQZdBhk"
"Your Endless Wellness","Tempe","2","Affordable Laser & Skin","175","4.9","0.23","https://www.google.com/maps/search/?api=1&query=Affordable%20Laser%20%26%20Skin&query_place_id=ChIJ5xcrMeUIK4cRCYtpFXYhnXo"
"Your Endless Wellness","Tempe","3","Feel Young Again Aesthetics","21","5.0","0.23","https://www.google.com/maps/search/?api=1&query=Feel%20Young%20Again%20Aesthetics&query_place_id=ChIJmRJRaikHK4cRB91RPr8SaOk"
"Elite Medical Beauty","Tempe","1","Dolce Medical Spa - Tempe","385","5.0","1.21","https://www.google.com/maps/search/?api=1&query=Dolce%20Medical%20Spa%20-%20Tempe&query_place_id=ChIJ6b-1k1oHK4cRhQdXP1lUy58"
"Elite Medical Beauty","Tempe","2","NEOS Med Spa Tempe","165","4.9","1.19","https://www.google.com/maps/search/?api=1&query=NEOS%20Med%20Spa%20Tempe&query_place_id=ChIJZQNqe-QGK4cRIl2lrkObM2s"
"Elite Medical Beauty","Tempe","3","Lavish Beauty RN","92","5.0","0.69","https://www.google.com/maps/search/?api=1&query=Lavish%20Beauty%20RN&query_place_id=ChIJ4fYlrcoHK4cRZ3MkrNj8fy4"
"ZONA MED SPA","Scottsdale","1","Moderne Medical Aesthetics","387","5.0","0.81","https://www.google.com/maps/search/?api=1&query=Moderne%20Medical%20Aesthetics&query_place_id=ChIJ1crMr5t1K4cRLBvisIXatXc"
"ZONA MED SPA","Scottsdale","2","Aesthetic Assets","349","5.0","1.24","https://www.google.com/maps/search/?api=1&query=Aesthetic%20Assets&query_place_id=ChIJDadBk8J1K4cR5jyyYh9Mb3k"
"ZONA MED SPA","Scottsdale","3","Amplified Beauty","326","4.8","0.84","https://www.google.com/maps/search/?api=1&query=Amplified%20Beauty&query_place_id=ChIJ0bTtHFELK4cR7N6jc8uy7Vo"
"Inside Out Aesthetics","Scottsdale","1","Center for Aesthetic and Laser Medicine Scottsdale","333","4.9","0.46","https://www.google.com/maps/search/?api=1&query=Center%20for%20Aesthetic%20and%20Laser%20Medicine%20Scottsdale&query_place_id=ChIJpfG4Z4d1K4cR8jVMvTAHVLI"
"Inside Out Aesthetics","Scottsdale","2","Scottsdale Sculpt","169","4.9","1.28","https://www.google.com/maps/search/?api=1&query=Scottsdale%20Sculpt&query_place_id=ChIJRWnhv0V1K4cRoK4sttNeya0"
"Inside Out Aesthetics","Scottsdale","3","Esthetic Solutions Med Spa","99","4.8","0.58","https://www.google.com/maps/search/?api=1&query=Esthetic%20Solutions%20Med%20Spa&query_place_id=ChIJUcI8UqILK4cRxvZNBdV6bmQ"
"Bella Medspa Arizona","Tempe","1","Vivi Esthetics LLC","68","5.0","0.04","https://www.google.com/maps/search/?api=1&query=Vivi%20Esthetics%20LLC&query_place_id=ChIJWX5cQCJTKocR5AsMJfYZ5Hw"
"Bella Medspa Arizona","Tempe","2","BBY Aesthetics Lip Blush Studio","63","4.9","0.67","https://www.google.com/maps/search/?api=1&query=BBY%20Aesthetics%20Lip%20Blush%20Studio&query_place_id=ChIJ1xBIOSwIK4cRnxIm5NhSMgY"
"Bella Medspa Arizona","Tempe","3","Innovation skin care","54","4.7","0.02","https://www.google.com/maps/search/?api=1&query=Innovation%20skin%20care&query_place_id=ChIJQbeHA7gIK4cRBN-4kXkJXP4"
"Vivi Esthetics LLC","Tempe","1","Bella Medspa Arizona","275","5.0","0.04","https://www.google.com/maps/search/?api=1&query=Bella%20Medspa%20Arizona&query_place_id=ChIJ_buRg0oFK4cR0X5ywSnDbRc"
"Vivi Esthetics LLC","Tempe","2","BBY Aesthetics Lip Blush Studio","63","4.9","0.65","https://www.google.com/maps/search/?api=1&query=BBY%20Aesthetics%20Lip%20Blush%20Studio&query_place_id=ChIJ1xBIOSwIK4cRnxIm5NhSMgY"
"Vivi Esthetics LLC","Tempe","3","Innovation skin care","54","4.7","0.06","https://www.google.com/maps/search/?api=1&query=Innovation%20skin%20care&query_place_id=ChIJQbeHA7gIK4cRBN-4kXkJXP4"
"Perfect Skin Center","Tempe","1","Dolce Medical Spa - Tempe","385","5.0","1.15","https://www.google.com/maps/search/?api=1&query=Dolce%20Medical%20Spa%20-%20Tempe&query_place_id=ChIJ6b-1k1oHK4cRhQdXP1lUy58"
"Perfect Skin Center","Tempe","2","Derma Health Skin & Laser","369","4.8","0.19","https://www.google.com/maps/search/?api=1&query=Derma%20Health%20Skin%20%26%20Laser&query_place_id=ChIJ88WStRAHK4cRepYivLUeK5s"
"Perfect Skin Center","Tempe","3","NEOS Med Spa Tempe","165","4.9","1.07","https://www.google.com/maps/search/?api=1&query=NEOS%20Med%20Spa%20Tempe&query_place_id=ChIJZQNqe-QGK4cRIl2lrkObM2s"
"Affordable Laser & Skin","Tempe","1","Elemental Aesthetics","184","5.0","2.57","https://www.google.com/maps/search/?api=1&query=Elemental%20Aesthetics&query_place_id=ChIJ-2Z24ysJK4cRRK3aZQZdBhk"
"Affordable Laser & Skin","Tempe","2","Your Endless Wellness","64","4.9","0.23","https://www.google.com/maps/search/?api=1&query=Your%20Endless%20Wellness&query_place_id=ChIJi9UjoegNK4cRCwYAI-AST3Q"
"Affordable Laser & Skin","Tempe","3","Derma Liax Aesthetics LLC.","23","5.0","2.74","https://www.google.com/maps/search/?api=1&query=Derma%20Liax%20Aesthetics%20LLC.&query_place_id=ChIJ_dlm8wINK4cRTJ5LqgL3bDY"
"Breathe Medical Aesthetics, LLC","Chandler","1","CurateMD Skin Bar and Wellness Clinic","378","5.0","2.35","https://www.google.com/maps/search/?api=1&query=CurateMD%20Skin%20Bar%20and%20Wellness%20Clinic&query_place_id=ChIJb4fVWWwBK4cRBsfadTuTLLw"
"Breathe Medical Aesthetics, LLC","Chandler","2","Beauty Elements","183","4.9","0.81","https://www.google.com/maps/search/?api=1&query=Beauty%20Elements&query_place_id=ChIJR-YRYwwBK4cRFrb7CziQlsk"
"Breathe Medical Aesthetics, LLC","Chandler","3","Precision Skin Studio","93","5.0","0.4","https://www.google.com/maps/search/?api=1&query=Precision%20Skin%20Studio&query_place_id=ChIJ7y6djHgBK4cRjssyHI0-LmQ"
"Scottsdale Med Spa","Scottsdale","1","Alani Skin MD","681","4.8","0.36","https://www.google.com/maps/search/?api=1&query=Alani%20Skin%20MD&query_place_id=ChIJ8RNrhMALK4cRcckWf5NYpUQ"
"Scottsdale Med Spa","Scottsdale","2","Nude Aesthetics Med Spa Scottsdale","566","5.0","0.4","https://www.google.com/maps/search/?api=1&query=Nude%20Aesthetics%20Med%20Spa%20Scottsdale&query_place_id=ChIJAQbQIFcLK4cR47SvV1eWuz0"
"Scottsdale Med Spa","Scottsdale","3","Skin Beautiful","562","5.0","0.4","https://www.google.com/maps/search/?api=1&query=Skin%20Beautiful&query_place_id=ChIJrUiWzqELK4cReuPmmhd_Gg0"
"Flawless Faces MedSpa Chandler Botox, Lip Fillers And Laser Hair Removal","Chandler","1","CurateMD Skin Bar and Wellness Clinic","378","5.0","0.46","https://www.google.com/maps/search/?api=1&query=CurateMD%20Skin%20Bar%20and%20Wellness%20Clinic&query_place_id=ChIJb4fVWWwBK4cRBsfadTuTLLw"
"Flawless Faces MedSpa Chandler Botox, Lip Fillers And Laser Hair Removal","Chandler","2","Precision Skin Studio","93","5.0","2.54","https://www.google.com/maps/search/?api=1&query=Precision%20Skin%20Studio&query_place_id=ChIJ7y6djHgBK4cRjssyHI0-LmQ"
"Flawless Faces MedSpa Chandler Botox, Lip Fillers And Laser Hair Removal","Chandler","3","Uptown Medispa","72","5.0","1.65","https://www.google.com/maps/search/?api=1&query=Uptown%20Medispa&query_place_id=ChIJYRlSdc4BK4cRSJtHJbln5-Y"
"Uptown Medispa","Chandler","1","Flawless Faces MedSpa Chandler Botox, Lip Fillers And Laser Hair Removal","512","5.0","1.65","https://www.google.com/maps/search/?api=1&query=Flawless%20Faces%20MedSpa%20Chandler%20Botox%2C%20Lip%20Fillers%20And%20Laser%20Hair%20Removal&query_place_id=ChIJQYPDoT4BK4cRYuQriHQM3uQ"
"Uptown Medispa","Chandler","2","CurateMD Skin Bar and Wellness Clinic","378","5.0","2.1","https://www.google.com/maps/search/?api=1&query=CurateMD%20Skin%20Bar%20and%20Wellness%20Clinic&query_place_id=ChIJb4fVWWwBK4cRBsfadTuTLLw"
"Uptown Medispa","Chandler","3","Breeze Med Spa","253","4.9","4.02","https://www.google.com/maps/search/?api=1&query=Breeze%20Med%20Spa&query_place_id=ChIJu9kSDfkdKW8RJB6PbtF9sms"
"Chandler Med Spa PLLC","Chandler","1","LaVida MedSpa – Chandler","1120","4.9","3.52","https://www.google.com/maps/search/?api=1&query=LaVida%20MedSpa%20%E2%80%93%20Chandler&query_place_id=ChIJY8ic4RWrK4cRqpx3253rUMY"
"Chandler Med Spa PLLC","Chandler","2","Flawless Faces MedSpa Chandler Botox, Lip Fillers And Laser Hair Removal","512","5.0","3.34","https://www.google.com/maps/search/?api=1&query=Flawless%20Faces%20MedSpa%20Chandler%20Botox%2C%20Lip%20Fillers%20And%20Laser%20Hair%20Removal&query_place_id=ChIJQYPDoT4BK4cRYuQriHQM3uQ"
"Chandler Med Spa PLLC","Chandler","3","Breeze Med Spa","253","4.9","2.71","https://www.google.com/maps/search/?api=1&query=Breeze%20Med%20Spa&query_place_id=ChIJu9kSDfkdKW8RJB6PbtF9sms"
"Laserderm MedSpa LLC","Franklin","1","Franklin Skin and Laser","461","4.9","0.08","https://www.google.com/maps/search/?api=1&query=Franklin%20Skin%20and%20Laser&query_place_id=ChIJo_XkQyB_ZIgRZFfJpHSf0bQ"
"Laserderm MedSpa LLC","Franklin","2","Schaffer Skin","138","5.0","0.25","https://www.google.com/maps/search/?api=1&query=Schaffer%20Skin&query_place_id=ChIJ9RA0BWh5ZIgRKKtr6pmFUL8"
"Laserderm MedSpa LLC","Franklin","3","REGEN Society Aesthetics + Wellness","126","5.0","0.27","https://www.google.com/maps/search/?api=1&query=REGEN%20Society%20Aesthetics%20%2B%20Wellness&query_place_id=ChIJifcTaq17ZIgRpgHqOFEccuk"
"LaVida MedSpa – Chandler","Chandler","1","URBAN Medical - Gilbert, Arizona","309","5.0","2.59","https://www.google.com/maps/search/?api=1&query=URBAN%20Medical%20-%20Gilbert%2C%20Arizona&query_place_id=ChIJs_23sG6rK4cR1x5cf-7CB2E"
"LaVida MedSpa – Chandler","Chandler","2","Breeze Med Spa","253","4.9","1.2","https://www.google.com/maps/search/?api=1&query=Breeze%20Med%20Spa&query_place_id=ChIJu9kSDfkdKW8RJB6PbtF9sms"
"LaVida MedSpa – Chandler","Chandler","3","Honor Aesthetics and Wellness","134","5.0","0.18","https://www.google.com/maps/search/?api=1&query=Honor%20Aesthetics%20and%20Wellness&query_place_id=ChIJKwodxMmrK4cR3IAhRAiNfkc"
"Honor Aesthetics and Wellness","Chandler","1","LaVida MedSpa – Chandler","1120","4.9","0.18","https://www.google.com/maps/search/?api=1&query=LaVida%20MedSpa%20%E2%80%93%20Chandler&query_place_id=ChIJY8ic4RWrK4cRqpx3253rUMY"
"Honor Aesthetics and Wellness","Chandler","2","Breeze Med Spa","253","4.9","1.03","https://www.google.com/maps/search/?api=1&query=Breeze%20Med%20Spa&query_place_id=ChIJu9kSDfkdKW8RJB6PbtF9sms"
"Honor Aesthetics and Wellness","Chandler","3","SkinWay Medspa","140","5.0","2.66","https://www.google.com/maps/search/?api=1&query=SkinWay%20Medspa&query_place_id=ChIJk12IZ42tK4cRFYPpiEdhxKo"
"Elemental Aesthetics","Mesa","1","Affordable Laser & Skin","175","4.9","2.57","https://www.google.com/maps/search/?api=1&query=Affordable%20Laser%20%26%20Skin&query_place_id=ChIJ5xcrMeUIK4cRCYtpFXYhnXo"
"Elemental Aesthetics","Mesa","2","Hush Rx","123","5.0","2.56","https://www.google.com/maps/search/?api=1&query=Hush%20Rx&query_place_id=ChIJR_82q-ypK4cR8MKLuJiIJPU"
"Elemental Aesthetics","Mesa","3","Your Endless Wellness","64","4.9","2.47","https://www.google.com/maps/search/?api=1&query=Your%20Endless%20Wellness&query_place_id=ChIJi9UjoegNK4cRCwYAI-AST3Q"
"Hush Rx","Chandler","1","Perfect Skin Center","478","4.8","2.02","https://www.google.com/maps/search/?api=1&query=Perfect%20Skin%20Center&query_place_id=ChIJ4WcyGBoHK4cRdOj9W4QIqSA"
"Hush Rx","Chandler","2","Derma Health Skin & Laser","369","4.8","1.84","https://www.google.com/maps/search/?api=1&query=Derma%20Health%20Skin%20%26%20Laser&query_place_id=ChIJ88WStRAHK4cRepYivLUeK5s"
"Hush Rx","Chandler","3","Raise The Bar Med Spa","238","5.0","2.24","https://www.google.com/maps/search/?api=1&query=Raise%20The%20Bar%20Med%20Spa&query_place_id=ChIJfaZ79JapK4cRuu6oXfdnogQ"
"CurateMD Skin Bar and Wellness Clinic","Chandler","1","Flawless Faces MedSpa Chandler Botox, Lip Fillers And Laser Hair Removal","512","5.0","0.46","https://www.google.com/maps/search/?api=1&query=Flawless%20Faces%20MedSpa%20Chandler%20Botox%2C%20Lip%20Fillers%20And%20Laser%20Hair%20Removal&query_place_id=ChIJQYPDoT4BK4cRYuQriHQM3uQ"
"CurateMD Skin Bar and Wellness Clinic","Chandler","2","Precision Skin Studio","93","5.0","2.14","https://www.google.com/maps/search/?api=1&query=Precision%20Skin%20Studio&query_place_id=ChIJ7y6djHgBK4cRjssyHI0-LmQ"
"CurateMD Skin Bar and Wellness Clinic","Chandler","3","Uptown Medispa","72","5.0","2.1","https://www.google.com/maps/search/?api=1&query=Uptown%20Medispa&query_place_id=ChIJYRlSdc4BK4cRSJtHJbln5-Y"
"Breeze Med Spa","Chandler","1","LaVida MedSpa – Chandler","1120","4.9","1.2","https://www.google.com/maps/search/?api=1&query=LaVida%20MedSpa%20%E2%80%93%20Chandler&query_place_id=ChIJY8ic4RWrK4cRqpx3253rUMY"
"Breeze Med Spa","Chandler","2","Honor Aesthetics and Wellness","134","5.0","1.03","https://www.google.com/maps/search/?api=1&query=Honor%20Aesthetics%20and%20Wellness&query_place_id=ChIJKwodxMmrK4cR3IAhRAiNfkc"
"Breeze Med Spa","Chandler","3","Chandler Med Spa PLLC","100","4.9","2.71","https://www.google.com/maps/search/?api=1&query=Chandler%20Med%20Spa%20PLLC&query_place_id=ChIJP29cfIRVKocRxtF2c7M7tvM"
"BBY Aesthetics Lip Blush Studio","Tempe","1","Bella Medspa Arizona","275","5.0","0.67","https://www.google.com/maps/search/?api=1&query=Bella%20Medspa%20Arizona&query_place_id=ChIJ_buRg0oFK4cR0X5ywSnDbRc"
"BBY Aesthetics Lip Blush Studio","Tempe","2","Vivi Esthetics LLC","68","5.0","0.65","https://www.google.com/maps/search/?api=1&query=Vivi%20Esthetics%20LLC&query_place_id=ChIJWX5cQCJTKocR5AsMJfYZ5Hw"
"BBY Aesthetics Lip Blush Studio","Tempe","3","Innovation skin care","54","4.7","0.68","https://www.google.com/maps/search/?api=1&query=Innovation%20skin%20care&query_place_id=ChIJQbeHA7gIK4cRBN-4kXkJXP4"
"Lavish Beauty RN","Tempe","1","Peach Skin & Laser","1420","4.9","1.65","https://www.google.com/maps/search/?api=1&query=Peach%20Skin%20%26%20Laser&query_place_id=ChIJJfR53zMHK4cRrYW8N4703so"
"Lavish Beauty RN","Tempe","2","Dolce Medical Spa - Tempe","385","5.0","1.75","https://www.google.com/maps/search/?api=1&query=Dolce%20Medical%20Spa%20-%20Tempe&query_place_id=ChIJ6b-1k1oHK4cRhQdXP1lUy58"
"Lavish Beauty RN","Tempe","3","NEOS Med Spa Tempe","165","4.9","1.78","https://www.google.com/maps/search/?api=1&query=NEOS%20Med%20Spa%20Tempe&query_place_id=ChIJZQNqe-QGK4cRIl2lrkObM2s"
"Rise Aesthetics","Phoenix","1","NakedMD Med Spa Phoenix","589","4.9","1.19","https://www.google.com/maps/search/?api=1&query=NakedMD%20Med%20Spa%20Phoenix&query_place_id=ChIJD7i-uQgTK4cR6aK9Fvplcuw"
"Rise Aesthetics","Phoenix","2","Morph Aesthetics","197","5.0","0.76","https://www.google.com/maps/search/?api=1&query=Morph%20Aesthetics&query_place_id=ChIJGY6t0PgTK4cRAioPuzv5cTg"
"Rise Aesthetics","Phoenix","3","Royal Aesthetics & Injectables","193","5.0","0.17","https://www.google.com/maps/search/?api=1&query=Royal%20Aesthetics%20%26%20Injectables&query_place_id=ChIJGwPOOkYTK4cR8Nz-SBcyzSo"
"Precision Skin Studio","Chandler","1","Beauty Elements","183","4.9","1.17","https://www.google.com/maps/search/?api=1&query=Beauty%20Elements&query_place_id=ChIJR-YRYwwBK4cRFrb7CziQlsk"
"Precision Skin Studio","Chandler","2","Breathe Medical Aesthetics, LLC","72","4.9","0.4","https://www.google.com/maps/search/?api=1&query=Breathe%20Medical%20Aesthetics%2C%20LLC&query_place_id=ChIJE0drV7kAK4cRY3_WjQ0tM0U"
"Precision Skin Studio","Chandler","3","Botox and Lip Fillers by Viso Aesthetics","31","4.8","0.33","https://www.google.com/maps/search/?api=1&query=Botox%20and%20Lip%20Fillers%20by%20Viso%20Aesthetics&query_place_id=ChIJ-YjJFsEBK4cRK8VWj4WAfFQ"
"Beauty Elements","Chandler","1","Derma Health Skin & Laser","369","4.8","1.95","https://www.google.com/maps/search/?api=1&query=Derma%20Health%20Skin%20%26%20Laser&query_place_id=ChIJ88WStRAHK4cRepYivLUeK5s"
"Beauty Elements","Chandler","2","Precision Skin Studio","93","5.0","1.17","https://www.google.com/maps/search/?api=1&query=Precision%20Skin%20Studio&query_place_id=ChIJ7y6djHgBK4cRjssyHI0-LmQ"
"Beauty Elements","Chandler","3","Breathe Medical Aesthetics, LLC","72","4.9","0.81","https://www.google.com/maps/search/?api=1&query=Breathe%20Medical%20Aesthetics%2C%20LLC&query_place_id=ChIJE0drV7kAK4cRY3_WjQ0tM0U"
"The Glam Nurse","Scottsdale","1","Alani Skin MD","681","4.8","0.2","https://www.google.com/maps/search/?api=1&query=Alani%20Skin%20MD&query_place_id=ChIJ8RNrhMALK4cRcckWf5NYpUQ"
"The Glam Nurse","Scottsdale","2","Nude Aesthetics Med Spa Scottsdale","566","5.0","0.55","https://www.google.com/maps/search/?api=1&query=Nude%20Aesthetics%20Med%20Spa%20Scottsdale&query_place_id=ChIJAQbQIFcLK4cR47SvV1eWuz0"
"The Glam Nurse","Scottsdale","3","The Perfect Secret Med Spa","543","5.0","0.22","https://www.google.com/maps/search/?api=1&query=The%20Perfect%20Secret%20Med%20Spa&query_place_id=ChIJoxcu0fZ1K4cRflxDm7fM5Z8"
"Bonita Aesthetics & Wellness","Gilbert","1","Cleanse Modern Day Spa","454","5.0","0.0","https://www.google.com/maps/search/?api=1&query=Cleanse%20Modern%20Day%20Spa&query_place_id=ChIJvbjKCMGpK4cRB3eW59LKHcQ"
"Bonita Aesthetics & Wellness","Gilbert","2","Raise The Bar Med Spa","238","5.0","2.18","https://www.google.com/maps/search/?api=1&query=Raise%20The%20Bar%20Med%20Spa&query_place_id=ChIJfaZ79JapK4cRuu6oXfdnogQ"
"Bonita Aesthetics & Wellness","Gilbert","3","Bloom AZ Med Spa","122","5.0","0.07","https://www.google.com/maps/search/?api=1&query=Bloom%20AZ%20Med%20Spa&query_place_id=ChIJV4--DP6tK4cRTnz4b0OylS0"
"Giovanni Med Spa","Gilbert","1","Heyday Skincare Gilbert","779","5.0","0.81","https://www.google.com/maps/search/?api=1&query=Heyday%20Skincare%20Gilbert&query_place_id=ChIJPTWaYFqtK4cRJEOMPJVdk2Q"
"Giovanni Med Spa","Gilbert","2","Skin Ritual","407","4.9","0.12","https://www.google.com/maps/search/?api=1&query=Skin%20Ritual&query_place_id=ChIJsRH3OCutK4cR1z8nas0I3F0"
"Giovanni Med Spa","Gilbert","3","Derma Health","348","4.9","0.51","https://www.google.com/maps/search/?api=1&query=Derma%20Health&query_place_id=ChIJf-hSFOStK4cRgKLKHKo3eGQ"
"The Glow Lab","Gilbert","1","Heyday Skincare Gilbert","779","5.0","1.6","https://www.google.com/maps/search/?api=1&query=Heyday%20Skincare%20Gilbert&query_place_id=ChIJPTWaYFqtK4cRJEOMPJVdk2Q"
"The Glow Lab","Gilbert","2","Skin Ritual","407","4.9","1.98","https://www.google.com/maps/search/?api=1&query=Skin%20Ritual&query_place_id=ChIJsRH3OCutK4cR1z8nas0I3F0"
"The Glow Lab","Gilbert","3","Derma Health","348","4.9","1.69","https://www.google.com/maps/search/?api=1&query=Derma%20Health&query_place_id=ChIJf-hSFOStK4cRgKLKHKo3eGQ"
"URBAN Medical - Gilbert, Arizona","Gilbert","1","Skin Ritual","407","4.9","1.21","https://www.google.com/maps/search/?api=1&query=Skin%20Ritual&query_place_id=ChIJsRH3OCutK4cR1z8nas0I3F0"
"URBAN Medical - Gilbert, Arizona","Gilbert","2","SKINovative","336","4.9","1.16","https://www.google.com/maps/search/?api=1&query=SKINovative&query_place_id=ChIJVZENS3GsK4cRy4tz5IAsDyU"
"URBAN Medical - Gilbert, Arizona","Gilbert","3","Giovanni Med Spa","208","4.9","1.09","https://www.google.com/maps/search/?api=1&query=Giovanni%20Med%20Spa&query_place_id=ChIJQSD9Tm-pK4cRgAvCAjU-WL0"
"Derma Health Skin & Laser","Chandler","1","Perfect Skin Center","478","4.8","0.19","https://www.google.com/maps/search/?api=1&query=Perfect%20Skin%20Center&query_place_id=ChIJ4WcyGBoHK4cRdOj9W4QIqSA"
"Derma Health Skin & Laser","Chandler","2","Dolce Medical Spa - Tempe","385","5.0","1.34","https://www.google.com/maps/search/?api=1&query=Dolce%20Medical%20Spa%20-%20Tempe&query_place_id=ChIJ6b-1k1oHK4cRhQdXP1lUy58"
"Derma Health Skin & Laser","Chandler","3","NEOS Med Spa Tempe","165","4.9","1.25","https://www.google.com/maps/search/?api=1&query=NEOS%20Med%20Spa%20Tempe&query_place_id=ChIJZQNqe-QGK4cRIl2lrkObM2s"
"Vibrant Skin Bar","Phoenix","1","Look Lab Med Spa | Arcadia","1374","5.0","0.94","https://www.google.com/maps/search/?api=1&query=Look%20Lab%20Med%20Spa%20%7C%20Arcadia&query_place_id=ChIJ7W_7DE4NK4cRPVhHcleilcY"
"Vibrant Skin Bar","Phoenix","2","Suddenly Slimmer Med Spa","1066","4.7","1.24","https://www.google.com/maps/search/?api=1&query=Suddenly%20Slimmer%20Med%20Spa&query_place_id=ChIJSZSt8agNK4cR1cB4JqjhqsM"
"Vibrant Skin Bar","Phoenix","3","Med 44 Arcadia","242","5.0","0.88","https://www.google.com/maps/search/?api=1&query=Med%2044%20Arcadia&query_place_id=ChIJN5NhDRxzK4cRf8Cf3UOMa8c"
"Bloom AZ Med Spa","Gilbert","1","Cleanse Modern Day Spa","454","5.0","0.07","https://www.google.com/maps/search/?api=1&query=Cleanse%20Modern%20Day%20Spa&query_place_id=ChIJvbjKCMGpK4cRB3eW59LKHcQ"
"Bloom AZ Med Spa","Gilbert","2","Raise The Bar Med Spa","238","5.0","2.12","https://www.google.com/maps/search/?api=1&query=Raise%20The%20Bar%20Med%20Spa&query_place_id=ChIJfaZ79JapK4cRuu6oXfdnogQ"
"Bloom AZ Med Spa","Gilbert","3","Bonita Aesthetics & Wellness","124","5.0","0.07","https://www.google.com/maps/search/?api=1&query=Bonita%20Aesthetics%20%26%20Wellness&query_place_id=ChIJJ2w36hipK4cRgEz170Rcm4Q"
"Skin Ritual","Gilbert","1","Heyday Skincare Gilbert","779","5.0","0.69","https://www.google.com/maps/search/?api=1&query=Heyday%20Skincare%20Gilbert&query_place_id=ChIJPTWaYFqtK4cRJEOMPJVdk2Q"
"Skin Ritual","Gilbert","2","Derma Health","348","4.9","0.39","https://www.google.com/maps/search/?api=1&query=Derma%20Health&query_place_id=ChIJf-hSFOStK4cRgKLKHKo3eGQ"
"Skin Ritual","Gilbert","3","SKINovative","336","4.9","0.06","https://www.google.com/maps/search/?api=1&query=SKINovative&query_place_id=ChIJVZENS3GsK4cRy4tz5IAsDyU"
"SkinWay Medspa","Gilbert","1","Skin Ritual","407","4.9","1.32","https://www.google.com/maps/search/?api=1&query=Skin%20Ritual&query_place_id=ChIJsRH3OCutK4cR1z8nas0I3F0"
"SkinWay Medspa","Gilbert","2","URBAN Medical - Gilbert, Arizona","309","5.0","1.34","https://www.google.com/maps/search/?api=1&query=URBAN%20Medical%20-%20Gilbert%2C%20Arizona&query_place_id=ChIJs_23sG6rK4cR1x5cf-7CB2E"
"SkinWay Medspa","Gilbert","3","Giovanni Med Spa","208","4.9","1.3","https://www.google.com/maps/search/?api=1&query=Giovanni%20Med%20Spa&query_place_id=ChIJQSD9Tm-pK4cRgAvCAjU-WL0"
"Kulture Aesthetics","Gilbert","1","Alani Skin MD","1394","4.9","1.67","https://www.google.com/maps/search/?api=1&query=Alani%20Skin%20MD&query_place_id=ChIJ7_30ICavK4cRdC_Yv72Dbyk"
"Kulture Aesthetics","Gilbert","2","Pure MedSpa","118","4.9","1.37","https://www.google.com/maps/search/?api=1&query=Pure%20MedSpa&query_place_id=ChIJO_CH9OepK4cRNyGvgcTQUJc"
"Kulture Aesthetics","Gilbert","3","Aesthetics AZ","70","5.0","2.51","https://www.google.com/maps/search/?api=1&query=Aesthetics%20AZ&query_place_id=ChIJ3SB-_F6_xQoRZf0dAcDMqJw"
"Pure MedSpa","Gilbert","1","Raise The Bar Med Spa","238","5.0","1.96","https://www.google.com/maps/search/?api=1&query=Raise%20The%20Bar%20Med%20Spa&query_place_id=ChIJfaZ79JapK4cRuu6oXfdnogQ"
"Pure MedSpa","Gilbert","2","Kulture Aesthetics","91","5.0","1.37","https://www.google.com/maps/search/?api=1&query=Kulture%20Aesthetics&query_place_id=ChIJE9sdshsHK4cRedehR3kcwPU"
"Pure MedSpa","Gilbert","3","LBC Aesthetics + Wellness","85","5.0","1.55","https://www.google.com/maps/search/?api=1&query=LBC%20Aesthetics%20%2B%20Wellness&query_place_id=ChIJe4uVoCevK4cR22DceroBq_0"
"Lux Injections","Gilbert","1","Heyday Skincare Gilbert","779","5.0","2.98","https://www.google.com/maps/search/?api=1&query=Heyday%20Skincare%20Gilbert&query_place_id=ChIJPTWaYFqtK4cRJEOMPJVdk2Q"
"Lux Injections","Gilbert","2","Derma Health","348","4.9","3.13","https://www.google.com/maps/search/?api=1&query=Derma%20Health&query_place_id=ChIJf-hSFOStK4cRgKLKHKo3eGQ"
"Lux Injections","Gilbert","3","The Glow Lab","236","5.0","1.48","https://www.google.com/maps/search/?api=1&query=The%20Glow%20Lab&query_place_id=ChIJPRwb77QFK4cR9pgWU2GFvc4"
"Derma Health","Gilbert","1","Heyday Skincare Gilbert","779","5.0","0.31","https://www.google.com/maps/search/?api=1&query=Heyday%20Skincare%20Gilbert&query_place_id=ChIJPTWaYFqtK4cRJEOMPJVdk2Q"
"Derma Health","Gilbert","2","Skin Ritual","407","4.9","0.39","https://www.google.com/maps/search/?api=1&query=Skin%20Ritual&query_place_id=ChIJsRH3OCutK4cR1z8nas0I3F0"
"Derma Health","Gilbert","3","SKINovative","336","4.9","0.44","https://www.google.com/maps/search/?api=1&query=SKINovative&query_place_id=ChIJVZENS3GsK4cRy4tz5IAsDyU"
"The Beauty Boss Co.","Gilbert","1","Heyday Skincare Gilbert","779","5.0","1.55","https://www.google.com/maps/search/?api=1&query=Heyday%20Skincare%20Gilbert&query_place_id=ChIJPTWaYFqtK4cRJEOMPJVdk2Q"
"The Beauty Boss Co.","Gilbert","2","Skin Ritual","407","4.9","2.23","https://www.google.com/maps/search/?api=1&query=Skin%20Ritual&query_place_id=ChIJsRH3OCutK4cR1z8nas0I3F0"
"The Beauty Boss Co.","Gilbert","3","Derma Health","348","4.9","1.86","https://www.google.com/maps/search/?api=1&query=Derma%20Health&query_place_id=ChIJf-hSFOStK4cRgKLKHKo3eGQ"
"Aesthetics AZ","Gilbert","1","Cleanse Modern Day Spa","454","5.0","0.94","https://www.google.com/maps/search/?api=1&query=Cleanse%20Modern%20Day%20Spa&query_place_id=ChIJvbjKCMGpK4cRB3eW59LKHcQ"
"Aesthetics AZ","Gilbert","2","Bonita Aesthetics & Wellness","124","5.0","0.94","https://www.google.com/maps/search/?api=1&query=Bonita%20Aesthetics%20%26%20Wellness&query_place_id=ChIJJ2w36hipK4cRgEz170Rcm4Q"
"Aesthetics AZ","Gilbert","3","Bloom AZ Med Spa","122","5.0","0.89","https://www.google.com/maps/search/?api=1&query=Bloom%20AZ%20Med%20Spa&query_place_id=ChIJV4--DP6tK4cRTnz4b0OylS0"
"LBC Aesthetics + Wellness","Gilbert","1","Cleanse Modern Day Spa","454","5.0","0.81","https://www.google.com/maps/search/?api=1&query=Cleanse%20Modern%20Day%20Spa&query_place_id=ChIJvbjKCMGpK4cRB3eW59LKHcQ"
"LBC Aesthetics + Wellness","Gilbert","2","Bonita Aesthetics & Wellness","124","5.0","0.81","https://www.google.com/maps/search/?api=1&query=Bonita%20Aesthetics%20%26%20Wellness&query_place_id=ChIJJ2w36hipK4cRgEz170Rcm4Q"
"LBC Aesthetics + Wellness","Gilbert","3","Bloom AZ Med Spa","122","5.0","0.76","https://www.google.com/maps/search/?api=1&query=Bloom%20AZ%20Med%20Spa&query_place_id=ChIJV4--DP6tK4cRTnz4b0OylS0"
"Peach Skin & Laser","Tempe","1","Dolce Medical Spa - Tempe","385","5.0","2.77","https://www.google.com/maps/search/?api=1&query=Dolce%20Medical%20Spa%20-%20Tempe&query_place_id=ChIJ6b-1k1oHK4cRhQdXP1lUy58"
"Peach Skin & Laser","Tempe","2","Luminescence Aesthetic Medicine","161","5.0","2.41","https://www.google.com/maps/search/?api=1&query=Luminescence%20Aesthetic%20Medicine&query_place_id=ChIJmd9a1nwEK4cRdo-aJsD2UPk"
"Peach Skin & Laser","Tempe","3","Elite Medical Beauty","103","5.0","2.22","https://www.google.com/maps/search/?api=1&query=Elite%20Medical%20Beauty&query_place_id=ChIJi_D-UI8FK4cRqT5KPXRIil4"
"Heyday Skincare Gilbert","Gilbert","1","Skin Ritual","407","4.9","0.69","https://www.google.com/maps/search/?api=1&query=Skin%20Ritual&query_place_id=ChIJsRH3OCutK4cR1z8nas0I3F0"
"Heyday Skincare Gilbert","Gilbert","2","Derma Health","348","4.9","0.31","https://www.google.com/maps/search/?api=1&query=Derma%20Health&query_place_id=ChIJf-hSFOStK4cRgKLKHKo3eGQ"
"Heyday Skincare Gilbert","Gilbert","3","SKINovative","336","4.9","0.73","https://www.google.com/maps/search/?api=1&query=SKINovative&query_place_id=ChIJVZENS3GsK4cRy4tz5IAsDyU"
"Excel Med Spa","Gilbert","1","SKINovative","336","4.9","1.48","https://www.google.com/maps/search/?api=1&query=SKINovative&query_place_id=ChIJVZENS3GsK4cRy4tz5IAsDyU"
"Excel Med Spa","Gilbert","2","URBAN Medical - Gilbert, Arizona","309","5.0","0.51","https://www.google.com/maps/search/?api=1&query=URBAN%20Medical%20-%20Gilbert%2C%20Arizona&query_place_id=ChIJs_23sG6rK4cR1x5cf-7CB2E"
"Excel Med Spa","Gilbert","3","Giovanni Med Spa","208","4.9","1.4","https://www.google.com/maps/search/?api=1&query=Giovanni%20Med%20Spa&query_place_id=ChIJQSD9Tm-pK4cRgAvCAjU-WL0"
"Raise The Bar Med Spa","Gilbert","1","Cleanse Modern Day Spa","454","5.0","2.18","https://www.google.com/maps/search/?api=1&query=Cleanse%20Modern%20Day%20Spa&query_place_id=ChIJvbjKCMGpK4cRB3eW59LKHcQ"
"Raise The Bar Med Spa","Gilbert","2","Bonita Aesthetics & Wellness","124","5.0","2.18","https://www.google.com/maps/search/?api=1&query=Bonita%20Aesthetics%20%26%20Wellness&query_place_id=ChIJJ2w36hipK4cRgEz170Rcm4Q"
"Raise The Bar Med Spa","Gilbert","3","Bloom AZ Med Spa","122","5.0","2.12","https://www.google.com/maps/search/?api=1&query=Bloom%20AZ%20Med%20Spa&query_place_id=ChIJV4--DP6tK4cRTnz4b0OylS0"
"The Beauty Lab Medical Aesthetics","Mesa","1","Flawless Reflections Body and Skin Therapy LLC","477","4.9","4.78","https://www.google.com/maps/search/?api=1&query=Flawless%20Reflections%20Body%20and%20Skin%20Therapy%20LLC&query_place_id=ChIJy1K9MpSzK4cR9gsyS0vQxYE"
"The Beauty Lab Medical Aesthetics","Mesa","2","The Glow Lab","236","5.0","4.86","https://www.google.com/maps/search/?api=1&query=The%20Glow%20Lab&query_place_id=ChIJPRwb77QFK4cR9pgWU2GFvc4"
"The Beauty Lab Medical Aesthetics","Mesa","3","Skinfinity Medspa","185","4.9","4.26","https://www.google.com/maps/search/?api=1&query=Skinfinity%20Medspa&query_place_id=ChIJtSLwutqtK4cRgS4tYJOgvV8"
"LaVida MedSpa of Mesa","Mesa","1","Frost Aesthetics & Wellness","289","5.0","5.89","https://www.google.com/maps/search/?api=1&query=Frost%20Aesthetics%20%26%20Wellness&query_place_id=ChIJT_MS3y2vK4cRJsygH054Ux8"
"LaVida MedSpa of Mesa","Mesa","2","Karma Aesthetics and Wellness","274","5.0","5.81","https://www.google.com/maps/search/?api=1&query=Karma%20Aesthetics%20and%20Wellness&query_place_id=ChIJ1ZZUN5axK4cRxo-dwxwzk6Y"
"LaVida MedSpa of Mesa","Mesa","3","Vitality Med Spa","170","4.8","4.18","https://www.google.com/maps/search/?api=1&query=Vitality%20Med%20Spa&query_place_id=ChIJ7eMPhpSlK4cRXJykeGFl0J0"
"Frost Aesthetics & Wellness","Mesa","1","Alani Skin MD","1394","4.9","1.28","https://www.google.com/maps/search/?api=1&query=Alani%20Skin%20MD&query_place_id=ChIJ7_30ICavK4cRdC_Yv72Dbyk"
"Frost Aesthetics & Wellness","Mesa","2","Karma Aesthetics and Wellness","274","5.0","1.22","https://www.google.com/maps/search/?api=1&query=Karma%20Aesthetics%20and%20Wellness&query_place_id=ChIJ1ZZUN5axK4cRxo-dwxwzk6Y"
"Frost Aesthetics & Wellness","Mesa","3","Kulture Aesthetics","91","5.0","2.59","https://www.google.com/maps/search/?api=1&query=Kulture%20Aesthetics&query_place_id=ChIJE9sdshsHK4cRedehR3kcwPU"
"Skinfinity Medspa","Gilbert","1","Heyday Skincare Gilbert","779","5.0","2.21","https://www.google.com/maps/search/?api=1&query=Heyday%20Skincare%20Gilbert&query_place_id=ChIJPTWaYFqtK4cRJEOMPJVdk2Q"
"Skinfinity Medspa","Gilbert","2","Skin Ritual","407","4.9","2.83","https://www.google.com/maps/search/?api=1&query=Skin%20Ritual&query_place_id=ChIJsRH3OCutK4cR1z8nas0I3F0"
"Skinfinity Medspa","Gilbert","3","Derma Health","348","4.9","2.45","https://www.google.com/maps/search/?api=1&query=Derma%20Health&query_place_id=ChIJf-hSFOStK4cRgKLKHKo3eGQ"
"Stunning Aesthetics","Mesa","1","LaVida MedSpa of Mesa","376","4.9","1.91","https://www.google.com/maps/search/?api=1&query=LaVida%20MedSpa%20of%20Mesa&query_place_id=ChIJq2Foe_SlK4cRI6T3lj85jxk"
"Stunning Aesthetics","Mesa","2","Frost Aesthetics & Wellness","289","5.0","4.16","https://www.google.com/maps/search/?api=1&query=Frost%20Aesthetics%20%26%20Wellness&query_place_id=ChIJT_MS3y2vK4cRJsygH054Ux8"
"Stunning Aesthetics","Mesa","3","Karma Aesthetics and Wellness","274","5.0","4.33","https://www.google.com/maps/search/?api=1&query=Karma%20Aesthetics%20and%20Wellness&query_place_id=ChIJ1ZZUN5axK4cRxo-dwxwzk6Y"
"Alani Skin MD","Mesa","1","Frost Aesthetics & Wellness","289","5.0","1.28","https://www.google.com/maps/search/?api=1&query=Frost%20Aesthetics%20%26%20Wellness&query_place_id=ChIJT_MS3y2vK4cRJsygH054Ux8"
"Alani Skin MD","Mesa","2","Karma Aesthetics and Wellness","274","5.0","1.86","https://www.google.com/maps/search/?api=1&query=Karma%20Aesthetics%20and%20Wellness&query_place_id=ChIJ1ZZUN5axK4cRxo-dwxwzk6Y"
"Alani Skin MD","Mesa","3","Kulture Aesthetics","91","5.0","1.67","https://www.google.com/maps/search/?api=1&query=Kulture%20Aesthetics&query_place_id=ChIJE9sdshsHK4cRedehR3kcwPU"
"Vitality Med Spa","Mesa","1","LaVida MedSpa of Mesa","376","4.9","4.18","https://www.google.com/maps/search/?api=1&query=LaVida%20MedSpa%20of%20Mesa&query_place_id=ChIJq2Foe_SlK4cRI6T3lj85jxk"
"Vitality Med Spa","Mesa","2","Frost Aesthetics & Wellness","289","5.0","3.91","https://www.google.com/maps/search/?api=1&query=Frost%20Aesthetics%20%26%20Wellness&query_place_id=ChIJT_MS3y2vK4cRJsygH054Ux8"
"Vitality Med Spa","Mesa","3","Valley Aesthetics","69","4.6","4.39","https://www.google.com/maps/search/?api=1&query=Valley%20Aesthetics&query_place_id=ChIJi8y1t7upK4cRLjIhB_JdFKc"
"SKINovative","Gilbert","1","Heyday Skincare Gilbert","779","5.0","0.73","https://www.google.com/maps/search/?api=1&query=Heyday%20Skincare%20Gilbert&query_place_id=ChIJPTWaYFqtK4cRJEOMPJVdk2Q"
"SKINovative","Gilbert","2","Skin Ritual","407","4.9","0.06","https://www.google.com/maps/search/?api=1&query=Skin%20Ritual&query_place_id=ChIJsRH3OCutK4cR1z8nas0I3F0"
"SKINovative","Gilbert","3","Derma Health","348","4.9","0.44","https://www.google.com/maps/search/?api=1&query=Derma%20Health&query_place_id=ChIJf-hSFOStK4cRgKLKHKo3eGQ"
"Cleanse Modern Day Spa","Gilbert","1","Raise The Bar Med Spa","238","5.0","2.18","https://www.google.com/maps/search/?api=1&query=Raise%20The%20Bar%20Med%20Spa&query_place_id=ChIJfaZ79JapK4cRuu6oXfdnogQ"
"Cleanse Modern Day Spa","Gilbert","2","Bonita Aesthetics & Wellness","124","5.0","0.0","https://www.google.com/maps/search/?api=1&query=Bonita%20Aesthetics%20%26%20Wellness&query_place_id=ChIJJ2w36hipK4cRgEz170Rcm4Q"
"Cleanse Modern Day Spa","Gilbert","3","Bloom AZ Med Spa","122","5.0","0.07","https://www.google.com/maps/search/?api=1&query=Bloom%20AZ%20Med%20Spa&query_place_id=ChIJV4--DP6tK4cRTnz4b0OylS0"
"McAuley & Co Aesthetics","Mesa","1","Alani Skin MD","1394","4.9","3.33","https://www.google.com/maps/search/?api=1&query=Alani%20Skin%20MD&query_place_id=ChIJ7_30ICavK4cRdC_Yv72Dbyk"
"McAuley & Co Aesthetics","Mesa","2","Frost Aesthetics & Wellness","289","5.0","2.92","https://www.google.com/maps/search/?api=1&query=Frost%20Aesthetics%20%26%20Wellness&query_place_id=ChIJT_MS3y2vK4cRJsygH054Ux8"
"McAuley & Co Aesthetics","Mesa","3","Karma Aesthetics and Wellness","274","5.0","1.7","https://www.google.com/maps/search/?api=1&query=Karma%20Aesthetics%20and%20Wellness&query_place_id=ChIJ1ZZUN5axK4cRxo-dwxwzk6Y"
"Viva MD","Atlanta","1","OVME","464","4.7","0.13","https://www.google.com/maps/search/?api=1&query=OVME&query_place_id=ChIJpaSPuYwF9YgRNdwMAf8gaag"
"Viva MD","Atlanta","2","Ecobel Med Spa","412","4.8","0.19","https://www.google.com/maps/search/?api=1&query=Ecobel%20Med%20Spa&query_place_id=ChIJsxT5sWgP9YgRA-I95wHd5GI"
"Viva MD","Atlanta","3","Skin Pharm","323","5.0","0.1","https://www.google.com/maps/search/?api=1&query=Skin%20Pharm&query_place_id=ChIJcRhgPWEF9YgR_St2rnaTxAY"
"SLM Medspa","Atlanta","1","4Ever Young Med Spa & Wellness Center - Atlanta Midtown","1167","5.0","1.68","https://www.google.com/maps/search/?api=1&query=4Ever%20Young%20Med%20Spa%20%26%20Wellness%20Center%20-%20Atlanta%20Midtown&query_place_id=ChIJbXmEZoMF9YgRWkatsCKRd5Y"
"SLM Medspa","Atlanta","2","AYA Medical Spa Colony Square - Midtown","211","4.8","1.9","https://www.google.com/maps/search/?api=1&query=AYA%20Medical%20Spa%20Colony%20Square%20-%20Midtown&query_place_id=ChIJuTJDltIF9YgReJ4c3BRu5jo"
"SLM Medspa","Atlanta","3","Truffles Aesthetics","130","4.9","1.96","https://www.google.com/maps/search/?api=1&query=Truffles%20Aesthetics&query_place_id=ChIJq6raCaYF9YgRzYsAqNsjtt8"
"Derm Clinic M.D.","Atlanta","1","NYAH Med Spa","323","4.4","0.48","https://www.google.com/maps/search/?api=1&query=NYAH%20Med%20Spa&query_place_id=ChIJL0Tr9fQF9YgRyQPbXukrqa8"
"Derm Clinic M.D.","Atlanta","2","SkynBar","286","5.0","0.14","https://www.google.com/maps/search/?api=1&query=SkynBar&query_place_id=ChIJOx9qzmAP9YgRbdG7imrm7FQ"
"Derm Clinic M.D.","Atlanta","3","SkinSpirit Buckhead","146","4.9","1.02","https://www.google.com/maps/search/?api=1&query=SkinSpirit%20Buckhead&query_place_id=ChIJAYpfPvYF9YgRyc4Do7M0Rz0"
"Slim Studio FACE & BODY","Atlanta","1","OVME","464","4.7","0.34","https://www.google.com/maps/search/?api=1&query=OVME&query_place_id=ChIJpaSPuYwF9YgRNdwMAf8gaag"
"Slim Studio FACE & BODY","Atlanta","2","Artisan Beauté - Buckhead","412","4.9","0.15","https://www.google.com/maps/search/?api=1&query=Artisan%20Beaut%C3%A9%20-%20Buckhead&query_place_id=ChIJ9zQ0EzsF9YgRnOHGmMkcnQE"
"Slim Studio FACE & BODY","Atlanta","3","Blue Divine Aesthetics","328","4.6","0.17","https://www.google.com/maps/search/?api=1&query=Blue%20Divine%20Aesthetics&query_place_id=ChIJE_EaM48F9YgR1arRiFD0tiE"
"Esthetic Solutions Med Spa","Scottsdale","1","Inside Out Aesthetics","1003","5.0","0.58","https://www.google.com/maps/search/?api=1&query=Inside%20Out%20Aesthetics&query_place_id=ChIJL6hYI-10K4cRRHL6cIwrUpw"
"Esthetic Solutions Med Spa","Scottsdale","2","Center for Aesthetic and Laser Medicine Scottsdale","333","4.9","0.52","https://www.google.com/maps/search/?api=1&query=Center%20for%20Aesthetic%20and%20Laser%20Medicine%20Scottsdale&query_place_id=ChIJpfG4Z4d1K4cR8jVMvTAHVLI"
"Esthetic Solutions Med Spa","Scottsdale","3","Scottsdale Sculpt","169","4.9","0.85","https://www.google.com/maps/search/?api=1&query=Scottsdale%20Sculpt&query_place_id=ChIJRWnhv0V1K4cRoK4sttNeya0"
"Karma Aesthetics and Wellness","Mesa","1","Alani Skin MD","1394","4.9","1.86","https://www.google.com/maps/search/?api=1&query=Alani%20Skin%20MD&query_place_id=ChIJ7_30ICavK4cRdC_Yv72Dbyk"
"Karma Aesthetics and Wellness","Mesa","2","Frost Aesthetics & Wellness","289","5.0","1.22","https://www.google.com/maps/search/?api=1&query=Frost%20Aesthetics%20%26%20Wellness&query_place_id=ChIJT_MS3y2vK4cRJsygH054Ux8"
"Karma Aesthetics and Wellness","Mesa","3","Kulture Aesthetics","91","5.0","3.49","https://www.google.com/maps/search/?api=1&query=Kulture%20Aesthetics&query_place_id=ChIJE9sdshsHK4cRedehR3kcwPU"
"KORA Aesthetics","Scottsdale","1","Inside Out Aesthetics","1003","5.0","0.22","https://www.google.com/maps/search/?api=1&query=Inside%20Out%20Aesthetics&query_place_id=ChIJL6hYI-10K4cRRHL6cIwrUpw"
"KORA Aesthetics","Scottsdale","2","Center for Aesthetic and Laser Medicine Scottsdale","333","4.9","0.49","https://www.google.com/maps/search/?api=1&query=Center%20for%20Aesthetic%20and%20Laser%20Medicine%20Scottsdale&query_place_id=ChIJpfG4Z4d1K4cR8jVMvTAHVLI"
"KORA Aesthetics","Scottsdale","3","Scottsdale Sculpt","169","4.9","1.06","https://www.google.com/maps/search/?api=1&query=Scottsdale%20Sculpt&query_place_id=ChIJRWnhv0V1K4cRoK4sttNeya0"
"Sachi Aesthetics","Scottsdale","1","ZONA MED SPA","532","4.9","1.71","https://www.google.com/maps/search/?api=1&query=ZONA%20MED%20SPA&query_place_id=ChIJjxdkLbF1K4cRNnlutvnLeNo"
"Sachi Aesthetics","Scottsdale","2","Aesthetic Assets","349","5.0","0.61","https://www.google.com/maps/search/?api=1&query=Aesthetic%20Assets&query_place_id=ChIJDadBk8J1K4cR5jyyYh9Mb3k"
"Sachi Aesthetics","Scottsdale","3","Elite Medspa Scottsdale","324","4.8","1.7","https://www.google.com/maps/search/?api=1&query=Elite%20Medspa%20Scottsdale&query_place_id=ChIJdxK_kz4LK4cRXKWb73rs2Wk"
"Flawless Reflections Body and Skin Therapy LLC","Mesa","1","Skinfinity Medspa","185","4.9","6.82","https://www.google.com/maps/search/?api=1&query=Skinfinity%20Medspa&query_place_id=ChIJtSLwutqtK4cRgS4tYJOgvV8"
"Flawless Reflections Body and Skin Therapy LLC","Mesa","2","The Beauty Lab Medical Aesthetics","156","5.0","4.78","https://www.google.com/maps/search/?api=1&query=The%20Beauty%20Lab%20Medical%20Aesthetics&query_place_id=ChIJb7zAfkJNKocRexWemZziXSg"
"Flawless Reflections Body and Skin Therapy LLC","Mesa","3","The Beauty Boss Co.","119","5.0","7.6","https://www.google.com/maps/search/?api=1&query=The%20Beauty%20Boss%20Co.&query_place_id=ChIJmxbYLgOpK4cRRGUY5HOSOk4"
"Beverly Hills Rejuvenation Center - Paradise Valley","Phoenix","1","Inside Out Aesthetics","1003","5.0","2.5","https://www.google.com/maps/search/?api=1&query=Inside%20Out%20Aesthetics&query_place_id=ChIJL6hYI-10K4cRRHL6cIwrUpw"
"Beverly Hills Rejuvenation Center - Paradise Valley","Phoenix","2","The Connection","174","4.7","0.06","https://www.google.com/maps/search/?api=1&query=The%20Connection&query_place_id=ChIJoS1WZy6vK4cR-8rPIASkrzs"
"Beverly Hills Rejuvenation Center - Paradise Valley","Phoenix","3","SkinSpirit Paradise Valley","146","5.0","1.28","https://www.google.com/maps/search/?api=1&query=SkinSpirit%20Paradise%20Valley&query_place_id=ChIJ5QRQrzdzK4cRFD963dhqTJU"
"Scottsdale Sculpt","Scottsdale","1","Inside Out Aesthetics","1003","5.0","1.28","https://www.google.com/maps/search/?api=1&query=Inside%20Out%20Aesthetics&query_place_id=ChIJL6hYI-10K4cRRHL6cIwrUpw"
"Scottsdale Sculpt","Scottsdale","2","Center for Aesthetic and Laser Medicine Scottsdale","333","4.9","1.37","https://www.google.com/maps/search/?api=1&query=Center%20for%20Aesthetic%20and%20Laser%20Medicine%20Scottsdale&query_place_id=ChIJpfG4Z4d1K4cR8jVMvTAHVLI"
"Scottsdale Sculpt","Scottsdale","3","Esthetic Solutions Med Spa","99","4.8","0.85","https://www.google.com/maps/search/?api=1&query=Esthetic%20Solutions%20Med%20Spa&query_place_id=ChIJUcI8UqILK4cRxvZNBdV6bmQ"
"Clear Dermatology & Aesthetics Center - Paradise Valley","Paradise Valley","1","Skin Beautiful","562","5.0","2.24","https://www.google.com/maps/search/?api=1&query=Skin%20Beautiful&query_place_id=ChIJrUiWzqELK4cReuPmmhd_Gg0"
"Clear Dermatology & Aesthetics Center - Paradise Valley","Paradise Valley","2","Esthetic Finesse","553","5.0","0.95","https://www.google.com/maps/search/?api=1&query=Esthetic%20Finesse&query_place_id=ChIJVVVFcHQLK4cR0tkTHotF6U8"
"Clear Dermatology & Aesthetics Center - Paradise Valley","Paradise Valley","3","Perfect Dose","427","5.0","0.18","https://www.google.com/maps/search/?api=1&query=Perfect%20Dose&query_place_id=ChIJxwDKvDgLK4cRvAL6MjKaTDU"
"Aesthetic Assets","Scottsdale","1","ZONA MED SPA","532","4.9","1.24","https://www.google.com/maps/search/?api=1&query=ZONA%20MED%20SPA&query_place_id=ChIJjxdkLbF1K4cRNnlutvnLeNo"
"Aesthetic Assets","Scottsdale","2","Profile Aesthetics","141","5.0","1.58","https://www.google.com/maps/search/?api=1&query=Profile%20Aesthetics&query_place_id=ChIJW5Q_5ewLK4cRue58QddU1hE"
"Aesthetic Assets","Scottsdale","3","Derma Health Skin & Laser","128","4.9","1.59","https://www.google.com/maps/search/?api=1&query=Derma%20Health%20Skin%20%26%20Laser&query_place_id=ChIJy7LwNYF1K4cRQZe_Nx6HlP8"
"Elase Medical Spa - South Tampa","Tampa","1","Skin NV Tampa Med Spa","607","4.8","0.39","https://www.google.com/maps/search/?api=1&query=Skin%20NV%20Tampa%20Med%20Spa&query_place_id=ChIJuQ6TcSjDwogR1VIRi1F8crA"
"Elase Medical Spa - South Tampa","Tampa","2","Viso Juvé","348","5.0","1.03","https://www.google.com/maps/search/?api=1&query=Viso%20Juv%C3%A9&query_place_id=ChIJI7ABRSzDwogR2gOsCUt-13k"
"Elase Medical Spa - South Tampa","Tampa","3","BevelUp Midtown","324","4.8","1.43","https://www.google.com/maps/search/?api=1&query=BevelUp%20Midtown&query_place_id=ChIJ_aXOM2DDwogR-7jXrYXY9VY"
"Skin NV Tampa Med Spa","Tampa","1","Viso Juvé","348","5.0","1.41","https://www.google.com/maps/search/?api=1&query=Viso%20Juv%C3%A9&query_place_id=ChIJI7ABRSzDwogR2gOsCUt-13k"
"Skin NV Tampa Med Spa","Tampa","2","BevelUp Midtown","324","4.8","1.05","https://www.google.com/maps/search/?api=1&query=BevelUp%20Midtown&query_place_id=ChIJ_aXOM2DDwogR-7jXrYXY9VY"
"Skin NV Tampa Med Spa","Tampa","3","Elevate Medical Spa","265","5.0","1.27","https://www.google.com/maps/search/?api=1&query=Elevate%20Medical%20Spa&query_place_id=ChIJ-WuXrvjDwogRNsE1VON_ct8"
"Center for Dermatology & Plastic Surgery","Paradise Valley","1","Clear Dermatology & Aesthetics Center - Paradise Valley","831","4.9","1.21","https://www.google.com/maps/search/?api=1&query=Clear%20Dermatology%20%26%20Aesthetics%20Center%20-%20Paradise%20Valley&query_place_id=ChIJz-YIcTMLK4cR-5fTPcoLGwk"
"Center for Dermatology & Plastic Surgery","Paradise Valley","2","Nude Aesthetics Med Spa Scottsdale","566","5.0","1.12","https://www.google.com/maps/search/?api=1&query=Nude%20Aesthetics%20Med%20Spa%20Scottsdale&query_place_id=ChIJAQbQIFcLK4cR47SvV1eWuz0"
"Center for Dermatology & Plastic Surgery","Paradise Valley","3","Skin Beautiful","562","5.0","1.03","https://www.google.com/maps/search/?api=1&query=Skin%20Beautiful&query_place_id=ChIJrUiWzqELK4cReuPmmhd_Gg0"
"Valley Aesthetics","Mesa","1","Alani Skin MD","1394","4.9","2.48","https://www.google.com/maps/search/?api=1&query=Alani%20Skin%20MD&query_place_id=ChIJ7_30ICavK4cRdC_Yv72Dbyk"
"Valley Aesthetics","Mesa","2","Pure MedSpa","118","4.9","2.17","https://www.google.com/maps/search/?api=1&query=Pure%20MedSpa&query_place_id=ChIJO_CH9OepK4cRNyGvgcTQUJc"
"Valley Aesthetics","Mesa","3","Kulture Aesthetics","91","5.0","1.28","https://www.google.com/maps/search/?api=1&query=Kulture%20Aesthetics&query_place_id=ChIJE9sdshsHK4cRedehR3kcwPU"
"Esthetic Finesse","Paradise Valley","1","Clear Dermatology & Aesthetics Center - Paradise Valley","831","4.9","0.95","https://www.google.com/maps/search/?api=1&query=Clear%20Dermatology%20%26%20Aesthetics%20Center%20-%20Paradise%20Valley&query_place_id=ChIJz-YIcTMLK4cR-5fTPcoLGwk"
"Esthetic Finesse","Paradise Valley","2","Nude Aesthetics Med Spa Scottsdale","566","5.0","1.49","https://www.google.com/maps/search/?api=1&query=Nude%20Aesthetics%20Med%20Spa%20Scottsdale&query_place_id=ChIJAQbQIFcLK4cR47SvV1eWuz0"
"Esthetic Finesse","Paradise Valley","3","Skin Beautiful","562","5.0","1.4","https://www.google.com/maps/search/?api=1&query=Skin%20Beautiful&query_place_id=ChIJrUiWzqELK4cReuPmmhd_Gg0"
"Cell Renew Medical Spa Downtown","Tampa","1","SOHO Wellness & Med Spa | Tampa","752","4.8","1.36","https://www.google.com/maps/search/?api=1&query=SOHO%20Wellness%20%26%20Med%20Spa%20%7C%20Tampa&query_place_id=ChIJf330iYTEwogRieyLXpjenTU"
"Cell Renew Medical Spa Downtown","Tampa","2","ÉLAN Aesthetics","438","5.0","1.86","https://www.google.com/maps/search/?api=1&query=%C3%89LAN%20Aesthetics&query_place_id=ChIJFW3-F-nFwogRxGHOVpfMKTw"
"Cell Renew Medical Spa Downtown","Tampa","3","BevelUp Midtown","324","4.8","3.51","https://www.google.com/maps/search/?api=1&query=BevelUp%20Midtown&query_place_id=ChIJ_aXOM2DDwogR-7jXrYXY9VY"
"The Connection","Phoenix","1","Inside Out Aesthetics","1003","5.0","2.54","https://www.google.com/maps/search/?api=1&query=Inside%20Out%20Aesthetics&query_place_id=ChIJL6hYI-10K4cRRHL6cIwrUpw"
"The Connection","Phoenix","2","SkinSpirit Paradise Valley","146","5.0","1.3","https://www.google.com/maps/search/?api=1&query=SkinSpirit%20Paradise%20Valley&query_place_id=ChIJ5QRQrzdzK4cRFD963dhqTJU"
"The Connection","Phoenix","3","Beverly Hills Rejuvenation Center - Paradise Valley","125","4.9","0.06","https://www.google.com/maps/search/?api=1&query=Beverly%20Hills%20Rejuvenation%20Center%20-%20Paradise%20Valley&query_place_id=ChIJY4a7yjdzK4cR1DU4_Hl2wTU"
"Deluxe Med Spa Beauty","Miami","1","Sisu Clinic Miami","342","4.9","0.38","https://www.google.com/maps/search/?api=1&query=Sisu%20Clinic%20Miami&query_place_id=ChIJ-VlitVK32YgRQnGXGlTX9Kc"
"Deluxe Med Spa Beauty","Miami","2","DinStyle Aesthetics Services BRICKELL","151","4.6","0.43","https://www.google.com/maps/search/?api=1&query=DinStyle%20Aesthetics%20Services%20BRICKELL&query_place_id=ChIJSQLyPYW22YgRzZCwzQVEFxg"
"Deluxe Med Spa Beauty","Miami","3","Bella Vida Aesthetics & Wellness","150","4.8","0.2","https://www.google.com/maps/search/?api=1&query=Bella%20Vida%20Aesthetics%20%26%20Wellness&query_place_id=ChIJhTDBsA-32YgR8ZnGIpTv4tc"
"EVO Medical Spa","Tampa","1","SOHO Wellness & Med Spa | Tampa","752","4.8","0.09","https://www.google.com/maps/search/?api=1&query=SOHO%20Wellness%20%26%20Med%20Spa%20%7C%20Tampa&query_place_id=ChIJf330iYTEwogRieyLXpjenTU"
"EVO Medical Spa","Tampa","2","Skin NV Tampa Med Spa","607","4.8","2.17","https://www.google.com/maps/search/?api=1&query=Skin%20NV%20Tampa%20Med%20Spa&query_place_id=ChIJuQ6TcSjDwogR1VIRi1F8crA"
"EVO Medical Spa","Tampa","3","ÉLAN Aesthetics","438","5.0","0.52","https://www.google.com/maps/search/?api=1&query=%C3%89LAN%20Aesthetics&query_place_id=ChIJFW3-F-nFwogRxGHOVpfMKTw"
"Luminescence Aesthetic Medicine","Chandler","1","Peach Skin & Laser","1420","4.9","2.41","https://www.google.com/maps/search/?api=1&query=Peach%20Skin%20%26%20Laser&query_place_id=ChIJJfR53zMHK4cRrYW8N4703so"
"Luminescence Aesthetic Medicine","Chandler","2","Dolce Medical Spa - Tempe","385","5.0","2.85","https://www.google.com/maps/search/?api=1&query=Dolce%20Medical%20Spa%20-%20Tempe&query_place_id=ChIJ6b-1k1oHK4cRhQdXP1lUy58"
"Luminescence Aesthetic Medicine","Chandler","3","NEOS Med Spa Tempe","165","4.9","2.98","https://www.google.com/maps/search/?api=1&query=NEOS%20Med%20Spa%20Tempe&query_place_id=ChIJZQNqe-QGK4cRIl2lrkObM2s"
"Aspire MedSpa & Beauty Bar","Tampa","1","SOHO Wellness & Med Spa | Tampa","752","4.8","8.59","https://www.google.com/maps/search/?api=1&query=SOHO%20Wellness%20%26%20Med%20Spa%20%7C%20Tampa&query_place_id=ChIJf330iYTEwogRieyLXpjenTU"
"Aspire MedSpa & Beauty Bar","Tampa","2","BevelUp Midtown","324","4.8","7.68","https://www.google.com/maps/search/?api=1&query=BevelUp%20Midtown&query_place_id=ChIJ_aXOM2DDwogR-7jXrYXY9VY"
"Aspire MedSpa & Beauty Bar","Tampa","3","Tre Medspa","263","4.8","7.1","https://www.google.com/maps/search/?api=1&query=Tre%20Medspa&query_place_id=ChIJJ4TqDAzrwogRKCwooxetzr0"
"BevelUp Midtown","Tampa","1","Skin NV Tampa Med Spa","607","4.8","1.05","https://www.google.com/maps/search/?api=1&query=Skin%20NV%20Tampa%20Med%20Spa&query_place_id=ChIJuQ6TcSjDwogR1VIRi1F8crA"
"BevelUp Midtown","Tampa","2","ÉLAN Aesthetics","438","5.0","2.06","https://www.google.com/maps/search/?api=1&query=%C3%89LAN%20Aesthetics&query_place_id=ChIJFW3-F-nFwogRxGHOVpfMKTw"
"BevelUp Midtown","Tampa","3","VIVIFY Med Spa","168","4.9","2.16","https://www.google.com/maps/search/?api=1&query=VIVIFY%20Med%20Spa&query_place_id=ChIJibZg5GrFwogRcEATgbHQM6c"
"Silk Med Spa","Tampa","1","Skin NV Tampa Med Spa","607","4.8","0.5","https://www.google.com/maps/search/?api=1&query=Skin%20NV%20Tampa%20Med%20Spa&query_place_id=ChIJuQ6TcSjDwogR1VIRi1F8crA"
"Silk Med Spa","Tampa","2","Viso Juvé","348","5.0","0.91","https://www.google.com/maps/search/?api=1&query=Viso%20Juv%C3%A9&query_place_id=ChIJI7ABRSzDwogR2gOsCUt-13k"
"Silk Med Spa","Tampa","3","BevelUp Midtown","324","4.8","1.52","https://www.google.com/maps/search/?api=1&query=BevelUp%20Midtown&query_place_id=ChIJ_aXOM2DDwogR-7jXrYXY9VY"
"Elevate Medical Spa","Tampa","1","Skin NV Tampa Med Spa","607","4.8","1.27","https://www.google.com/maps/search/?api=1&query=Skin%20NV%20Tampa%20Med%20Spa&query_place_id=ChIJuQ6TcSjDwogR1VIRi1F8crA"
"Elevate Medical Spa","Tampa","2","ÉLAN Aesthetics","438","5.0","1.56","https://www.google.com/maps/search/?api=1&query=%C3%89LAN%20Aesthetics&query_place_id=ChIJFW3-F-nFwogRxGHOVpfMKTw"
"Elevate Medical Spa","Tampa","3","Viso Juvé","348","5.0","1.36","https://www.google.com/maps/search/?api=1&query=Viso%20Juv%C3%A9&query_place_id=ChIJI7ABRSzDwogR2gOsCUt-13k"
"ÉLAN Aesthetics","Tampa","1","SOHO Wellness & Med Spa | Tampa","752","4.8","0.61","https://www.google.com/maps/search/?api=1&query=SOHO%20Wellness%20%26%20Med%20Spa%20%7C%20Tampa&query_place_id=ChIJf330iYTEwogRieyLXpjenTU"
"ÉLAN Aesthetics","Tampa","2","Skin NV Tampa Med Spa","607","4.8","1.81","https://www.google.com/maps/search/?api=1&query=Skin%20NV%20Tampa%20Med%20Spa&query_place_id=ChIJuQ6TcSjDwogR1VIRi1F8crA"
"ÉLAN Aesthetics","Tampa","3","Cell Renew Medical Spa Downtown","427","4.9","1.86","https://www.google.com/maps/search/?api=1&query=Cell%20Renew%20Medical%20Spa%20Downtown&query_place_id=ChIJqz_bi9_FwogRFZSIEVMY96k"
"Opulent Med Spa","Tampa","1","Skin NV Tampa Med Spa","607","4.8","3.67","https://www.google.com/maps/search/?api=1&query=Skin%20NV%20Tampa%20Med%20Spa&query_place_id=ChIJuQ6TcSjDwogR1VIRi1F8crA"
"Opulent Med Spa","Tampa","2","Viso Juvé","348","5.0","2.27","https://www.google.com/maps/search/?api=1&query=Viso%20Juv%C3%A9&query_place_id=ChIJI7ABRSzDwogR2gOsCUt-13k"
"Opulent Med Spa","Tampa","3","Elevate Medical Spa","265","5.0","3.13","https://www.google.com/maps/search/?api=1&query=Elevate%20Medical%20Spa&query_place_id=ChIJ-WuXrvjDwogRNsE1VON_ct8"
"The Atlanta Aesthetician ""Aesthetics of Atlanta","Atlanta","1","WIFH","378","4.9","0.18","https://www.google.com/maps/search/?api=1&query=WIFH&query_place_id=ChIJW3waLUwJ9YgRITtSHNm79_U"
"The Atlanta Aesthetician ""Aesthetics of Atlanta","Atlanta","2","Lifespring Antiaging & Aesthetic Medicine","324","4.2","0.62","https://www.google.com/maps/search/?api=1&query=Lifespring%20Antiaging%20%26%20Aesthetic%20Medicine&query_place_id=ChIJx6zWnfUF9YgRM4ub9mkZ9J8"
"The Atlanta Aesthetician ""Aesthetics of Atlanta","Atlanta","3","CULT Aesthetics","292","5.0","0.49","https://www.google.com/maps/search/?api=1&query=CULT%20Aesthetics&query_place_id=ChIJD7N-SRMJ9YgRnA78N2jqV-k"
"Get Refreshed","Miami","1","BEIAMED MEDSPA & CLINIC","426","4.6","0.53","https://www.google.com/maps/search/?api=1&query=BEIAMED%20MEDSPA%20%26%20CLINIC&query_place_id=ChIJE19QaBDH2YgROiy3Cc5RO84"
"Get Refreshed","Miami","2","Azala Skin Clinic","410","4.9","1.31","https://www.google.com/maps/search/?api=1&query=Azala%20Skin%20Clinic&query_place_id=ChIJ6U5Omtu32YgRAQemkK01x6s"
"Get Refreshed","Miami","3","Medilight Aesthetic Clinic - Coral Gables","138","4.9","1.31","https://www.google.com/maps/search/?api=1&query=Medilight%20Aesthetic%20Clinic%20-%20Coral%20Gables&query_place_id=ChIJqZdL-3S32YgR6mb3mcJTPT4"
"Viso Juvé","Tampa","1","Skin NV Tampa Med Spa","607","4.8","1.41","https://www.google.com/maps/search/?api=1&query=Skin%20NV%20Tampa%20Med%20Spa&query_place_id=ChIJuQ6TcSjDwogR1VIRi1F8crA"
"Viso Juvé","Tampa","2","Elevate Medical Spa","265","5.0","1.36","https://www.google.com/maps/search/?api=1&query=Elevate%20Medical%20Spa&query_place_id=ChIJ-WuXrvjDwogRNsE1VON_ct8"
"Viso Juvé","Tampa","3","Elase Medical Spa - South Tampa","160","4.9","1.03","https://www.google.com/maps/search/?api=1&query=Elase%20Medical%20Spa%20-%20South%20Tampa&query_place_id=ChIJ4QnfbmLDwogRmsptZCmSDCU"
"SOHO Wellness & Med Spa | Tampa","Tampa","1","ÉLAN Aesthetics","438","5.0","0.61","https://www.google.com/maps/search/?api=1&query=%C3%89LAN%20Aesthetics&query_place_id=ChIJFW3-F-nFwogRxGHOVpfMKTw"
"SOHO Wellness & Med Spa | Tampa","Tampa","2","Cell Renew Medical Spa Downtown","427","4.9","1.36","https://www.google.com/maps/search/?api=1&query=Cell%20Renew%20Medical%20Spa%20Downtown&query_place_id=ChIJqz_bi9_FwogRFZSIEVMY96k"
"SOHO Wellness & Med Spa | Tampa","Tampa","3","BevelUp Midtown","324","4.8","2.23","https://www.google.com/maps/search/?api=1&query=BevelUp%20Midtown&query_place_id=ChIJ_aXOM2DDwogR-7jXrYXY9VY"
"Tre Medspa","Tampa","1","Ultimate Image Cosmetic Medical Center","327","4.6","5.97","https://www.google.com/maps/search/?api=1&query=Ultimate%20Image%20Cosmetic%20Medical%20Center&query_place_id=ChIJu0cWHHTywogRVrnizhW4QB8"
"Tre Medspa","Tampa","2","The Garden Medical Spa, Wellness & Massage","207","4.6","5.46","https://www.google.com/maps/search/?api=1&query=The%20Garden%20Medical%20Spa%2C%20Wellness%20%26%20Massage&query_place_id=ChIJ9-NTTL_twogRlzziAdw2_JE"
"Tre Medspa","Tampa","3","Revive Medical Spa LLC.","160","5.0","5.99","https://www.google.com/maps/search/?api=1&query=Revive%20Medical%20Spa%20LLC.&query_place_id=ChIJs6AmDgbtwogRqdDw-IPFNZk"
"Slater Aesthetics & Anti-Aging","Atlanta","1","Charette Cosmetics Medical Spa - Atlanta","2480","4.9","1.8","https://www.google.com/maps/search/?api=1&query=Charette%20Cosmetics%20Medical%20Spa%20-%20Atlanta&query_place_id=ChIJzcsoAwEP9YgR-VmmGtV2rUc"
"Slater Aesthetics & Anti-Aging","Atlanta","2","SkynBar","286","5.0","1.82","https://www.google.com/maps/search/?api=1&query=SkynBar&query_place_id=ChIJOx9qzmAP9YgRbdG7imrm7FQ"
"Slater Aesthetics & Anti-Aging","Atlanta","3","LUX Med Spa","170","4.8","0.3","https://www.google.com/maps/search/?api=1&query=LUX%20Med%20Spa&query_place_id=ChIJTSB_hxkP9YgRIL88df0hwQU"
"SkynBar","Atlanta","1","NYAH Med Spa","323","4.4","0.61","https://www.google.com/maps/search/?api=1&query=NYAH%20Med%20Spa&query_place_id=ChIJL0Tr9fQF9YgRyQPbXukrqa8"
"SkynBar","Atlanta","2","Derm Clinic M.D.","302","5.0","0.14","https://www.google.com/maps/search/?api=1&query=Derm%20Clinic%20M.D.&query_place_id=ChIJo1r7sWgP9YgRpuWEQKTQ3fw"
"SkynBar","Atlanta","3","SkinSpirit Buckhead","146","4.9","1.15","https://www.google.com/maps/search/?api=1&query=SkinSpirit%20Buckhead&query_place_id=ChIJAYpfPvYF9YgRyc4Do7M0Rz0"
"LJ Aesthetics Medicine, LLC","St. Petersburg","1","Glow St. Pete Med Spa","985","5.0","0.95","https://www.google.com/maps/search/?api=1&query=Glow%20St.%20Pete%20Med%20Spa&query_place_id=ChIJ6WmuwRbhwogRxrxbNz4s-ss"
"LJ Aesthetics Medicine, LLC","St. Petersburg","2","Coco Med Spa","351","5.0","0.56","https://www.google.com/maps/search/?api=1&query=Coco%20Med%20Spa&query_place_id=ChIJPfMLZgDhwogRSa5PPP3VhKk"
"LJ Aesthetics Medicine, LLC","St. Petersburg","3","Sunshine City Med Spa","196","5.0","0.46","https://www.google.com/maps/search/?api=1&query=Sunshine%20City%20Med%20Spa&query_place_id=ChIJL075ll7hwogRV-5tmZGZO04"
"dermani MEDSPA® Vinings","Atlanta","1","Buckhead Facial Plastic Surgery: Theresa M. Jarmuz, MD","292","4.8","2.52","https://www.google.com/maps/search/?api=1&query=Buckhead%20Facial%20Plastic%20Surgery%3A%20Theresa%20M.%20Jarmuz%2C%20MD&query_place_id=ChIJ5dn1BvgP9YgRMz_cYLgFXK4"
"dermani MEDSPA® Vinings","Atlanta","2","Chin Up! Aesthetics Atlanta","134","5.0","0.98","https://www.google.com/maps/search/?api=1&query=Chin%20Up!%20Aesthetics%20Atlanta&query_place_id=ChIJB7Ly7n0R9YgR-dRgiiw69IY"
"dermani MEDSPA® Vinings","Atlanta","3","Amerejuve MedSpa Marietta, GA - Laser Hair Removal, CoolSculpting, Botox & Facials","122","4.5","3.16","https://www.google.com/maps/search/?api=1&query=Amerejuve%20MedSpa%20Marietta%2C%20GA%20-%20Laser%20Hair%20Removal%2C%20CoolSculpting%2C%20Botox%20%26%20Facials&query_place_id=ChIJ82S6xbsR9YgRBvfBRhZ3k5M"
"Glow St. Pete Med Spa","St. Petersburg","1","Coco Med Spa","351","5.0","1.05","https://www.google.com/maps/search/?api=1&query=Coco%20Med%20Spa&query_place_id=ChIJPfMLZgDhwogRSa5PPP3VhKk"
"Glow St. Pete Med Spa","St. Petersburg","2","LJ Aesthetics Medicine, LLC","219","5.0","0.95","https://www.google.com/maps/search/?api=1&query=LJ%20Aesthetics%20Medicine%2C%20LLC&query_place_id=ChIJlZJRmGvhwogR2BTeqY1NYWU"
"Glow St. Pete Med Spa","St. Petersburg","3","Sunshine City Med Spa","196","5.0","0.61","https://www.google.com/maps/search/?api=1&query=Sunshine%20City%20Med%20Spa&query_place_id=ChIJL075ll7hwogRV-5tmZGZO04"
"St Pete Wellness & MedSpa","St. Petersburg","1","Coco Med Spa","351","5.0","0.68","https://www.google.com/maps/search/?api=1&query=Coco%20Med%20Spa&query_place_id=ChIJPfMLZgDhwogRSa5PPP3VhKk"
"St Pete Wellness & MedSpa","St. Petersburg","2","LJ Aesthetics Medicine, LLC","219","5.0","1.17","https://www.google.com/maps/search/?api=1&query=LJ%20Aesthetics%20Medicine%2C%20LLC&query_place_id=ChIJlZJRmGvhwogR2BTeqY1NYWU"
"St Pete Wellness & MedSpa","St. Petersburg","3","Moxy Medical Spa","180","5.0","0.96","https://www.google.com/maps/search/?api=1&query=Moxy%20Medical%20Spa&query_place_id=ChIJ7UHYHCriwogR3872H7mQBGA"
"Sunshine City Med Spa","St. Petersburg","1","Glow St. Pete Med Spa","985","5.0","0.61","https://www.google.com/maps/search/?api=1&query=Glow%20St.%20Pete%20Med%20Spa&query_place_id=ChIJ6WmuwRbhwogRxrxbNz4s-ss"
"Sunshine City Med Spa","St. Petersburg","2","Coco Med Spa","351","5.0","0.87","https://www.google.com/maps/search/?api=1&query=Coco%20Med%20Spa&query_place_id=ChIJPfMLZgDhwogRSa5PPP3VhKk"
"Sunshine City Med Spa","St. Petersburg","3","LJ Aesthetics Medicine, LLC","219","5.0","0.46","https://www.google.com/maps/search/?api=1&query=LJ%20Aesthetics%20Medicine%2C%20LLC&query_place_id=ChIJlZJRmGvhwogR2BTeqY1NYWU"
"iConcierge Med Spa","St. Petersburg","1","Glow St. Pete Med Spa","985","5.0","4.43","https://www.google.com/maps/search/?api=1&query=Glow%20St.%20Pete%20Med%20Spa&query_place_id=ChIJ6WmuwRbhwogRxrxbNz4s-ss"
"iConcierge Med Spa","St. Petersburg","2","Skinspirations","307","4.9","2.61","https://www.google.com/maps/search/?api=1&query=Skinspirations&query_place_id=ChIJfXBSQ-jlwogR2Ydc-cN6l3w"
"iConcierge Med Spa","St. Petersburg","3","Indulgence Medical Day Spa","277","4.9","0.46","https://www.google.com/maps/search/?api=1&query=Indulgence%20Medical%20Day%20Spa&query_place_id=ChIJUROb6prmwogRG9JGBoSvP7I"
"Venus Med Spa","Tampa","1","Skin NV Tampa Med Spa","607","4.8","0.23","https://www.google.com/maps/search/?api=1&query=Skin%20NV%20Tampa%20Med%20Spa&query_place_id=ChIJuQ6TcSjDwogR1VIRi1F8crA"
"Venus Med Spa","Tampa","2","Viso Juvé","348","5.0","1.56","https://www.google.com/maps/search/?api=1&query=Viso%20Juv%C3%A9&query_place_id=ChIJI7ABRSzDwogR2gOsCUt-13k"
"Venus Med Spa","Tampa","3","BevelUp Midtown","324","4.8","0.85","https://www.google.com/maps/search/?api=1&query=BevelUp%20Midtown&query_place_id=ChIJ_aXOM2DDwogR-7jXrYXY9VY"
"Elase Medical Spa - St. Pete","St. Petersburg","1","LJ Aesthetics Medicine, LLC","219","5.0","1.11","https://www.google.com/maps/search/?api=1&query=LJ%20Aesthetics%20Medicine%2C%20LLC&query_place_id=ChIJlZJRmGvhwogR2BTeqY1NYWU"
"Elase Medical Spa - St. Pete","St. Petersburg","2","AR Aesthetics","164","5.0","0.94","https://www.google.com/maps/search/?api=1&query=AR%20Aesthetics&query_place_id=ChIJuzRShG7jwogRryswjMAzX-E"
"Elase Medical Spa - St. Pete","St. Petersburg","3","Optimal Wellness St. Pete","136","5.0","0.88","https://www.google.com/maps/search/?api=1&query=Optimal%20Wellness%20St.%20Pete&query_place_id=ChIJzeUWChLjwogRmKiRwi2CtAs"
"Modern Medical Aesthetics St. Petersburg","St. Petersburg","1","iConcierge Med Spa","380","5.0","2.46","https://www.google.com/maps/search/?api=1&query=iConcierge%20Med%20Spa&query_place_id=ChIJ4esqA1rvwogRuZKzPis-dUc"
"Modern Medical Aesthetics St. Petersburg","St. Petersburg","2","Skinspirations","307","4.9","0.24","https://www.google.com/maps/search/?api=1&query=Skinspirations&query_place_id=ChIJfXBSQ-jlwogR2Ydc-cN6l3w"
"Modern Medical Aesthetics St. Petersburg","St. Petersburg","3","Indulgence Medical Day Spa","277","4.9","2.87","https://www.google.com/maps/search/?api=1&query=Indulgence%20Medical%20Day%20Spa&query_place_id=ChIJUROb6prmwogRG9JGBoSvP7I"
"Coco Med Spa","St. Petersburg","1","St Pete Wellness & MedSpa","1745","5.0","0.68","https://www.google.com/maps/search/?api=1&query=St%20Pete%20Wellness%20%26%20MedSpa&query_place_id=ChIJL3EWrgfhwogRSjqZ97c7rfg"
"Coco Med Spa","St. Petersburg","2","Glow St. Pete Med Spa","985","5.0","1.05","https://www.google.com/maps/search/?api=1&query=Glow%20St.%20Pete%20Med%20Spa&query_place_id=ChIJ6WmuwRbhwogRxrxbNz4s-ss"
"Coco Med Spa","St. Petersburg","3","LJ Aesthetics Medicine, LLC","219","5.0","0.56","https://www.google.com/maps/search/?api=1&query=LJ%20Aesthetics%20Medicine%2C%20LLC&query_place_id=ChIJlZJRmGvhwogR2BTeqY1NYWU"
"Moxy Medical Spa","St. Petersburg","1","St Pete Wellness & MedSpa","1745","5.0","0.96","https://www.google.com/maps/search/?api=1&query=St%20Pete%20Wellness%20%26%20MedSpa&query_place_id=ChIJL3EWrgfhwogRSjqZ97c7rfg"
"Moxy Medical Spa","St. Petersburg","2","Coco Med Spa","351","5.0","1.07","https://www.google.com/maps/search/?api=1&query=Coco%20Med%20Spa&query_place_id=ChIJPfMLZgDhwogRSa5PPP3VhKk"
"Moxy Medical Spa","St. Petersburg","3","AR Aesthetics","164","5.0","0.6","https://www.google.com/maps/search/?api=1&query=AR%20Aesthetics&query_place_id=ChIJuzRShG7jwogRryswjMAzX-E"
"Perfect Dose","Scottsdale","1","Clear Dermatology & Aesthetics Center - Paradise Valley","831","4.9","0.18","https://www.google.com/maps/search/?api=1&query=Clear%20Dermatology%20%26%20Aesthetics%20Center%20-%20Paradise%20Valley&query_place_id=ChIJz-YIcTMLK4cR-5fTPcoLGwk"
"Perfect Dose","Scottsdale","2","Esthetic Finesse","553","5.0","1.13","https://www.google.com/maps/search/?api=1&query=Esthetic%20Finesse&query_place_id=ChIJVVVFcHQLK4cR0tkTHotF6U8"
"Perfect Dose","Scottsdale","3","Elite Medspa Scottsdale","324","4.8","0.45","https://www.google.com/maps/search/?api=1&query=Elite%20Medspa%20Scottsdale&query_place_id=ChIJdxK_kz4LK4cRXKWb73rs2Wk"
"Cult Aesthetics","St. Petersburg","1","Moxy Medical Spa","180","5.0","1.45","https://www.google.com/maps/search/?api=1&query=Moxy%20Medical%20Spa&query_place_id=ChIJ7UHYHCriwogR3872H7mQBGA"
"Cult Aesthetics","St. Petersburg","2","AR Aesthetics","164","5.0","1.57","https://www.google.com/maps/search/?api=1&query=AR%20Aesthetics&query_place_id=ChIJuzRShG7jwogRryswjMAzX-E"
"Cult Aesthetics","St. Petersburg","3","Optimal Wellness St. Pete","136","5.0","1.01","https://www.google.com/maps/search/?api=1&query=Optimal%20Wellness%20St.%20Pete&query_place_id=ChIJzeUWChLjwogRmKiRwi2CtAs"
"Aesthetic skin studio","Clearwater","1","Golden Glow Medical Spa","847","4.8","2.77","https://www.google.com/maps/search/?api=1&query=Golden%20Glow%20Medical%20Spa&query_place_id=ChIJK1nYiHP6wogRnzI7wseVB1k"
"Aesthetic skin studio","Clearwater","2","Radiance Medspa","248","4.8","3.07","https://www.google.com/maps/search/?api=1&query=Radiance%20Medspa&query_place_id=ChIJ-xLsrAP6wogRj-_xcTV_55w"
"Aesthetic skin studio","Clearwater","3","Aria Med Spa","115","5.0","1.99","https://www.google.com/maps/search/?api=1&query=Aria%20Med%20Spa&query_place_id=ChIJX8BL2afxwogRHJMlJcs_Z00"
"Indulgence Medical Day Spa","St. Petersburg","1","Glow St. Pete Med Spa","985","5.0","3.98","https://www.google.com/maps/search/?api=1&query=Glow%20St.%20Pete%20Med%20Spa&query_place_id=ChIJ6WmuwRbhwogRxrxbNz4s-ss"
"Indulgence Medical Day Spa","St. Petersburg","2","iConcierge Med Spa","380","5.0","0.46","https://www.google.com/maps/search/?api=1&query=iConcierge%20Med%20Spa&query_place_id=ChIJ4esqA1rvwogRuZKzPis-dUc"
"Indulgence Medical Day Spa","St. Petersburg","3","Skinspirations","307","4.9","3.03","https://www.google.com/maps/search/?api=1&query=Skinspirations&query_place_id=ChIJfXBSQ-jlwogR2Ydc-cN6l3w"
"St. Pete Aesthetics | The Medical Spa Experts","St. Petersburg","1","Glow St. Pete Med Spa","985","5.0","2.58","https://www.google.com/maps/search/?api=1&query=Glow%20St.%20Pete%20Med%20Spa&query_place_id=ChIJ6WmuwRbhwogRxrxbNz4s-ss"
"St. Pete Aesthetics | The Medical Spa Experts","St. Petersburg","2","iConcierge Med Spa","380","5.0","1.85","https://www.google.com/maps/search/?api=1&query=iConcierge%20Med%20Spa&query_place_id=ChIJ4esqA1rvwogRuZKzPis-dUc"
"St. Pete Aesthetics | The Medical Spa Experts","St. Petersburg","3","Indulgence Medical Day Spa","277","4.9","1.4","https://www.google.com/maps/search/?api=1&query=Indulgence%20Medical%20Day%20Spa&query_place_id=ChIJUROb6prmwogRG9JGBoSvP7I"
"Ultimate Image Cosmetic Medical Center","Clearwater","1","RedBamboo Medi-Spa","222","4.7","0.54","https://www.google.com/maps/search/?api=1&query=RedBamboo%20Medi-Spa&query_place_id=ChIJ5QXFX9_twogRhH2410g-Aw4"
"Ultimate Image Cosmetic Medical Center","Clearwater","2","The Garden Medical Spa, Wellness & Massage","207","4.6","1.11","https://www.google.com/maps/search/?api=1&query=The%20Garden%20Medical%20Spa%2C%20Wellness%20%26%20Massage&query_place_id=ChIJ9-NTTL_twogRlzziAdw2_JE"
"Ultimate Image Cosmetic Medical Center","Clearwater","3","Revive Medical Spa LLC.","160","5.0","0.03","https://www.google.com/maps/search/?api=1&query=Revive%20Medical%20Spa%20LLC.&query_place_id=ChIJs6AmDgbtwogRqdDw-IPFNZk"
"AR Aesthetics","St. Petersburg","1","Coco Med Spa","351","5.0","0.68","https://www.google.com/maps/search/?api=1&query=Coco%20Med%20Spa&query_place_id=ChIJPfMLZgDhwogRSa5PPP3VhKk"
"AR Aesthetics","St. Petersburg","2","LJ Aesthetics Medicine, LLC","219","5.0","0.51","https://www.google.com/maps/search/?api=1&query=LJ%20Aesthetics%20Medicine%2C%20LLC&query_place_id=ChIJlZJRmGvhwogR2BTeqY1NYWU"
"AR Aesthetics","St. Petersburg","3","Moxy Medical Spa","180","5.0","0.6","https://www.google.com/maps/search/?api=1&query=Moxy%20Medical%20Spa&query_place_id=ChIJ7UHYHCriwogR3872H7mQBGA"
"Lueur Aesthetics","Clearwater","1","Lux Injectables","220","4.8","2.27","https://www.google.com/maps/search/?api=1&query=Lux%20Injectables&query_place_id=ChIJFZiD0mbxwogRU4mzV5wiXCI"
"Lueur Aesthetics","Clearwater","2","Aesthetic skin studio","117","4.9","2.46","https://www.google.com/maps/search/?api=1&query=Aesthetic%20skin%20studio&query_place_id=ChIJG3vaC6XxwogR3_OnXkUclTc"
"Lueur Aesthetics","Clearwater","3","Aria Med Spa","115","5.0","2.24","https://www.google.com/maps/search/?api=1&query=Aria%20Med%20Spa&query_place_id=ChIJX8BL2afxwogRHJMlJcs_Z00"
"Aria Med Spa","Clearwater","1","Golden Glow Medical Spa","847","4.8","1.88","https://www.google.com/maps/search/?api=1&query=Golden%20Glow%20Medical%20Spa&query_place_id=ChIJK1nYiHP6wogRnzI7wseVB1k"
"Aria Med Spa","Clearwater","2","Aesthetic skin studio","117","4.9","1.99","https://www.google.com/maps/search/?api=1&query=Aesthetic%20skin%20studio&query_place_id=ChIJG3vaC6XxwogR3_OnXkUclTc"
"Aria Med Spa","Clearwater","3","Lueur Aesthetics","113","4.9","2.24","https://www.google.com/maps/search/?api=1&query=Lueur%20Aesthetics&query_place_id=ChIJLVlzuR7zwogRRZsEBgzBt1s"
"Hermann Aesthetics & Wellness","St. Petersburg","1","Optimal Wellness St. Pete","136","5.0","4.18","https://www.google.com/maps/search/?api=1&query=Optimal%20Wellness%20St.%20Pete&query_place_id=ChIJzeUWChLjwogRmKiRwi2CtAs"
"Hermann Aesthetics & Wellness","St. Petersburg","2","Elase Medical Spa - St. Pete","119","5.0","3.77","https://www.google.com/maps/search/?api=1&query=Elase%20Medical%20Spa%20-%20St.%20Pete&query_place_id=ChIJIc0XUPbjwogR67H-WHFBHGU"
"Hermann Aesthetics & Wellness","St. Petersburg","3","Cult Aesthetics","79","5.0","3.16","https://www.google.com/maps/search/?api=1&query=Cult%20Aesthetics&query_place_id=ChIJ3c28KBsBdqsR9BPEt-Aw7EQ"
"Golden Glow Medical Spa","Largo","1","Radiance Medspa","248","4.8","1.4","https://www.google.com/maps/search/?api=1&query=Radiance%20Medspa&query_place_id=ChIJ-xLsrAP6wogRj-_xcTV_55w"
"Golden Glow Medical Spa","Largo","2","Nu Age Aesthetics","157","4.9","3.51","https://www.google.com/maps/search/?api=1&query=Nu%20Age%20Aesthetics&query_place_id=ChIJr15TUqf7wogRVlwo2MfR0Jk"
"Golden Glow Medical Spa","Largo","3","Aesthetic skin studio","117","4.9","2.77","https://www.google.com/maps/search/?api=1&query=Aesthetic%20skin%20studio&query_place_id=ChIJG3vaC6XxwogR3_OnXkUclTc"
"Goldfingers Aesthetics of Clearwater","Clearwater","1","Ultimate Image Cosmetic Medical Center","327","4.6","0.08","https://www.google.com/maps/search/?api=1&query=Ultimate%20Image%20Cosmetic%20Medical%20Center&query_place_id=ChIJu0cWHHTywogRVrnizhW4QB8"
"Goldfingers Aesthetics of Clearwater","Clearwater","2","RedBamboo Medi-Spa","222","4.7","0.51","https://www.google.com/maps/search/?api=1&query=RedBamboo%20Medi-Spa&query_place_id=ChIJ5QXFX9_twogRhH2410g-Aw4"
"Goldfingers Aesthetics of Clearwater","Clearwater","3","The Garden Medical Spa, Wellness & Massage","207","4.6","1.14","https://www.google.com/maps/search/?api=1&query=The%20Garden%20Medical%20Spa%2C%20Wellness%20%26%20Massage&query_place_id=ChIJ9-NTTL_twogRlzziAdw2_JE"
"Ageless Advanced Aesthetics","Clearwater","1","Ultimate Image Cosmetic Medical Center","327","4.6","0.18","https://www.google.com/maps/search/?api=1&query=Ultimate%20Image%20Cosmetic%20Medical%20Center&query_place_id=ChIJu0cWHHTywogRVrnizhW4QB8"
"Ageless Advanced Aesthetics","Clearwater","2","RedBamboo Medi-Spa","222","4.7","0.47","https://www.google.com/maps/search/?api=1&query=RedBamboo%20Medi-Spa&query_place_id=ChIJ5QXFX9_twogRhH2410g-Aw4"
"Ageless Advanced Aesthetics","Clearwater","3","The Garden Medical Spa, Wellness & Massage","207","4.6","1.2","https://www.google.com/maps/search/?api=1&query=The%20Garden%20Medical%20Spa%2C%20Wellness%20%26%20Massage&query_place_id=ChIJ9-NTTL_twogRlzziAdw2_JE"
"Lux Injectables","Clearwater","1","RedBamboo Medi-Spa","222","4.7","2.13","https://www.google.com/maps/search/?api=1&query=RedBamboo%20Medi-Spa&query_place_id=ChIJ5QXFX9_twogRhH2410g-Aw4"
"Lux Injectables","Clearwater","2","Lueur Aesthetics","113","4.9","2.27","https://www.google.com/maps/search/?api=1&query=Lueur%20Aesthetics&query_place_id=ChIJLVlzuR7zwogRRZsEBgzBt1s"
"Lux Injectables","Clearwater","3","Venus Med Spa","105","4.7","1.55","https://www.google.com/maps/search/?api=1&query=Venus%20Med%20Spa&query_place_id=ChIJc0608_7twogR4nHHXyGROA8"
"Revive Medical Spa LLC.","Clearwater","1","Ultimate Image Cosmetic Medical Center","327","4.6","0.03","https://www.google.com/maps/search/?api=1&query=Ultimate%20Image%20Cosmetic%20Medical%20Center&query_place_id=ChIJu0cWHHTywogRVrnizhW4QB8"
"Revive Medical Spa LLC.","Clearwater","2","RedBamboo Medi-Spa","222","4.7","0.5","https://www.google.com/maps/search/?api=1&query=RedBamboo%20Medi-Spa&query_place_id=ChIJ5QXFX9_twogRhH2410g-Aw4"
"Revive Medical Spa LLC.","Clearwater","3","The Garden Medical Spa, Wellness & Massage","207","4.6","1.14","https://www.google.com/maps/search/?api=1&query=The%20Garden%20Medical%20Spa%2C%20Wellness%20%26%20Massage&query_place_id=ChIJ9-NTTL_twogRlzziAdw2_JE"
"Onyxx Wellness and Aesthetics","Clearwater","1","Golden Glow Medical Spa","847","4.8","2.27","https://www.google.com/maps/search/?api=1&query=Golden%20Glow%20Medical%20Spa&query_place_id=ChIJK1nYiHP6wogRnzI7wseVB1k"
"Onyxx Wellness and Aesthetics","Clearwater","2","Radiance Medspa","248","4.8","2.85","https://www.google.com/maps/search/?api=1&query=Radiance%20Medspa&query_place_id=ChIJ-xLsrAP6wogRj-_xcTV_55w"
"Onyxx Wellness and Aesthetics","Clearwater","3","Aesthetic skin studio","117","4.9","0.68","https://www.google.com/maps/search/?api=1&query=Aesthetic%20skin%20studio&query_place_id=ChIJG3vaC6XxwogR3_OnXkUclTc"
"Skinspirations","Clearwater","1","iConcierge Med Spa","380","5.0","2.61","https://www.google.com/maps/search/?api=1&query=iConcierge%20Med%20Spa&query_place_id=ChIJ4esqA1rvwogRuZKzPis-dUc"
"Skinspirations","Clearwater","2","Indulgence Medical Day Spa","277","4.9","3.03","https://www.google.com/maps/search/?api=1&query=Indulgence%20Medical%20Day%20Spa&query_place_id=ChIJUROb6prmwogRG9JGBoSvP7I"
"Skinspirations","Clearwater","3","St. Pete Aesthetics | The Medical Spa Experts","202","5.0","4.34","https://www.google.com/maps/search/?api=1&query=St.%20Pete%20Aesthetics%20%7C%20The%20Medical%20Spa%20Experts&query_place_id=ChIJPesttGvnwogR7mq7-E59wXk"
"Atlanta MediSpa & Surgery Center - East Cobb","Marietta","1","OPAL Aesthetics - East Cobb","557","5.0","0.41","https://www.google.com/maps/search/?api=1&query=OPAL%20Aesthetics%20-%20East%20Cobb&query_place_id=ChIJ5z5oBzQJ9YgRyhw55qZIiDA"
"Atlanta MediSpa & Surgery Center - East Cobb","Marietta","2","OVME","251","4.9","0.33","https://www.google.com/maps/search/?api=1&query=OVME&query_place_id=ChIJH8_Nn8EN9YgR2hBEjoiAny4"
"Atlanta MediSpa & Surgery Center - East Cobb","Marietta","3","dermani MEDSPA® East Cobb","173","4.9","0.35","https://www.google.com/maps/search/?api=1&query=dermani%20MEDSPA%C2%AE%20East%20Cobb&query_place_id=ChIJAfocrmcN9YgRerdGZh5mTEg"
"Refinery21 Studio","Marietta","1","Marietta Plastic Surgery","1038","4.9","2.08","https://www.google.com/maps/search/?api=1&query=Marietta%20Plastic%20Surgery&query_place_id=ChIJ9-YJdEYU9YgRZyIOvqAyc9M"
"Refinery21 Studio","Marietta","2","New You Aesthetic","422","5.0","5.21","https://www.google.com/maps/search/?api=1&query=New%20You%20Aesthetic&query_place_id=ChIJ0Ya5u8s59YgRSArZKz6j5QY"
"Refinery21 Studio","Marietta","3","Signature Image Atlanta","115","4.9","2.57","https://www.google.com/maps/search/?api=1&query=Signature%20Image%20Atlanta&query_place_id=ChIJubcbD9Q99YgR3g7qwy8jf-U"
"The Garden Medical Spa, Wellness & Massage","Clearwater","1","Ultimate Image Cosmetic Medical Center","327","4.6","1.11","https://www.google.com/maps/search/?api=1&query=Ultimate%20Image%20Cosmetic%20Medical%20Center&query_place_id=ChIJu0cWHHTywogRVrnizhW4QB8"
"The Garden Medical Spa, Wellness & Massage","Clearwater","2","RedBamboo Medi-Spa","222","4.7","1.64","https://www.google.com/maps/search/?api=1&query=RedBamboo%20Medi-Spa&query_place_id=ChIJ5QXFX9_twogRhH2410g-Aw4"
"The Garden Medical Spa, Wellness & Massage","Clearwater","3","Revive Medical Spa LLC.","160","5.0","1.14","https://www.google.com/maps/search/?api=1&query=Revive%20Medical%20Spa%20LLC.&query_place_id=ChIJs6AmDgbtwogRqdDw-IPFNZk"
"DrSkin Plastic Surgery, Regenerative & Medical Spa","Gilbert","1","Alani Skin MD","1394","4.9","1.51","https://www.google.com/maps/search/?api=1&query=Alani%20Skin%20MD&query_place_id=ChIJ7_30ICavK4cRdC_Yv72Dbyk"
"DrSkin Plastic Surgery, Regenerative & Medical Spa","Gilbert","2","Frost Aesthetics & Wellness","289","5.0","1.6","https://www.google.com/maps/search/?api=1&query=Frost%20Aesthetics%20%26%20Wellness&query_place_id=ChIJT_MS3y2vK4cRJsygH054Ux8"
"DrSkin Plastic Surgery, Regenerative & Medical Spa","Gilbert","3","Karma Aesthetics and Wellness","274","5.0","0.89","https://www.google.com/maps/search/?api=1&query=Karma%20Aesthetics%20and%20Wellness&query_place_id=ChIJ1ZZUN5axK4cRxo-dwxwzk6Y"
"Jackie La Croix","Glastonbury","1","Restore Hyper Wellness","235","4.8","8.74","https://www.google.com/maps/search/?api=1&query=Restore%20Hyper%20Wellness&query_place_id=ChIJJz8FzBmr54kRG5sXBzUU2eM"
"Jackie La Croix","Glastonbury","2","Radiant Beauty & Health West Hartford","155","4.5","7.82","https://www.google.com/maps/search/?api=1&query=Radiant%20Beauty%20%26%20Health%20West%20Hartford&query_place_id=ChIJa8bXNjat54kREgEKacMzm5A"
"Skinology Wellness & Aesthetics","Clearwater","1","RedBamboo Medi-Spa","222","4.7","3.63","https://www.google.com/maps/search/?api=1&query=RedBamboo%20Medi-Spa&query_place_id=ChIJ5QXFX9_twogRhH2410g-Aw4"
"Skinology Wellness & Aesthetics","Clearwater","2","Lux Injectables","220","4.8","2.37","https://www.google.com/maps/search/?api=1&query=Lux%20Injectables&query_place_id=ChIJFZiD0mbxwogRU4mzV5wiXCI"
"Skinology Wellness & Aesthetics","Clearwater","3","Nu Age Aesthetics","157","4.9","3.49","https://www.google.com/maps/search/?api=1&query=Nu%20Age%20Aesthetics&query_place_id=ChIJr15TUqf7wogRVlwo2MfR0Jk"
"Lumière Aesthetics & Wellness","Nashville","1","Skin Pharm","509","5.0","1.65","https://www.google.com/maps/search/?api=1&query=Skin%20Pharm&query_place_id=ChIJb7Mkf9xjZIgRjcvP84efD3Q"
"Lumière Aesthetics & Wellness","Nashville","2","Melrose Aesthetics","198","5.0","0.62","https://www.google.com/maps/search/?api=1&query=Melrose%20Aesthetics&query_place_id=ChIJub5VGQJlZIgRI4PrSNXabJg"
"Lumière Aesthetics & Wellness","Nashville","3","Anastacia Aesthetics","101","4.9","1.22","https://www.google.com/maps/search/?api=1&query=Anastacia%20Aesthetics&query_place_id=ChIJG4AhtppmZIgRRmLabHk0Y8E"
"Radiance Medspa","Belleair Bluffs","1","Golden Glow Medical Spa","847","4.8","1.4","https://www.google.com/maps/search/?api=1&query=Golden%20Glow%20Medical%20Spa&query_place_id=ChIJK1nYiHP6wogRnzI7wseVB1k"
"Radiance Medspa","Belleair Bluffs","2","Nu Age Aesthetics","157","4.9","4.9","https://www.google.com/maps/search/?api=1&query=Nu%20Age%20Aesthetics&query_place_id=ChIJr15TUqf7wogRVlwo2MfR0Jk"
"Radiance Medspa","Belleair Bluffs","3","Aesthetic skin studio","117","4.9","3.07","https://www.google.com/maps/search/?api=1&query=Aesthetic%20skin%20studio&query_place_id=ChIJG3vaC6XxwogR3_OnXkUclTc"
"Uptown Medispa","Phoenix","1","Morph Aesthetics","197","5.0","2.8","https://www.google.com/maps/search/?api=1&query=Morph%20Aesthetics&query_place_id=ChIJGY6t0PgTK4cRAioPuzv5cTg"
"Uptown Medispa","Phoenix","2","Sculpt AZ Medspa","167","5.0","2.41","https://www.google.com/maps/search/?api=1&query=Sculpt%20AZ%20Medspa&query_place_id=ChIJQ33hNI0NK4cRHUc6lJtGe8M"
"Uptown Medispa","Phoenix","3","NK Aesthetics","159","5.0","0.91","https://www.google.com/maps/search/?api=1&query=NK%20Aesthetics&query_place_id=ChIJfWpRykp1K4cReixuGnS9OCc"
"Melrose Aesthetics","Nashville","1","Skin Pharm","509","5.0","1.41","https://www.google.com/maps/search/?api=1&query=Skin%20Pharm&query_place_id=ChIJb7Mkf9xjZIgRjcvP84efD3Q"
"Melrose Aesthetics","Nashville","2","Anastacia Aesthetics","101","4.9","1.3","https://www.google.com/maps/search/?api=1&query=Anastacia%20Aesthetics&query_place_id=ChIJG4AhtppmZIgRRmLabHk0Y8E"
"Melrose Aesthetics","Nashville","3","Radianté Spa Nashville","95","5.0","1.26","https://www.google.com/maps/search/?api=1&query=Radiant%C3%A9%20Spa%20Nashville&query_place_id=ChIJTTET5t5nZIgRlAjzhr1swjk"
"SLK Aesthetic Medicine","Nashville","1","ElaMar Nashville","647","5.0","1.15","https://www.google.com/maps/search/?api=1&query=ElaMar%20Nashville&query_place_id=ChIJzWRlxBZhZIgRF5Byvi9iFng"
"SLK Aesthetic Medicine","Nashville","2","Hi, Finch","406","5.0","0.12","https://www.google.com/maps/search/?api=1&query=Hi%2C%20Finch&query_place_id=ChIJcQjpRZBhZIgRMUrTlTevWKc"
"SLK Aesthetic Medicine","Nashville","3","Smiley Aesthetics Training Facility & Med Spa – Nashville","223","5.0","1.16","https://www.google.com/maps/search/?api=1&query=Smiley%20Aesthetics%20Training%20Facility%20%26%20Med%20Spa%20%E2%80%93%20Nashville&query_place_id=ChIJES2RLfBlZIgR99pDXBn9bK4"
"Reflection Aesthetics Co","Nashville","1","NakedMD Med Spa Nashville","629","4.8","1.86","https://www.google.com/maps/search/?api=1&query=NakedMD%20Med%20Spa%20Nashville&query_place_id=ChIJ_71XM8BnZIgRL87NtVfaERs"
"Reflection Aesthetics Co","Nashville","2","The Aesthetics Club Nashville - By Nash Injections by Hannah","275","5.0","0.13","https://www.google.com/maps/search/?api=1&query=The%20Aesthetics%20Club%20Nashville%20-%20By%20Nash%20Injections%20by%20Hannah&query_place_id=ChIJk9rBNFdjZIgR8V60YBdCHNc"
"Reflection Aesthetics Co","Nashville","3","Toxxology®","131","5.0","0.52","https://www.google.com/maps/search/?api=1&query=Toxxology%C2%AE&query_place_id=ChIJPzMDQ41xZIgR2lpZANGEzQU"
"Hatef Aesthetics & Plastic Surgery","Nashville","1","OVME","284","4.8","3.17","https://www.google.com/maps/search/?api=1&query=OVME&query_place_id=ChIJz6Fq-x5lZIgRDlDP7SRM7jU"
"Hatef Aesthetics & Plastic Surgery","Nashville","2","Skin MB","231","5.0","3.16","https://www.google.com/maps/search/?api=1&query=Skin%20MB&query_place_id=ChIJW7GWu3VkZIgRHbjYNyUBYnE"
"Hatef Aesthetics & Plastic Surgery","Nashville","3","Smiley Aesthetics Training Facility & Med Spa – Nashville","223","5.0","3.69","https://www.google.com/maps/search/?api=1&query=Smiley%20Aesthetics%20Training%20Facility%20%26%20Med%20Spa%20%E2%80%93%20Nashville&query_place_id=ChIJES2RLfBlZIgR99pDXBn9bK4"
"Smiley Aesthetics Training Facility & Med Spa – Nashville","Nashville","1","ElaMar Nashville","647","5.0","1.3","https://www.google.com/maps/search/?api=1&query=ElaMar%20Nashville&query_place_id=ChIJzWRlxBZhZIgRF5Byvi9iFng"
"Smiley Aesthetics Training Facility & Med Spa – Nashville","Nashville","2","Hi, Finch","406","5.0","1.19","https://www.google.com/maps/search/?api=1&query=Hi%2C%20Finch&query_place_id=ChIJcQjpRZBhZIgRMUrTlTevWKc"
"Smiley Aesthetics Training Facility & Med Spa – Nashville","Nashville","3","SLK Aesthetic Medicine","349","4.9","1.16","https://www.google.com/maps/search/?api=1&query=SLK%20Aesthetic%20Medicine&query_place_id=ChIJkbB8w0RhZIgRO6PNhMTpDaA"
"RedBamboo Medi-Spa","Clearwater","1","Ultimate Image Cosmetic Medical Center","327","4.6","0.54","https://www.google.com/maps/search/?api=1&query=Ultimate%20Image%20Cosmetic%20Medical%20Center&query_place_id=ChIJu0cWHHTywogRVrnizhW4QB8"
"RedBamboo Medi-Spa","Clearwater","2","Revive Medical Spa LLC.","160","5.0","0.5","https://www.google.com/maps/search/?api=1&query=Revive%20Medical%20Spa%20LLC.&query_place_id=ChIJs6AmDgbtwogRqdDw-IPFNZk"
"RedBamboo Medi-Spa","Clearwater","3","Goldfingers Aesthetics of Clearwater","124","4.9","0.51","https://www.google.com/maps/search/?api=1&query=Goldfingers%20Aesthetics%20of%20Clearwater&query_place_id=ChIJoeGSBI_twogRCjVmSzgIumg"
"Anastacia Aesthetics","Nashville","1","Skin Pharm","509","5.0","0.76","https://www.google.com/maps/search/?api=1&query=Skin%20Pharm&query_place_id=ChIJb7Mkf9xjZIgRjcvP84efD3Q"
"Anastacia Aesthetics","Nashville","2","Skin MB","231","5.0","1.47","https://www.google.com/maps/search/?api=1&query=Skin%20MB&query_place_id=ChIJW7GWu3VkZIgRHbjYNyUBYnE"
"Anastacia Aesthetics","Nashville","3","Elan Skin & Laser Med Spa of Nashville","206","4.7","0.94","https://www.google.com/maps/search/?api=1&query=Elan%20Skin%20%26%20Laser%20Med%20Spa%20of%20Nashville&query_place_id=ChIJq4eWhm1kZIgROJ2wYgCYeVw"
"Face and Body Concept","Miami","1","Solea Brickell Spa","341","4.4","0.2","https://www.google.com/maps/search/?api=1&query=Solea%20Brickell%20Spa&query_place_id=ChIJdxTDfYO32YgR_dV5rECP7_E"
"Face and Body Concept","Miami","2","No Filter Medical Spa","196","4.9","0.16","https://www.google.com/maps/search/?api=1&query=No%20Filter%20Medical%20Spa&query_place_id=ChIJIwS0toq32YgRtdNmpvUoV8A"
"Face and Body Concept","Miami","3","DinStyle Aesthetics Services BRICKELL","151","4.6","0.01","https://www.google.com/maps/search/?api=1&query=DinStyle%20Aesthetics%20Services%20BRICKELL&query_place_id=ChIJSQLyPYW22YgRzZCwzQVEFxg"
"DinStyle Aesthetics Services BRICKELL","Miami","1","Solea Brickell Spa","341","4.4","0.2","https://www.google.com/maps/search/?api=1&query=Solea%20Brickell%20Spa&query_place_id=ChIJdxTDfYO32YgR_dV5rECP7_E"
"DinStyle Aesthetics Services BRICKELL","Miami","2","No Filter Medical Spa","196","4.9","0.17","https://www.google.com/maps/search/?api=1&query=No%20Filter%20Medical%20Spa&query_place_id=ChIJIwS0toq32YgRtdNmpvUoV8A"
"DinStyle Aesthetics Services BRICKELL","Miami","3","Face and Body Concept","94","4.9","0.01","https://www.google.com/maps/search/?api=1&query=Face%20and%20Body%20Concept&query_place_id=ChIJb7xFuc232YgRI-X_0JaH7xY"
"LightTouch Med Spa","Orlando","1","New U Med Spa","525","4.9","4.86","https://www.google.com/maps/search/?api=1&query=New%20U%20Med%20Spa&query_place_id=ChIJ955Q6ruB3YgRlyOMN4xmsXs"
"LightTouch Med Spa","Orlando","2","Natural Glamorous Medspa","299","4.9","2.31","https://www.google.com/maps/search/?api=1&query=Natural%20Glamorous%20Medspa&query_place_id=ChIJ6beoMAVx54gRs0avoEh4A78"
"LightTouch Med Spa","Orlando","3","VIO Med Spa","240","4.8","4.97","https://www.google.com/maps/search/?api=1&query=VIO%20Med%20Spa&query_place_id=ChIJO0C52jB754gRkdH4u-3r0vU"
"Nu Age Aesthetics","Clearwater","1","Golden Glow Medical Spa","847","4.8","3.51","https://www.google.com/maps/search/?api=1&query=Golden%20Glow%20Medical%20Spa&query_place_id=ChIJK1nYiHP6wogRnzI7wseVB1k"
"Nu Age Aesthetics","Clearwater","2","Aria Med Spa","115","5.0","2.8","https://www.google.com/maps/search/?api=1&query=Aria%20Med%20Spa&query_place_id=ChIJX8BL2afxwogRHJMlJcs_Z00"
"Nu Age Aesthetics","Clearwater","3","Lueur Aesthetics","113","4.9","3.94","https://www.google.com/maps/search/?api=1&query=Lueur%20Aesthetics&query_place_id=ChIJLVlzuR7zwogRRZsEBgzBt1s"
"VIO Med Spa","Orlando","1","LightTouch Med Spa","941","4.8","4.97","https://www.google.com/maps/search/?api=1&query=LightTouch%20Med%20Spa&query_place_id=ChIJZz8OoAh954gRgL0cyEZ2ZHE"
"VIO Med Spa","Orlando","2","LUXE Med Spa Aesthetics","784","5.0","1.67","https://www.google.com/maps/search/?api=1&query=LUXE%20Med%20Spa%20Aesthetics&query_place_id=ChIJb-_I8apv54gRuopRbOEjNTA"
"VIO Med Spa","Orlando","3","Bijoux Med Spa","271","5.0","1.05","https://www.google.com/maps/search/?api=1&query=Bijoux%20Med%20Spa&query_place_id=ChIJm8WXwCV754gRuSvxBqKwX_8"
"Sand Lake MedSpa","Orlando","1","LightTouch Med Spa","941","4.8","2.33","https://www.google.com/maps/search/?api=1&query=LightTouch%20Med%20Spa&query_place_id=ChIJZz8OoAh954gRgL0cyEZ2ZHE"
"Sand Lake MedSpa","Orlando","2","Bloom Aesthetics","552","4.7","3.18","https://www.google.com/maps/search/?api=1&query=Bloom%20Aesthetics&query_place_id=ChIJv8HnRw-A3YgRH0K0AS4cyro"
"Sand Lake MedSpa","Orlando","3","New U Med Spa","525","4.9","3.05","https://www.google.com/maps/search/?api=1&query=New%20U%20Med%20Spa&query_place_id=ChIJ955Q6ruB3YgRlyOMN4xmsXs"
"Dr. Phillips Medical Spa","Orlando","1","Bloom Aesthetics","552","4.7","0.55","https://www.google.com/maps/search/?api=1&query=Bloom%20Aesthetics&query_place_id=ChIJv8HnRw-A3YgRH0K0AS4cyro"
"Dr. Phillips Medical Spa","Orlando","2","New U Med Spa","525","4.9","1.44","https://www.google.com/maps/search/?api=1&query=New%20U%20Med%20Spa&query_place_id=ChIJ955Q6ruB3YgRlyOMN4xmsXs"
"Dr. Phillips Medical Spa","Orlando","3","Facial Mania Med Spa Orlando","301","5.0","2.9","https://www.google.com/maps/search/?api=1&query=Facial%20Mania%20Med%20Spa%20Orlando&query_place_id=ChIJF3XwjcZ_54gRdp0KUNYpMMg"
"Venus Med Spa","Clearwater","1","Ultimate Image Cosmetic Medical Center","327","4.6","1.51","https://www.google.com/maps/search/?api=1&query=Ultimate%20Image%20Cosmetic%20Medical%20Center&query_place_id=ChIJu0cWHHTywogRVrnizhW4QB8"
"Venus Med Spa","Clearwater","2","RedBamboo Medi-Spa","222","4.7","1.3","https://www.google.com/maps/search/?api=1&query=RedBamboo%20Medi-Spa&query_place_id=ChIJ5QXFX9_twogRhH2410g-Aw4"
"Venus Med Spa","Clearwater","3","Revive Medical Spa LLC.","160","5.0","1.5","https://www.google.com/maps/search/?api=1&query=Revive%20Medical%20Spa%20LLC.&query_place_id=ChIJs6AmDgbtwogRqdDw-IPFNZk"
"Aqua Medical Spa - Marietta","Marietta","1","dermani MEDSPA® Vinings","447","4.9","2.53","https://www.google.com/maps/search/?api=1&query=dermani%20MEDSPA%C2%AE%20Vinings&query_place_id=ChIJQ4xy-G4Q9YgRllWerAvmK2E"
"Aqua Medical Spa - Marietta","Marietta","2","Skinsations Med Spa","360","4.8","1.57","https://www.google.com/maps/search/?api=1&query=Skinsations%20Med%20Spa&query_place_id=ChIJRUvqLAcR9YgRjQXLLhIyQMs"
"Aqua Medical Spa - Marietta","Marietta","3","Amerejuve MedSpa Marietta, GA - Laser Hair Removal, CoolSculpting, Botox & Facials","122","4.5","1.02","https://www.google.com/maps/search/?api=1&query=Amerejuve%20MedSpa%20Marietta%2C%20GA%20-%20Laser%20Hair%20Removal%2C%20CoolSculpting%2C%20Botox%20%26%20Facials&query_place_id=ChIJ82S6xbsR9YgRBvfBRhZ3k5M"
"Natural Glamorous Medspa","Orlando","1","LightTouch Med Spa","941","4.8","2.31","https://www.google.com/maps/search/?api=1&query=LightTouch%20Med%20Spa&query_place_id=ChIJZz8OoAh954gRgL0cyEZ2ZHE"
"Natural Glamorous Medspa","Orlando","2","Bloom Aesthetics","552","4.7","3.33","https://www.google.com/maps/search/?api=1&query=Bloom%20Aesthetics&query_place_id=ChIJv8HnRw-A3YgRH0K0AS4cyro"
"Natural Glamorous Medspa","Orlando","3","New U Med Spa","525","4.9","3.29","https://www.google.com/maps/search/?api=1&query=New%20U%20Med%20Spa&query_place_id=ChIJ955Q6ruB3YgRlyOMN4xmsXs"
"Celine Med Spa Orlando - Fillers Injectables & Hydrafacial","Orlando","1","Windermere Medical Spa","767","4.9","4.28","https://www.google.com/maps/search/?api=1&query=Windermere%20Medical%20Spa&query_place_id=ChIJSQdPsmGA54gR2qg1hILeltY"
"Celine Med Spa Orlando - Fillers Injectables & Hydrafacial","Orlando","2","Bloom Aesthetics","552","4.7","3.9","https://www.google.com/maps/search/?api=1&query=Bloom%20Aesthetics&query_place_id=ChIJv8HnRw-A3YgRH0K0AS4cyro"
"Celine Med Spa Orlando - Fillers Injectables & Hydrafacial","Orlando","3","New U Med Spa","525","4.9","2.98","https://www.google.com/maps/search/?api=1&query=New%20U%20Med%20Spa&query_place_id=ChIJ955Q6ruB3YgRlyOMN4xmsXs"
"Bloom Aesthetics","Orlando","1","New U Med Spa","525","4.9","1.45","https://www.google.com/maps/search/?api=1&query=New%20U%20Med%20Spa&query_place_id=ChIJ955Q6ruB3YgRlyOMN4xmsXs"
"Bloom Aesthetics","Orlando","2","Facial Mania Med Spa Orlando","301","5.0","3.0","https://www.google.com/maps/search/?api=1&query=Facial%20Mania%20Med%20Spa%20Orlando&query_place_id=ChIJF3XwjcZ_54gRdp0KUNYpMMg"
"Bloom Aesthetics","Orlando","3","Natural Glamorous Medspa","299","4.9","3.33","https://www.google.com/maps/search/?api=1&query=Natural%20Glamorous%20Medspa&query_place_id=ChIJ6beoMAVx54gRs0avoEh4A78"
"BEIAMED MEDSPA & CLINIC","Miami","1","Brickell Cosmetic Center-Aesthetics & Dermatology","438","4.6","1.35","https://www.google.com/maps/search/?api=1&query=Brickell%20Cosmetic%20Center-Aesthetics%20%26%20Dermatology&query_place_id=ChIJt7xbx4m22YgRiCc1jctvNNA"
"BEIAMED MEDSPA & CLINIC","Miami","2","Get Refreshed","237","4.6","0.53","https://www.google.com/maps/search/?api=1&query=Get%20Refreshed&query_place_id=ChIJEZ22toSy2YgRGHFuhlzVi2E"
"BEIAMED MEDSPA & CLINIC","Miami","3","Only Med Glam Aesthetics & Wellness","106","5.0","1.15","https://www.google.com/maps/search/?api=1&query=Only%20Med%20Glam%20Aesthetics%20%26%20Wellness&query_place_id=ChIJo2qRhqa52YgRDtIDMZ-InK0"
"Optimal Wellness St. Pete","St. Petersburg","1","LJ Aesthetics Medicine, LLC","219","5.0","1.24","https://www.google.com/maps/search/?api=1&query=LJ%20Aesthetics%20Medicine%2C%20LLC&query_place_id=ChIJlZJRmGvhwogR2BTeqY1NYWU"
"Optimal Wellness St. Pete","St. Petersburg","2","Moxy Medical Spa","180","5.0","0.44","https://www.google.com/maps/search/?api=1&query=Moxy%20Medical%20Spa&query_place_id=ChIJ7UHYHCriwogR3872H7mQBGA"
"Optimal Wellness St. Pete","St. Petersburg","3","AR Aesthetics","164","5.0","0.75","https://www.google.com/maps/search/?api=1&query=AR%20Aesthetics&query_place_id=ChIJuzRShG7jwogRryswjMAzX-E"
"New U Med Spa","Orlando","1","Bloom Aesthetics","552","4.7","1.45","https://www.google.com/maps/search/?api=1&query=Bloom%20Aesthetics&query_place_id=ChIJv8HnRw-A3YgRH0K0AS4cyro"
"New U Med Spa","Orlando","2","Natural Glamorous Medspa","299","4.9","3.29","https://www.google.com/maps/search/?api=1&query=Natural%20Glamorous%20Medspa&query_place_id=ChIJ6beoMAVx54gRs0avoEh4A78"
"New U Med Spa","Orlando","3","Spa Blue","207","4.7","1.46","https://www.google.com/maps/search/?api=1&query=Spa%20Blue&query_place_id=ChIJSz2vNSp_54gRDSvtDni4fNg"
"Winter Park Medspa","Orlando","1","Wymore Laser & Anti-Aging Medicine in Winter Park, FL","343","4.9","1.08","https://www.google.com/maps/search/?api=1&query=Wymore%20Laser%20%26%20Anti-Aging%20Medicine%20in%20Winter%20Park%2C%20FL&query_place_id=ChIJWVoBHIpw54gRMhrcYrSSGUs"
"Winter Park Medspa","Orlando","2","Winter Park Skin®","150","4.9","1.82","https://www.google.com/maps/search/?api=1&query=Winter%20Park%20Skin%C2%AE&query_place_id=ChIJm4jXnxBw54gRntaFA7h0rsU"
"Winter Park Medspa","Orlando","3","AK Aesthetics","146","4.9","1.4","https://www.google.com/maps/search/?api=1&query=AK%20Aesthetics&query_place_id=ChIJ-4TnUW1x54gRPKb0Rc2Oir8"
"Hi, Finch","Nashville","1","ElaMar Nashville","647","5.0","1.05","https://www.google.com/maps/search/?api=1&query=ElaMar%20Nashville&query_place_id=ChIJzWRlxBZhZIgRF5Byvi9iFng"
"Hi, Finch","Nashville","2","NSI Wellness | Aesthetics","364","4.9","2.27","https://www.google.com/maps/search/?api=1&query=NSI%20Wellness%20%7C%20Aesthetics&query_place_id=ChIJm32TiUpdZIgRzwMVLS49MRc"
"Hi, Finch","Nashville","3","SLK Aesthetic Medicine","349","4.9","0.12","https://www.google.com/maps/search/?api=1&query=SLK%20Aesthetic%20Medicine&query_place_id=ChIJkbB8w0RhZIgRO6PNhMTpDaA"
"Bijoux Med Spa","Orlando","1","LUXE Med Spa Aesthetics","784","5.0","0.64","https://www.google.com/maps/search/?api=1&query=LUXE%20Med%20Spa%20Aesthetics&query_place_id=ChIJb-_I8apv54gRuopRbOEjNTA"
"Bijoux Med Spa","Orlando","2","VIO Med Spa","240","4.8","1.05","https://www.google.com/maps/search/?api=1&query=VIO%20Med%20Spa&query_place_id=ChIJO0C52jB754gRkdH4u-3r0vU"
"Bijoux Med Spa","Orlando","3","Vitality Medical Aesthetics","62","4.9","2.32","https://www.google.com/maps/search/?api=1&query=Vitality%20Medical%20Aesthetics&query_place_id=ChIJNXts4Jd754gRglyhOmpRQIc"
"Couture Med Spa","Winter Park","1","Aesthetic Lane","158","4.9","0.59","https://www.google.com/maps/search/?api=1&query=Aesthetic%20Lane&query_place_id=ChIJ4-MesfZ654gRWFpHet-IPm4"
"Couture Med Spa","Winter Park","2","AO Esthetics","143","4.9","0.61","https://www.google.com/maps/search/?api=1&query=AO%20Esthetics&query_place_id=ChIJs_9KLTNl54gRJt6KrECRPws"
"Couture Med Spa","Winter Park","3","Illumine Medspa","139","3.5","0.4","https://www.google.com/maps/search/?api=1&query=Illumine%20Medspa&query_place_id=ChIJe_LgJTZx54gR6gdj5JES-9k"
"Windermere Medical Spa","Orlando","1","Bloom Aesthetics","552","4.7","4.18","https://www.google.com/maps/search/?api=1&query=Bloom%20Aesthetics&query_place_id=ChIJv8HnRw-A3YgRH0K0AS4cyro"
"Windermere Medical Spa","Orlando","2","New U Med Spa","525","4.9","4.79","https://www.google.com/maps/search/?api=1&query=New%20U%20Med%20Spa&query_place_id=ChIJ955Q6ruB3YgRlyOMN4xmsXs"
"Windermere Medical Spa","Orlando","3","Facial Mania Med Spa Orlando","301","5.0","5.63","https://www.google.com/maps/search/?api=1&query=Facial%20Mania%20Med%20Spa%20Orlando&query_place_id=ChIJF3XwjcZ_54gRdp0KUNYpMMg"
"180 MedSpa","Winter Park","1","Couture Med Spa","438","4.7","0.97","https://www.google.com/maps/search/?api=1&query=Couture%20Med%20Spa&query_place_id=ChIJ1wo8fQtw54gRoYfCkulJujc"
"180 MedSpa","Winter Park","2","Wymore Laser & Anti-Aging Medicine in Winter Park, FL","343","4.9","0.87","https://www.google.com/maps/search/?api=1&query=Wymore%20Laser%20%26%20Anti-Aging%20Medicine%20in%20Winter%20Park%2C%20FL&query_place_id=ChIJWVoBHIpw54gRMhrcYrSSGUs"
"180 MedSpa","Winter Park","3","Winter Park Skin®","150","4.9","0.96","https://www.google.com/maps/search/?api=1&query=Winter%20Park%20Skin%C2%AE&query_place_id=ChIJm4jXnxBw54gRntaFA7h0rsU"
"Polished Beauty MedSpa","Winter Park","1","Look Lab Med Spa","914","5.0","0.23","https://www.google.com/maps/search/?api=1&query=Look%20Lab%20Med%20Spa&query_place_id=ChIJzVG4_Hlx54gRVFIRJnqiR48"
"Polished Beauty MedSpa","Winter Park","2","Cosmetic Skin & Laser Center","343","4.8","0.92","https://www.google.com/maps/search/?api=1&query=Cosmetic%20Skin%20%26%20Laser%20Center&query_place_id=ChIJD2kPt2Bw54gRIlOi5SyFoBQ"
"Polished Beauty MedSpa","Winter Park","3","SkinCeuticals SkinLab Winter Park","172","5.0","0.74","https://www.google.com/maps/search/?api=1&query=SkinCeuticals%20SkinLab%20Winter%20Park&query_place_id=ChIJzan0oWVx54gRgqdzVQ7hbhc"
"Joules Aesthetics","Winter Park","1","Cosmetic Skin & Laser Center","343","4.8","0.4","https://www.google.com/maps/search/?api=1&query=Cosmetic%20Skin%20%26%20Laser%20Center&query_place_id=ChIJD2kPt2Bw54gRIlOi5SyFoBQ"
"Joules Aesthetics","Winter Park","2","SkinCeuticals SkinLab Winter Park","172","5.0","0.28","https://www.google.com/maps/search/?api=1&query=SkinCeuticals%20SkinLab%20Winter%20Park&query_place_id=ChIJzan0oWVx54gRgqdzVQ7hbhc"
"Joules Aesthetics","Winter Park","3","Aesthetic Lane","158","4.9","0.91","https://www.google.com/maps/search/?api=1&query=Aesthetic%20Lane&query_place_id=ChIJ4-MesfZ654gRWFpHet-IPm4"
"Windermere Medical Spa","Winter Park","1","Look Lab Med Spa","914","5.0","2.01","https://www.google.com/maps/search/?api=1&query=Look%20Lab%20Med%20Spa&query_place_id=ChIJzVG4_Hlx54gRVFIRJnqiR48"
"Windermere Medical Spa","Winter Park","2","Cosmetic Skin & Laser Center","343","4.8","1.95","https://www.google.com/maps/search/?api=1&query=Cosmetic%20Skin%20%26%20Laser%20Center&query_place_id=ChIJD2kPt2Bw54gRIlOi5SyFoBQ"
"Windermere Medical Spa","Winter Park","3","Dr. Phillips Aesthetics","191","5.0","1.87","https://www.google.com/maps/search/?api=1&query=Dr.%20Phillips%20Aesthetics&query_place_id=ChIJt06AHP1v54gRK4Ns0wMBbiw"
"Spa Blue","Orlando","1","Bloom Aesthetics","552","4.7","0.32","https://www.google.com/maps/search/?api=1&query=Bloom%20Aesthetics&query_place_id=ChIJv8HnRw-A3YgRH0K0AS4cyro"
"Spa Blue","Orlando","2","New U Med Spa","525","4.9","1.46","https://www.google.com/maps/search/?api=1&query=New%20U%20Med%20Spa&query_place_id=ChIJ955Q6ruB3YgRlyOMN4xmsXs"
"Spa Blue","Orlando","3","Facial Mania Med Spa Orlando","301","5.0","2.88","https://www.google.com/maps/search/?api=1&query=Facial%20Mania%20Med%20Spa%20Orlando&query_place_id=ChIJF3XwjcZ_54gRdp0KUNYpMMg"
"Cosmetic Skin & Laser Center","Winter Park","1","SkinCeuticals SkinLab Winter Park","172","5.0","0.55","https://www.google.com/maps/search/?api=1&query=SkinCeuticals%20SkinLab%20Winter%20Park&query_place_id=ChIJzan0oWVx54gRgqdzVQ7hbhc"
"Cosmetic Skin & Laser Center","Winter Park","2","Aesthetic Lane","158","4.9","1.08","https://www.google.com/maps/search/?api=1&query=Aesthetic%20Lane&query_place_id=ChIJ4-MesfZ654gRWFpHet-IPm4"
"Cosmetic Skin & Laser Center","Winter Park","3","Winter Park Skin®","150","4.9","0.49","https://www.google.com/maps/search/?api=1&query=Winter%20Park%20Skin%C2%AE&query_place_id=ChIJm4jXnxBw54gRntaFA7h0rsU"
"Aesthetic Lane","Winter Park","1","Look Lab Med Spa","914","5.0","0.36","https://www.google.com/maps/search/?api=1&query=Look%20Lab%20Med%20Spa&query_place_id=ChIJzVG4_Hlx54gRVFIRJnqiR48"
"Aesthetic Lane","Winter Park","2","Couture Med Spa","438","4.7","0.59","https://www.google.com/maps/search/?api=1&query=Couture%20Med%20Spa&query_place_id=ChIJ1wo8fQtw54gRoYfCkulJujc"
"Aesthetic Lane","Winter Park","3","AO Esthetics","143","4.9","0.27","https://www.google.com/maps/search/?api=1&query=AO%20Esthetics&query_place_id=ChIJs_9KLTNl54gRJt6KrECRPws"
"LUXE Med Spa Aesthetics","Orlando","1","Bijoux Med Spa","271","5.0","0.64","https://www.google.com/maps/search/?api=1&query=Bijoux%20Med%20Spa&query_place_id=ChIJm8WXwCV754gRuSvxBqKwX_8"
"LUXE Med Spa Aesthetics","Orlando","2","VIO Med Spa","240","4.8","1.67","https://www.google.com/maps/search/?api=1&query=VIO%20Med%20Spa&query_place_id=ChIJO0C52jB754gRkdH4u-3r0vU"
"LUXE Med Spa Aesthetics","Orlando","3","Vitality Medical Aesthetics","62","4.9","1.76","https://www.google.com/maps/search/?api=1&query=Vitality%20Medical%20Aesthetics&query_place_id=ChIJNXts4Jd754gRglyhOmpRQIc"
"Loutfi Aesthetics","Winter Park","1","Couture Med Spa","438","4.7","0.06","https://www.google.com/maps/search/?api=1&query=Couture%20Med%20Spa&query_place_id=ChIJ1wo8fQtw54gRoYfCkulJujc"
"Loutfi Aesthetics","Winter Park","2","Aesthetic Lane","158","4.9","0.53","https://www.google.com/maps/search/?api=1&query=Aesthetic%20Lane&query_place_id=ChIJ4-MesfZ654gRWFpHet-IPm4"
"Loutfi Aesthetics","Winter Park","3","AO Esthetics","143","4.9","0.56","https://www.google.com/maps/search/?api=1&query=AO%20Esthetics&query_place_id=ChIJs_9KLTNl54gRJt6KrECRPws"
"Perfect Skin Esthetics Paramedical Skin Revision Clinic","Winter Park","1","Look Lab Med Spa","914","5.0","1.85","https://www.google.com/maps/search/?api=1&query=Look%20Lab%20Med%20Spa&query_place_id=ChIJzVG4_Hlx54gRVFIRJnqiR48"
"Perfect Skin Esthetics Paramedical Skin Revision Clinic","Winter Park","2","Dr. Phillips Aesthetics","191","5.0","0.37","https://www.google.com/maps/search/?api=1&query=Dr.%20Phillips%20Aesthetics&query_place_id=ChIJt06AHP1v54gRK4Ns0wMBbiw"
"Perfect Skin Esthetics Paramedical Skin Revision Clinic","Winter Park","3","Aesthetic Lane","158","4.9","2.19","https://www.google.com/maps/search/?api=1&query=Aesthetic%20Lane&query_place_id=ChIJ4-MesfZ654gRWFpHet-IPm4"
"Vitality Medical Aesthetics","Orlando","1","LUXE Med Spa Aesthetics","784","5.0","1.76","https://www.google.com/maps/search/?api=1&query=LUXE%20Med%20Spa%20Aesthetics&query_place_id=ChIJb-_I8apv54gRuopRbOEjNTA"
"Vitality Medical Aesthetics","Orlando","2","Couture Med Spa","438","4.7","1.83","https://www.google.com/maps/search/?api=1&query=Couture%20Med%20Spa&query_place_id=ChIJ1wo8fQtw54gRoYfCkulJujc"
"Vitality Medical Aesthetics","Orlando","3","Illumine Medspa","139","3.5","2.13","https://www.google.com/maps/search/?api=1&query=Illumine%20Medspa&query_place_id=ChIJe_LgJTZx54gR6gdj5JES-9k"
"AK Aesthetics","Winter Park","1","Wymore Laser & Anti-Aging Medicine in Winter Park, FL","343","4.9","0.33","https://www.google.com/maps/search/?api=1&query=Wymore%20Laser%20%26%20Anti-Aging%20Medicine%20in%20Winter%20Park%2C%20FL&query_place_id=ChIJWVoBHIpw54gRMhrcYrSSGUs"
"AK Aesthetics","Winter Park","2","Cosmetic Skin & Laser Center","343","4.8","1.27","https://www.google.com/maps/search/?api=1&query=Cosmetic%20Skin%20%26%20Laser%20Center&query_place_id=ChIJD2kPt2Bw54gRIlOi5SyFoBQ"
"AK Aesthetics","Winter Park","3","SkinCeuticals SkinLab Winter Park","172","5.0","1.33","https://www.google.com/maps/search/?api=1&query=SkinCeuticals%20SkinLab%20Winter%20Park&query_place_id=ChIJzan0oWVx54gRgqdzVQ7hbhc"
"AO Esthetics","Winter Park","1","Look Lab Med Spa","914","5.0","0.39","https://www.google.com/maps/search/?api=1&query=Look%20Lab%20Med%20Spa&query_place_id=ChIJzVG4_Hlx54gRVFIRJnqiR48"
"AO Esthetics","Winter Park","2","Couture Med Spa","438","4.7","0.61","https://www.google.com/maps/search/?api=1&query=Couture%20Med%20Spa&query_place_id=ChIJ1wo8fQtw54gRoYfCkulJujc"
"AO Esthetics","Winter Park","3","Aesthetic Lane","158","4.9","0.27","https://www.google.com/maps/search/?api=1&query=Aesthetic%20Lane&query_place_id=ChIJ4-MesfZ654gRWFpHet-IPm4"
"Facial Mania Med Spa Orlando","Orlando","1","Bloom Aesthetics","552","4.7","3.0","https://www.google.com/maps/search/?api=1&query=Bloom%20Aesthetics&query_place_id=ChIJv8HnRw-A3YgRH0K0AS4cyro"
"Facial Mania Med Spa Orlando","Orlando","2","New U Med Spa","525","4.9","4.33","https://www.google.com/maps/search/?api=1&query=New%20U%20Med%20Spa&query_place_id=ChIJ955Q6ruB3YgRlyOMN4xmsXs"
"Facial Mania Med Spa Orlando","Orlando","3","Natural Glamorous Medspa","299","4.9","3.92","https://www.google.com/maps/search/?api=1&query=Natural%20Glamorous%20Medspa&query_place_id=ChIJ6beoMAVx54gRs0avoEh4A78"
"SkinCeuticals SkinLab Winter Park","Winter Park","1","Cosmetic Skin & Laser Center","343","4.8","0.55","https://www.google.com/maps/search/?api=1&query=Cosmetic%20Skin%20%26%20Laser%20Center&query_place_id=ChIJD2kPt2Bw54gRIlOi5SyFoBQ"
"SkinCeuticals SkinLab Winter Park","Winter Park","2","Aesthetic Lane","158","4.9","0.63","https://www.google.com/maps/search/?api=1&query=Aesthetic%20Lane&query_place_id=ChIJ4-MesfZ654gRWFpHet-IPm4"
"SkinCeuticals SkinLab Winter Park","Winter Park","3","Winter Park Skin®","150","4.9","0.45","https://www.google.com/maps/search/?api=1&query=Winter%20Park%20Skin%C2%AE&query_place_id=ChIJm4jXnxBw54gRntaFA7h0rsU"
"Dr. Phillips Aesthetics","Winter Park","1","Look Lab Med Spa","914","5.0","1.55","https://www.google.com/maps/search/?api=1&query=Look%20Lab%20Med%20Spa&query_place_id=ChIJzVG4_Hlx54gRVFIRJnqiR48"
"Dr. Phillips Aesthetics","Winter Park","2","Aesthetic Lane","158","4.9","1.87","https://www.google.com/maps/search/?api=1&query=Aesthetic%20Lane&query_place_id=ChIJ4-MesfZ654gRWFpHet-IPm4"
"Dr. Phillips Aesthetics","Winter Park","3","AO Esthetics","143","4.9","1.71","https://www.google.com/maps/search/?api=1&query=AO%20Esthetics&query_place_id=ChIJs_9KLTNl54gRJt6KrECRPws"
"Puar Elevated Beauty","Lake Mary","1","The Rose Spa Of Lake Mary","272","5.0","0.63","https://www.google.com/maps/search/?api=1&query=The%20Rose%20Spa%20Of%20Lake%20Mary&query_place_id=ChIJVUu5xOht54gR0jN8XD4O0UM"
"Puar Elevated Beauty","Lake Mary","2","Glo Aesthetics","86","4.9","0.19","https://www.google.com/maps/search/?api=1&query=Glo%20Aesthetics&query_place_id=ChIJww_mwUgN54gRTu82QZXwoY0"
"Puar Elevated Beauty","Lake Mary","3","Estheticis by Adelina LLC","34","5.0","0.63","https://www.google.com/maps/search/?api=1&query=Estheticis%20by%20Adelina%20LLC&query_place_id=ChIJbSZ2BWtz54gRjGlAko3b0ww"
"Goldfingers Aesthetics & Plastic Surgery - Lake Mary","Lake Mary","1","RenuMe Medspa","184","5.0","0.21","https://www.google.com/maps/search/?api=1&query=RenuMe%20Medspa&query_place_id=ChIJMzXJ9BgN54gRS1V9Gg_jBtw"
"Goldfingers Aesthetics & Plastic Surgery - Lake Mary","Lake Mary","2","Eterna M.D. Medical Rejuvenation Center","135","4.9","0.12","https://www.google.com/maps/search/?api=1&query=Eterna%20M.D.%20Medical%20Rejuvenation%20Center&query_place_id=ChIJWVq3X8Zy54gRYly0iz3Nztw"
"Goldfingers Aesthetics & Plastic Surgery - Lake Mary","Lake Mary","3","The Aesthetic Lounge","40","5.0","0.79","https://www.google.com/maps/search/?api=1&query=The%20Aesthetic%20Lounge&query_place_id=ChIJHz1-l-hz54gR5vKredbTPfo"
"RenuMe Medspa","Lake Mary","1","Eterna M.D. Medical Rejuvenation Center","135","4.9","0.08","https://www.google.com/maps/search/?api=1&query=Eterna%20M.D.%20Medical%20Rejuvenation%20Center&query_place_id=ChIJWVq3X8Zy54gRYly0iz3Nztw"
"RenuMe Medspa","Lake Mary","2","Goldfingers Aesthetics & Plastic Surgery - Lake Mary","110","4.6","0.21","https://www.google.com/maps/search/?api=1&query=Goldfingers%20Aesthetics%20%26%20Plastic%20Surgery%20-%20Lake%20Mary&query_place_id=ChIJUX6GAcVy54gRRYmfP4Bo6aE"
"RenuMe Medspa","Lake Mary","3","The Aesthetic Lounge","40","5.0","0.64","https://www.google.com/maps/search/?api=1&query=The%20Aesthetic%20Lounge&query_place_id=ChIJHz1-l-hz54gR5vKredbTPfo"
"Catherine Hinds Institute of Esthetics","Woburn","1","Age-less Weigh-less","601","5.0","1.34","https://www.google.com/maps/search/?api=1&query=Age-less%20Weigh-less&query_place_id=ChIJ98w5HxR144kR28sAmXiyPR0"
"Catherine Hinds Institute of Esthetics","Woburn","2","VIO Med Spa - Burlington","429","4.9","3.87","https://www.google.com/maps/search/?api=1&query=VIO%20Med%20Spa%20-%20Burlington&query_place_id=ChIJ2REhlxOf44kRStgnlWi6VFE"
"Catherine Hinds Institute of Esthetics","Woburn","3","Restore Hyper Wellness","417","4.9","5.42","https://www.google.com/maps/search/?api=1&query=Restore%20Hyper%20Wellness&query_place_id=ChIJi0MY-IoN44kRgxWY8FNsAes"
"Couture Med Spa","Lake Mary","1","HLC Wellness and Aesthetic","337","4.9","0.82","https://www.google.com/maps/search/?api=1&query=HLC%20Wellness%20and%20Aesthetic&query_place_id=ChIJkVBBZFIN54gRfch6OC27Slk"
"Couture Med Spa","Lake Mary","2","Goldfingers Aesthetics & Plastic Surgery - Lake Mary","110","4.6","1.84","https://www.google.com/maps/search/?api=1&query=Goldfingers%20Aesthetics%20%26%20Plastic%20Surgery%20-%20Lake%20Mary&query_place_id=ChIJUX6GAcVy54gRRYmfP4Bo6aE"
"Couture Med Spa","Lake Mary","3","Modern Skin Aesthetics","43","5.0","0.23","https://www.google.com/maps/search/?api=1&query=Modern%20Skin%20Aesthetics&query_place_id=ChIJ9cQQlGEN54gR_yTxTTAJ5lI"
"Trés Jolie Medical Spa","Lake Mary","1","The Rose Spa Of Lake Mary","272","5.0","0.06","https://www.google.com/maps/search/?api=1&query=The%20Rose%20Spa%20Of%20Lake%20Mary&query_place_id=ChIJVUu5xOht54gR0jN8XD4O0UM"
"Trés Jolie Medical Spa","Lake Mary","2","Puar Elevated Beauty","137","4.9","0.7","https://www.google.com/maps/search/?api=1&query=Puar%20Elevated%20Beauty&query_place_id=ChIJl-sRQSZt54gRgfg9T1BrNHs"
"Trés Jolie Medical Spa","Lake Mary","3","Glow Wellness & Aesthetics","40","5.0","0.18","https://www.google.com/maps/search/?api=1&query=Glow%20Wellness%20%26%20Aesthetics&query_place_id=ChIJuwZAg5tt54gRERDPw4h7nkk"
"Eterna M.D. Medical Rejuvenation Center","Lake Mary","1","RenuMe Medspa","184","5.0","0.08","https://www.google.com/maps/search/?api=1&query=RenuMe%20Medspa&query_place_id=ChIJMzXJ9BgN54gRS1V9Gg_jBtw"
"Eterna M.D. Medical Rejuvenation Center","Lake Mary","2","Goldfingers Aesthetics & Plastic Surgery - Lake Mary","110","4.6","0.12","https://www.google.com/maps/search/?api=1&query=Goldfingers%20Aesthetics%20%26%20Plastic%20Surgery%20-%20Lake%20Mary&query_place_id=ChIJUX6GAcVy54gRRYmfP4Bo6aE"
"Eterna M.D. Medical Rejuvenation Center","Lake Mary","3","The Aesthetic Lounge","40","5.0","0.69","https://www.google.com/maps/search/?api=1&query=The%20Aesthetic%20Lounge&query_place_id=ChIJHz1-l-hz54gR5vKredbTPfo"
"Concierge Cosmetics & Aesthetics","Jacksonville","1","New Day Medspa Jacksonville","705","4.4","5.37","https://www.google.com/maps/search/?api=1&query=New%20Day%20Medspa%20Jacksonville&query_place_id=ChIJy8u6kVi15YgROzPF2uujsiY"
"Concierge Cosmetics & Aesthetics","Jacksonville","2","Modern Aesthetic Centers - Gate Parkway","457","4.9","4.78","https://www.google.com/maps/search/?api=1&query=Modern%20Aesthetic%20Centers%20-%20Gate%20Parkway&query_place_id=ChIJL9cXOEo15IgRXSlanV8gb-A"
"Concierge Cosmetics & Aesthetics","Jacksonville","3","OVME","362","5.0","5.31","https://www.google.com/maps/search/?api=1&query=OVME&query_place_id=ChIJA8gLsovL5YgR9x33BmVZ-dA"
"VIO Med Spa","Jacksonville","1","Modern Aesthetic Centers - Gate Parkway","457","4.9","7.47","https://www.google.com/maps/search/?api=1&query=Modern%20Aesthetic%20Centers%20-%20Gate%20Parkway&query_place_id=ChIJL9cXOEo15IgRXSlanV8gb-A"
"VIO Med Spa","Jacksonville","2","Modern Aesthetic Centers - St. Johns","396","5.0","3.69","https://www.google.com/maps/search/?api=1&query=Modern%20Aesthetic%20Centers%20-%20St.%20Johns&query_place_id=ChIJDbhHYozN5YgR1UF4ml49Wt0"
"VIO Med Spa","Jacksonville","3","Luxe Aesthetics Jacksonville","103","5.0","5.79","https://www.google.com/maps/search/?api=1&query=Luxe%20Aesthetics%20Jacksonville&query_place_id=ChIJbUVRz2HJ5YgRNHw-bMKIuQc"
"Wymore Laser & Anti-Aging Medicine in Winter Park, FL","Winter Park","1","Winter Park Skin®","150","4.9","0.94","https://www.google.com/maps/search/?api=1&query=Winter%20Park%20Skin%C2%AE&query_place_id=ChIJm4jXnxBw54gRntaFA7h0rsU"
"Wymore Laser & Anti-Aging Medicine in Winter Park, FL","Winter Park","2","AK Aesthetics","146","4.9","0.33","https://www.google.com/maps/search/?api=1&query=AK%20Aesthetics&query_place_id=ChIJ-4TnUW1x54gRPKb0Rc2Oir8"
"Wymore Laser & Anti-Aging Medicine in Winter Park, FL","Winter Park","3","180 MedSpa","145","4.8","0.87","https://www.google.com/maps/search/?api=1&query=180%20MedSpa&query_place_id=ChIJBcdmnAxw54gRxXJMmJaiTe8"
"Luxe Aesthetics Jacksonville","Jacksonville","1","VIO Med Spa","130","4.7","5.79","https://www.google.com/maps/search/?api=1&query=VIO%20Med%20Spa&query_place_id=ChIJkS8wyarN5YgRwp5M6YbPlnc"
"Luxe Aesthetics Jacksonville","Jacksonville","2","Premier Medical Spa","121","4.5","4.67","https://www.google.com/maps/search/?api=1&query=Premier%20Medical%20Spa&query_place_id=ChIJyxZ6ZPa15YgRTYfE6pjVEFM"
"Luxe Aesthetics Jacksonville","Jacksonville","3","Body Brilliance Med Spa","76","5.0","4.64","https://www.google.com/maps/search/?api=1&query=Body%20Brilliance%20Med%20Spa&query_place_id=ChIJN6ro94LL5YgRxPfHnf9aPvA"
"Modern Aesthetic Centers - Gate Parkway","Jacksonville","1","New Day Medspa Jacksonville","705","4.4","0.91","https://www.google.com/maps/search/?api=1&query=New%20Day%20Medspa%20Jacksonville&query_place_id=ChIJy8u6kVi15YgROzPF2uujsiY"
"Modern Aesthetic Centers - Gate Parkway","Jacksonville","2","OVME","362","5.0","0.86","https://www.google.com/maps/search/?api=1&query=OVME&query_place_id=ChIJA8gLsovL5YgR9x33BmVZ-dA"
"Modern Aesthetic Centers - Gate Parkway","Jacksonville","3","Premier Medical Spa","121","4.5","4.21","https://www.google.com/maps/search/?api=1&query=Premier%20Medical%20Spa&query_place_id=ChIJyxZ6ZPa15YgRTYfE6pjVEFM"
"Premier Medical Spa","Jacksonville","1","New Day Medspa Jacksonville","705","4.4","3.38","https://www.google.com/maps/search/?api=1&query=New%20Day%20Medspa%20Jacksonville&query_place_id=ChIJy8u6kVi15YgROzPF2uujsiY"
"Premier Medical Spa","Jacksonville","2","Modern Aesthetic Centers - Gate Parkway","457","4.9","4.21","https://www.google.com/maps/search/?api=1&query=Modern%20Aesthetic%20Centers%20-%20Gate%20Parkway&query_place_id=ChIJL9cXOEo15IgRXSlanV8gb-A"
"Premier Medical Spa","Jacksonville","3","OVME","362","5.0","3.44","https://www.google.com/maps/search/?api=1&query=OVME&query_place_id=ChIJA8gLsovL5YgR9x33BmVZ-dA"
"Revive Aesthetics","Jacksonville","1","New Day Medspa Jacksonville","705","4.4","5.08","https://www.google.com/maps/search/?api=1&query=New%20Day%20Medspa%20Jacksonville&query_place_id=ChIJy8u6kVi15YgROzPF2uujsiY"
"Revive Aesthetics","Jacksonville","2","Premier Medical Spa","121","4.5","2.98","https://www.google.com/maps/search/?api=1&query=Premier%20Medical%20Spa&query_place_id=ChIJyxZ6ZPa15YgRTYfE6pjVEFM"
"Revive Aesthetics","Jacksonville","3","Luxe Aesthetics Jacksonville","103","5.0","1.69","https://www.google.com/maps/search/?api=1&query=Luxe%20Aesthetics%20Jacksonville&query_place_id=ChIJbUVRz2HJ5YgRNHw-bMKIuQc"
"New Day Medspa Jacksonville","Jacksonville","1","Modern Aesthetic Centers - Gate Parkway","457","4.9","0.91","https://www.google.com/maps/search/?api=1&query=Modern%20Aesthetic%20Centers%20-%20Gate%20Parkway&query_place_id=ChIJL9cXOEo15IgRXSlanV8gb-A"
"New Day Medspa Jacksonville","Jacksonville","2","OVME","362","5.0","0.07","https://www.google.com/maps/search/?api=1&query=OVME&query_place_id=ChIJA8gLsovL5YgR9x33BmVZ-dA"
"New Day Medspa Jacksonville","Jacksonville","3","Premier Medical Spa","121","4.5","3.38","https://www.google.com/maps/search/?api=1&query=Premier%20Medical%20Spa&query_place_id=ChIJyxZ6ZPa15YgRTYfE6pjVEFM"
"VIO Med Spa","Jacksonville","1","New Day Medspa Jacksonville","705","4.4","3.67","https://www.google.com/maps/search/?api=1&query=New%20Day%20Medspa%20Jacksonville&query_place_id=ChIJy8u6kVi15YgROzPF2uujsiY"
"VIO Med Spa","Jacksonville","2","Modern Aesthetic Centers - Gate Parkway","457","4.9","3.58","https://www.google.com/maps/search/?api=1&query=Modern%20Aesthetic%20Centers%20-%20Gate%20Parkway&query_place_id=ChIJL9cXOEo15IgRXSlanV8gb-A"
"VIO Med Spa","Jacksonville","3","OVME","362","5.0","3.61","https://www.google.com/maps/search/?api=1&query=OVME&query_place_id=ChIJA8gLsovL5YgR9x33BmVZ-dA"
"Glo Aesthetics","Lake Mary","1","The Rose Spa Of Lake Mary","272","5.0","0.82","https://www.google.com/maps/search/?api=1&query=The%20Rose%20Spa%20Of%20Lake%20Mary&query_place_id=ChIJVUu5xOht54gR0jN8XD4O0UM"
"Glo Aesthetics","Lake Mary","2","Puar Elevated Beauty","137","4.9","0.19","https://www.google.com/maps/search/?api=1&query=Puar%20Elevated%20Beauty&query_place_id=ChIJl-sRQSZt54gRgfg9T1BrNHs"
"Glo Aesthetics","Lake Mary","3","Estheticis by Adelina LLC","34","5.0","0.49","https://www.google.com/maps/search/?api=1&query=Estheticis%20by%20Adelina%20LLC&query_place_id=ChIJbSZ2BWtz54gRjGlAko3b0ww"
"Schweiger Dermatology Group - Altamont","Altamont","1","Rockmore Plastic Surgery: Jeffrey Rockmore, MD","201","4.7","8.55","https://www.google.com/maps/search/?api=1&query=Rockmore%20Plastic%20Surgery%3A%20Jeffrey%20Rockmore%2C%20MD&query_place_id=ChIJh3_-sRYL3okRJClx52gGqCM"
"OVME","Jacksonville","1","New Day Medspa Jacksonville","705","4.4","0.07","https://www.google.com/maps/search/?api=1&query=New%20Day%20Medspa%20Jacksonville&query_place_id=ChIJy8u6kVi15YgROzPF2uujsiY"
"OVME","Jacksonville","2","Modern Aesthetic Centers - Gate Parkway","457","4.9","0.86","https://www.google.com/maps/search/?api=1&query=Modern%20Aesthetic%20Centers%20-%20Gate%20Parkway&query_place_id=ChIJL9cXOEo15IgRXSlanV8gb-A"
"OVME","Jacksonville","3","Premier Medical Spa","121","4.5","3.44","https://www.google.com/maps/search/?api=1&query=Premier%20Medical%20Spa&query_place_id=ChIJyxZ6ZPa15YgRTYfE6pjVEFM"
"Winter Park Skin®","Winter Park","1","Cosmetic Skin & Laser Center","343","4.8","0.49","https://www.google.com/maps/search/?api=1&query=Cosmetic%20Skin%20%26%20Laser%20Center&query_place_id=ChIJD2kPt2Bw54gRIlOi5SyFoBQ"
"Winter Park Skin®","Winter Park","2","SkinCeuticals SkinLab Winter Park","172","5.0","0.45","https://www.google.com/maps/search/?api=1&query=SkinCeuticals%20SkinLab%20Winter%20Park&query_place_id=ChIJzan0oWVx54gRgqdzVQ7hbhc"
"Winter Park Skin®","Winter Park","3","AK Aesthetics","146","4.9","0.9","https://www.google.com/maps/search/?api=1&query=AK%20Aesthetics&query_place_id=ChIJ-4TnUW1x54gRPKb0Rc2Oir8"
"Modern Aesthetic Centers - St. Johns","St Johns","1","VIO Med Spa","130","4.7","3.69","https://www.google.com/maps/search/?api=1&query=VIO%20Med%20Spa&query_place_id=ChIJkS8wyarN5YgRwp5M6YbPlnc"
"Modern Aesthetic Centers - St. Johns","St Johns","2","Luxe Aesthetics Jacksonville","103","5.0","9.12","https://www.google.com/maps/search/?api=1&query=Luxe%20Aesthetics%20Jacksonville&query_place_id=ChIJbUVRz2HJ5YgRNHw-bMKIuQc"
"Modern Aesthetic Centers - St. Johns","St Johns","3","GoBeyond Aesthetics & Lifestyle Medicine","71","4.8","9.18","https://www.google.com/maps/search/?api=1&query=GoBeyond%20Aesthetics%20%26%20Lifestyle%20Medicine&query_place_id=ChIJKbUNUXzL5YgR6OM4zIvniac"
"The Rose Spa Of Lake Mary","Lake Mary","1","Trés Jolie Medical Spa","1439","5.0","0.06","https://www.google.com/maps/search/?api=1&query=Tr%C3%A9s%20Jolie%20Medical%20Spa&query_place_id=ChIJZz041k5t54gRymqTIPwN76w"
"The Rose Spa Of Lake Mary","Lake Mary","2","Puar Elevated Beauty","137","4.9","0.63","https://www.google.com/maps/search/?api=1&query=Puar%20Elevated%20Beauty&query_place_id=ChIJl-sRQSZt54gRgfg9T1BrNHs"
"The Rose Spa Of Lake Mary","Lake Mary","3","Glow Wellness & Aesthetics","40","5.0","0.22","https://www.google.com/maps/search/?api=1&query=Glow%20Wellness%20%26%20Aesthetics&query_place_id=ChIJuwZAg5tt54gRERDPw4h7nkk"
"CMA - Center for Modern Aesthetic Medicine","Jacksonville","1","New Day Medspa Jacksonville","705","4.4","8.65","https://www.google.com/maps/search/?api=1&query=New%20Day%20Medspa%20Jacksonville&query_place_id=ChIJy8u6kVi15YgROzPF2uujsiY"
"CMA - Center for Modern Aesthetic Medicine","Jacksonville","2","Premier Medical Spa","121","4.5","5.72","https://www.google.com/maps/search/?api=1&query=Premier%20Medical%20Spa&query_place_id=ChIJyxZ6ZPa15YgRTYfE6pjVEFM"
"CMA - Center for Modern Aesthetic Medicine","Jacksonville","3","Luxe Aesthetics Jacksonville","103","5.0","8.56","https://www.google.com/maps/search/?api=1&query=Luxe%20Aesthetics%20Jacksonville&query_place_id=ChIJbUVRz2HJ5YgRNHw-bMKIuQc"
"VIVIFY Med Spa","Tampa","1","SOHO Wellness & Med Spa | Tampa","752","4.8","0.07","https://www.google.com/maps/search/?api=1&query=SOHO%20Wellness%20%26%20Med%20Spa%20%7C%20Tampa&query_place_id=ChIJf330iYTEwogRieyLXpjenTU"
"VIVIFY Med Spa","Tampa","2","ÉLAN Aesthetics","438","5.0","0.57","https://www.google.com/maps/search/?api=1&query=%C3%89LAN%20Aesthetics&query_place_id=ChIJFW3-F-nFwogRxGHOVpfMKTw"
"VIVIFY Med Spa","Tampa","3","Cell Renew Medical Spa Downtown","427","4.9","1.43","https://www.google.com/maps/search/?api=1&query=Cell%20Renew%20Medical%20Spa%20Downtown&query_place_id=ChIJqz_bi9_FwogRFZSIEVMY96k"
"The Jax Aesthetician Collective","Jacksonville","1","New Day Medspa Jacksonville","705","4.4","6.17","https://www.google.com/maps/search/?api=1&query=New%20Day%20Medspa%20Jacksonville&query_place_id=ChIJy8u6kVi15YgROzPF2uujsiY"
"The Jax Aesthetician Collective","Jacksonville","2","Modern Aesthetic Centers - Gate Parkway","457","4.9","6.15","https://www.google.com/maps/search/?api=1&query=Modern%20Aesthetic%20Centers%20-%20Gate%20Parkway&query_place_id=ChIJL9cXOEo15IgRXSlanV8gb-A"
"The Jax Aesthetician Collective","Jacksonville","3","OVME","362","5.0","6.13","https://www.google.com/maps/search/?api=1&query=OVME&query_place_id=ChIJA8gLsovL5YgR9x33BmVZ-dA"
"Body Brilliance Med Spa","Jacksonville","1","New Day Medspa Jacksonville","705","4.4","3.41","https://www.google.com/maps/search/?api=1&query=New%20Day%20Medspa%20Jacksonville&query_place_id=ChIJy8u6kVi15YgROzPF2uujsiY"
"Body Brilliance Med Spa","Jacksonville","2","Modern Aesthetic Centers - Gate Parkway","457","4.9","4.24","https://www.google.com/maps/search/?api=1&query=Modern%20Aesthetic%20Centers%20-%20Gate%20Parkway&query_place_id=ChIJL9cXOEo15IgRXSlanV8gb-A"
"Body Brilliance Med Spa","Jacksonville","3","OVME","362","5.0","3.47","https://www.google.com/maps/search/?api=1&query=OVME&query_place_id=ChIJA8gLsovL5YgR9x33BmVZ-dA"
"Diamond Face Esthetics","Naples","1","Kim Gallo Esthetics","195","5.0","0.28","https://www.google.com/maps/search/?api=1&query=Kim%20Gallo%20Esthetics&query_place_id=ChIJS9qAwwsd24gRXzYtIwhNO98"
"Diamond Face Esthetics","Naples","2","MD Health Spa","166","5.0","0.53","https://www.google.com/maps/search/?api=1&query=MD%20Health%20Spa&query_place_id=ChIJsctTDDjh2ogRLe_RYB-BnI4"
"Diamond Face Esthetics","Naples","3","SkinCo Naples","92","5.0","0.29","https://www.google.com/maps/search/?api=1&query=SkinCo%20Naples&query_place_id=ChIJ32-otBDh2ogRGFE3y7-kPJo"
"Healing Rivers Aesthetics","Naples","1","MD Health Spa","166","5.0","0.6","https://www.google.com/maps/search/?api=1&query=MD%20Health%20Spa&query_place_id=ChIJsctTDDjh2ogRLe_RYB-BnI4"
"Healing Rivers Aesthetics","Naples","2","Cristina Lévon Aesthetics","98","5.0","0.0","https://www.google.com/maps/search/?api=1&query=Cristina%20L%C3%A9von%20Aesthetics&query_place_id=ChIJ231mCarh2ogRdY6ba-rSrHw"
"Healing Rivers Aesthetics","Naples","3","Diamond Face Esthetics","87","5.0","0.67","https://www.google.com/maps/search/?api=1&query=Diamond%20Face%20Esthetics&query_place_id=ChIJFVA02V8F24gR69aVgC2C47I"
"Kim Gallo Esthetics","Naples","1","MD Health Spa","166","5.0","0.32","https://www.google.com/maps/search/?api=1&query=MD%20Health%20Spa&query_place_id=ChIJsctTDDjh2ogRLe_RYB-BnI4"
"Kim Gallo Esthetics","Naples","2","SkinCo Naples","92","5.0","0.02","https://www.google.com/maps/search/?api=1&query=SkinCo%20Naples&query_place_id=ChIJ32-otBDh2ogRGFE3y7-kPJo"
"Kim Gallo Esthetics","Naples","3","Diamond Face Esthetics","87","5.0","0.28","https://www.google.com/maps/search/?api=1&query=Diamond%20Face%20Esthetics&query_place_id=ChIJFVA02V8F24gR69aVgC2C47I"
"Naples Laser & Skin Aesthetics","Naples","1","Jewell Medical Spa - Mr. Injectable","195","5.0","1.16","https://www.google.com/maps/search/?api=1&query=Jewell%20Medical%20Spa%20-%20Mr.%20Injectable&query_place_id=ChIJH2dIq8Af24gRmab-rwPXTIA"
"Naples Laser & Skin Aesthetics","Naples","2","ELIXIR Medical Spa","133","4.9","0.67","https://www.google.com/maps/search/?api=1&query=ELIXIR%20Medical%20Spa&query_place_id=ChIJy3Tq7Jjh2ogRPQnlM9sHmJA"
"Naples Laser & Skin Aesthetics","Naples","3","Skin Deep Naples","126","4.9","0.18","https://www.google.com/maps/search/?api=1&query=Skin%20Deep%20Naples&query_place_id=ChIJRyCUxsQd24gRvzeuL2XQweM"
"MD Health Spa","Naples","1","Kim Gallo Esthetics","195","5.0","0.32","https://www.google.com/maps/search/?api=1&query=Kim%20Gallo%20Esthetics&query_place_id=ChIJS9qAwwsd24gRXzYtIwhNO98"
"MD Health Spa","Naples","2","Cristina Lévon Aesthetics","98","5.0","0.6","https://www.google.com/maps/search/?api=1&query=Cristina%20L%C3%A9von%20Aesthetics&query_place_id=ChIJ231mCarh2ogRdY6ba-rSrHw"
"MD Health Spa","Naples","3","SkinCo Naples","92","5.0","0.33","https://www.google.com/maps/search/?api=1&query=SkinCo%20Naples&query_place_id=ChIJ32-otBDh2ogRGFE3y7-kPJo"
"Jewell Medical Spa - Mr. Injectable","Naples","1","D-Lux Medspa","173","4.9","0.55","https://www.google.com/maps/search/?api=1&query=D-Lux%20Medspa&query_place_id=ChIJCRFTfiYc24gRzljjqj-Ka3Q"
"Jewell Medical Spa - Mr. Injectable","Naples","2","The Laser Lounge Spa Naples","130","4.9","0.21","https://www.google.com/maps/search/?api=1&query=The%20Laser%20Lounge%20Spa%20Naples&query_place_id=ChIJT_0yTRUe24gRoromAO4IVNs"
"Jewell Medical Spa - Mr. Injectable","Naples","3","Azul Cosmetic Surgery and Medical Spa | Naples Park Shore","120","4.9","0.07","https://www.google.com/maps/search/?api=1&query=Azul%20Cosmetic%20Surgery%20and%20Medical%20Spa%20%7C%20Naples%20Park%20Shore&query_place_id=ChIJbymur_0f24gRMsVTyW7AmLU"
"Belcourt Aesthetics","Nashville","1","NakedMD Med Spa Nashville","629","4.8","1.22","https://www.google.com/maps/search/?api=1&query=NakedMD%20Med%20Spa%20Nashville&query_place_id=ChIJ_71XM8BnZIgRL87NtVfaERs"
"Belcourt Aesthetics","Nashville","2","Skin Pharm","509","5.0","0.7","https://www.google.com/maps/search/?api=1&query=Skin%20Pharm&query_place_id=ChIJb7Mkf9xjZIgRjcvP84efD3Q"
"Belcourt Aesthetics","Nashville","3","NSI Wellness | Aesthetics","364","4.9","0.85","https://www.google.com/maps/search/?api=1&query=NSI%20Wellness%20%7C%20Aesthetics&query_place_id=ChIJm32TiUpdZIgRzwMVLS49MRc"
"Cristina Lévon Aesthetics","Naples","1","MD Health Spa","166","5.0","0.6","https://www.google.com/maps/search/?api=1&query=MD%20Health%20Spa&query_place_id=ChIJsctTDDjh2ogRLe_RYB-BnI4"
"Cristina Lévon Aesthetics","Naples","2","Diamond Face Esthetics","87","5.0","0.67","https://www.google.com/maps/search/?api=1&query=Diamond%20Face%20Esthetics&query_place_id=ChIJFVA02V8F24gR69aVgC2C47I"
"Cristina Lévon Aesthetics","Naples","3","Healing Rivers Aesthetics","84","5.0","0.0","https://www.google.com/maps/search/?api=1&query=Healing%20Rivers%20Aesthetics&query_place_id=ChIJBw0BgVbh2ogRx7nQZ6YgBM0"
"Theo European Medical Skincare","Naples","1","Kim Gallo Esthetics","195","5.0","0.29","https://www.google.com/maps/search/?api=1&query=Kim%20Gallo%20Esthetics&query_place_id=ChIJS9qAwwsd24gRXzYtIwhNO98"
"Theo European Medical Skincare","Naples","2","MD Health Spa","166","5.0","0.06","https://www.google.com/maps/search/?api=1&query=MD%20Health%20Spa&query_place_id=ChIJsctTDDjh2ogRLe_RYB-BnI4"
"Theo European Medical Skincare","Naples","3","Cristina Lévon Aesthetics","98","5.0","0.56","https://www.google.com/maps/search/?api=1&query=Cristina%20L%C3%A9von%20Aesthetics&query_place_id=ChIJ231mCarh2ogRdY6ba-rSrHw"
"Beauty Theory","Jacksonville","1","CMA - Center for Modern Aesthetic Medicine","249","4.8","0.68","https://www.google.com/maps/search/?api=1&query=CMA%20-%20Center%20for%20Modern%20Aesthetic%20Medicine&query_place_id=ChIJQUFignG35YgRs65N02x7Xmk"
"Beauty Theory","Jacksonville","2","Premier Medical Spa","121","4.5","5.22","https://www.google.com/maps/search/?api=1&query=Premier%20Medical%20Spa&query_place_id=ChIJyxZ6ZPa15YgRTYfE6pjVEFM"
"Beauty Theory","Jacksonville","3","Luxe Aesthetics Jacksonville","103","5.0","7.89","https://www.google.com/maps/search/?api=1&query=Luxe%20Aesthetics%20Jacksonville&query_place_id=ChIJbUVRz2HJ5YgRNHw-bMKIuQc"
"Naples Skin Clinic","Naples","1","Kim Gallo Esthetics","195","5.0","2.01","https://www.google.com/maps/search/?api=1&query=Kim%20Gallo%20Esthetics&query_place_id=ChIJS9qAwwsd24gRXzYtIwhNO98"
"Naples Skin Clinic","Naples","2","SkinCo Naples","92","5.0","2.01","https://www.google.com/maps/search/?api=1&query=SkinCo%20Naples&query_place_id=ChIJ32-otBDh2ogRGFE3y7-kPJo"
"Naples Skin Clinic","Naples","3","Diamond Face Esthetics","87","5.0","1.87","https://www.google.com/maps/search/?api=1&query=Diamond%20Face%20Esthetics&query_place_id=ChIJFVA02V8F24gR69aVgC2C47I"
"BeU Medical Spa Naples","Naples","1","Jewell Medical Spa - Mr. Injectable","195","5.0","2.44","https://www.google.com/maps/search/?api=1&query=Jewell%20Medical%20Spa%20-%20Mr.%20Injectable&query_place_id=ChIJH2dIq8Af24gRmab-rwPXTIA"
"BeU Medical Spa Naples","Naples","2","D-Lux Medspa","173","4.9","2.17","https://www.google.com/maps/search/?api=1&query=D-Lux%20Medspa&query_place_id=ChIJCRFTfiYc24gRzljjqj-Ka3Q"
"BeU Medical Spa Naples","Naples","3","The Laser Lounge Spa Naples","130","4.9","2.39","https://www.google.com/maps/search/?api=1&query=The%20Laser%20Lounge%20Spa%20Naples&query_place_id=ChIJT_0yTRUe24gRoromAO4IVNs"
"4Ever Young Med Spa & Wellness Center - Naples","Naples","1","Revital Med Spa and IV Drip Bar","344","5.0","0.57","https://www.google.com/maps/search/?api=1&query=Revital%20Med%20Spa%20and%20IV%20Drip%20Bar&query_place_id=ChIJ0Ww5zhz92ogReAbhxWS7N6s"
"4Ever Young Med Spa & Wellness Center - Naples","Naples","2","BeU Medical Spa Naples","280","4.9","2.78","https://www.google.com/maps/search/?api=1&query=BeU%20Medical%20Spa%20Naples&query_place_id=ChIJ0xSDcywd24gR5USMGNoCJvs"
"4Ever Young Med Spa & Wellness Center - Naples","Naples","3","D-Lux Medspa","173","4.9","2.74","https://www.google.com/maps/search/?api=1&query=D-Lux%20Medspa&query_place_id=ChIJCRFTfiYc24gRzljjqj-Ka3Q"
"Azul Cosmetic Surgery and Medical Spa | Naples Park Shore","Naples","1","Jewell Medical Spa - Mr. Injectable","195","5.0","0.07","https://www.google.com/maps/search/?api=1&query=Jewell%20Medical%20Spa%20-%20Mr.%20Injectable&query_place_id=ChIJH2dIq8Af24gRmab-rwPXTIA"
"Azul Cosmetic Surgery and Medical Spa | Naples Park Shore","Naples","2","D-Lux Medspa","173","4.9","0.59","https://www.google.com/maps/search/?api=1&query=D-Lux%20Medspa&query_place_id=ChIJCRFTfiYc24gRzljjqj-Ka3Q"
"Azul Cosmetic Surgery and Medical Spa | Naples Park Shore","Naples","3","The Laser Lounge Spa Naples","130","4.9","0.24","https://www.google.com/maps/search/?api=1&query=The%20Laser%20Lounge%20Spa%20Naples&query_place_id=ChIJT_0yTRUe24gRoromAO4IVNs"
"D-Lux Medspa","Naples","1","Jewell Medical Spa - Mr. Injectable","195","5.0","0.55","https://www.google.com/maps/search/?api=1&query=Jewell%20Medical%20Spa%20-%20Mr.%20Injectable&query_place_id=ChIJH2dIq8Af24gRmab-rwPXTIA"
"D-Lux Medspa","Naples","2","The Laser Lounge Spa Naples","130","4.9","0.36","https://www.google.com/maps/search/?api=1&query=The%20Laser%20Lounge%20Spa%20Naples&query_place_id=ChIJT_0yTRUe24gRoromAO4IVNs"
"D-Lux Medspa","Naples","3","Azul Cosmetic Surgery and Medical Spa | Naples Park Shore","120","4.9","0.59","https://www.google.com/maps/search/?api=1&query=Azul%20Cosmetic%20Surgery%20and%20Medical%20Spa%20%7C%20Naples%20Park%20Shore&query_place_id=ChIJbymur_0f24gRMsVTyW7AmLU"
"Skin Deep Naples","Naples","1","Jewell Medical Spa - Mr. Injectable","195","5.0","1.31","https://www.google.com/maps/search/?api=1&query=Jewell%20Medical%20Spa%20-%20Mr.%20Injectable&query_place_id=ChIJH2dIq8Af24gRmab-rwPXTIA"
"Skin Deep Naples","Naples","2","ELIXIR Medical Spa","133","4.9","0.65","https://www.google.com/maps/search/?api=1&query=ELIXIR%20Medical%20Spa&query_place_id=ChIJy3Tq7Jjh2ogRPQnlM9sHmJA"
"Skin Deep Naples","Naples","3","Azul Cosmetic Surgery and Medical Spa | Naples Park Shore","120","4.9","1.26","https://www.google.com/maps/search/?api=1&query=Azul%20Cosmetic%20Surgery%20and%20Medical%20Spa%20%7C%20Naples%20Park%20Shore&query_place_id=ChIJbymur_0f24gRMsVTyW7AmLU"
"SkinCo Naples","Naples","1","Kim Gallo Esthetics","195","5.0","0.02","https://www.google.com/maps/search/?api=1&query=Kim%20Gallo%20Esthetics&query_place_id=ChIJS9qAwwsd24gRXzYtIwhNO98"
"SkinCo Naples","Naples","2","MD Health Spa","166","5.0","0.33","https://www.google.com/maps/search/?api=1&query=MD%20Health%20Spa&query_place_id=ChIJsctTDDjh2ogRLe_RYB-BnI4"
"SkinCo Naples","Naples","3","Diamond Face Esthetics","87","5.0","0.29","https://www.google.com/maps/search/?api=1&query=Diamond%20Face%20Esthetics&query_place_id=ChIJFVA02V8F24gR69aVgC2C47I"
"Revital Med Spa and IV Drip Bar","Naples","1","4Ever Young Med Spa & Wellness Center - Naples","310","4.9","0.57","https://www.google.com/maps/search/?api=1&query=4Ever%20Young%20Med%20Spa%20%26%20Wellness%20Center%20-%20Naples&query_place_id=ChIJOXcCgcwf24gRBvQHfOQkJPU"
"Revital Med Spa and IV Drip Bar","Naples","2","BeU Medical Spa Naples","280","4.9","3.28","https://www.google.com/maps/search/?api=1&query=BeU%20Medical%20Spa%20Naples&query_place_id=ChIJ0xSDcywd24gR5USMGNoCJvs"
"Revital Med Spa and IV Drip Bar","Naples","3","D-Lux Medspa","173","4.9","3.29","https://www.google.com/maps/search/?api=1&query=D-Lux%20Medspa&query_place_id=ChIJCRFTfiYc24gRzljjqj-Ka3Q"
"ELIXIR Medical Spa","Naples","1","Skin Deep Naples","126","4.9","0.65","https://www.google.com/maps/search/?api=1&query=Skin%20Deep%20Naples&query_place_id=ChIJRyCUxsQd24gRvzeuL2XQweM"
"ELIXIR Medical Spa","Naples","2","Cristina Lévon Aesthetics","98","5.0","1.33","https://www.google.com/maps/search/?api=1&query=Cristina%20L%C3%A9von%20Aesthetics&query_place_id=ChIJ231mCarh2ogRdY6ba-rSrHw"
"ELIXIR Medical Spa","Naples","3","Von & Co Medical Aesthetics Studio","96","5.0","0.73","https://www.google.com/maps/search/?api=1&query=Von%20%26%20Co%20Medical%20Aesthetics%20Studio&query_place_id=ChIJNyIoodLh2ogRrkahbctY0oc"
"Kenzi Medical and Aesthetics Group","Naples","1","Kim Gallo Esthetics","195","5.0","0.95","https://www.google.com/maps/search/?api=1&query=Kim%20Gallo%20Esthetics&query_place_id=ChIJS9qAwwsd24gRXzYtIwhNO98"
"Kenzi Medical and Aesthetics Group","Naples","2","MD Health Spa","166","5.0","0.96","https://www.google.com/maps/search/?api=1&query=MD%20Health%20Spa&query_place_id=ChIJsctTDDjh2ogRLe_RYB-BnI4"
"Kenzi Medical and Aesthetics Group","Naples","3","SkinCo Naples","92","5.0","0.92","https://www.google.com/maps/search/?api=1&query=SkinCo%20Naples&query_place_id=ChIJ32-otBDh2ogRGFE3y7-kPJo"
"Von & Co Medical Aesthetics Studio","Naples","1","ELIXIR Medical Spa","133","4.9","0.73","https://www.google.com/maps/search/?api=1&query=ELIXIR%20Medical%20Spa&query_place_id=ChIJy3Tq7Jjh2ogRPQnlM9sHmJA"
"Von & Co Medical Aesthetics Studio","Naples","2","Cristina Lévon Aesthetics","98","5.0","0.67","https://www.google.com/maps/search/?api=1&query=Cristina%20L%C3%A9von%20Aesthetics&query_place_id=ChIJ231mCarh2ogRdY6ba-rSrHw"
"Von & Co Medical Aesthetics Studio","Naples","3","Healing Rivers Aesthetics","84","5.0","0.67","https://www.google.com/maps/search/?api=1&query=Healing%20Rivers%20Aesthetics&query_place_id=ChIJBw0BgVbh2ogRx7nQZ6YgBM0"
"Rose Milk Aesthetics","Houston","1","Dream Aesthetics Medspa","441","5.0","2.59","https://www.google.com/maps/search/?api=1&query=Dream%20Aesthetics%20Medspa&query_place_id=ChIJKYvA1SPHQIYR56YOfaFfGjw"
"Rose Milk Aesthetics","Houston","2","Artavi Med Spa- Dr. Tarina Desai, MD","254","4.8","2.04","https://www.google.com/maps/search/?api=1&query=Artavi%20Med%20Spa-%20Dr.%20Tarina%20Desai%2C%20MD&query_place_id=ChIJme6xWynHQIYR7dJ0BUmD7is"
"Rose Milk Aesthetics","Houston","3","The Skin Clinic","178","4.9","2.34","https://www.google.com/maps/search/?api=1&query=The%20Skin%20Clinic&query_place_id=ChIJXfIVOr7BQIYRpFlfFIutMNE"
"Hi Beautiful Aesthetics","Houston","1","Galleria Aesthetics and Wellness","281","4.8","3.56","https://www.google.com/maps/search/?api=1&query=Galleria%20Aesthetics%20and%20Wellness&query_place_id=ChIJ8ZwATWTBQIYRDDFvSI-MUIw"
"Hi Beautiful Aesthetics","Houston","2","Derma Theory","238","5.0","3.21","https://www.google.com/maps/search/?api=1&query=Derma%20Theory&query_place_id=ChIJKVY4aFfDQIYRuhJcZLNTvTQ"
"Hi Beautiful Aesthetics","Houston","3","The Total You Medical Spa","134","4.9","4.25","https://www.google.com/maps/search/?api=1&query=The%20Total%20You%20Medical%20Spa&query_place_id=ChIJy_Iqml_bQIYRhNJAAJ03LAI"
"Glow Medical Aesthetics","Houston","1","PurA Medical Aesthetics","891","5.0","1.79","https://www.google.com/maps/search/?api=1&query=PurA%20Medical%20Aesthetics&query_place_id=ChIJY9j7YBzBQIYRzzmH-lzMprE"
"Glow Medical Aesthetics","Houston","2","River Oaks Skin Institute","144","5.0","2.16","https://www.google.com/maps/search/?api=1&query=River%20Oaks%20Skin%20Institute&query_place_id=ChIJe-JcCS3BQIYRfgKkZsEkvbQ"
"Glow Medical Aesthetics","Houston","3","BotoxRN and MedSpa-Houston","121","4.6","1.65","https://www.google.com/maps/search/?api=1&query=BotoxRN%20and%20MedSpa-Houston&query_place_id=ChIJ4fbFt5fBQIYRHOKDMghdrNQ"
"Inside Out Med Spa","Naples","1","Naples Skin Clinic","81","5.0","6.69","https://www.google.com/maps/search/?api=1&query=Naples%20Skin%20Clinic&query_place_id=ChIJRR2rToAc24gR88wDG2kZ2Pw"
"Inside Out Med Spa","Naples","2","Gulf Coast Medspa","68","5.0","0.6","https://www.google.com/maps/search/?api=1&query=Gulf%20Coast%20Medspa&query_place_id=ChIJv6dF7UXl2ogR6z-5owz9KIs"
"Inside Out Med Spa","Naples","3","Kenzi Medical and Aesthetics Group","65","4.8","7.36","https://www.google.com/maps/search/?api=1&query=Kenzi%20Medical%20and%20Aesthetics%20Group&query_place_id=ChIJk1Y9ib_h2ogRiqU_5lpUKeg"
"Evolve Aesthetics Medspa","Houston","1","Dream Aesthetics Medspa","441","5.0","1.3","https://www.google.com/maps/search/?api=1&query=Dream%20Aesthetics%20Medspa&query_place_id=ChIJKYvA1SPHQIYR56YOfaFfGjw"
"Evolve Aesthetics Medspa","Houston","2","NIMS Medspa","90","4.6","1.87","https://www.google.com/maps/search/?api=1&query=NIMS%20Medspa&query_place_id=ChIJUYjCZFu_QIYRLdFlCDiUAOQ"
"Evolve Aesthetics Medspa","Houston","3","Tru Essence Cosmetic and Medical Spa","66","4.3","1.77","https://www.google.com/maps/search/?api=1&query=Tru%20Essence%20Cosmetic%20and%20Medical%20Spa&query_place_id=ChIJD0lV8RW_QIYRg98dsMHFA_8"
"Cloud 9 Med Spa Naples","Naples","1","Kim Gallo Esthetics","195","5.0","0.46","https://www.google.com/maps/search/?api=1&query=Kim%20Gallo%20Esthetics&query_place_id=ChIJS9qAwwsd24gRXzYtIwhNO98"
"Cloud 9 Med Spa Naples","Naples","2","Cristina Lévon Aesthetics","98","5.0","0.47","https://www.google.com/maps/search/?api=1&query=Cristina%20L%C3%A9von%20Aesthetics&query_place_id=ChIJ231mCarh2ogRdY6ba-rSrHw"
"Cloud 9 Med Spa Naples","Naples","3","SkinCo Naples","92","5.0","0.49","https://www.google.com/maps/search/?api=1&query=SkinCo%20Naples&query_place_id=ChIJ32-otBDh2ogRGFE3y7-kPJo"
"Mederna Aesthetic & Wellness Medical Center","Houston","1","It's A Secret Med Spa - Houston","306","4.4","0.6","https://www.google.com/maps/search/?api=1&query=It's%20A%20Secret%20Med%20Spa%20-%20Houston&query_place_id=ChIJMfQFrNnBQIYRW_nnk3ZXkQw"
"Mederna Aesthetic & Wellness Medical Center","Houston","2","Artavi Med Spa- Dr. Tarina Desai, MD","254","4.8","1.05","https://www.google.com/maps/search/?api=1&query=Artavi%20Med%20Spa-%20Dr.%20Tarina%20Desai%2C%20MD&query_place_id=ChIJme6xWynHQIYR7dJ0BUmD7is"
"Mederna Aesthetic & Wellness Medical Center","Houston","3","The Skin Clinic","178","4.9","0.51","https://www.google.com/maps/search/?api=1&query=The%20Skin%20Clinic&query_place_id=ChIJXfIVOr7BQIYRpFlfFIutMNE"
"HLC Wellness and Aesthetic","Lake Mary","1","Couture Med Spa","434","4.7","0.82","https://www.google.com/maps/search/?api=1&query=Couture%20Med%20Spa&query_place_id=ChIJpaJfZCEN54gRfzo0fnX9eZY"
"HLC Wellness and Aesthetic","Lake Mary","2","Modern Skin Aesthetics","43","5.0","0.71","https://www.google.com/maps/search/?api=1&query=Modern%20Skin%20Aesthetics&query_place_id=ChIJ9cQQlGEN54gR_yTxTTAJ5lI"
"HLC Wellness and Aesthetic","Lake Mary","3","Estheticis by Adelina LLC","34","5.0","1.18","https://www.google.com/maps/search/?api=1&query=Estheticis%20by%20Adelina%20LLC&query_place_id=ChIJbSZ2BWtz54gRjGlAko3b0ww"
"Skinful Aesthetics","Houston","1","NakedMD Med Spa Houston","258","4.9","0.09","https://www.google.com/maps/search/?api=1&query=NakedMD%20Med%20Spa%20Houston&query_place_id=ChIJVfPHazPBQIYRwBO3mLEUYFQ"
"Skinful Aesthetics","Houston","2","OVME","208","4.7","1.17","https://www.google.com/maps/search/?api=1&query=OVME&query_place_id=ChIJK8imxazBQIYRbQaRbM5P-Wg"
"Skinful Aesthetics","Houston","3","River Oaks MedSpa","187","4.8","0.1","https://www.google.com/maps/search/?api=1&query=River%20Oaks%20MedSpa&query_place_id=ChIJL1LGdR3BQIYR5MvMIclvRtM"
"Gulf Coast Medspa","Naples","1","Inside Out Med Spa","92","4.9","0.6","https://www.google.com/maps/search/?api=1&query=Inside%20Out%20Med%20Spa&query_place_id=ChIJn1TTEOTl2ogRJUgiEs7e6sw"
"Gulf Coast Medspa","Naples","2","Naples Skin Clinic","81","5.0","7.05","https://www.google.com/maps/search/?api=1&query=Naples%20Skin%20Clinic&query_place_id=ChIJRR2rToAc24gR88wDG2kZ2Pw"
"Gulf Coast Medspa","Naples","3","Kenzi Medical and Aesthetics Group","65","4.8","7.85","https://www.google.com/maps/search/?api=1&query=Kenzi%20Medical%20and%20Aesthetics%20Group&query_place_id=ChIJk1Y9ib_h2ogRiqU_5lpUKeg"
"Renud Med Spa","Houston","1","Glow Medspa Houston","421","4.7","1.91","https://www.google.com/maps/search/?api=1&query=Glow%20Medspa%20Houston&query_place_id=ChIJ1Ws29V7BQIYRitqq8aWriQA"
"Renud Med Spa","Houston","2","Mederna Aesthetic & Wellness Medical Center","231","4.9","2.54","https://www.google.com/maps/search/?api=1&query=Mederna%20Aesthetic%20%26%20Wellness%20Medical%20Center&query_place_id=ChIJh4kKVA3HQIYRWCZ5zbsvFj8"
"Renud Med Spa","Houston","3","River Oaks Galleria Medspa","210","4.9","2.31","https://www.google.com/maps/search/?api=1&query=River%20Oaks%20Galleria%20Medspa&query_place_id=ChIJr95seR_BQIYRXertdTuXvVM"
"Sisu Clinic Houston","Houston","1","Miliv Med Spa & Facials","446","4.8","1.19","https://www.google.com/maps/search/?api=1&query=Miliv%20Med%20Spa%20%26%20Facials&query_place_id=ChIJIQNO4XDBQIYRwzhP7SIMFLw"
"Sisu Clinic Houston","Houston","2","ZO Skin Centre Houston","238","4.9","1.06","https://www.google.com/maps/search/?api=1&query=ZO%20Skin%20Centre%20Houston&query_place_id=ChIJLyiiPY7BQIYR1_Glq19lX5Q"
"Sisu Clinic Houston","Houston","3","Nia Aesthetics MD","220","5.0","0.68","https://www.google.com/maps/search/?api=1&query=Nia%20Aesthetics%20MD&query_place_id=ChIJv_jykvS_QIYRMdS4mBpUFJg"
"NIMS Medspa","Houston","1","Miliv Med Spa & Facials","446","4.8","0.63","https://www.google.com/maps/search/?api=1&query=Miliv%20Med%20Spa%20%26%20Facials&query_place_id=ChIJIQNO4XDBQIYRwzhP7SIMFLw"
"NIMS Medspa","Houston","2","Dream Aesthetics Medspa","441","5.0","0.72","https://www.google.com/maps/search/?api=1&query=Dream%20Aesthetics%20Medspa&query_place_id=ChIJKYvA1SPHQIYR56YOfaFfGjw"
"NIMS Medspa","Houston","3","It's A Secret Med Spa - Houston","306","4.4","0.4","https://www.google.com/maps/search/?api=1&query=It's%20A%20Secret%20Med%20Spa%20-%20Houston&query_place_id=ChIJMfQFrNnBQIYRW_nnk3ZXkQw"
"ZO Skin Centre Houston","Houston","1","Miliv Med Spa & Facials","446","4.8","0.14","https://www.google.com/maps/search/?api=1&query=Miliv%20Med%20Spa%20%26%20Facials&query_place_id=ChIJIQNO4XDBQIYRwzhP7SIMFLw"
"ZO Skin Centre Houston","Houston","2","Sisu Clinic Houston","434","4.9","1.06","https://www.google.com/maps/search/?api=1&query=Sisu%20Clinic%20Houston&query_place_id=ChIJmQjKANG_QIYRISoichEUJJ8"
"ZO Skin Centre Houston","Houston","3","It's A Secret Med Spa - Houston","306","4.4","0.96","https://www.google.com/maps/search/?api=1&query=It's%20A%20Secret%20Med%20Spa%20-%20Houston&query_place_id=ChIJMfQFrNnBQIYRW_nnk3ZXkQw"
"The Skin Clinic","Houston","1","It's A Secret Med Spa - Houston","306","4.4","0.83","https://www.google.com/maps/search/?api=1&query=It's%20A%20Secret%20Med%20Spa%20-%20Houston&query_place_id=ChIJMfQFrNnBQIYRW_nnk3ZXkQw"
"The Skin Clinic","Houston","2","Artavi Med Spa- Dr. Tarina Desai, MD","254","4.8","0.61","https://www.google.com/maps/search/?api=1&query=Artavi%20Med%20Spa-%20Dr.%20Tarina%20Desai%2C%20MD&query_place_id=ChIJme6xWynHQIYR7dJ0BUmD7is"
"The Skin Clinic","Houston","3","Mederna Aesthetic & Wellness Medical Center","231","4.9","0.51","https://www.google.com/maps/search/?api=1&query=Mederna%20Aesthetic%20%26%20Wellness%20Medical%20Center&query_place_id=ChIJh4kKVA3HQIYRWCZ5zbsvFj8"
"Celeb Aesthetics & Wellness- Botox, Sculptra, PDO threads, Microneedling, Facials , Lip filler, Facial balancing","Houston","1","Galleria Aesthetics and Wellness","281","4.8","0.98","https://www.google.com/maps/search/?api=1&query=Galleria%20Aesthetics%20and%20Wellness&query_place_id=ChIJ8ZwATWTBQIYRDDFvSI-MUIw"
"Celeb Aesthetics & Wellness- Botox, Sculptra, PDO threads, Microneedling, Facials , Lip filler, Facial balancing","Houston","2","Derma Theory","238","5.0","1.11","https://www.google.com/maps/search/?api=1&query=Derma%20Theory&query_place_id=ChIJKVY4aFfDQIYRuhJcZLNTvTQ"
"Celeb Aesthetics & Wellness- Botox, Sculptra, PDO threads, Microneedling, Facials , Lip filler, Facial balancing","Houston","3","River Oaks Galleria Medspa","210","4.9","1.4","https://www.google.com/maps/search/?api=1&query=River%20Oaks%20Galleria%20Medspa&query_place_id=ChIJr95seR_BQIYRXertdTuXvVM"
"OVME","Houston","1","PurA Medical Aesthetics","891","5.0","0.92","https://www.google.com/maps/search/?api=1&query=PurA%20Medical%20Aesthetics&query_place_id=ChIJY9j7YBzBQIYRzzmH-lzMprE"
"OVME","Houston","2","Sousan Med Spa","169","4.8","0.91","https://www.google.com/maps/search/?api=1&query=Sousan%20Med%20Spa&query_place_id=ChIJ9wx4lxbBQIYRqkl36M6CIq8"
"OVME","Houston","3","Persona Medical Spa","146","4.7","0.14","https://www.google.com/maps/search/?api=1&query=Persona%20Medical%20Spa&query_place_id=ChIJb8lQPO3AQIYRVwknJdrPmFY"
"Nia Aesthetics MD","Houston","1","PurA Medical Aesthetics","891","5.0","1.41","https://www.google.com/maps/search/?api=1&query=PurA%20Medical%20Aesthetics&query_place_id=ChIJY9j7YBzBQIYRzzmH-lzMprE"
"Nia Aesthetics MD","Houston","2","Sisu Clinic Houston","434","4.9","0.68","https://www.google.com/maps/search/?api=1&query=Sisu%20Clinic%20Houston&query_place_id=ChIJmQjKANG_QIYRISoichEUJJ8"
"Nia Aesthetics MD","Houston","3","River Oaks Skin Institute","144","5.0","1.35","https://www.google.com/maps/search/?api=1&query=River%20Oaks%20Skin%20Institute&query_place_id=ChIJe-JcCS3BQIYRfgKkZsEkvbQ"
"Skin 101 Medical Spa","Houston","1","Hi Beautiful Aesthetics","439","4.8","4.59","https://www.google.com/maps/search/?api=1&query=Hi%20Beautiful%20Aesthetics&query_place_id=ChIJuy9pdCrDQIYRrwt2oraHarA"
"Skin 101 Medical Spa","Houston","2","Derma Theory","238","5.0","7.32","https://www.google.com/maps/search/?api=1&query=Derma%20Theory&query_place_id=ChIJKVY4aFfDQIYRuhJcZLNTvTQ"
"Skin 101 Medical Spa","Houston","3","The Total You Medical Spa","134","4.9","0.97","https://www.google.com/maps/search/?api=1&query=The%20Total%20You%20Medical%20Spa&query_place_id=ChIJy_Iqml_bQIYRhNJAAJ03LAI"
"VIO Med Spa Sugar Land","Sugar Land","1","Advanced Dermatology – Sugar Land, TX","2415","4.7","0.36","https://www.google.com/maps/search/?api=1&query=Advanced%20Dermatology%20%E2%80%93%20Sugar%20Land%2C%20TX&query_place_id=ChIJB7NOQqPmQIYRDzomFHu7bu0"
"VIO Med Spa Sugar Land","Sugar Land","2","LaserAway Sugar Land","665","4.8","0.63","https://www.google.com/maps/search/?api=1&query=LaserAway%20Sugar%20Land&query_place_id=ChIJSYzHzvjnQIYRt3J1YWzv9_8"
"VIO Med Spa Sugar Land","Sugar Land","3","Sugar Land Medical Spa","405","4.8","0.28","https://www.google.com/maps/search/?api=1&query=Sugar%20Land%20Medical%20Spa&query_place_id=ChIJm8oyk8bmQIYRQ-VwaQYQo_U"
"The Laser Lounge Spa Naples","Naples","1","Jewell Medical Spa - Mr. Injectable","195","5.0","0.21","https://www.google.com/maps/search/?api=1&query=Jewell%20Medical%20Spa%20-%20Mr.%20Injectable&query_place_id=ChIJH2dIq8Af24gRmab-rwPXTIA"
"The Laser Lounge Spa Naples","Naples","2","D-Lux Medspa","173","4.9","0.36","https://www.google.com/maps/search/?api=1&query=D-Lux%20Medspa&query_place_id=ChIJCRFTfiYc24gRzljjqj-Ka3Q"
"The Laser Lounge Spa Naples","Naples","3","Azul Cosmetic Surgery and Medical Spa | Naples Park Shore","120","4.9","0.24","https://www.google.com/maps/search/?api=1&query=Azul%20Cosmetic%20Surgery%20and%20Medical%20Spa%20%7C%20Naples%20Park%20Shore&query_place_id=ChIJbymur_0f24gRMsVTyW7AmLU"
"Premier Health Spa","Sugar Land","1","Advanced Dermatology – Sugar Land, TX","2415","4.7","1.6","https://www.google.com/maps/search/?api=1&query=Advanced%20Dermatology%20%E2%80%93%20Sugar%20Land%2C%20TX&query_place_id=ChIJB7NOQqPmQIYRDzomFHu7bu0"
"Premier Health Spa","Sugar Land","2","LaserAway Sugar Land","665","4.8","1.46","https://www.google.com/maps/search/?api=1&query=LaserAway%20Sugar%20Land&query_place_id=ChIJSYzHzvjnQIYRt3J1YWzv9_8"
"Premier Health Spa","Sugar Land","3","Sugar Land Medical Spa","405","4.8","1.52","https://www.google.com/maps/search/?api=1&query=Sugar%20Land%20Medical%20Spa&query_place_id=ChIJm8oyk8bmQIYRQ-VwaQYQo_U"
"Sugar Land Medical Spa","Sugar Land","1","Advanced Dermatology – Sugar Land, TX","2415","4.7","0.63","https://www.google.com/maps/search/?api=1&query=Advanced%20Dermatology%20%E2%80%93%20Sugar%20Land%2C%20TX&query_place_id=ChIJB7NOQqPmQIYRDzomFHu7bu0"
"Sugar Land Medical Spa","Sugar Land","2","LaserAway Sugar Land","665","4.8","0.38","https://www.google.com/maps/search/?api=1&query=LaserAway%20Sugar%20Land&query_place_id=ChIJSYzHzvjnQIYRt3J1YWzv9_8"
"Sugar Land Medical Spa","Sugar Land","3","VIO Med Spa Sugar Land","226","4.8","0.28","https://www.google.com/maps/search/?api=1&query=VIO%20Med%20Spa%20Sugar%20Land&query_place_id=ChIJYZSQW1LnQIYRowdE9dPJMJ4"
"Injection Bar","Richmond","1","Advanced Dermatology – Sugar Land, TX","2415","4.7","6.43","https://www.google.com/maps/search/?api=1&query=Advanced%20Dermatology%20%E2%80%93%20Sugar%20Land%2C%20TX&query_place_id=ChIJB7NOQqPmQIYRDzomFHu7bu0"
"Injection Bar","Richmond","2","Vira Medspa","198","5.0","5.6","https://www.google.com/maps/search/?api=1&query=Vira%20Medspa&query_place_id=ChIJ0SsaQV_nQIYRJ1qNqHcKjIc"
"Injection Bar","Richmond","3","Oasis Aesthetics & Wellness","144","5.0","6.24","https://www.google.com/maps/search/?api=1&query=Oasis%20Aesthetics%20%26%20Wellness&query_place_id=ChIJ9y0H247hQIYRXkLzJqr2iWU"
"River Oaks Skin Institute","Houston","1","PurA Medical Aesthetics","891","5.0","0.52","https://www.google.com/maps/search/?api=1&query=PurA%20Medical%20Aesthetics&query_place_id=ChIJY9j7YBzBQIYRzzmH-lzMprE"
"River Oaks Skin Institute","Houston","2","OVME","208","4.7","0.44","https://www.google.com/maps/search/?api=1&query=OVME&query_place_id=ChIJK8imxazBQIYRbQaRbM5P-Wg"
"River Oaks Skin Institute","Houston","3","Sousan Med Spa","169","4.8","1.25","https://www.google.com/maps/search/?api=1&query=Sousan%20Med%20Spa&query_place_id=ChIJ9wx4lxbBQIYRqkl36M6CIq8"
"GoBeyond Aesthetics & Lifestyle Medicine","Jacksonville","1","New Day Medspa Jacksonville","705","4.4","2.72","https://www.google.com/maps/search/?api=1&query=New%20Day%20Medspa%20Jacksonville&query_place_id=ChIJy8u6kVi15YgROzPF2uujsiY"
"GoBeyond Aesthetics & Lifestyle Medicine","Jacksonville","2","Modern Aesthetic Centers - Gate Parkway","457","4.9","2.84","https://www.google.com/maps/search/?api=1&query=Modern%20Aesthetic%20Centers%20-%20Gate%20Parkway&query_place_id=ChIJL9cXOEo15IgRXSlanV8gb-A"
"GoBeyond Aesthetics & Lifestyle Medicine","Jacksonville","3","OVME","362","5.0","2.76","https://www.google.com/maps/search/?api=1&query=OVME&query_place_id=ChIJA8gLsovL5YgR9x33BmVZ-dA"
"Elite DOC Health and Beauty: Naz Keshwani, M.D.","Sugar Land","1","LaserAway Sugar Land","665","4.8","0.88","https://www.google.com/maps/search/?api=1&query=LaserAway%20Sugar%20Land&query_place_id=ChIJSYzHzvjnQIYRt3J1YWzv9_8"
"Elite DOC Health and Beauty: Naz Keshwani, M.D.","Sugar Land","2","Sugar Land Medical Spa","405","4.8","1.22","https://www.google.com/maps/search/?api=1&query=Sugar%20Land%20Medical%20Spa&query_place_id=ChIJm8oyk8bmQIYRQ-VwaQYQo_U"
"Elite DOC Health and Beauty: Naz Keshwani, M.D.","Sugar Land","3","Oasis Aesthetics & Wellness","144","5.0","1.04","https://www.google.com/maps/search/?api=1&query=Oasis%20Aesthetics%20%26%20Wellness&query_place_id=ChIJ9y0H247hQIYRXkLzJqr2iWU"
"BotoxRN and MedSpa-Houston","Houston","1","Skinful Aesthetics","316","4.9","0.68","https://www.google.com/maps/search/?api=1&query=Skinful%20Aesthetics&query_place_id=ChIJa0ktmWzBQIYR8QXNNUPor5k"
"BotoxRN and MedSpa-Houston","Houston","2","NakedMD Med Spa Houston","258","4.9","0.6","https://www.google.com/maps/search/?api=1&query=NakedMD%20Med%20Spa%20Houston&query_place_id=ChIJVfPHazPBQIYRwBO3mLEUYFQ"
"BotoxRN and MedSpa-Houston","Houston","3","River Oaks MedSpa","187","4.8","0.59","https://www.google.com/maps/search/?api=1&query=River%20Oaks%20MedSpa&query_place_id=ChIJL1LGdR3BQIYR5MvMIclvRtM"
"Vira Medspa","Sugar Land","1","Advanced Dermatology – Sugar Land, TX","2415","4.7","1.2","https://www.google.com/maps/search/?api=1&query=Advanced%20Dermatology%20%E2%80%93%20Sugar%20Land%2C%20TX&query_place_id=ChIJB7NOQqPmQIYRDzomFHu7bu0"
"Vira Medspa","Sugar Land","2","LaserAway Sugar Land","665","4.8","1.28","https://www.google.com/maps/search/?api=1&query=LaserAway%20Sugar%20Land&query_place_id=ChIJSYzHzvjnQIYRt3J1YWzv9_8"
"Vira Medspa","Sugar Land","3","Sugar Land Medical Spa","405","4.8","1.08","https://www.google.com/maps/search/?api=1&query=Sugar%20Land%20Medical%20Spa&query_place_id=ChIJm8oyk8bmQIYRQ-VwaQYQo_U"
"Ruaa MedSpa","Sugar Land","1","LaserAway Sugar Land","665","4.8","3.68","https://www.google.com/maps/search/?api=1&query=LaserAway%20Sugar%20Land&query_place_id=ChIJSYzHzvjnQIYRt3J1YWzv9_8"
"Ruaa MedSpa","Sugar Land","2","Elite DOC Health and Beauty: Naz Keshwani, M.D.","509","4.9","3.57","https://www.google.com/maps/search/?api=1&query=Elite%20DOC%20Health%20and%20Beauty%3A%20Naz%20Keshwani%2C%20M.D.&query_place_id=ChIJBTqThqbmQIYR82ZNqIxukas"
"Ruaa MedSpa","Sugar Land","3","Premier Health Spa","260","5.0","2.86","https://www.google.com/maps/search/?api=1&query=Premier%20Health%20Spa&query_place_id=ChIJrRqrMND7oCcRkXVVHHgAFTo"
"Renew Wellness Center - Sugar Land","Sugar Land","1","Advanced Dermatology – Sugar Land, TX","2415","4.7","1.53","https://www.google.com/maps/search/?api=1&query=Advanced%20Dermatology%20%E2%80%93%20Sugar%20Land%2C%20TX&query_place_id=ChIJB7NOQqPmQIYRDzomFHu7bu0"
"Renew Wellness Center - Sugar Land","Sugar Land","2","Sugar Land Medical Spa","405","4.8","2.14","https://www.google.com/maps/search/?api=1&query=Sugar%20Land%20Medical%20Spa&query_place_id=ChIJm8oyk8bmQIYRQ-VwaQYQo_U"
"Renew Wellness Center - Sugar Land","Sugar Land","3","VIO Med Spa Sugar Land","226","4.8","1.86","https://www.google.com/maps/search/?api=1&query=VIO%20Med%20Spa%20Sugar%20Land&query_place_id=ChIJYZSQW1LnQIYRowdE9dPJMJ4"
"Sarah Hitchcox Aesthetics","Knoxville","1","RevitalyzeMD","648","4.9","1.39","https://www.google.com/maps/search/?api=1&query=RevitalyzeMD&query_place_id=ChIJSf9sJsIuXIgRuaoAL9N-Fok"
"Sarah Hitchcox Aesthetics","Knoxville","2","Create Medical Aesthetics","213","5.0","1.13","https://www.google.com/maps/search/?api=1&query=Create%20Medical%20Aesthetics&query_place_id=ChIJjZGlhDIlXIgRCwG3EQ9yxXk"
"Sarah Hitchcox Aesthetics","Knoxville","3","Aesthetic Elevation Knoxville","83","5.0","1.46","https://www.google.com/maps/search/?api=1&query=Aesthetic%20Elevation%20Knoxville&query_place_id=ChIJVxJMiiQjXIgRuwfHj77h2-k"
"BotoxRN","Sugar Land","1","Advanced Dermatology – Sugar Land, TX","2415","4.7","1.84","https://www.google.com/maps/search/?api=1&query=Advanced%20Dermatology%20%E2%80%93%20Sugar%20Land%2C%20TX&query_place_id=ChIJB7NOQqPmQIYRDzomFHu7bu0"
"BotoxRN","Sugar Land","2","Sugar Land Medical Spa","405","4.8","2.41","https://www.google.com/maps/search/?api=1&query=Sugar%20Land%20Medical%20Spa&query_place_id=ChIJm8oyk8bmQIYRQ-VwaQYQo_U"
"BotoxRN","Sugar Land","3","Renew Wellness Center - Sugar Land","312","4.9","0.54","https://www.google.com/maps/search/?api=1&query=Renew%20Wellness%20Center%20-%20Sugar%20Land&query_place_id=ChIJw2rSW5TmQIYR1oY9xL3Wkog"
"Revitalize Medi-Spa","Sugar Land","1","LaserAway Sugar Land","665","4.8","4.1","https://www.google.com/maps/search/?api=1&query=LaserAway%20Sugar%20Land&query_place_id=ChIJSYzHzvjnQIYRt3J1YWzv9_8"
"Revitalize Medi-Spa","Sugar Land","2","Elite DOC Health and Beauty: Naz Keshwani, M.D.","509","4.9","3.32","https://www.google.com/maps/search/?api=1&query=Elite%20DOC%20Health%20and%20Beauty%3A%20Naz%20Keshwani%2C%20M.D.&query_place_id=ChIJBTqThqbmQIYR82ZNqIxukas"
"Revitalize Medi-Spa","Sugar Land","3","Vira Medspa","198","5.0","3.88","https://www.google.com/maps/search/?api=1&query=Vira%20Medspa&query_place_id=ChIJ0SsaQV_nQIYRJ1qNqHcKjIc"
"It's A Secret Med Spa - The Woodlands","The Woodlands","1","East Shore Salon and Medspa","422","4.9","0.76","https://www.google.com/maps/search/?api=1&query=East%20Shore%20Salon%20and%20Medspa&query_place_id=ChIJbWibha03R4YRNUogQ2Q3b0c"
"It's A Secret Med Spa - The Woodlands","The Woodlands","2","Vedas Medical Spa","346","4.6","1.12","https://www.google.com/maps/search/?api=1&query=Vedas%20Medical%20Spa&query_place_id=ChIJN84HmcTNQIYROD6JV9hiRUs"
"It's A Secret Med Spa - The Woodlands","The Woodlands","3","Avante Laser & MediSpa","326","4.9","1.59","https://www.google.com/maps/search/?api=1&query=Avante%20Laser%20%26%20MediSpa&query_place_id=ChIJC_S7jt02R4YR8fNdWJkuWHM"
"Gen B Medspa","The Woodlands","1","LaserAway Woodlands","871","4.9","0.24","https://www.google.com/maps/search/?api=1&query=LaserAway%20Woodlands&query_place_id=ChIJnX3dmHExR4YRwYnK0uGVY8E"
"Gen B Medspa","The Woodlands","2","Vedas Medical Spa","346","4.6","0.7","https://www.google.com/maps/search/?api=1&query=Vedas%20Medical%20Spa&query_place_id=ChIJN84HmcTNQIYROD6JV9hiRUs"
"Gen B Medspa","The Woodlands","3","Avante Laser & MediSpa","326","4.9","0.42","https://www.google.com/maps/search/?api=1&query=Avante%20Laser%20%26%20MediSpa&query_place_id=ChIJC_S7jt02R4YR8fNdWJkuWHM"
"Glow Medical Aesthetics, Weight Loss, Wellness & Primary Care Knoxville","Powell","1","Downtown Smooth Spa","633","5.0","7.93","https://www.google.com/maps/search/?api=1&query=Downtown%20Smooth%20Spa&query_place_id=ChIJF82sTsEXXIgRnmBqePJl8vc"
"Glow Medical Aesthetics, Weight Loss, Wellness & Primary Care Knoxville","Powell","2","Smiley Aesthetics Medical Spa – Botox & Weight Loss Clinic Knoxville","515","5.0","7.64","https://www.google.com/maps/search/?api=1&query=Smiley%20Aesthetics%20Medical%20Spa%20%E2%80%93%20Botox%20%26%20Weight%20Loss%20Clinic%20Knoxville&query_place_id=ChIJoT9ifwqb-wgR1VFjQ9EN3yU"
"Glow Medical Aesthetics, Weight Loss, Wellness & Primary Care Knoxville","Powell","3","Old City Medspa","258","4.9","7.5","https://www.google.com/maps/search/?api=1&query=Old%20City%20Medspa&query_place_id=ChIJn5R4kGQXXIgRuioiqwxYtVA"
"Avante Laser & MediSpa","The Woodlands","1","LaserAway Woodlands","871","4.9","0.62","https://www.google.com/maps/search/?api=1&query=LaserAway%20Woodlands&query_place_id=ChIJnX3dmHExR4YRwYnK0uGVY8E"
"Avante Laser & MediSpa","The Woodlands","2","myEvergreen MedSpa","391","5.0","1.51","https://www.google.com/maps/search/?api=1&query=myEvergreen%20MedSpa&query_place_id=ChIJZ9bQeTA5R4YRg_HlJENkNBA"
"Avante Laser & MediSpa","The Woodlands","3","Vedas Medical Spa","346","4.6","0.51","https://www.google.com/maps/search/?api=1&query=Vedas%20Medical%20Spa&query_place_id=ChIJN84HmcTNQIYROD6JV9hiRUs"
"Oasis Aesthetics & Wellness","Sugar Land","1","LaserAway Sugar Land","665","4.8","1.53","https://www.google.com/maps/search/?api=1&query=LaserAway%20Sugar%20Land&query_place_id=ChIJSYzHzvjnQIYRt3J1YWzv9_8"
"Oasis Aesthetics & Wellness","Sugar Land","2","Elite DOC Health and Beauty: Naz Keshwani, M.D.","509","4.9","1.04","https://www.google.com/maps/search/?api=1&query=Elite%20DOC%20Health%20and%20Beauty%3A%20Naz%20Keshwani%2C%20M.D.&query_place_id=ChIJBTqThqbmQIYR82ZNqIxukas"
"Oasis Aesthetics & Wellness","Sugar Land","3","Sugar Land Medical Spa","405","4.8","1.67","https://www.google.com/maps/search/?api=1&query=Sugar%20Land%20Medical%20Spa&query_place_id=ChIJm8oyk8bmQIYRQ-VwaQYQo_U"
"Aesthetic Elevation Knoxville","Knoxville","1","RevitalyzeMD","648","4.9","0.6","https://www.google.com/maps/search/?api=1&query=RevitalyzeMD&query_place_id=ChIJSf9sJsIuXIgRuaoAL9N-Fok"
"Aesthetic Elevation Knoxville","Knoxville","2","Sarah Hitchcox Aesthetics","243","5.0","1.46","https://www.google.com/maps/search/?api=1&query=Sarah%20Hitchcox%20Aesthetics&query_place_id=ChIJT25n7649XIgRyzkQqbTa0DY"
"Aesthetic Elevation Knoxville","Knoxville","3","Create Medical Aesthetics","213","5.0","0.53","https://www.google.com/maps/search/?api=1&query=Create%20Medical%20Aesthetics&query_place_id=ChIJjZGlhDIlXIgRCwG3EQ9yxXk"
"Derma Theory","Houston","1","Galleria Aesthetics and Wellness","281","4.8","0.46","https://www.google.com/maps/search/?api=1&query=Galleria%20Aesthetics%20and%20Wellness&query_place_id=ChIJ8ZwATWTBQIYRDDFvSI-MUIw"
"Derma Theory","Houston","2","Metropolitan Med Spa","151","4.4","1.09","https://www.google.com/maps/search/?api=1&query=Metropolitan%20Med%20Spa&query_place_id=ChIJX_kd9XLBQIYRV7b-rPCOWOs"
"Derma Theory","Houston","3","The MedSpa at Galleria","118","5.0","1.44","https://www.google.com/maps/search/?api=1&query=The%20MedSpa%20at%20Galleria&query_place_id=ChIJi8by-lXBQIYRhF94BUhNp1A"
"Nu-U Medspa","The Woodlands","1","Z Med Clinic and Med Spa, Weight Loss, Hormone Therapy and IV Clinic","589","4.7","0.52","https://www.google.com/maps/search/?api=1&query=Z%20Med%20Clinic%20and%20Med%20Spa%2C%20Weight%20Loss%2C%20Hormone%20Therapy%20and%20IV%20Clinic&query_place_id=ChIJhdDwLjA0R4YRVgXn-mJ6s_4"
"Nu-U Medspa","The Woodlands","2","Seychelles Med & Laser Spa","440","4.9","0.43","https://www.google.com/maps/search/?api=1&query=Seychelles%20Med%20%26%20Laser%20Spa&query_place_id=ChIJnyZQjy80R4YRMDbDawABBI8"
"Nu-U Medspa","The Woodlands","3","East Shore Salon and Medspa","422","4.9","2.22","https://www.google.com/maps/search/?api=1&query=East%20Shore%20Salon%20and%20Medspa&query_place_id=ChIJbWibha03R4YRNUogQ2Q3b0c"
"Naked SKN Aesthetics - Skincare & Wellness Spa","The Woodlands","1","Z Med Clinic and Med Spa, Weight Loss, Hormone Therapy and IV Clinic","589","4.7","1.54","https://www.google.com/maps/search/?api=1&query=Z%20Med%20Clinic%20and%20Med%20Spa%2C%20Weight%20Loss%2C%20Hormone%20Therapy%20and%20IV%20Clinic&query_place_id=ChIJhdDwLjA0R4YRVgXn-mJ6s_4"
"Naked SKN Aesthetics - Skincare & Wellness Spa","The Woodlands","2","Seychelles Med & Laser Spa","440","4.9","1.6","https://www.google.com/maps/search/?api=1&query=Seychelles%20Med%20%26%20Laser%20Spa&query_place_id=ChIJnyZQjy80R4YRMDbDawABBI8"
"Naked SKN Aesthetics - Skincare & Wellness Spa","The Woodlands","3","East Shore Salon and Medspa","422","4.9","1.83","https://www.google.com/maps/search/?api=1&query=East%20Shore%20Salon%20and%20Medspa&query_place_id=ChIJbWibha03R4YRNUogQ2Q3b0c"
"Amerejuve Medspa","The Woodlands","1","myEvergreen MedSpa","391","5.0","1.13","https://www.google.com/maps/search/?api=1&query=myEvergreen%20MedSpa&query_place_id=ChIJZ9bQeTA5R4YRg_HlJENkNBA"
"Amerejuve Medspa","The Woodlands","2","Avante Laser & MediSpa","326","4.9","1.78","https://www.google.com/maps/search/?api=1&query=Avante%20Laser%20%26%20MediSpa&query_place_id=ChIJC_S7jt02R4YR8fNdWJkuWHM"
"Amerejuve Medspa","The Woodlands","3","InjectCo","155","5.0","1.32","https://www.google.com/maps/search/?api=1&query=InjectCo&query_place_id=ChIJj6toiLM3R4YRoLie8xKYm1A"
"Visionary Aesthetics","Sugar Land","1","Advanced Dermatology – Sugar Land, TX","2415","4.7","0.75","https://www.google.com/maps/search/?api=1&query=Advanced%20Dermatology%20%E2%80%93%20Sugar%20Land%2C%20TX&query_place_id=ChIJB7NOQqPmQIYRDzomFHu7bu0"
"Visionary Aesthetics","Sugar Land","2","LaserAway Sugar Land","665","4.8","0.75","https://www.google.com/maps/search/?api=1&query=LaserAway%20Sugar%20Land&query_place_id=ChIJSYzHzvjnQIYRt3J1YWzv9_8"
"Visionary Aesthetics","Sugar Land","3","Sugar Land Medical Spa","405","4.8","0.5","https://www.google.com/maps/search/?api=1&query=Sugar%20Land%20Medical%20Spa&query_place_id=ChIJm8oyk8bmQIYRQ-VwaQYQo_U"
"InjectCo","Shenandoah","1","myEvergreen MedSpa","391","5.0","0.33","https://www.google.com/maps/search/?api=1&query=myEvergreen%20MedSpa&query_place_id=ChIJZ9bQeTA5R4YRg_HlJENkNBA"
"InjectCo","Shenandoah","2","Amerejuve Medspa","335","4.8","1.32","https://www.google.com/maps/search/?api=1&query=Amerejuve%20Medspa&query_place_id=ChIJcRR-RdgwR4YRTzPJIfyhDB8"
"InjectCo","Shenandoah","3","It's A Secret Med Spa - The Woodlands","120","4.7","1.82","https://www.google.com/maps/search/?api=1&query=It's%20A%20Secret%20Med%20Spa%20-%20The%20Woodlands&query_place_id=ChIJf9ftQDo3R4YRV_YJxx2E7sI"
"Galleria Aesthetics and Wellness","Houston","1","Derma Theory","238","5.0","0.46","https://www.google.com/maps/search/?api=1&query=Derma%20Theory&query_place_id=ChIJKVY4aFfDQIYRuhJcZLNTvTQ"
"Galleria Aesthetics and Wellness","Houston","2","River Oaks Galleria Medspa","210","4.9","0.99","https://www.google.com/maps/search/?api=1&query=River%20Oaks%20Galleria%20Medspa&query_place_id=ChIJr95seR_BQIYRXertdTuXvVM"
"Galleria Aesthetics and Wellness","Houston","3","Metropolitan Med Spa","151","4.4","0.72","https://www.google.com/maps/search/?api=1&query=Metropolitan%20Med%20Spa&query_place_id=ChIJX_kd9XLBQIYRV7b-rPCOWOs"
"myEvergreen MedSpa","Shenandoah","1","Amerejuve Medspa","335","4.8","1.13","https://www.google.com/maps/search/?api=1&query=Amerejuve%20Medspa&query_place_id=ChIJcRR-RdgwR4YRTzPJIfyhDB8"
"myEvergreen MedSpa","Shenandoah","2","Avante Laser & MediSpa","326","4.9","1.51","https://www.google.com/maps/search/?api=1&query=Avante%20Laser%20%26%20MediSpa&query_place_id=ChIJC_S7jt02R4YR8fNdWJkuWHM"
"myEvergreen MedSpa","Shenandoah","3","InjectCo","155","5.0","0.33","https://www.google.com/maps/search/?api=1&query=InjectCo&query_place_id=ChIJj6toiLM3R4YRoLie8xKYm1A"
"Medical Aesthetics & Laser","The Woodlands","1","myEvergreen MedSpa","391","5.0","0.99","https://www.google.com/maps/search/?api=1&query=myEvergreen%20MedSpa&query_place_id=ChIJZ9bQeTA5R4YRg_HlJENkNBA"
"Medical Aesthetics & Laser","The Woodlands","2","Vedas Medical Spa","346","4.6","1.31","https://www.google.com/maps/search/?api=1&query=Vedas%20Medical%20Spa&query_place_id=ChIJN84HmcTNQIYROD6JV9hiRUs"
"Medical Aesthetics & Laser","The Woodlands","3","InjectCo","155","5.0","1.01","https://www.google.com/maps/search/?api=1&query=InjectCo&query_place_id=ChIJj6toiLM3R4YRoLie8xKYm1A"
"East Shore Salon and Medspa","The Woodlands","1","Vedas Medical Spa","346","4.6","1.36","https://www.google.com/maps/search/?api=1&query=Vedas%20Medical%20Spa&query_place_id=ChIJN84HmcTNQIYROD6JV9hiRUs"
"East Shore Salon and Medspa","The Woodlands","2","Avante Laser & MediSpa","326","4.9","1.87","https://www.google.com/maps/search/?api=1&query=Avante%20Laser%20%26%20MediSpa&query_place_id=ChIJC_S7jt02R4YR8fNdWJkuWHM"
"East Shore Salon and Medspa","The Woodlands","3","It's A Secret Med Spa - The Woodlands","120","4.7","0.76","https://www.google.com/maps/search/?api=1&query=It's%20A%20Secret%20Med%20Spa%20-%20The%20Woodlands&query_place_id=ChIJf9ftQDo3R4YRV_YJxx2E7sI"
"The Aesthetic Company","Knoxville","1","Pretty Girl Aesthetics","919","5.0","1.39","https://www.google.com/maps/search/?api=1&query=Pretty%20Girl%20Aesthetics&query_place_id=ChIJLeTOBb4vXIgRDbkHtQLEin8"
"The Aesthetic Company","Knoxville","2","The Wellness Room","509","5.0","0.22","https://www.google.com/maps/search/?api=1&query=The%20Wellness%20Room&query_place_id=ChIJLeroOasvXIgRBWUx7phu0kQ"
"The Aesthetic Company","Knoxville","3","Jessica Ellam Medical Aesthetics","447","5.0","1.05","https://www.google.com/maps/search/?api=1&query=Jessica%20Ellam%20Medical%20Aesthetics&query_place_id=ChIJCRd--p8lXIgR4ZKngMdIC2Y"
"Advanced Aesthetics & Wellness","Shenandoah","1","myEvergreen MedSpa","391","5.0","0.48","https://www.google.com/maps/search/?api=1&query=myEvergreen%20MedSpa&query_place_id=ChIJZ9bQeTA5R4YRg_HlJENkNBA"
"Advanced Aesthetics & Wellness","Shenandoah","2","Amerejuve Medspa","335","4.8","1.59","https://www.google.com/maps/search/?api=1&query=Amerejuve%20Medspa&query_place_id=ChIJcRR-RdgwR4YRTzPJIfyhDB8"
"Advanced Aesthetics & Wellness","Shenandoah","3","InjectCo","155","5.0","0.31","https://www.google.com/maps/search/?api=1&query=InjectCo&query_place_id=ChIJj6toiLM3R4YRoLie8xKYm1A"
"Radiance Medical Aesthetics & Wellness","The Woodlands","1","LaserAway Woodlands","871","4.9","5.65","https://www.google.com/maps/search/?api=1&query=LaserAway%20Woodlands&query_place_id=ChIJnX3dmHExR4YRwYnK0uGVY8E"
"Radiance Medical Aesthetics & Wellness","The Woodlands","2","Face to Face Spa at The Woodlands","144","4.7","5.12","https://www.google.com/maps/search/?api=1&query=Face%20to%20Face%20Spa%20at%20The%20Woodlands&query_place_id=ChIJ20KCzwoxR4YRQtNc9ufJYSs"
"Radiance Medical Aesthetics & Wellness","The Woodlands","3","Dr. Summer Rose MD Aesthetics","109","5.0","3.94","https://www.google.com/maps/search/?api=1&query=Dr.%20Summer%20Rose%20MD%20Aesthetics&query_place_id=ChIJ6eWCTIgxR4YR97gPhIHQQKg"
"Z Med Clinic and Med Spa, Weight Loss, Hormone Therapy and IV Clinic","Spring","1","Seychelles Med & Laser Spa","440","4.9","0.12","https://www.google.com/maps/search/?api=1&query=Seychelles%20Med%20%26%20Laser%20Spa&query_place_id=ChIJnyZQjy80R4YRMDbDawABBI8"
"Z Med Clinic and Med Spa, Weight Loss, Hormone Therapy and IV Clinic","Spring","2","East Shore Salon and Medspa","422","4.9","2.6","https://www.google.com/maps/search/?api=1&query=East%20Shore%20Salon%20and%20Medspa&query_place_id=ChIJbWibha03R4YRNUogQ2Q3b0c"
"Z Med Clinic and Med Spa, Weight Loss, Hormone Therapy and IV Clinic","Spring","3","Integrated Aesthetics - The Woodlands","131","5.0","0.98","https://www.google.com/maps/search/?api=1&query=Integrated%20Aesthetics%20-%20The%20Woodlands&query_place_id=ChIJwxksilk3R4YR25drpDnrD1I"
"Body BeneFits Medspa Health & Wellness voted #1","The Woodlands","1","LaserAway Woodlands","871","4.9","1.49","https://www.google.com/maps/search/?api=1&query=LaserAway%20Woodlands&query_place_id=ChIJnX3dmHExR4YRwYnK0uGVY8E"
"Body BeneFits Medspa Health & Wellness voted #1","The Woodlands","2","East Shore Salon and Medspa","422","4.9","1.75","https://www.google.com/maps/search/?api=1&query=East%20Shore%20Salon%20and%20Medspa&query_place_id=ChIJbWibha03R4YRNUogQ2Q3b0c"
"Body BeneFits Medspa Health & Wellness voted #1","The Woodlands","3","Vedas Medical Spa","346","4.6","1.63","https://www.google.com/maps/search/?api=1&query=Vedas%20Medical%20Spa&query_place_id=ChIJN84HmcTNQIYROD6JV9hiRUs"
"Seychelles Med & Laser Spa","The Woodlands","1","Z Med Clinic and Med Spa, Weight Loss, Hormone Therapy and IV Clinic","589","4.7","0.12","https://www.google.com/maps/search/?api=1&query=Z%20Med%20Clinic%20and%20Med%20Spa%2C%20Weight%20Loss%2C%20Hormone%20Therapy%20and%20IV%20Clinic&query_place_id=ChIJhdDwLjA0R4YRVgXn-mJ6s_4"
"Seychelles Med & Laser Spa","The Woodlands","2","East Shore Salon and Medspa","422","4.9","2.57","https://www.google.com/maps/search/?api=1&query=East%20Shore%20Salon%20and%20Medspa&query_place_id=ChIJbWibha03R4YRNUogQ2Q3b0c"
"Seychelles Med & Laser Spa","The Woodlands","3","Integrated Aesthetics - The Woodlands","131","5.0","0.88","https://www.google.com/maps/search/?api=1&query=Integrated%20Aesthetics%20-%20The%20Woodlands&query_place_id=ChIJwxksilk3R4YR25drpDnrD1I"
"Face to Face Spa at The Woodlands","The Woodlands","1","LaserAway Woodlands","871","4.9","1.42","https://www.google.com/maps/search/?api=1&query=LaserAway%20Woodlands&query_place_id=ChIJnX3dmHExR4YRwYnK0uGVY8E"
"Face to Face Spa at The Woodlands","The Woodlands","2","East Shore Salon and Medspa","422","4.9","1.94","https://www.google.com/maps/search/?api=1&query=East%20Shore%20Salon%20and%20Medspa&query_place_id=ChIJbWibha03R4YRNUogQ2Q3b0c"
"Face to Face Spa at The Woodlands","The Woodlands","3","Vedas Medical Spa","346","4.6","1.69","https://www.google.com/maps/search/?api=1&query=Vedas%20Medical%20Spa&query_place_id=ChIJN84HmcTNQIYROD6JV9hiRUs"
"Oasis Laser MedSpa","Katy","1","All Is Well Holistic Spa","1787","4.7","0.59","https://www.google.com/maps/search/?api=1&query=All%20Is%20Well%20Holistic%20Spa&query_place_id=ChIJf4y0LpomQYYROphiMVNb5b0"
"Oasis Laser MedSpa","Katy","2","Katy Med Tech Spa","1208","4.9","0.05","https://www.google.com/maps/search/?api=1&query=Katy%20Med%20Tech%20Spa&query_place_id=ChIJBw-QML5uj0sRp2nKXOfrXl0"
"Oasis Laser MedSpa","Katy","3","Shining Way Esthetics","151","4.9","0.41","https://www.google.com/maps/search/?api=1&query=Shining%20Way%20Esthetics&query_place_id=ChIJ_bKrDfXcQIYROXBQdhcuvTs"
"MedSPA Katy Sapphira Prive","Katy","1","Selah MediSpa","424","4.8","2.09","https://www.google.com/maps/search/?api=1&query=Selah%20MediSpa&query_place_id=ChIJmz12wUYnQYYRH69SlKKHhQg"
"MedSPA Katy Sapphira Prive","Katy","2","Le Chloé Med Spa","158","4.8","0.02","https://www.google.com/maps/search/?api=1&query=Le%20Chlo%C3%A9%20Med%20Spa&query_place_id=ChIJfTVhc7EnQYYRBPzcBqZPn7M"
"MedSPA Katy Sapphira Prive","Katy","3","Katy Medi Spa","103","4.6","2.06","https://www.google.com/maps/search/?api=1&query=Katy%20Medi%20Spa&query_place_id=ChIJtS7jRUMnQYYRhLd-P15sAHM"
"Vita Bella Medical Spa","Katy","1","Katy Med Tech Spa","1208","4.9","1.15","https://www.google.com/maps/search/?api=1&query=Katy%20Med%20Tech%20Spa&query_place_id=ChIJBw-QML5uj0sRp2nKXOfrXl0"
"Vita Bella Medical Spa","Katy","2","Oasis Laser MedSpa","297","4.8","1.11","https://www.google.com/maps/search/?api=1&query=Oasis%20Laser%20MedSpa&query_place_id=ChIJz3CY60onQYYRIfQH5JTG6Nc"
"Vita Bella Medical Spa","Katy","3","Zero Age MedSpa","197","5.0","1.11","https://www.google.com/maps/search/?api=1&query=Zero%20Age%20MedSpa&query_place_id=ChIJTXlAw5ElQYYRqd2931zpaCM"
"Integrated Aesthetics - The Woodlands","Spring","1","Z Med Clinic and Med Spa, Weight Loss, Hormone Therapy and IV Clinic","589","4.7","0.98","https://www.google.com/maps/search/?api=1&query=Z%20Med%20Clinic%20and%20Med%20Spa%2C%20Weight%20Loss%2C%20Hormone%20Therapy%20and%20IV%20Clinic&query_place_id=ChIJhdDwLjA0R4YRVgXn-mJ6s_4"
"Integrated Aesthetics - The Woodlands","Spring","2","Seychelles Med & Laser Spa","440","4.9","0.88","https://www.google.com/maps/search/?api=1&query=Seychelles%20Med%20%26%20Laser%20Spa&query_place_id=ChIJnyZQjy80R4YRMDbDawABBI8"
"Integrated Aesthetics - The Woodlands","Spring","3","East Shore Salon and Medspa","422","4.9","2.0","https://www.google.com/maps/search/?api=1&query=East%20Shore%20Salon%20and%20Medspa&query_place_id=ChIJbWibha03R4YRNUogQ2Q3b0c"
"Lab De Skin KATY","Katy","1","Katy Med Tech Spa","1208","4.9","1.59","https://www.google.com/maps/search/?api=1&query=Katy%20Med%20Tech%20Spa&query_place_id=ChIJBw-QML5uj0sRp2nKXOfrXl0"
"Lab De Skin KATY","Katy","2","Oasis Laser MedSpa","297","4.8","1.57","https://www.google.com/maps/search/?api=1&query=Oasis%20Laser%20MedSpa&query_place_id=ChIJz3CY60onQYYRIfQH5JTG6Nc"
"Lab De Skin KATY","Katy","3","Shining Way Esthetics","151","4.9","1.5","https://www.google.com/maps/search/?api=1&query=Shining%20Way%20Esthetics&query_place_id=ChIJ_bKrDfXcQIYROXBQdhcuvTs"
"Katy Med Tech Spa","Katy","1","All Is Well Holistic Spa","1787","4.7","0.57","https://www.google.com/maps/search/?api=1&query=All%20Is%20Well%20Holistic%20Spa&query_place_id=ChIJf4y0LpomQYYROphiMVNb5b0"
"Katy Med Tech Spa","Katy","2","Oasis Laser MedSpa","297","4.8","0.05","https://www.google.com/maps/search/?api=1&query=Oasis%20Laser%20MedSpa&query_place_id=ChIJz3CY60onQYYRIfQH5JTG6Nc"
"Katy Med Tech Spa","Katy","3","Shining Way Esthetics","151","4.9","0.37","https://www.google.com/maps/search/?api=1&query=Shining%20Way%20Esthetics&query_place_id=ChIJ_bKrDfXcQIYROXBQdhcuvTs"
"Zero Age MedSpa","Katy","1","Katy Med Tech Spa","1208","4.9","1.19","https://www.google.com/maps/search/?api=1&query=Katy%20Med%20Tech%20Spa&query_place_id=ChIJBw-QML5uj0sRp2nKXOfrXl0"
"Zero Age MedSpa","Katy","2","Oasis Laser MedSpa","297","4.8","1.14","https://www.google.com/maps/search/?api=1&query=Oasis%20Laser%20MedSpa&query_place_id=ChIJz3CY60onQYYRIfQH5JTG6Nc"
"Zero Age MedSpa","Katy","3","Viata Aesthetics and Wellness","127","5.0","0.42","https://www.google.com/maps/search/?api=1&query=Viata%20Aesthetics%20and%20Wellness&query_place_id=ChIJq852siQlQYYR5qWS8mEq3JA"
"Katy Medi Spa","Katy","1","Selah MediSpa","424","4.8","0.39","https://www.google.com/maps/search/?api=1&query=Selah%20MediSpa&query_place_id=ChIJmz12wUYnQYYRH69SlKKHhQg"
"Katy Medi Spa","Katy","2","H-Town Aesthetics","129","5.0","1.25","https://www.google.com/maps/search/?api=1&query=H-Town%20Aesthetics&query_place_id=ChIJ70k54wwnQYYReAQfDI-NQAE"
"Katy Medi Spa","Katy","3","Dream Aesthetic by Dr. Ortiz","117","5.0","0.26","https://www.google.com/maps/search/?api=1&query=Dream%20Aesthetic%20by%20Dr.%20Ortiz&query_place_id=ChIJ8XMA2JknQYYROBEpmeSx2cc"
"YenCare MedSpa","Katy","1","Katy Med Tech Spa","1208","4.9","1.19","https://www.google.com/maps/search/?api=1&query=Katy%20Med%20Tech%20Spa&query_place_id=ChIJBw-QML5uj0sRp2nKXOfrXl0"
"YenCare MedSpa","Katy","2","Oasis Laser MedSpa","297","4.8","1.15","https://www.google.com/maps/search/?api=1&query=Oasis%20Laser%20MedSpa&query_place_id=ChIJz3CY60onQYYRIfQH5JTG6Nc"
"YenCare MedSpa","Katy","3","Zero Age MedSpa","197","5.0","1.22","https://www.google.com/maps/search/?api=1&query=Zero%20Age%20MedSpa&query_place_id=ChIJTXlAw5ElQYYRqd2931zpaCM"
"LUXE Medical Aesthetics","Katy","1","Selah MediSpa","424","4.8","0.12","https://www.google.com/maps/search/?api=1&query=Selah%20MediSpa&query_place_id=ChIJmz12wUYnQYYRH69SlKKHhQg"
"LUXE Medical Aesthetics","Katy","2","H-Town Aesthetics","129","5.0","1.44","https://www.google.com/maps/search/?api=1&query=H-Town%20Aesthetics&query_place_id=ChIJ70k54wwnQYYReAQfDI-NQAE"
"LUXE Medical Aesthetics","Katy","3","Dream Aesthetic by Dr. Ortiz","117","5.0","0.64","https://www.google.com/maps/search/?api=1&query=Dream%20Aesthetic%20by%20Dr.%20Ortiz&query_place_id=ChIJ8XMA2JknQYYROBEpmeSx2cc"
"All Is Well Holistic Spa","Katy","1","Katy Med Tech Spa","1208","4.9","0.57","https://www.google.com/maps/search/?api=1&query=Katy%20Med%20Tech%20Spa&query_place_id=ChIJBw-QML5uj0sRp2nKXOfrXl0"
"All Is Well Holistic Spa","Katy","2","Oasis Laser MedSpa","297","4.8","0.59","https://www.google.com/maps/search/?api=1&query=Oasis%20Laser%20MedSpa&query_place_id=ChIJz3CY60onQYYRIfQH5JTG6Nc"
"All Is Well Holistic Spa","Katy","3","Shining Way Esthetics","151","4.9","0.81","https://www.google.com/maps/search/?api=1&query=Shining%20Way%20Esthetics&query_place_id=ChIJ_bKrDfXcQIYROXBQdhcuvTs"
"Dream Aesthetic by Dr. Ortiz","Katy","1","Selah MediSpa","424","4.8","0.64","https://www.google.com/maps/search/?api=1&query=Selah%20MediSpa&query_place_id=ChIJmz12wUYnQYYRH69SlKKHhQg"
"Dream Aesthetic by Dr. Ortiz","Katy","2","Le Chloé Med Spa","158","4.8","2.13","https://www.google.com/maps/search/?api=1&query=Le%20Chlo%C3%A9%20Med%20Spa&query_place_id=ChIJfTVhc7EnQYYRBPzcBqZPn7M"
"Dream Aesthetic by Dr. Ortiz","Katy","3","H-Town Aesthetics","129","5.0","1.2","https://www.google.com/maps/search/?api=1&query=H-Town%20Aesthetics&query_place_id=ChIJ70k54wwnQYYReAQfDI-NQAE"
"Selah MediSpa","Katy","1","H-Town Aesthetics","129","5.0","1.34","https://www.google.com/maps/search/?api=1&query=H-Town%20Aesthetics&query_place_id=ChIJ70k54wwnQYYReAQfDI-NQAE"
"Selah MediSpa","Katy","2","Dream Aesthetic by Dr. Ortiz","117","5.0","0.64","https://www.google.com/maps/search/?api=1&query=Dream%20Aesthetic%20by%20Dr.%20Ortiz&query_place_id=ChIJ8XMA2JknQYYROBEpmeSx2cc"
"Selah MediSpa","Katy","3","Katy Medi Spa","103","4.6","0.39","https://www.google.com/maps/search/?api=1&query=Katy%20Medi%20Spa&query_place_id=ChIJtS7jRUMnQYYRhLd-P15sAHM"
"Amerejuve MedSpa, Katy TX - Laser Hair Removal, CoolSculpting & Botox Katy","Katy","1","SkinSpirit Katy","170","4.9","0.26","https://www.google.com/maps/search/?api=1&query=SkinSpirit%20Katy&query_place_id=ChIJj0o-Z-4hQYYRrgPr-FBe35I"
"Amerejuve MedSpa, Katy TX - Laser Hair Removal, CoolSculpting & Botox Katy","Katy","2","Lab De Skin KATY","108","4.8","1.76","https://www.google.com/maps/search/?api=1&query=Lab%20De%20Skin%20KATY&query_place_id=ChIJLdcoLQAhQYYRPzXrpsn0K5I"
"Amerejuve MedSpa, Katy TX - Laser Hair Removal, CoolSculpting & Botox Katy","Katy","3","HTX Aesthetics","71","5.0","1.32","https://www.google.com/maps/search/?api=1&query=HTX%20Aesthetics&query_place_id=ChIJy7nyXtAhQYYREyuOhTI4QV8"
"Vedas Medical Spa","The Woodlands","1","LaserAway Woodlands","871","4.9","0.94","https://www.google.com/maps/search/?api=1&query=LaserAway%20Woodlands&query_place_id=ChIJnX3dmHExR4YRwYnK0uGVY8E"
"Vedas Medical Spa","The Woodlands","2","East Shore Salon and Medspa","422","4.9","1.36","https://www.google.com/maps/search/?api=1&query=East%20Shore%20Salon%20and%20Medspa&query_place_id=ChIJbWibha03R4YRNUogQ2Q3b0c"
"Vedas Medical Spa","The Woodlands","3","Avante Laser & MediSpa","326","4.9","0.51","https://www.google.com/maps/search/?api=1&query=Avante%20Laser%20%26%20MediSpa&query_place_id=ChIJC_S7jt02R4YR8fNdWJkuWHM"
"Le Chloé Med Spa","Katy","1","Selah MediSpa","424","4.8","2.09","https://www.google.com/maps/search/?api=1&query=Selah%20MediSpa&query_place_id=ChIJmz12wUYnQYYRH69SlKKHhQg"
"Le Chloé Med Spa","Katy","2","MedSPA Katy Sapphira Prive","118","4.9","0.02","https://www.google.com/maps/search/?api=1&query=MedSPA%20Katy%20Sapphira%20Prive&query_place_id=ChIJGSzMG3onQYYR-HrCVSKN1_Q"
"Le Chloé Med Spa","Katy","3","Katy Medi Spa","103","4.6","2.06","https://www.google.com/maps/search/?api=1&query=Katy%20Medi%20Spa&query_place_id=ChIJtS7jRUMnQYYRhLd-P15sAHM"
"H-Town Aesthetics","Katy","1","Selah MediSpa","424","4.8","1.34","https://www.google.com/maps/search/?api=1&query=Selah%20MediSpa&query_place_id=ChIJmz12wUYnQYYRH69SlKKHhQg"
"H-Town Aesthetics","Katy","2","Dream Aesthetic by Dr. Ortiz","117","5.0","1.2","https://www.google.com/maps/search/?api=1&query=Dream%20Aesthetic%20by%20Dr.%20Ortiz&query_place_id=ChIJ8XMA2JknQYYROBEpmeSx2cc"
"H-Town Aesthetics","Katy","3","Katy Medi Spa","103","4.6","1.25","https://www.google.com/maps/search/?api=1&query=Katy%20Medi%20Spa&query_place_id=ChIJtS7jRUMnQYYRhLd-P15sAHM"
"Sisu Clinic Miami","Miami","1","LUX MedSpa Brickell","2227","5.0","0.11","https://www.google.com/maps/search/?api=1&query=LUX%20MedSpa%20Brickell&query_place_id=ChIJtRS0HVy32YgRsiZz9ho-xq4"
"Sisu Clinic Miami","Miami","2","Miami Aesthetic - Pat Pazmiño, MD, FACS","344","4.7","0.22","https://www.google.com/maps/search/?api=1&query=Miami%20Aesthetic%20-%20Pat%20Pazmi%C3%B1o%2C%20MD%2C%20FACS&query_place_id=ChIJF3pAo4O22YgR-WpDxB3eE1M"
"Sisu Clinic Miami","Miami","3","Solea Brickell Spa","341","4.4","0.08","https://www.google.com/maps/search/?api=1&query=Solea%20Brickell%20Spa&query_place_id=ChIJdxTDfYO32YgR_dV5rECP7_E"
"NuYou Medical Aesthetics","Miami","1","Sisu Clinic Miami","342","4.9","1.04","https://www.google.com/maps/search/?api=1&query=Sisu%20Clinic%20Miami&query_place_id=ChIJ-VlitVK32YgRQnGXGlTX9Kc"
"NuYou Medical Aesthetics","Miami","2","Deluxe Med Spa Beauty","267","4.9","0.68","https://www.google.com/maps/search/?api=1&query=Deluxe%20Med%20Spa%20Beauty&query_place_id=ChIJ9QShWb232YgRErcFd8RYjwc"
"NuYou Medical Aesthetics","Miami","3","Bella Vida Aesthetics & Wellness","150","4.8","0.62","https://www.google.com/maps/search/?api=1&query=Bella%20Vida%20Aesthetics%20%26%20Wellness&query_place_id=ChIJhTDBsA-32YgR8ZnGIpTv4tc"
"Dr. Summer Rose MD Aesthetics","The Woodlands","1","LaserAway Woodlands","871","4.9","4.47","https://www.google.com/maps/search/?api=1&query=LaserAway%20Woodlands&query_place_id=ChIJnX3dmHExR4YRwYnK0uGVY8E"
"Dr. Summer Rose MD Aesthetics","The Woodlands","2","Radiance Medical Aesthetics & Wellness","344","4.7","3.94","https://www.google.com/maps/search/?api=1&query=Radiance%20Medical%20Aesthetics%20%26%20Wellness&query_place_id=ChIJs3QSHbUxR4YRHUbkNmtvCiA"
"Dr. Summer Rose MD Aesthetics","The Woodlands","3","Face to Face Spa at The Woodlands","144","4.7","3.13","https://www.google.com/maps/search/?api=1&query=Face%20to%20Face%20Spa%20at%20The%20Woodlands&query_place_id=ChIJ20KCzwoxR4YRQtNc9ufJYSs"
"HTX Aesthetics","Katy","1","Selah MediSpa","424","4.8","2.85","https://www.google.com/maps/search/?api=1&query=Selah%20MediSpa&query_place_id=ChIJmz12wUYnQYYRH69SlKKHhQg"
"HTX Aesthetics","Katy","2","Amerejuve MedSpa, Katy TX - Laser Hair Removal, CoolSculpting & Botox Katy","200","4.7","1.32","https://www.google.com/maps/search/?api=1&query=Amerejuve%20MedSpa%2C%20Katy%20TX%20-%20Laser%20Hair%20Removal%2C%20CoolSculpting%20%26%20Botox%20Katy&query_place_id=ChIJM-_3OyYhQYYRUEBDsSA15-4"
"HTX Aesthetics","Katy","3","SkinSpirit Katy","170","4.9","1.43","https://www.google.com/maps/search/?api=1&query=SkinSpirit%20Katy&query_place_id=ChIJj0o-Z-4hQYYRrgPr-FBe35I"
"Zia Medical Aesthetics","Miami","1","LUX MedSpa Brickell","2227","5.0","0.35","https://www.google.com/maps/search/?api=1&query=LUX%20MedSpa%20Brickell&query_place_id=ChIJtRS0HVy32YgRsiZz9ho-xq4"
"Zia Medical Aesthetics","Miami","2","Miami Aesthetic - Pat Pazmiño, MD, FACS","344","4.7","0.32","https://www.google.com/maps/search/?api=1&query=Miami%20Aesthetic%20-%20Pat%20Pazmi%C3%B1o%2C%20MD%2C%20FACS&query_place_id=ChIJF3pAo4O22YgR-WpDxB3eE1M"
"Zia Medical Aesthetics","Miami","3","Euphoria Aesthetics","305","4.8","0.01","https://www.google.com/maps/search/?api=1&query=Euphoria%20Aesthetics&query_place_id=ChIJP9G5pNK32YgREHFOe_7jZG0"
"MDW Aesthetics Miami","Miami","1","LUX MedSpa Brickell","2227","5.0","0.34","https://www.google.com/maps/search/?api=1&query=LUX%20MedSpa%20Brickell&query_place_id=ChIJtRS0HVy32YgRsiZz9ho-xq4"
"MDW Aesthetics Miami","Miami","2","Miami Aesthetic - Pat Pazmiño, MD, FACS","344","4.7","0.3","https://www.google.com/maps/search/?api=1&query=Miami%20Aesthetic%20-%20Pat%20Pazmi%C3%B1o%2C%20MD%2C%20FACS&query_place_id=ChIJF3pAo4O22YgR-WpDxB3eE1M"
"MDW Aesthetics Miami","Miami","3","Euphoria Aesthetics","305","4.8","0.01","https://www.google.com/maps/search/?api=1&query=Euphoria%20Aesthetics&query_place_id=ChIJP9G5pNK32YgREHFOe_7jZG0"
"No Filter Medical Spa","Miami","1","LUX MedSpa Brickell","2227","5.0","0.12","https://www.google.com/maps/search/?api=1&query=LUX%20MedSpa%20Brickell&query_place_id=ChIJtRS0HVy32YgRsiZz9ho-xq4"
"No Filter Medical Spa","Miami","2","Solea Brickell Spa","341","4.4","0.1","https://www.google.com/maps/search/?api=1&query=Solea%20Brickell%20Spa&query_place_id=ChIJdxTDfYO32YgR_dV5rECP7_E"
"No Filter Medical Spa","Miami","3","DinStyle Aesthetics Services BRICKELL","151","4.6","0.17","https://www.google.com/maps/search/?api=1&query=DinStyle%20Aesthetics%20Services%20BRICKELL&query_place_id=ChIJSQLyPYW22YgRzZCwzQVEFxg"
"Euphoria Aesthetics","Miami","1","LUX MedSpa Brickell","2227","5.0","0.34","https://www.google.com/maps/search/?api=1&query=LUX%20MedSpa%20Brickell&query_place_id=ChIJtRS0HVy32YgRsiZz9ho-xq4"
"Euphoria Aesthetics","Miami","2","Miami Aesthetic - Pat Pazmiño, MD, FACS","344","4.7","0.31","https://www.google.com/maps/search/?api=1&query=Miami%20Aesthetic%20-%20Pat%20Pazmi%C3%B1o%2C%20MD%2C%20FACS&query_place_id=ChIJF3pAo4O22YgR-WpDxB3eE1M"
"Euphoria Aesthetics","Miami","3","Dr. Hamadiya Miami Wellness and Aesthetic Center","282","5.0","0.3","https://www.google.com/maps/search/?api=1&query=Dr.%20Hamadiya%20Miami%20Wellness%20and%20Aesthetic%20Center&query_place_id=ChIJq7ByHUiv2YgRRHegqHb-Lo4"
"Bella Vida Aesthetics & Wellness","Miami","1","LUX MedSpa Brickell","2227","5.0","0.54","https://www.google.com/maps/search/?api=1&query=LUX%20MedSpa%20Brickell&query_place_id=ChIJtRS0HVy32YgRsiZz9ho-xq4"
"Bella Vida Aesthetics & Wellness","Miami","2","Sisu Clinic Miami","342","4.9","0.43","https://www.google.com/maps/search/?api=1&query=Sisu%20Clinic%20Miami&query_place_id=ChIJ-VlitVK32YgRQnGXGlTX9Kc"
"Bella Vida Aesthetics & Wellness","Miami","3","Solea Brickell Spa","341","4.4","0.51","https://www.google.com/maps/search/?api=1&query=Solea%20Brickell%20Spa&query_place_id=ChIJdxTDfYO32YgR_dV5rECP7_E"
"The Aesthetics MD & Wellness | Coral Gables & South Miami | Dermal Filler, Weight Loss, Laser, Cosmetic Med Spa","Coral Gables","1","Med Aesthetics Miami","433","4.8","0.79","https://www.google.com/maps/search/?api=1&query=Med%20Aesthetics%20Miami&query_place_id=ChIJkxNWdMS22YgROy0QtiWx41o"
"The Aesthetics MD & Wellness | Coral Gables & South Miami | Dermal Filler, Weight Loss, Laser, Cosmetic Med Spa","Coral Gables","2","Ilu Collective","195","5.0","0.63","https://www.google.com/maps/search/?api=1&query=Ilu%20Collective&query_place_id=ChIJv298GKa32YgRroVH1WT-zYc"
"The Aesthetics MD & Wellness | Coral Gables & South Miami | Dermal Filler, Weight Loss, Laser, Cosmetic Med Spa","Coral Gables","3","The Plump Room","188","5.0","0.87","https://www.google.com/maps/search/?api=1&query=The%20Plump%20Room&query_place_id=ChIJz63BzQe32YgRZ5cnBguQEY0"
"Skin Spa New York - Miami Beach Medical Spa","Miami Beach","1","VIIV WELLNESS HAUS","290","5.0","0.36","https://www.google.com/maps/search/?api=1&query=VIIV%20WELLNESS%20HAUS&query_place_id=ChIJt9Fe9pGEgGgRLoKIU_Jw6k8"
"Skin Spa New York - Miami Beach Medical Spa","Miami Beach","2","BODYWELLE","211","4.8","0.55","https://www.google.com/maps/search/?api=1&query=BODYWELLE&query_place_id=ChIJFxABNm6t2YgRfPkzpeu5HS8"
"Skin Spa New York - Miami Beach Medical Spa","Miami Beach","3","Chadia Ali MedSpa & Aesthetics","108","5.0","1.03","https://www.google.com/maps/search/?api=1&query=Chadia%20Ali%20MedSpa%20%26%20Aesthetics&query_place_id=ChIJP34kziy12YgRBxkR0_thaLk"
"Med Aesthetics Miami","Miami","1","Ilu Collective","195","5.0","0.2","https://www.google.com/maps/search/?api=1&query=Ilu%20Collective&query_place_id=ChIJv298GKa32YgRroVH1WT-zYc"
"Med Aesthetics Miami","Miami","2","The Plump Room","188","5.0","0.12","https://www.google.com/maps/search/?api=1&query=The%20Plump%20Room&query_place_id=ChIJz63BzQe32YgRZ5cnBguQEY0"
"Med Aesthetics Miami","Miami","3","Medilight Aesthetic Clinic - Coral Gables","138","4.9","0.49","https://www.google.com/maps/search/?api=1&query=Medilight%20Aesthetic%20Clinic%20-%20Coral%20Gables&query_place_id=ChIJqZdL-3S32YgR6mb3mcJTPT4"
"Rejuvaline Medspa at Flamingo","Miami Beach","1","VIIV WELLNESS HAUS","290","5.0","0.46","https://www.google.com/maps/search/?api=1&query=VIIV%20WELLNESS%20HAUS&query_place_id=ChIJt9Fe9pGEgGgRLoKIU_Jw6k8"
"Rejuvaline Medspa at Flamingo","Miami Beach","2","BODYWELLE","211","4.8","0.49","https://www.google.com/maps/search/?api=1&query=BODYWELLE&query_place_id=ChIJFxABNm6t2YgRfPkzpeu5HS8"
"Rejuvaline Medspa at Flamingo","Miami Beach","3","Chadia Ali MedSpa & Aesthetics","108","5.0","0.97","https://www.google.com/maps/search/?api=1&query=Chadia%20Ali%20MedSpa%20%26%20Aesthetics&query_place_id=ChIJP34kziy12YgRBxkR0_thaLk"
"LUX MedSpa Brickell","Miami","1","Miami Aesthetic - Pat Pazmiño, MD, FACS","344","4.7","0.13","https://www.google.com/maps/search/?api=1&query=Miami%20Aesthetic%20-%20Pat%20Pazmi%C3%B1o%2C%20MD%2C%20FACS&query_place_id=ChIJF3pAo4O22YgR-WpDxB3eE1M"
"LUX MedSpa Brickell","Miami","2","Sisu Clinic Miami","342","4.9","0.11","https://www.google.com/maps/search/?api=1&query=Sisu%20Clinic%20Miami&query_place_id=ChIJ-VlitVK32YgRQnGXGlTX9Kc"
"LUX MedSpa Brickell","Miami","3","Solea Brickell Spa","341","4.4","0.06","https://www.google.com/maps/search/?api=1&query=Solea%20Brickell%20Spa&query_place_id=ChIJdxTDfYO32YgR_dV5rECP7_E"
"Charette Cosmetics Medical Spa - Miami Beach","Miami Beach","1","VIIV WELLNESS HAUS","290","5.0","1.6","https://www.google.com/maps/search/?api=1&query=VIIV%20WELLNESS%20HAUS&query_place_id=ChIJt9Fe9pGEgGgRLoKIU_Jw6k8"
"Charette Cosmetics Medical Spa - Miami Beach","Miami Beach","2","Miami Beach Laser & Aesthetics","123","5.0","0.73","https://www.google.com/maps/search/?api=1&query=Miami%20Beach%20Laser%20%26%20Aesthetics&query_place_id=ChIJS4dcz66z2YgRhj8_hQOVv5E"
"Charette Cosmetics Medical Spa - Miami Beach","Miami Beach","3","Skin Spa New York - Miami Beach Medical Spa","69","4.7","1.87","https://www.google.com/maps/search/?api=1&query=Skin%20Spa%20New%20York%20-%20Miami%20Beach%20Medical%20Spa&query_place_id=ChIJhecWaou12YgR2L4GXrZg2qY"
"Chadia Ali MedSpa & Aesthetics","Miami Beach","1","VIIV WELLNESS HAUS","290","5.0","1.38","https://www.google.com/maps/search/?api=1&query=VIIV%20WELLNESS%20HAUS&query_place_id=ChIJt9Fe9pGEgGgRLoKIU_Jw6k8"
"Chadia Ali MedSpa & Aesthetics","Miami Beach","2","BODYWELLE","211","4.8","0.48","https://www.google.com/maps/search/?api=1&query=BODYWELLE&query_place_id=ChIJFxABNm6t2YgRfPkzpeu5HS8"
"Chadia Ali MedSpa & Aesthetics","Miami Beach","3","Rejuvaline Medspa at Flamingo","72","4.9","0.97","https://www.google.com/maps/search/?api=1&query=Rejuvaline%20Medspa%20at%20Flamingo&query_place_id=ChIJ33wPW2K12YgR4IbuHBDmFEc"
"ReJuve Aesthetics Miami","Miami","1","NuYou Medical Aesthetics","465","5.0","0.41","https://www.google.com/maps/search/?api=1&query=NuYou%20Medical%20Aesthetics&query_place_id=ChIJU-ijche32YgRDpOGzMX_vsk"
"ReJuve Aesthetics Miami","Miami","2","Sisu Clinic Miami","342","4.9","1.44","https://www.google.com/maps/search/?api=1&query=Sisu%20Clinic%20Miami&query_place_id=ChIJ-VlitVK32YgRQnGXGlTX9Kc"
"ReJuve Aesthetics Miami","Miami","3","Deluxe Med Spa Beauty","267","4.9","1.08","https://www.google.com/maps/search/?api=1&query=Deluxe%20Med%20Spa%20Beauty&query_place_id=ChIJ9QShWb232YgRErcFd8RYjwc"
"VIIV WELLNESS HAUS","Miami Beach","1","BODYWELLE","211","4.8","0.9","https://www.google.com/maps/search/?api=1&query=BODYWELLE&query_place_id=ChIJFxABNm6t2YgRfPkzpeu5HS8"
"VIIV WELLNESS HAUS","Miami Beach","2","Rejuvaline Medspa at Flamingo","72","4.9","0.46","https://www.google.com/maps/search/?api=1&query=Rejuvaline%20Medspa%20at%20Flamingo&query_place_id=ChIJ33wPW2K12YgR4IbuHBDmFEc"
"VIIV WELLNESS HAUS","Miami Beach","3","Skin Spa New York - Miami Beach Medical Spa","69","4.7","0.36","https://www.google.com/maps/search/?api=1&query=Skin%20Spa%20New%20York%20-%20Miami%20Beach%20Medical%20Spa&query_place_id=ChIJhecWaou12YgR2L4GXrZg2qY"
"BODYWELLE","Miami Beach","1","VIIV WELLNESS HAUS","290","5.0","0.9","https://www.google.com/maps/search/?api=1&query=VIIV%20WELLNESS%20HAUS&query_place_id=ChIJt9Fe9pGEgGgRLoKIU_Jw6k8"
"BODYWELLE","Miami Beach","2","Chadia Ali MedSpa & Aesthetics","108","5.0","0.48","https://www.google.com/maps/search/?api=1&query=Chadia%20Ali%20MedSpa%20%26%20Aesthetics&query_place_id=ChIJP34kziy12YgRBxkR0_thaLk"
"BODYWELLE","Miami Beach","3","Rejuvaline Medspa at Flamingo","72","4.9","0.49","https://www.google.com/maps/search/?api=1&query=Rejuvaline%20Medspa%20at%20Flamingo&query_place_id=ChIJ33wPW2K12YgR4IbuHBDmFEc"
"Miami Aesthetic - Pat Pazmiño, MD, FACS","Miami","1","LUX MedSpa Brickell","2227","5.0","0.13","https://www.google.com/maps/search/?api=1&query=LUX%20MedSpa%20Brickell&query_place_id=ChIJtRS0HVy32YgRsiZz9ho-xq4"
"Miami Aesthetic - Pat Pazmiño, MD, FACS","Miami","2","Sisu Clinic Miami","342","4.9","0.22","https://www.google.com/maps/search/?api=1&query=Sisu%20Clinic%20Miami&query_place_id=ChIJ-VlitVK32YgRQnGXGlTX9Kc"
"Miami Aesthetic - Pat Pazmiño, MD, FACS","Miami","3","Solea Brickell Spa","341","4.4","0.19","https://www.google.com/maps/search/?api=1&query=Solea%20Brickell%20Spa&query_place_id=ChIJdxTDfYO32YgR_dV5rECP7_E"
"Brickell Cosmetic Center-Aesthetics & Dermatology","Miami","1","Euphoria Aesthetics","305","4.8","1.07","https://www.google.com/maps/search/?api=1&query=Euphoria%20Aesthetics&query_place_id=ChIJP9G5pNK32YgREHFOe_7jZG0"
"Brickell Cosmetic Center-Aesthetics & Dermatology","Miami","2","No Filter Medical Spa","196","4.9","1.21","https://www.google.com/maps/search/?api=1&query=No%20Filter%20Medical%20Spa&query_place_id=ChIJIwS0toq32YgRtdNmpvUoV8A"
"Brickell Cosmetic Center-Aesthetics & Dermatology","Miami","3","MDW Aesthetics Miami","106","4.8","1.08","https://www.google.com/maps/search/?api=1&query=MDW%20Aesthetics%20Miami&query_place_id=ChIJoeJqOt632YgRiwXx3l9AHEA"
"Miami Beach Laser & Aesthetics","Miami Beach","1","Charette Cosmetics Medical Spa - Miami Beach","581","5.0","0.73","https://www.google.com/maps/search/?api=1&query=Charette%20Cosmetics%20Medical%20Spa%20-%20Miami%20Beach&query_place_id=ChIJ-VkNhhuz2YgR3tgNIZtgN94"
"Miami Beach Laser & Aesthetics","Miami Beach","2","VIIV WELLNESS HAUS","290","5.0","1.37","https://www.google.com/maps/search/?api=1&query=VIIV%20WELLNESS%20HAUS&query_place_id=ChIJt9Fe9pGEgGgRLoKIU_Jw6k8"
"Miami Beach Laser & Aesthetics","Miami Beach","3","Skin Spa New York - Miami Beach Medical Spa","69","4.7","1.71","https://www.google.com/maps/search/?api=1&query=Skin%20Spa%20New%20York%20-%20Miami%20Beach%20Medical%20Spa&query_place_id=ChIJhecWaou12YgR2L4GXrZg2qY"
"Monaco MedSpa","Miami","1","NuYou Medical Aesthetics","465","5.0","1.53","https://www.google.com/maps/search/?api=1&query=NuYou%20Medical%20Aesthetics&query_place_id=ChIJU-ijche32YgRDpOGzMX_vsk"
"Monaco MedSpa","Miami","2","Sisu Clinic Miami","342","4.9","2.56","https://www.google.com/maps/search/?api=1&query=Sisu%20Clinic%20Miami&query_place_id=ChIJ-VlitVK32YgRQnGXGlTX9Kc"
"Monaco MedSpa","Miami","3","Deluxe Med Spa Beauty","267","4.9","2.19","https://www.google.com/maps/search/?api=1&query=Deluxe%20Med%20Spa%20Beauty&query_place_id=ChIJ9QShWb232YgRErcFd8RYjwc"
"Skin Spa New York - Back Bay","Boston","1","Skin Spa New York North Station","231","4.9","1.64","https://www.google.com/maps/search/?api=1&query=Skin%20Spa%20New%20York%20North%20Station&query_place_id=ChIJt9-1WaNx44kRW_oKLlcxNv4"
"Skin Spa New York - Back Bay","Boston","2","Restore Hyper Wellness","188","4.9","2.98","https://www.google.com/maps/search/?api=1&query=Restore%20Hyper%20Wellness&query_place_id=ChIJ_3lfJtlw44kRhQUM0cH7zqc"
"Skin Spa New York - Back Bay","Boston","3","Skin Laundry - Arsenal Yards","174","4.7","3.95","https://www.google.com/maps/search/?api=1&query=Skin%20Laundry%20-%20Arsenal%20Yards&query_place_id=ChIJqZGGMTF544kRTKEh3BLF8ks"
"Rockmore Plastic Surgery: Jeffrey Rockmore, MD","Latham","1","Schweiger Dermatology Group - Altamont","718","4.9","8.55","https://www.google.com/maps/search/?api=1&query=Schweiger%20Dermatology%20Group%20-%20Altamont&query_place_id=ChIJ042fG1R13okRsb3ept6gxmY"
"Solea Brickell Spa","Miami","1","LUX MedSpa Brickell","2227","5.0","0.06","https://www.google.com/maps/search/?api=1&query=LUX%20MedSpa%20Brickell&query_place_id=ChIJtRS0HVy32YgRsiZz9ho-xq4"
"Solea Brickell Spa","Miami","2","Miami Aesthetic - Pat Pazmiño, MD, FACS","344","4.7","0.19","https://www.google.com/maps/search/?api=1&query=Miami%20Aesthetic%20-%20Pat%20Pazmi%C3%B1o%2C%20MD%2C%20FACS&query_place_id=ChIJF3pAo4O22YgR-WpDxB3eE1M"
"Solea Brickell Spa","Miami","3","Sisu Clinic Miami","342","4.9","0.08","https://www.google.com/maps/search/?api=1&query=Sisu%20Clinic%20Miami&query_place_id=ChIJ-VlitVK32YgRQnGXGlTX9Kc"
"Luminous MediSpa","Katy","1","Shining Way Esthetics","151","4.9","1.1","https://www.google.com/maps/search/?api=1&query=Shining%20Way%20Esthetics&query_place_id=ChIJ_bKrDfXcQIYROXBQdhcuvTs"
"Luminous MediSpa","Katy","2","Blissful Aesthetics","49","5.0","0.49","https://www.google.com/maps/search/?api=1&query=Blissful%20Aesthetics&query_place_id=ChIJcSuDmCLIumkRNhg_kK8W6hE"
"Luminous MediSpa","Katy","3","NakedMD Med Spa Katy","43","5.0","1.01","https://www.google.com/maps/search/?api=1&query=NakedMD%20Med%20Spa%20Katy&query_place_id=ChIJ-ckS4ronQYYRZ_r6XwLh2tE"
"Samara MedSpa Avon","Avon","1","Restore Hyper Wellness","235","4.8","6.27","https://www.google.com/maps/search/?api=1&query=Restore%20Hyper%20Wellness&query_place_id=ChIJJz8FzBmr54kRG5sXBzUU2eM"
"Samara MedSpa Avon","Avon","2","Radiant Beauty & Health West Hartford","155","4.5","7.11","https://www.google.com/maps/search/?api=1&query=Radiant%20Beauty%20%26%20Health%20West%20Hartford&query_place_id=ChIJa8bXNjat54kREgEKacMzm5A"
"Samara MedSpa Avon","Avon","3","Radiance Medspa","118","4.7","0.23","https://www.google.com/maps/search/?api=1&query=Radiance%20Medspa&query_place_id=ChIJ58YC-tuo54kRn9eYI7Aj3Sw"
"Body Rx Miami Anti-Aging & Medspa","Coral Gables","1","ALEXIS LAUREN | Coral Gables","447","5.0","0.12","https://www.google.com/maps/search/?api=1&query=ALEXIS%20LAUREN%20%7C%20Coral%20Gables&query_place_id=ChIJFaagi_-32YgR8InijBo7QhQ"
"Body Rx Miami Anti-Aging & Medspa","Coral Gables","2","Facial Mania Med Spa - Coral Gables","342","4.7","0.26","https://www.google.com/maps/search/?api=1&query=Facial%20Mania%20Med%20Spa%20-%20Coral%20Gables&query_place_id=ChIJL_2G4_q32YgRlc_hiAh_FwQ"
"Body Rx Miami Anti-Aging & Medspa","Coral Gables","3","Medilight Aesthetic Clinic - Coral Gables","138","4.9","0.88","https://www.google.com/maps/search/?api=1&query=Medilight%20Aesthetic%20Clinic%20-%20Coral%20Gables&query_place_id=ChIJqZdL-3S32YgR6mb3mcJTPT4"
"Tru Essence Cosmetic and Medical Spa","Houston","1","Sisu Clinic Houston","434","4.9","1.44","https://www.google.com/maps/search/?api=1&query=Sisu%20Clinic%20Houston&query_place_id=ChIJmQjKANG_QIYRISoichEUJJ8"
"Tru Essence Cosmetic and Medical Spa","Houston","2","Nia Aesthetics MD","220","5.0","1.64","https://www.google.com/maps/search/?api=1&query=Nia%20Aesthetics%20MD&query_place_id=ChIJv_jykvS_QIYRMdS4mBpUFJg"
"Tru Essence Cosmetic and Medical Spa","Houston","3","Evolve Aesthetics Medspa","107","4.7","1.77","https://www.google.com/maps/search/?api=1&query=Evolve%20Aesthetics%20Medspa&query_place_id=ChIJE_Azex6_QIYRRWv5GnugsQU"
"Viata Aesthetics and Wellness","Katy","1","All Is Well Holistic Spa","1787","4.7","1.49","https://www.google.com/maps/search/?api=1&query=All%20Is%20Well%20Holistic%20Spa&query_place_id=ChIJf4y0LpomQYYROphiMVNb5b0"
"Viata Aesthetics and Wellness","Katy","2","Katy Med Tech Spa","1208","4.9","1.52","https://www.google.com/maps/search/?api=1&query=Katy%20Med%20Tech%20Spa&query_place_id=ChIJBw-QML5uj0sRp2nKXOfrXl0"
"Viata Aesthetics and Wellness","Katy","3","Oasis Laser MedSpa","297","4.8","1.48","https://www.google.com/maps/search/?api=1&query=Oasis%20Laser%20MedSpa&query_place_id=ChIJz3CY60onQYYRIfQH5JTG6Nc"
"Now You Glow","Coral Gables","1","Med Aesthetics Miami","433","4.8","0.13","https://www.google.com/maps/search/?api=1&query=Med%20Aesthetics%20Miami&query_place_id=ChIJkxNWdMS22YgROy0QtiWx41o"
"Now You Glow","Coral Gables","2","Ilu Collective","195","5.0","0.24","https://www.google.com/maps/search/?api=1&query=Ilu%20Collective&query_place_id=ChIJv298GKa32YgRroVH1WT-zYc"
"Now You Glow","Coral Gables","3","The Plump Room","188","5.0","0.01","https://www.google.com/maps/search/?api=1&query=The%20Plump%20Room&query_place_id=ChIJz63BzQe32YgRZ5cnBguQEY0"
"FaceMe Aesthetics - Botox Miami / Microneedling Miami","Coral Gables","1","ALEXIS LAUREN | Coral Gables","447","5.0","0.16","https://www.google.com/maps/search/?api=1&query=ALEXIS%20LAUREN%20%7C%20Coral%20Gables&query_place_id=ChIJFaagi_-32YgR8InijBo7QhQ"
"FaceMe Aesthetics - Botox Miami / Microneedling Miami","Coral Gables","2","Azala Skin Clinic","410","4.9","1.07","https://www.google.com/maps/search/?api=1&query=Azala%20Skin%20Clinic&query_place_id=ChIJ6U5Omtu32YgRAQemkK01x6s"
"FaceMe Aesthetics - Botox Miami / Microneedling Miami","Coral Gables","3","Facial Mania Med Spa - Coral Gables","342","4.7","0.21","https://www.google.com/maps/search/?api=1&query=Facial%20Mania%20Med%20Spa%20-%20Coral%20Gables&query_place_id=ChIJL_2G4_q32YgRlc_hiAh_FwQ"
"ALEXIS LAUREN | Coral Gables","Coral Gables","1","Azala Skin Clinic","410","4.9","0.99","https://www.google.com/maps/search/?api=1&query=Azala%20Skin%20Clinic&query_place_id=ChIJ6U5Omtu32YgRAQemkK01x6s"
"ALEXIS LAUREN | Coral Gables","Coral Gables","2","Facial Mania Med Spa - Coral Gables","342","4.7","0.2","https://www.google.com/maps/search/?api=1&query=Facial%20Mania%20Med%20Spa%20-%20Coral%20Gables&query_place_id=ChIJL_2G4_q32YgRlc_hiAh_FwQ"
"ALEXIS LAUREN | Coral Gables","Coral Gables","3","Body Rx Miami Anti-Aging & Medspa","298","4.8","0.12","https://www.google.com/maps/search/?api=1&query=Body%20Rx%20Miami%20Anti-Aging%20%26%20Medspa&query_place_id=ChIJzcX1Vuq32YgRYnXj4RZI93c"
"Vanity Point & Wellness","Coral Gables","1","ALEXIS LAUREN | Coral Gables","447","5.0","2.48","https://www.google.com/maps/search/?api=1&query=ALEXIS%20LAUREN%20%7C%20Coral%20Gables&query_place_id=ChIJFaagi_-32YgR8InijBo7QhQ"
"Vanity Point & Wellness","Coral Gables","2","Azala Skin Clinic","410","4.9","2.93","https://www.google.com/maps/search/?api=1&query=Azala%20Skin%20Clinic&query_place_id=ChIJ6U5Omtu32YgRAQemkK01x6s"
"Vanity Point & Wellness","Coral Gables","3","Facial Mania Med Spa - Coral Gables","342","4.7","2.45","https://www.google.com/maps/search/?api=1&query=Facial%20Mania%20Med%20Spa%20-%20Coral%20Gables&query_place_id=ChIJL_2G4_q32YgRlc_hiAh_FwQ"
"Ilu Collective","Coral Gables","1","Med Aesthetics Miami","433","4.8","0.2","https://www.google.com/maps/search/?api=1&query=Med%20Aesthetics%20Miami&query_place_id=ChIJkxNWdMS22YgROy0QtiWx41o"
"Ilu Collective","Coral Gables","2","The Plump Room","188","5.0","0.24","https://www.google.com/maps/search/?api=1&query=The%20Plump%20Room&query_place_id=ChIJz63BzQe32YgRZ5cnBguQEY0"
"Ilu Collective","Coral Gables","3","Now You Glow","99","5.0","0.24","https://www.google.com/maps/search/?api=1&query=Now%20You%20Glow&query_place_id=ChIJv-e0Tei32YgRHjLYGAHJqog"
"Facial Mania Med Spa - Coral Gables","Coral Gables","1","ALEXIS LAUREN | Coral Gables","447","5.0","0.2","https://www.google.com/maps/search/?api=1&query=ALEXIS%20LAUREN%20%7C%20Coral%20Gables&query_place_id=ChIJFaagi_-32YgR8InijBo7QhQ"
"Facial Mania Med Spa - Coral Gables","Coral Gables","2","Body Rx Miami Anti-Aging & Medspa","298","4.8","0.26","https://www.google.com/maps/search/?api=1&query=Body%20Rx%20Miami%20Anti-Aging%20%26%20Medspa&query_place_id=ChIJzcX1Vuq32YgRYnXj4RZI93c"
"Facial Mania Med Spa - Coral Gables","Coral Gables","3","Medilight Aesthetic Clinic - Coral Gables","138","4.9","0.88","https://www.google.com/maps/search/?api=1&query=Medilight%20Aesthetic%20Clinic%20-%20Coral%20Gables&query_place_id=ChIJqZdL-3S32YgR6mb3mcJTPT4"
"VIO Med Spa Casa Linda","Dallas","1","UPKEEP Med Spa","887","4.9","4.79","https://www.google.com/maps/search/?api=1&query=UPKEEP%20Med%20Spa&query_place_id=ChIJAR_dnRWfToYR5ElZ5LxdzTg"
"VIO Med Spa Casa Linda","Dallas","2","Aesteem Aesthetics","124","4.9","4.18","https://www.google.com/maps/search/?api=1&query=Aesteem%20Aesthetics&query_place_id=ChIJc3LePqqfToYRi0-ymVcKBpM"
"VIO Med Spa Casa Linda","Dallas","3","Alchemy 43 Dallas-Lakewood","111","4.9","2.97","https://www.google.com/maps/search/?api=1&query=Alchemy%2043%20Dallas-Lakewood&query_place_id=ChIJ2Y6CJTGfToYRTtU0BzMYPaY"
"Joseph A Russo MD","Newton Centre","1","SkinCare Physicians","460","4.6","1.36","https://www.google.com/maps/search/?api=1&query=SkinCare%20Physicians&query_place_id=ChIJzdGLZe1444kR_yIMi4jcCRs"
"Joseph A Russo MD","Newton Centre","2","Skin Spa New York - Back Bay","381","4.8","5.93","https://www.google.com/maps/search/?api=1&query=Skin%20Spa%20New%20York%20-%20Back%20Bay&query_place_id=ChIJo9Y9lw9644kRR5soqeEBYyk"
"Joseph A Russo MD","Newton Centre","3","Restore Hyper Wellness","254","4.9","6.23","https://www.google.com/maps/search/?api=1&query=Restore%20Hyper%20Wellness&query_place_id=ChIJq9IPhN1_44kR8UhsAsHkzx0"
"Culture Aesthetics & Wellness","Knoxville","1","Ideal Image Knoxville","975","4.8","1.32","https://www.google.com/maps/search/?api=1&query=Ideal%20Image%20Knoxville&query_place_id=ChIJ492gr_QuXIgR1AKC2S_pt7M"
"Culture Aesthetics & Wellness","Knoxville","2","Dolce Medical Spa","864","4.9","1.39","https://www.google.com/maps/search/?api=1&query=Dolce%20Medical%20Spa&query_place_id=ChIJI21zx0UvXIgR9JHGZaISSOg"
"Culture Aesthetics & Wellness","Knoxville","3","Beautique Medical Anti-Aging","536","5.0","1.33","https://www.google.com/maps/search/?api=1&query=Beautique%20Medical%20Anti-Aging&query_place_id=ChIJVVXl6gUvXIgRkeYcg2jo9J8"
"Only Med Glam Aesthetics & Wellness","Miami","1","Ilu Collective","195","5.0","0.66","https://www.google.com/maps/search/?api=1&query=Ilu%20Collective&query_place_id=ChIJv298GKa32YgRroVH1WT-zYc"
"Only Med Glam Aesthetics & Wellness","Miami","2","The Plump Room","188","5.0","0.57","https://www.google.com/maps/search/?api=1&query=The%20Plump%20Room&query_place_id=ChIJz63BzQe32YgRZ5cnBguQEY0"
"Only Med Glam Aesthetics & Wellness","Miami","3","Medilight Aesthetic Clinic - Coral Gables","138","4.9","0.6","https://www.google.com/maps/search/?api=1&query=Medilight%20Aesthetic%20Clinic%20-%20Coral%20Gables&query_place_id=ChIJqZdL-3S32YgR6mb3mcJTPT4"
"Well Labs+ Medspa Dallas","Dallas","1","Total Med Solutions","343","4.8","1.55","https://www.google.com/maps/search/?api=1&query=Total%20Med%20Solutions&query_place_id=ChIJqacCkQWfToYR4EUy8H6hEBk"
"Well Labs+ Medspa Dallas","Dallas","2","Sanjiva Medical Spa","246","5.0","0.49","https://www.google.com/maps/search/?api=1&query=Sanjiva%20Medical%20Spa&query_place_id=ChIJNRZQOFefToYRoAIyBbPcbXI"
"Well Labs+ Medspa Dallas","Dallas","3","Just Injected","203","5.0","2.13","https://www.google.com/maps/search/?api=1&query=Just%20Injected&query_place_id=ChIJ3fCwLo2dToYRSoT13-xuLUM"
"The Plump Room","Coral Gables","1","Med Aesthetics Miami","433","4.8","0.12","https://www.google.com/maps/search/?api=1&query=Med%20Aesthetics%20Miami&query_place_id=ChIJkxNWdMS22YgROy0QtiWx41o"
"The Plump Room","Coral Gables","2","Ilu Collective","195","5.0","0.24","https://www.google.com/maps/search/?api=1&query=Ilu%20Collective&query_place_id=ChIJv298GKa32YgRroVH1WT-zYc"
"The Plump Room","Coral Gables","3","Medilight Aesthetic Clinic - Coral Gables","138","4.9","0.41","https://www.google.com/maps/search/?api=1&query=Medilight%20Aesthetic%20Clinic%20-%20Coral%20Gables&query_place_id=ChIJqZdL-3S32YgR6mb3mcJTPT4"
"Glamour Medical Aesthetics","Miami","1","Unique Clinic","339","4.9","0.07","https://www.google.com/maps/search/?api=1&query=Unique%20Clinic&query_place_id=ChIJYcHGURSt2YgR3TqRhJdXOqQ"
"Glamour Medical Aesthetics","Miami","2","VIO Med Spa","313","5.0","0.46","https://www.google.com/maps/search/?api=1&query=VIO%20Med%20Spa&query_place_id=ChIJIzhq6HKt2YgR8fBztTuoiKM"
"Glamour Medical Aesthetics","Miami","3","LoveLand Medical Spa","231","4.9","0.44","https://www.google.com/maps/search/?api=1&query=LoveLand%20Medical%20Spa&query_place_id=ChIJtfrCw-it2YgRG2cqHpwetHQ"
"VIO Med Spa","Aventura","1","Unique Clinic","339","4.9","0.5","https://www.google.com/maps/search/?api=1&query=Unique%20Clinic&query_place_id=ChIJYcHGURSt2YgR3TqRhJdXOqQ"
"VIO Med Spa","Aventura","2","LoveLand Medical Spa","231","4.9","0.26","https://www.google.com/maps/search/?api=1&query=LoveLand%20Medical%20Spa&query_place_id=ChIJtfrCw-it2YgRG2cqHpwetHQ"
"VIO Med Spa","Aventura","3","Med Aesthetics Miami in Aventura","196","4.8","0.44","https://www.google.com/maps/search/?api=1&query=Med%20Aesthetics%20Miami%20in%20Aventura&query_place_id=ChIJW88tczut2YgRH9N0RL50cms"
"LoveLand Medical Spa","Aventura","1","The Beauty Clinic","760","5.0","1.63","https://www.google.com/maps/search/?api=1&query=The%20Beauty%20Clinic&query_place_id=ChIJh_EVz2qt2YgRbItGjZGUeF4"
"LoveLand Medical Spa","Aventura","2","Unique Clinic","339","4.9","0.44","https://www.google.com/maps/search/?api=1&query=Unique%20Clinic&query_place_id=ChIJYcHGURSt2YgR3TqRhJdXOqQ"
"LoveLand Medical Spa","Aventura","3","VIO Med Spa","313","5.0","0.26","https://www.google.com/maps/search/?api=1&query=VIO%20Med%20Spa&query_place_id=ChIJIzhq6HKt2YgR8fBztTuoiKM"
"Med Aesthetics Miami in Aventura","Aventura","1","The Beauty Clinic","760","5.0","1.39","https://www.google.com/maps/search/?api=1&query=The%20Beauty%20Clinic&query_place_id=ChIJh_EVz2qt2YgRbItGjZGUeF4"
"Med Aesthetics Miami in Aventura","Aventura","2","Unique Clinic","339","4.9","0.7","https://www.google.com/maps/search/?api=1&query=Unique%20Clinic&query_place_id=ChIJYcHGURSt2YgR3TqRhJdXOqQ"
"Med Aesthetics Miami in Aventura","Aventura","3","VIO Med Spa","313","5.0","0.44","https://www.google.com/maps/search/?api=1&query=VIO%20Med%20Spa&query_place_id=ChIJIzhq6HKt2YgR8fBztTuoiKM"
"Aguilar Aesthetics Medspa & Wellness","Aventura","1","Unique Clinic","339","4.9","0.05","https://www.google.com/maps/search/?api=1&query=Unique%20Clinic&query_place_id=ChIJYcHGURSt2YgR3TqRhJdXOqQ"
"Aguilar Aesthetics Medspa & Wellness","Aventura","2","VIO Med Spa","313","5.0","0.47","https://www.google.com/maps/search/?api=1&query=VIO%20Med%20Spa&query_place_id=ChIJIzhq6HKt2YgR8fBztTuoiKM"
"Aguilar Aesthetics Medspa & Wellness","Aventura","3","LoveLand Medical Spa","231","4.9","0.44","https://www.google.com/maps/search/?api=1&query=LoveLand%20Medical%20Spa&query_place_id=ChIJtfrCw-it2YgRG2cqHpwetHQ"
"Aventura Aesthetics Spa","Sunny Isles Beach","1","The Beauty Clinic","760","5.0","1.87","https://www.google.com/maps/search/?api=1&query=The%20Beauty%20Clinic&query_place_id=ChIJh_EVz2qt2YgRbItGjZGUeF4"
"Aventura Aesthetics Spa","Sunny Isles Beach","2","VIO Med Spa","313","5.0","1.63","https://www.google.com/maps/search/?api=1&query=VIO%20Med%20Spa&query_place_id=ChIJIzhq6HKt2YgR8fBztTuoiKM"
"Aventura Aesthetics Spa","Sunny Isles Beach","3","LoveLand Medical Spa","231","4.9","1.86","https://www.google.com/maps/search/?api=1&query=LoveLand%20Medical%20Spa&query_place_id=ChIJtfrCw-it2YgRG2cqHpwetHQ"
"The Beauty Clinic","Aventura","1","VIO Med Spa","313","5.0","1.66","https://www.google.com/maps/search/?api=1&query=VIO%20Med%20Spa&query_place_id=ChIJIzhq6HKt2YgR8fBztTuoiKM"
"The Beauty Clinic","Aventura","2","LoveLand Medical Spa","231","4.9","1.63","https://www.google.com/maps/search/?api=1&query=LoveLand%20Medical%20Spa&query_place_id=ChIJtfrCw-it2YgRG2cqHpwetHQ"
"The Beauty Clinic","Aventura","3","Med Aesthetics Miami in Aventura","196","4.8","1.39","https://www.google.com/maps/search/?api=1&query=Med%20Aesthetics%20Miami%20in%20Aventura&query_place_id=ChIJW88tczut2YgRH9N0RL50cms"
"Queen Aesthetics","Houston","1","Glow Medspa Houston","421","4.7","1.47","https://www.google.com/maps/search/?api=1&query=Glow%20Medspa%20Houston&query_place_id=ChIJ1Ws29V7BQIYRitqq8aWriQA"
"Queen Aesthetics","Houston","2","Renud Med Spa","308","4.9","0.44","https://www.google.com/maps/search/?api=1&query=Renud%20Med%20Spa&query_place_id=ChIJN2aE-hTBQIYRZhLibK-xCjQ"
"Queen Aesthetics","Houston","3","Galleria Aesthetics and Wellness","281","4.8","2.53","https://www.google.com/maps/search/?api=1&query=Galleria%20Aesthetics%20and%20Wellness&query_place_id=ChIJ8ZwATWTBQIYRDDFvSI-MUIw"
"AYA Medical Spa Dallas - University Park","Dallas","1","UPKEEP Med Spa","887","4.9","2.16","https://www.google.com/maps/search/?api=1&query=UPKEEP%20Med%20Spa&query_place_id=ChIJAR_dnRWfToYR5ElZ5LxdzTg"
"AYA Medical Spa Dallas - University Park","Dallas","2","ZO Skin Centre","486","4.9","2.1","https://www.google.com/maps/search/?api=1&query=ZO%20Skin%20Centre&query_place_id=ChIJA3qOWNueToYRuvNFDhfiYsg"
"AYA Medical Spa Dallas - University Park","Dallas","3","Well Labs+ Medspa Dallas","359","4.9","2.13","https://www.google.com/maps/search/?api=1&query=Well%20Labs%2B%20Medspa%20Dallas&query_place_id=ChIJjxoGJHyeToYR6Yq2dQEElwI"
"Miliv Med Spa & Facials","Houston","1","Dream Aesthetics Medspa","441","5.0","1.13","https://www.google.com/maps/search/?api=1&query=Dream%20Aesthetics%20Medspa&query_place_id=ChIJKYvA1SPHQIYR56YOfaFfGjw"
"Miliv Med Spa & Facials","Houston","2","Sisu Clinic Houston","434","4.9","1.19","https://www.google.com/maps/search/?api=1&query=Sisu%20Clinic%20Houston&query_place_id=ChIJmQjKANG_QIYRISoichEUJJ8"
"Miliv Med Spa & Facials","Houston","3","It's A Secret Med Spa - Houston","306","4.4","0.85","https://www.google.com/maps/search/?api=1&query=It's%20A%20Secret%20Med%20Spa%20-%20Houston&query_place_id=ChIJMfQFrNnBQIYRW_nnk3ZXkQw"
"Young Again Cosmetic Injections","Scottsdale","1","Alani Skin MD","681","4.8","0.24","https://www.google.com/maps/search/?api=1&query=Alani%20Skin%20MD&query_place_id=ChIJ8RNrhMALK4cRcckWf5NYpUQ"
"Young Again Cosmetic Injections","Scottsdale","2","Nude Aesthetics Med Spa Scottsdale","566","5.0","0.47","https://www.google.com/maps/search/?api=1&query=Nude%20Aesthetics%20Med%20Spa%20Scottsdale&query_place_id=ChIJAQbQIFcLK4cR47SvV1eWuz0"
"Young Again Cosmetic Injections","Scottsdale","3","The Perfect Secret Med Spa","543","5.0","0.33","https://www.google.com/maps/search/?api=1&query=The%20Perfect%20Secret%20Med%20Spa&query_place_id=ChIJoxcu0fZ1K4cRflxDm7fM5Z8"
"Skin Beautiful","Scottsdale","1","Alani Skin MD","681","4.8","0.45","https://www.google.com/maps/search/?api=1&query=Alani%20Skin%20MD&query_place_id=ChIJ8RNrhMALK4cRcckWf5NYpUQ"
"Skin Beautiful","Scottsdale","2","Nude Aesthetics Med Spa Scottsdale","566","5.0","0.09","https://www.google.com/maps/search/?api=1&query=Nude%20Aesthetics%20Med%20Spa%20Scottsdale&query_place_id=ChIJAQbQIFcLK4cR47SvV1eWuz0"
"Skin Beautiful","Scottsdale","3","The Perfect Secret Med Spa","543","5.0","0.56","https://www.google.com/maps/search/?api=1&query=The%20Perfect%20Secret%20Med%20Spa&query_place_id=ChIJoxcu0fZ1K4cRflxDm7fM5Z8"
"Shining Way Esthetics","Katy","1","All Is Well Holistic Spa","1787","4.7","0.81","https://www.google.com/maps/search/?api=1&query=All%20Is%20Well%20Holistic%20Spa&query_place_id=ChIJf4y0LpomQYYROphiMVNb5b0"
"Shining Way Esthetics","Katy","2","Katy Med Tech Spa","1208","4.9","0.37","https://www.google.com/maps/search/?api=1&query=Katy%20Med%20Tech%20Spa&query_place_id=ChIJBw-QML5uj0sRp2nKXOfrXl0"
"Shining Way Esthetics","Katy","3","Oasis Laser MedSpa","297","4.8","0.41","https://www.google.com/maps/search/?api=1&query=Oasis%20Laser%20MedSpa&query_place_id=ChIJz3CY60onQYYRIfQH5JTG6Nc"
"The Flawless Lab - Medspa","Scottsdale","1","Moderne Medical Aesthetics","387","5.0","1.99","https://www.google.com/maps/search/?api=1&query=Moderne%20Medical%20Aesthetics&query_place_id=ChIJ1crMr5t1K4cRLBvisIXatXc"
"The Flawless Lab - Medspa","Scottsdale","2","Amplified Beauty","326","4.8","1.94","https://www.google.com/maps/search/?api=1&query=Amplified%20Beauty&query_place_id=ChIJ0bTtHFELK4cR7N6jc8uy7Vo"
"The Flawless Lab - Medspa","Scottsdale","3","Institute of Aesthetics, Beauty & Wellness","217","5.0","0.24","https://www.google.com/maps/search/?api=1&query=Institute%20of%20Aesthetics%2C%20Beauty%20%26%20Wellness&query_place_id=ChIJpcGkDGp1K4cRJ1Gj9m5amAs"
"Dr. Hamadiya Miami Wellness and Aesthetic Center","Miami","1","LUX MedSpa Brickell","2227","5.0","0.22","https://www.google.com/maps/search/?api=1&query=LUX%20MedSpa%20Brickell&query_place_id=ChIJtRS0HVy32YgRsiZz9ho-xq4"
"Dr. Hamadiya Miami Wellness and Aesthetic Center","Miami","2","Miami Aesthetic - Pat Pazmiño, MD, FACS","344","4.7","0.09","https://www.google.com/maps/search/?api=1&query=Miami%20Aesthetic%20-%20Pat%20Pazmi%C3%B1o%2C%20MD%2C%20FACS&query_place_id=ChIJF3pAo4O22YgR-WpDxB3eE1M"
"Dr. Hamadiya Miami Wellness and Aesthetic Center","Miami","3","Solea Brickell Spa","341","4.4","0.28","https://www.google.com/maps/search/?api=1&query=Solea%20Brickell%20Spa&query_place_id=ChIJdxTDfYO32YgR_dV5rECP7_E"
"Unique Clinic","Aventura","1","VIO Med Spa","313","5.0","0.5","https://www.google.com/maps/search/?api=1&query=VIO%20Med%20Spa&query_place_id=ChIJIzhq6HKt2YgR8fBztTuoiKM"
"Unique Clinic","Aventura","2","LoveLand Medical Spa","231","4.9","0.44","https://www.google.com/maps/search/?api=1&query=LoveLand%20Medical%20Spa&query_place_id=ChIJtfrCw-it2YgRG2cqHpwetHQ"
"Unique Clinic","Aventura","3","Med Aesthetics Miami in Aventura","196","4.8","0.7","https://www.google.com/maps/search/?api=1&query=Med%20Aesthetics%20Miami%20in%20Aventura&query_place_id=ChIJW88tczut2YgRH9N0RL50cms"
"New Heights Med Spa","Houston","1","Hi Beautiful Aesthetics","439","4.8","2.07","https://www.google.com/maps/search/?api=1&query=Hi%20Beautiful%20Aesthetics&query_place_id=ChIJuy9pdCrDQIYRrwt2oraHarA"
"New Heights Med Spa","Houston","2","Galleria Aesthetics and Wellness","281","4.8","1.6","https://www.google.com/maps/search/?api=1&query=Galleria%20Aesthetics%20and%20Wellness&query_place_id=ChIJ8ZwATWTBQIYRDDFvSI-MUIw"
"New Heights Med Spa","Houston","3","Derma Theory","238","5.0","1.19","https://www.google.com/maps/search/?api=1&query=Derma%20Theory&query_place_id=ChIJKVY4aFfDQIYRuhJcZLNTvTQ"
"It’s A Secret Med Spa","Scottsdale","1","Inside Out Aesthetics","1003","5.0","2.8","https://www.google.com/maps/search/?api=1&query=Inside%20Out%20Aesthetics&query_place_id=ChIJL6hYI-10K4cRRHL6cIwrUpw"
"It’s A Secret Med Spa","Scottsdale","2","The Flawless Lab - Medspa","974","5.0","2.05","https://www.google.com/maps/search/?api=1&query=The%20Flawless%20Lab%20-%20Medspa&query_place_id=ChIJj4M5Wtl1K4cRszC5SHIMXmI"
"It’s A Secret Med Spa","Scottsdale","3","Center for Aesthetic and Laser Medicine Scottsdale","333","4.9","2.58","https://www.google.com/maps/search/?api=1&query=Center%20for%20Aesthetic%20and%20Laser%20Medicine%20Scottsdale&query_place_id=ChIJpfG4Z4d1K4cR8jVMvTAHVLI"
"The Perfect Secret Med Spa","Scottsdale","1","Alani Skin MD","681","4.8","0.13","https://www.google.com/maps/search/?api=1&query=Alani%20Skin%20MD&query_place_id=ChIJ8RNrhMALK4cRcckWf5NYpUQ"
"The Perfect Secret Med Spa","Scottsdale","2","Nude Aesthetics Med Spa Scottsdale","566","5.0","0.48","https://www.google.com/maps/search/?api=1&query=Nude%20Aesthetics%20Med%20Spa%20Scottsdale&query_place_id=ChIJAQbQIFcLK4cR47SvV1eWuz0"
"The Perfect Secret Med Spa","Scottsdale","3","Young Again Cosmetic Injections","528","5.0","0.33","https://www.google.com/maps/search/?api=1&query=Young%20Again%20Cosmetic%20Injections&query_place_id=ChIJo5CRjKkLK4cRsaiubQxac1A"
"DS Skin & Lips Medical Spa","Scottsdale","1","Alani Skin MD","681","4.8","2.58","https://www.google.com/maps/search/?api=1&query=Alani%20Skin%20MD&query_place_id=ChIJ8RNrhMALK4cRcckWf5NYpUQ"
"DS Skin & Lips Medical Spa","Scottsdale","2","The Perfect Secret Med Spa","543","5.0","2.46","https://www.google.com/maps/search/?api=1&query=The%20Perfect%20Secret%20Med%20Spa&query_place_id=ChIJoxcu0fZ1K4cRflxDm7fM5Z8"
"DS Skin & Lips Medical Spa","Scottsdale","3","Franco Wellness & Aesthetics - Scottsdale AZ","263","5.0","2.33","https://www.google.com/maps/search/?api=1&query=Franco%20Wellness%20%26%20Aesthetics%20-%20Scottsdale%20AZ&query_place_id=ChIJxVZfRE91K4cRubmou-iItd8"
"Derma Health Skin & Laser","Scottsdale","1","ZONA MED SPA","532","4.9","0.61","https://www.google.com/maps/search/?api=1&query=ZONA%20MED%20SPA&query_place_id=ChIJjxdkLbF1K4cRNnlutvnLeNo"
"Derma Health Skin & Laser","Scottsdale","2","Moderne Medical Aesthetics","387","5.0","0.51","https://www.google.com/maps/search/?api=1&query=Moderne%20Medical%20Aesthetics&query_place_id=ChIJ1crMr5t1K4cRLBvisIXatXc"
"Derma Health Skin & Laser","Scottsdale","3","Aesthetic Assets","349","5.0","1.59","https://www.google.com/maps/search/?api=1&query=Aesthetic%20Assets&query_place_id=ChIJDadBk8J1K4cR5jyyYh9Mb3k"
"Injections by Megan","Scottsdale","1","ZONA MED SPA","532","4.9","1.26","https://www.google.com/maps/search/?api=1&query=ZONA%20MED%20SPA&query_place_id=ChIJjxdkLbF1K4cRNnlutvnLeNo"
"Injections by Megan","Scottsdale","2","Aesthetic Assets","349","5.0","0.01","https://www.google.com/maps/search/?api=1&query=Aesthetic%20Assets&query_place_id=ChIJDadBk8J1K4cR5jyyYh9Mb3k"
"Injections by Megan","Scottsdale","3","Profile Aesthetics","141","5.0","1.59","https://www.google.com/maps/search/?api=1&query=Profile%20Aesthetics&query_place_id=ChIJW5Q_5ewLK4cRue58QddU1hE"
"Amplified Beauty","Scottsdale","1","ZONA MED SPA","532","4.9","0.84","https://www.google.com/maps/search/?api=1&query=ZONA%20MED%20SPA&query_place_id=ChIJjxdkLbF1K4cRNnlutvnLeNo"
"Amplified Beauty","Scottsdale","2","Moderne Medical Aesthetics","387","5.0","0.32","https://www.google.com/maps/search/?api=1&query=Moderne%20Medical%20Aesthetics&query_place_id=ChIJ1crMr5t1K4cRLBvisIXatXc"
"Amplified Beauty","Scottsdale","3","Aesthetic Assets","349","5.0","1.9","https://www.google.com/maps/search/?api=1&query=Aesthetic%20Assets&query_place_id=ChIJDadBk8J1K4cR5jyyYh9Mb3k"
"Medilight Aesthetic Clinic - Coral Gables","Coral Gables","1","Med Aesthetics Miami","433","4.8","0.49","https://www.google.com/maps/search/?api=1&query=Med%20Aesthetics%20Miami&query_place_id=ChIJkxNWdMS22YgROy0QtiWx41o"
"Medilight Aesthetic Clinic - Coral Gables","Coral Gables","2","Ilu Collective","195","5.0","0.64","https://www.google.com/maps/search/?api=1&query=Ilu%20Collective&query_place_id=ChIJv298GKa32YgRroVH1WT-zYc"
"Medilight Aesthetic Clinic - Coral Gables","Coral Gables","3","The Plump Room","188","5.0","0.41","https://www.google.com/maps/search/?api=1&query=The%20Plump%20Room&query_place_id=ChIJz63BzQe32YgRZ5cnBguQEY0"
"Azala Skin Clinic","Miami","1","ALEXIS LAUREN | Coral Gables","447","5.0","0.99","https://www.google.com/maps/search/?api=1&query=ALEXIS%20LAUREN%20%7C%20Coral%20Gables&query_place_id=ChIJFaagi_-32YgR8InijBo7QhQ"
"Azala Skin Clinic","Miami","2","Facial Mania Med Spa - Coral Gables","342","4.7","1.19","https://www.google.com/maps/search/?api=1&query=Facial%20Mania%20Med%20Spa%20-%20Coral%20Gables&query_place_id=ChIJL_2G4_q32YgRlc_hiAh_FwQ"
"Azala Skin Clinic","Miami","3","Body Rx Miami Anti-Aging & Medspa","298","4.8","0.95","https://www.google.com/maps/search/?api=1&query=Body%20Rx%20Miami%20Anti-Aging%20%26%20Medspa&query_place_id=ChIJzcX1Vuq32YgRYnXj4RZI93c"
"Refine, MD Northwest","Kirkland","1","Restore Hyper Wellness","369","4.8","0.39","https://www.google.com/maps/search/?api=1&query=Restore%20Hyper%20Wellness&query_place_id=ChIJGeo2uE0TkFQRbeGt4BttEVg"
"Refine, MD Northwest","Kirkland","2","Skintegrity MedSpa","95","4.6","0.06","https://www.google.com/maps/search/?api=1&query=Skintegrity%20MedSpa&query_place_id=ChIJRxoSDOcSkFQRAQpotVeQrVs"
"Refine, MD Northwest","Kirkland","3","Lake Washington Medical Aesthetics","80","5.0","0.22","https://www.google.com/maps/search/?api=1&query=Lake%20Washington%20Medical%20Aesthetics&query_place_id=ChIJG96wnIQTkFQRK7iGcNjNYRs"
"Lake Washington Medical Aesthetics","Kirkland","1","Restore Hyper Wellness","369","4.8","0.46","https://www.google.com/maps/search/?api=1&query=Restore%20Hyper%20Wellness&query_place_id=ChIJGeo2uE0TkFQRbeGt4BttEVg"
"Lake Washington Medical Aesthetics","Kirkland","2","Refine, MD Northwest","153","4.9","0.22","https://www.google.com/maps/search/?api=1&query=Refine%2C%20MD%20Northwest&query_place_id=ChIJl90mdecSkFQRiVZ1ja74PT0"
"Lake Washington Medical Aesthetics","Kirkland","3","Skintegrity MedSpa","95","4.6","0.16","https://www.google.com/maps/search/?api=1&query=Skintegrity%20MedSpa&query_place_id=ChIJRxoSDOcSkFQRAQpotVeQrVs"
"Skintegrity MedSpa","Kirkland","1","Restore Hyper Wellness","369","4.8","0.41","https://www.google.com/maps/search/?api=1&query=Restore%20Hyper%20Wellness&query_place_id=ChIJGeo2uE0TkFQRbeGt4BttEVg"
"Skintegrity MedSpa","Kirkland","2","Refine, MD Northwest","153","4.9","0.06","https://www.google.com/maps/search/?api=1&query=Refine%2C%20MD%20Northwest&query_place_id=ChIJl90mdecSkFQRiVZ1ja74PT0"
"Skintegrity MedSpa","Kirkland","3","Lake Washington Medical Aesthetics","80","5.0","0.16","https://www.google.com/maps/search/?api=1&query=Lake%20Washington%20Medical%20Aesthetics&query_place_id=ChIJG96wnIQTkFQRK7iGcNjNYRs"
"Northwest Face & Body","Kirkland","1","Liebertz Plastic Surgery at Yarrow Bay","143","5.0","0.22","https://www.google.com/maps/search/?api=1&query=Liebertz%20Plastic%20Surgery%20at%20Yarrow%20Bay&query_place_id=ChIJgyZwzCwTkFQR6y7JCCZ20Eo"
"Northwest Face & Body","Kirkland","2","Templum Aesthetics & Wellness","106","5.0","0.95","https://www.google.com/maps/search/?api=1&query=Templum%20Aesthetics%20%26%20Wellness&query_place_id=ChIJIzfiEagTkFQRmlF_3UE055E"
"Northwest Face & Body","Kirkland","3","Pūr Skin Clinic","88","4.9","0.67","https://www.google.com/maps/search/?api=1&query=Pu%CC%84r%20Skin%20Clinic&query_place_id=ChIJ0fGcr6YTkFQRC-i6LvEm5M0"
"Pūr Skin Clinic","Kirkland","1","Northwest Face & Body","519","4.7","0.67","https://www.google.com/maps/search/?api=1&query=Northwest%20Face%20%26%20Body&query_place_id=ChIJs0qcdSwTkFQRoAvd-JyebGE"
"Pūr Skin Clinic","Kirkland","2","Refine, MD Northwest","153","4.9","0.62","https://www.google.com/maps/search/?api=1&query=Refine%2C%20MD%20Northwest&query_place_id=ChIJl90mdecSkFQRiVZ1ja74PT0"
"Pūr Skin Clinic","Kirkland","3","Templum Aesthetics & Wellness","106","5.0","0.53","https://www.google.com/maps/search/?api=1&query=Templum%20Aesthetics%20%26%20Wellness&query_place_id=ChIJIzfiEagTkFQRmlF_3UE055E"
"Glow Medispa - Kirkland","Kirkland","1","SkinSpirit Kirkland (Totem Lake)","235","4.9","1.42","https://www.google.com/maps/search/?api=1&query=SkinSpirit%20Kirkland%20(Totem%20Lake)&query_place_id=ChIJS-1HIWgNkFQRa375pnWDZP8"
"Glow Medispa - Kirkland","Kirkland","2","Aura Laser Skin Care","216","2.9","0.8","https://www.google.com/maps/search/?api=1&query=Aura%20Laser%20Skin%20Care&query_place_id=ChIJHzw1OAsSkFQRa7WOPbzyXMY"
"Glow Medispa - Kirkland","Kirkland","3","Strother Dermatology Kirkland","134","3.6","1.42","https://www.google.com/maps/search/?api=1&query=Strother%20Dermatology%20Kirkland&query_place_id=ChIJrxgFfI8NkFQRxJqFYiQ40oY"
"Bellamedica Aesthetics","Kirkland","1","LaserAway Kirkland","319","4.4","0.49","https://www.google.com/maps/search/?api=1&query=LaserAway%20Kirkland&query_place_id=ChIJG2u1wG8VkFQR4n9VFGm687Q"
"Bellamedica Aesthetics","Kirkland","2","SkinSpirit Kirkland (Totem Lake)","235","4.9","0.47","https://www.google.com/maps/search/?api=1&query=SkinSpirit%20Kirkland%20(Totem%20Lake)&query_place_id=ChIJS-1HIWgNkFQRa375pnWDZP8"
"Bellamedica Aesthetics","Kirkland","3","Strother Dermatology Kirkland","134","3.6","0.59","https://www.google.com/maps/search/?api=1&query=Strother%20Dermatology%20Kirkland&query_place_id=ChIJrxgFfI8NkFQRxJqFYiQ40oY"
"Ethereal Rejuvenation Clinic","Kirkland","1","Medical Spa at PRO Club","509","4.9","1.29","https://www.google.com/maps/search/?api=1&query=Medical%20Spa%20at%20PRO%20Club&query_place_id=ChIJgVErCmptkFQRQXjmOJFNmtw"
"Ethereal Rejuvenation Clinic","Kirkland","2","Templum Aesthetics & Wellness","106","5.0","1.49","https://www.google.com/maps/search/?api=1&query=Templum%20Aesthetics%20%26%20Wellness&query_place_id=ChIJIzfiEagTkFQRmlF_3UE055E"
"Ethereal Rejuvenation Clinic","Kirkland","3","EB Glow","34","5.0","1.88","https://www.google.com/maps/search/?api=1&query=EB%20Glow&query_place_id=ChIJ2UFNUdoTkFQRMg-TBGk7g_8"
"Templum Aesthetics & Wellness","Kirkland","1","Pūr Skin Clinic","88","4.9","0.53","https://www.google.com/maps/search/?api=1&query=Pu%CC%84r%20Skin%20Clinic&query_place_id=ChIJ0fGcr6YTkFQRC-i6LvEm5M0"
"Templum Aesthetics & Wellness","Kirkland","2","Heyday Skincare Kirkland","49","4.6","0.6","https://www.google.com/maps/search/?api=1&query=Heyday%20Skincare%20Kirkland&query_place_id=ChIJ-V0yntQTkFQRjpDRQhLCH9s"
"Templum Aesthetics & Wellness","Kirkland","3","EB Glow","34","5.0","0.66","https://www.google.com/maps/search/?api=1&query=EB%20Glow&query_place_id=ChIJ2UFNUdoTkFQRMg-TBGk7g_8"
"SKIM Medical Spa","Bothell","1","Radiance Skin and Laser","394","5.0","1.63","https://www.google.com/maps/search/?api=1&query=Radiance%20Skin%20and%20Laser&query_place_id=ChIJo3ovdUwPkFQRwg4sO-_5CNA"
"SKIM Medical Spa","Bothell","2","Aura Laser Skin Care","216","2.9","3.32","https://www.google.com/maps/search/?api=1&query=Aura%20Laser%20Skin%20Care&query_place_id=ChIJHzw1OAsSkFQRa7WOPbzyXMY"
"SKIM Medical Spa","Bothell","3","TLC SKINCARE CLINIC","127","5.0","1.79","https://www.google.com/maps/search/?api=1&query=TLC%20SKINCARE%20CLINIC&query_place_id=ChIJw8fFY50OkFQR09yTOTj8HOo"
"Liebertz Plastic Surgery at Yarrow Bay","Kirkland","1","Northwest Face & Body","519","4.7","0.22","https://www.google.com/maps/search/?api=1&query=Northwest%20Face%20%26%20Body&query_place_id=ChIJs0qcdSwTkFQRoAvd-JyebGE"
"Liebertz Plastic Surgery at Yarrow Bay","Kirkland","2","Templum Aesthetics & Wellness","106","5.0","1.12","https://www.google.com/maps/search/?api=1&query=Templum%20Aesthetics%20%26%20Wellness&query_place_id=ChIJIzfiEagTkFQRmlF_3UE055E"
"Liebertz Plastic Surgery at Yarrow Bay","Kirkland","3","Pūr Skin Clinic","88","4.9","0.88","https://www.google.com/maps/search/?api=1&query=Pu%CC%84r%20Skin%20Clinic&query_place_id=ChIJ0fGcr6YTkFQRC-i6LvEm5M0"
"Elase Medical Spa - Sugarhouse","Salt Lake City","1","Haus of Aesthetics Salt Lake City","519","4.8","2.05","https://www.google.com/maps/search/?api=1&query=Haus%20of%20Aesthetics%20Salt%20Lake%20City&query_place_id=ChIJq7IAAUz1UocR-AN5AbqiwHY"
"Elase Medical Spa - Sugarhouse","Salt Lake City","2","SkinSpirit Salt Lake City","197","5.0","0.17","https://www.google.com/maps/search/?api=1&query=SkinSpirit%20Salt%20Lake%20City&query_place_id=ChIJ6eRydbCLUocRYZImo4rBMiU"
"Elase Medical Spa - Sugarhouse","Salt Lake City","3","ilLumin8skin","76","5.0","1.99","https://www.google.com/maps/search/?api=1&query=ilLumin8skin&query_place_id=ChIJn6nBJFphUocRzelIG7W87LM"
"SLC Med Spa","Draper","1","Maven Medical Arts","463","5.0","0.97","https://www.google.com/maps/search/?api=1&query=Maven%20Medical%20Arts&query_place_id=ChIJ3yYCWJyHUocRNvELZ3CJWvA"
"SLC Med Spa","Draper","2","Gallery of Aesthetics Medical Spa","335","4.9","3.52","https://www.google.com/maps/search/?api=1&query=Gallery%20of%20Aesthetics%20Medical%20Spa&query_place_id=ChIJ_683b8aHUocRib3JFTKnWvo"
"SLC Med Spa","Draper","3","Liv Aesthetics & Wellness - Botox, med spa, Integrative medicine","209","5.0","3.1","https://www.google.com/maps/search/?api=1&query=Liv%20Aesthetics%20%26%20Wellness%20-%20Botox%2C%20med%20spa%2C%20Integrative%20medicine&query_place_id=ChIJI9NMXEmHUocRaKF1sKO-OJQ"
"Altitude Medspa","Salt Lake City","1","Modern SLC Injections & Aesthetics","844","5.0","1.81","https://www.google.com/maps/search/?api=1&query=Modern%20SLC%20Injections%20%26%20Aesthetics&query_place_id=ChIJJ6Zv-LphUocR-7tkjztxEeU"
"Altitude Medspa","Salt Lake City","2","Medical Spa and Wellness by Michelle NP","98","4.8","1.95","https://www.google.com/maps/search/?api=1&query=Medical%20Spa%20and%20Wellness%20by%20Michelle%20NP&query_place_id=ChIJC9duhydiUocRThAj5oAYU9g"
"Altitude Medspa","Salt Lake City","3","Salt Lake City Botox and Fillers","70","4.9","1.06","https://www.google.com/maps/search/?api=1&query=Salt%20Lake%20City%20Botox%20and%20Fillers&query_place_id=ChIJjeXmDQlhUocRGFTELsuJrrM"
"Restore Hyper Wellness","Somerville","1","Dermatology Associates","2064","5.0","5.88","https://www.google.com/maps/search/?api=1&query=Dermatology%20Associates&query_place_id=ChIJeYrM60p044kRvoOmTPE9pmc"
"Restore Hyper Wellness","Somerville","2","All In One Laser","412","5.0","6.67","https://www.google.com/maps/search/?api=1&query=All%20In%20One%20Laser&query_place_id=ChIJLcjSvA5444kRUXmwbWWDkcE"
"Restore Hyper Wellness","Somerville","3","Four Seasons Hotel One Dalton Street, Boston","388","4.6","3.19","https://www.google.com/maps/search/?api=1&query=Four%20Seasons%20Hotel%20One%20Dalton%20Street%2C%20Boston&query_place_id=ChIJW0u45p1744kR3-G-c08U83Q"
"Restore Hyper Wellness","Lynnfield","1","Dermatology Associates","2064","5.0","6.63","https://www.google.com/maps/search/?api=1&query=Dermatology%20Associates&query_place_id=ChIJeYrM60p044kRvoOmTPE9pmc"
"Restore Hyper Wellness","Lynnfield","2","Age-less Weigh-less","601","5.0","6.54","https://www.google.com/maps/search/?api=1&query=Age-less%20Weigh-less&query_place_id=ChIJ98w5HxR144kR28sAmXiyPR0"
"Restore Hyper Wellness","Lynnfield","3","Sono Bello Boston","264","4.0","6.54","https://www.google.com/maps/search/?api=1&query=Sono%20Bello%20Boston&query_place_id=ChIJNeuokRZ144kRAAgD_Zgq0vI"
"Imago Medical Spa","Salt Lake City","1","Beauty Lab + Laser Med Spa | Murray","3650","4.9","2.23","https://www.google.com/maps/search/?api=1&query=Beauty%20Lab%20%2B%20Laser%20Med%20Spa%20%7C%20Murray&query_place_id=ChIJJTzDs8qJUocRCauA3eB6U8k"
"Imago Medical Spa","Salt Lake City","2","Trilogy Medical Center","504","4.8","2.54","https://www.google.com/maps/search/?api=1&query=Trilogy%20Medical%20Center&query_place_id=ChIJybPy39KJUocR7JPBEjCKXu4"
"Imago Medical Spa","Salt Lake City","3","Divine Skin Aesthetics | Laser Skincare","75","5.0","2.5","https://www.google.com/maps/search/?api=1&query=Divine%20Skin%20Aesthetics%20%7C%20Laser%20Skincare&query_place_id=ChIJSazapFaLUocRltrbuPzQbnE"
"Restore Hyper Wellness","South Portland","1","Theia Skin Studio","5","5.0","3.22","https://www.google.com/maps/search/?api=1&query=Theia%20Skin%20Studio&query_place_id=ChIJRbMzQymbskwRlL--ELacbnk"
"Haus of Aesthetics Salt Lake City","Salt Lake City","1","LaserAway Salt Lake City","502","4.7","0.53","https://www.google.com/maps/search/?api=1&query=LaserAway%20Salt%20Lake%20City&query_place_id=ChIJ__2dhiH1UocRGly4ap6TSRE"
"Haus of Aesthetics Salt Lake City","Salt Lake City","2","Forever Beauty Med Spa","391","4.9","0.89","https://www.google.com/maps/search/?api=1&query=Forever%20Beauty%20Med%20Spa&query_place_id=ChIJ_ZTPDE31UocRCyIao913-6s"
"Haus of Aesthetics Salt Lake City","Salt Lake City","3","Gateway Aesthetic Institute and Laser Center","295","4.3","1.2","https://www.google.com/maps/search/?api=1&query=Gateway%20Aesthetic%20Institute%20and%20Laser%20Center&query_place_id=ChIJMRZCHgL1UocRQIjSBZNTQgg"
"Restore Hyper Wellness","Newton","1","All In One Laser","412","5.0","3.06","https://www.google.com/maps/search/?api=1&query=All%20In%20One%20Laser&query_place_id=ChIJLcjSvA5444kRUXmwbWWDkcE"
"Restore Hyper Wellness","Newton","2","GFaceMD Medical Spa, Wellesley","324","5.0","2.3","https://www.google.com/maps/search/?api=1&query=GFaceMD%20Medical%20Spa%2C%20Wellesley&query_place_id=ChIJbakCyCGC44kRiBo_dmzSKn0"
"Restore Hyper Wellness","Newton","3","Sway Spa","262","4.8","6.4","https://www.google.com/maps/search/?api=1&query=Sway%20Spa&query_place_id=ChIJj-MaKQN644kRbsAPt4mAKWg"
"Restore Hyper Wellness","Dedham","1","All In One Laser","412","5.0","9.05","https://www.google.com/maps/search/?api=1&query=All%20In%20One%20Laser&query_place_id=ChIJLcjSvA5444kRUXmwbWWDkcE"
"Restore Hyper Wellness","Dedham","2","GFaceMD Medical Spa, Wellesley","324","5.0","7.68","https://www.google.com/maps/search/?api=1&query=GFaceMD%20Medical%20Spa%2C%20Wellesley&query_place_id=ChIJbakCyCGC44kRiBo_dmzSKn0"
"Restore Hyper Wellness","Dedham","3","Sway Spa","262","4.8","9.29","https://www.google.com/maps/search/?api=1&query=Sway%20Spa&query_place_id=ChIJj-MaKQN644kRbsAPt4mAKWg"
"Nuance Aesthetics","Salt Lake City","1","Haus of Aesthetics Salt Lake City","519","4.8","1.34","https://www.google.com/maps/search/?api=1&query=Haus%20of%20Aesthetics%20Salt%20Lake%20City&query_place_id=ChIJq7IAAUz1UocR-AN5AbqiwHY"
"Nuance Aesthetics","Salt Lake City","2","LaserAway Salt Lake City","502","4.7","0.92","https://www.google.com/maps/search/?api=1&query=LaserAway%20Salt%20Lake%20City&query_place_id=ChIJ__2dhiH1UocRGly4ap6TSRE"
"Nuance Aesthetics","Salt Lake City","3","Forever Beauty Med Spa","391","4.9","1.05","https://www.google.com/maps/search/?api=1&query=Forever%20Beauty%20Med%20Spa&query_place_id=ChIJ_ZTPDE31UocRCyIao913-6s"
"Modern SLC Injections & Aesthetics","Holladay","1","Holladay Dermatology & Aesthetics","477","4.9","0.84","https://www.google.com/maps/search/?api=1&query=Holladay%20Dermatology%20%26%20Aesthetics&query_place_id=ChIJ6TKGsPFhUocR8kQTxFskiKc"
"Modern SLC Injections & Aesthetics","Holladay","2","Spruce Aesthetics + Infusion Bar","164","5.0","1.01","https://www.google.com/maps/search/?api=1&query=Spruce%20Aesthetics%20%2B%20Infusion%20Bar&query_place_id=ChIJ3acs2DlhUocR0V-v4L6TFQ0"
"Modern SLC Injections & Aesthetics","Holladay","3","Medical Spa and Wellness by Michelle NP","98","4.8","0.14","https://www.google.com/maps/search/?api=1&query=Medical%20Spa%20and%20Wellness%20by%20Michelle%20NP&query_place_id=ChIJC9duhydiUocRThAj5oAYU9g"
"Alchemy Medical Aesthetics","Salt Lake City","1","Elase Medical Spa - Sugarhouse","1532","4.9","2.15","https://www.google.com/maps/search/?api=1&query=Elase%20Medical%20Spa%20-%20Sugarhouse&query_place_id=ChIJhcWcrqaKUocR3tvP2eCIP7Y"
"Alchemy Medical Aesthetics","Salt Lake City","2","ilLumin8skin","76","5.0","1.42","https://www.google.com/maps/search/?api=1&query=ilLumin8skin&query_place_id=ChIJn6nBJFphUocRzelIG7W87LM"
"Alchemy Medical Aesthetics","Salt Lake City","3","Portica Body & Face","70","4.7","1.42","https://www.google.com/maps/search/?api=1&query=Portica%20Body%20%26%20Face&query_place_id=ChIJ8WUdfHFgUocRAOzHYNxe6VY"
"Restore Hyper Wellness","West Hartford","1","Samara MedSpa Avon","390","4.8","6.27","https://www.google.com/maps/search/?api=1&query=Samara%20MedSpa%20Avon&query_place_id=ChIJk-BzR5Cv54kR7Z17Hetyy7Q"
"Restore Hyper Wellness","West Hartford","2","Imagine Float","271","5.0","5.91","https://www.google.com/maps/search/?api=1&query=Imagine%20Float&query_place_id=ChIJ38LXpWep54kRP3ykaBFzKfE"
"Restore Hyper Wellness","West Hartford","3","Royâ Medspa: Aesthetics and Wellness","95","5.0","9.61","https://www.google.com/maps/search/?api=1&query=Roy%C3%A2%20Medspa%3A%20Aesthetics%20and%20Wellness&query_place_id=ChIJ0aVzlpmt54kR1Uf_juUZWwU"
"Salt Lake City Botox and Fillers","Salt Lake City","1","Alchemy Medical Aesthetics","271","5.0","1.57","https://www.google.com/maps/search/?api=1&query=Alchemy%20Medical%20Aesthetics&query_place_id=ChIJpxeu0wFhUocR9S7nlVX2Ano"
"Salt Lake City Botox and Fillers","Salt Lake City","2","Spruce Aesthetics + Infusion Bar","164","5.0","1.72","https://www.google.com/maps/search/?api=1&query=Spruce%20Aesthetics%20%2B%20Infusion%20Bar&query_place_id=ChIJ3acs2DlhUocR0V-v4L6TFQ0"
"Salt Lake City Botox and Fillers","Salt Lake City","3","Altitude Medspa","91","5.0","1.06","https://www.google.com/maps/search/?api=1&query=Altitude%20Medspa&query_place_id=ChIJYyBdXtVhUocRd5rFdE1_AhU"
"Forever Beauty Med Spa","Salt Lake City","1","Haus of Aesthetics Salt Lake City","519","4.8","0.89","https://www.google.com/maps/search/?api=1&query=Haus%20of%20Aesthetics%20Salt%20Lake%20City&query_place_id=ChIJq7IAAUz1UocR-AN5AbqiwHY"
"Forever Beauty Med Spa","Salt Lake City","2","LaserAway Salt Lake City","502","4.7","0.45","https://www.google.com/maps/search/?api=1&query=LaserAway%20Salt%20Lake%20City&query_place_id=ChIJ__2dhiH1UocRGly4ap6TSRE"
"Forever Beauty Med Spa","Salt Lake City","3","Nuance Aesthetics","419","5.0","1.05","https://www.google.com/maps/search/?api=1&query=Nuance%20Aesthetics&query_place_id=ChIJubk5QWP1UocRy_q_Q10ee1c"
"Restore Hyper Wellness","Hingham","1","BK Studio Med Spa","313","4.9","5.87","https://www.google.com/maps/search/?api=1&query=BK%20Studio%20Med%20Spa&query_place_id=ChIJz6RYCSOc5IkRtBp3vOHsQCs"
"Restore Hyper Wellness","Stamford","1","Greenwich Medical Spa","329","4.8","4.74","https://www.google.com/maps/search/?api=1&query=Greenwich%20Medical%20Spa&query_place_id=ChIJB5rov6WYwokRVMpphnlW9J0"
"Restore Hyper Wellness","Stamford","2","Naturallyou Med Spa by Terry Conrad, APRN","139","5.0","5.53","https://www.google.com/maps/search/?api=1&query=Naturallyou%20Med%20Spa%20by%20Terry%20Conrad%2C%20APRN&query_place_id=ChIJp48stfKYwokRS5ePJqBQvcg"
"Viso Bespoke Aesthetics","Salt Lake City","1","Haus of Aesthetics Salt Lake City","519","4.8","0.7","https://www.google.com/maps/search/?api=1&query=Haus%20of%20Aesthetics%20Salt%20Lake%20City&query_place_id=ChIJq7IAAUz1UocR-AN5AbqiwHY"
"Viso Bespoke Aesthetics","Salt Lake City","2","LaserAway Salt Lake City","502","4.7","0.33","https://www.google.com/maps/search/?api=1&query=LaserAway%20Salt%20Lake%20City&query_place_id=ChIJ__2dhiH1UocRGly4ap6TSRE"
"Viso Bespoke Aesthetics","Salt Lake City","3","Nuance Aesthetics","419","5.0","0.64","https://www.google.com/maps/search/?api=1&query=Nuance%20Aesthetics&query_place_id=ChIJubk5QWP1UocRy_q_Q10ee1c"
"RO Aesthetics","Salt Lake City","1","Trilogy Medical Center","504","4.8","0.0","https://www.google.com/maps/search/?api=1&query=Trilogy%20Medical%20Center&query_place_id=ChIJybPy39KJUocR7JPBEjCKXu4"
"RO Aesthetics","Salt Lake City","2","Holladay Dermatology & Aesthetics","477","4.9","1.03","https://www.google.com/maps/search/?api=1&query=Holladay%20Dermatology%20%26%20Aesthetics&query_place_id=ChIJ6TKGsPFhUocR8kQTxFskiKc"
"RO Aesthetics","Salt Lake City","3","Spruce Aesthetics + Infusion Bar","164","5.0","0.63","https://www.google.com/maps/search/?api=1&query=Spruce%20Aesthetics%20%2B%20Infusion%20Bar&query_place_id=ChIJ3acs2DlhUocR0V-v4L6TFQ0"
"Gateway Aesthetic Institute and Laser Center","Salt Lake City","1","Haus of Aesthetics Salt Lake City","519","4.8","1.2","https://www.google.com/maps/search/?api=1&query=Haus%20of%20Aesthetics%20Salt%20Lake%20City&query_place_id=ChIJq7IAAUz1UocR-AN5AbqiwHY"
"Gateway Aesthetic Institute and Laser Center","Salt Lake City","2","LaserAway Salt Lake City","502","4.7","1.08","https://www.google.com/maps/search/?api=1&query=LaserAway%20Salt%20Lake%20City&query_place_id=ChIJ__2dhiH1UocRGly4ap6TSRE"
"Gateway Aesthetic Institute and Laser Center","Salt Lake City","3","Nuance Aesthetics","419","5.0","1.86","https://www.google.com/maps/search/?api=1&query=Nuance%20Aesthetics&query_place_id=ChIJubk5QWP1UocRy_q_Q10ee1c"
"Beauty Lab + Laser Med Spa | Murray","Salt Lake City","1","Rise Rejuvenation Center","500","5.0","0.63","https://www.google.com/maps/search/?api=1&query=Rise%20Rejuvenation%20Center&query_place_id=ChIJyYLsMEtjUocRu4KQXTVW3AM"
"Beauty Lab + Laser Med Spa | Murray","Salt Lake City","2","Holladay Dermatology & Aesthetics","477","4.9","2.11","https://www.google.com/maps/search/?api=1&query=Holladay%20Dermatology%20%26%20Aesthetics&query_place_id=ChIJ6TKGsPFhUocR8kQTxFskiKc"
"Beauty Lab + Laser Med Spa | Murray","Salt Lake City","3","Imago Medical Spa","472","5.0","2.23","https://www.google.com/maps/search/?api=1&query=Imago%20Medical%20Spa&query_place_id=ChIJTSRYq6WLUocR8qzYCxVRFIM"
"Aesthetics PRP PRF in Utah","Salt Lake City","1","Modern SLC Injections & Aesthetics","844","5.0","0.0","https://www.google.com/maps/search/?api=1&query=Modern%20SLC%20Injections%20%26%20Aesthetics&query_place_id=ChIJJ6Zv-LphUocR-7tkjztxEeU"
"Aesthetics PRP PRF in Utah","Salt Lake City","2","Holladay Dermatology & Aesthetics","477","4.9","0.84","https://www.google.com/maps/search/?api=1&query=Holladay%20Dermatology%20%26%20Aesthetics&query_place_id=ChIJ6TKGsPFhUocR8kQTxFskiKc"
"Aesthetics PRP PRF in Utah","Salt Lake City","3","Spruce Aesthetics + Infusion Bar","164","5.0","1.01","https://www.google.com/maps/search/?api=1&query=Spruce%20Aesthetics%20%2B%20Infusion%20Bar&query_place_id=ChIJ3acs2DlhUocR0V-v4L6TFQ0"
"Barr Aesthetics","Salt Lake City","1","Haus of Aesthetics Salt Lake City","519","4.8","1.42","https://www.google.com/maps/search/?api=1&query=Haus%20of%20Aesthetics%20Salt%20Lake%20City&query_place_id=ChIJq7IAAUz1UocR-AN5AbqiwHY"
"Barr Aesthetics","Salt Lake City","2","LaserAway Salt Lake City","502","4.7","0.99","https://www.google.com/maps/search/?api=1&query=LaserAway%20Salt%20Lake%20City&query_place_id=ChIJ__2dhiH1UocRGly4ap6TSRE"
"Barr Aesthetics","Salt Lake City","3","Nuance Aesthetics","419","5.0","0.08","https://www.google.com/maps/search/?api=1&query=Nuance%20Aesthetics&query_place_id=ChIJubk5QWP1UocRy_q_Q10ee1c"
"Park City Medesthetix","Park City","1","Saltz Plastic Surgery & Saltz Spa Vitoria","317","4.9","0.01","https://www.google.com/maps/search/?api=1&query=Saltz%20Plastic%20Surgery%20%26%20Saltz%20Spa%20Vitoria&query_place_id=ChIJE9YYcV1tUocRWoEK0N4nv6A"
"Park City Medesthetix","Park City","2","MDSkin Lounge and MDSkin Bar","122","4.8","0.21","https://www.google.com/maps/search/?api=1&query=MDSkin%20Lounge%20and%20MDSkin%20Bar&query_place_id=ChIJXXYqHtNtUocRyv8-NTIJdo0"
"Park City Medesthetix","Park City","3","Stephanie Singer, DO","74","4.3","0.0","https://www.google.com/maps/search/?api=1&query=Stephanie%20Singer%2C%20DO&query_place_id=ChIJDyVAanZsUocR5nfsahBctJA"
"Vyla Aesthetics","Park City","1","The Dermatology House","89","4.7","0.05","https://www.google.com/maps/search/?api=1&query=The%20Dermatology%20House&query_place_id=ChIJS8Mk-HVsUocRkvxLahEQ3Uk"
"Vyla Aesthetics","Park City","2","TheGoodSkin","60","5.0","0.07","https://www.google.com/maps/search/?api=1&query=TheGoodSkin&query_place_id=ChIJJ8q1hiltUocRylmbzNUKWaY"
"Vyla Aesthetics","Park City","3","WELLnEST Park City, Dr. Giselle M. Batcheller","57","4.9","0.06","https://www.google.com/maps/search/?api=1&query=WELLnEST%20Park%20City%2C%20Dr.%20Giselle%20M.%20Batcheller&query_place_id=ChIJrVrE9A1tUocReNE6Fzr-R6g"
"The Vitamin Bar Medical Spa & IV Therapy - Park City","Park City","1","The Dermatology House","89","4.7","0.19","https://www.google.com/maps/search/?api=1&query=The%20Dermatology%20House&query_place_id=ChIJS8Mk-HVsUocRkvxLahEQ3Uk"
"The Vitamin Bar Medical Spa & IV Therapy - Park City","Park City","2","KMSKIN PARK CITY","34","5.0","0.2","https://www.google.com/maps/search/?api=1&query=KMSKIN%20PARK%20CITY&query_place_id=ChIJr87rWD5tUocRs8TDvTmMiM8"
"The Vitamin Bar Medical Spa & IV Therapy - Park City","Park City","3","PC Skin Expert","25","5.0","0.19","https://www.google.com/maps/search/?api=1&query=PC%20Skin%20Expert&query_place_id=ChIJq1ze38BtUocRpyzP-ZIN2k8"
"Spa Montage Deer Valley","Park City","1","The Dermatology House","89","4.7","3.34","https://www.google.com/maps/search/?api=1&query=The%20Dermatology%20House&query_place_id=ChIJS8Mk-HVsUocRkvxLahEQ3Uk"
"Spa Montage Deer Valley","Park City","2","TheGoodSkin","60","5.0","3.29","https://www.google.com/maps/search/?api=1&query=TheGoodSkin&query_place_id=ChIJJ8q1hiltUocRylmbzNUKWaY"
"Spa Montage Deer Valley","Park City","3","WELLnEST Park City, Dr. Giselle M. Batcheller","57","4.9","3.3","https://www.google.com/maps/search/?api=1&query=WELLnEST%20Park%20City%2C%20Dr.%20Giselle%20M.%20Batcheller&query_place_id=ChIJrVrE9A1tUocReNE6Fzr-R6g"
"TheGoodSkin","Park City","1","Vyla Aesthetics","322","5.0","0.07","https://www.google.com/maps/search/?api=1&query=Vyla%20Aesthetics&query_place_id=ChIJdZZ7HEhrUocR0ovxGrJXN0w"
"TheGoodSkin","Park City","2","The Dermatology House","89","4.7","0.06","https://www.google.com/maps/search/?api=1&query=The%20Dermatology%20House&query_place_id=ChIJS8Mk-HVsUocRkvxLahEQ3Uk"
"TheGoodSkin","Park City","3","WELLnEST Park City, Dr. Giselle M. Batcheller","57","4.9","0.02","https://www.google.com/maps/search/?api=1&query=WELLnEST%20Park%20City%2C%20Dr.%20Giselle%20M.%20Batcheller&query_place_id=ChIJrVrE9A1tUocReNE6Fzr-R6g"
"Saltz Plastic Surgery & Saltz Spa Vitoria","Park City","1","MDSkin Lounge and MDSkin Bar","122","4.8","0.2","https://www.google.com/maps/search/?api=1&query=MDSkin%20Lounge%20and%20MDSkin%20Bar&query_place_id=ChIJXXYqHtNtUocRyv8-NTIJdo0"
"Saltz Plastic Surgery & Saltz Spa Vitoria","Park City","2","Stephanie Singer, DO","74","4.3","0.0","https://www.google.com/maps/search/?api=1&query=Stephanie%20Singer%2C%20DO&query_place_id=ChIJDyVAanZsUocR5nfsahBctJA"
"Saltz Plastic Surgery & Saltz Spa Vitoria","Park City","3","Park City Medesthetix","68","4.8","0.01","https://www.google.com/maps/search/?api=1&query=Park%20City%20Medesthetix&query_place_id=ChIJBQsxjHVsUocRBIwZbu8-9DY"
"Infinity MedSpa and Wellness","Charlotte","1","Ageless Remedies SouthPark","708","4.8","0.39","https://www.google.com/maps/search/?api=1&query=Ageless%20Remedies%20SouthPark&query_place_id=ChIJC-UTuj2eVogRkBthbdG3XH4"
"Infinity MedSpa and Wellness","Charlotte","2","Carolina Facial Plastics","617","4.9","0.07","https://www.google.com/maps/search/?api=1&query=Carolina%20Facial%20Plastics&query_place_id=ChIJx_AlrxaeVogR8bRbMniXpos"
"Infinity MedSpa and Wellness","Charlotte","3","H/K/B Cosmetic Surgery","470","5.0","0.73","https://www.google.com/maps/search/?api=1&query=H%2FK%2FB%20Cosmetic%20Surgery&query_place_id=ChIJOfLU32meVogRSZFxlQwYVo0"
"Allure Medical","Charlotte","1","SkinSpirit Charlotte","134","5.0","1.13","https://www.google.com/maps/search/?api=1&query=SkinSpirit%20Charlotte&query_place_id=ChIJZedbMoSfVogRM9A43CXC5Yg"
"Allure Medical","Charlotte","2","Valencia Voci Medical Aesthetics & Wellness","69","5.0","1.0","https://www.google.com/maps/search/?api=1&query=Valencia%20Voci%20Medical%20Aesthetics%20%26%20Wellness&query_place_id=ChIJrYJrl-KfVogRfUM6hJ_D-T8"
"Allure Medical","Charlotte","3","Femme Medspa","69","5.0","1.57","https://www.google.com/maps/search/?api=1&query=Femme%20Medspa&query_place_id=ChIJyaF8o4CfVogRLk0kG99J418"
"Urban Medspa & Weight Loss Center","Charlotte","1","Drip IV Wellness & MedSpa","376","4.9","5.45","https://www.google.com/maps/search/?api=1&query=Drip%20IV%20Wellness%20%26%20MedSpa&query_place_id=ChIJV-aSJoUfVIgRMwcOiFmMio0"
"Urban Medspa & Weight Loss Center","Charlotte","2","MED.ish Laser Spa and WeightLoss:Charlotte's #1 Medspa for WeightLoss, GLPs, Laser Hair Removal, Botox, Liquid Lipo","137","5.0","6.57","https://www.google.com/maps/search/?api=1&query=MED.ish%20Laser%20Spa%20and%20WeightLoss%3ACharlotte's%20%231%20Medspa%20for%20WeightLoss%2C%20GLPs%2C%20Laser%20Hair%20Removal%2C%20Botox%2C%20Liquid%20Lipo&query_place_id=ChIJK5uvIE0fVIgRSauhcG2Bm5Y"
"Urban Medspa & Weight Loss Center","Charlotte","3","ZEM Aesthetics & Med Spa","56","4.9","1.39","https://www.google.com/maps/search/?api=1&query=ZEM%20Aesthetics%20%26%20Med%20Spa&query_place_id=ChIJH-pbBA0dVIgRHdXHjO5nVzY"
"M2 Medical Spa and Wellness","Charlotte","1","VociMedSpa","422","4.7","0.53","https://www.google.com/maps/search/?api=1&query=VociMedSpa&query_place_id=ChIJbwMHhV6dVogREzr8i1dO5KI"
"M2 Medical Spa and Wellness","Charlotte","2","The Modern Aesthetic","388","4.9","0.1","https://www.google.com/maps/search/?api=1&query=The%20Modern%20Aesthetic&query_place_id=ChIJXd-CbRYnVIgRwxCkJ_w1OV8"
"M2 Medical Spa and Wellness","Charlotte","3","Sona MedSpa of Charlotte - Ballantyne","384","4.6","0.28","https://www.google.com/maps/search/?api=1&query=Sona%20MedSpa%20of%20Charlotte%20-%20Ballantyne&query_place_id=ChIJ5_KRxVidVogRFOjIqZtjuZ4"
"Eden MedSpa","Charlotte","1","Providence Plastic Surgery & Skin Center","644","4.9","0.81","https://www.google.com/maps/search/?api=1&query=Providence%20Plastic%20Surgery%20%26%20Skin%20Center&query_place_id=ChIJA-yVjwkoVIgR4j-jXwvHoQo"
"Eden MedSpa","Charlotte","2","Beck Aesthetic Surgery - Dr. Joel Beck","200","4.9","0.69","https://www.google.com/maps/search/?api=1&query=Beck%20Aesthetic%20Surgery%20-%20Dr.%20Joel%20Beck&query_place_id=ChIJn_o2wlclVIgRlLfy-pvjc24"
"Eden MedSpa","Charlotte","3","OVME","177","4.8","1.0","https://www.google.com/maps/search/?api=1&query=OVME&query_place_id=ChIJ9YEChbknVIgRp9cPx2pXepU"
"VIO Med Spa","Charlotte","1","Providence Plastic Surgery & Skin Center","644","4.9","0.24","https://www.google.com/maps/search/?api=1&query=Providence%20Plastic%20Surgery%20%26%20Skin%20Center&query_place_id=ChIJA-yVjwkoVIgR4j-jXwvHoQo"
"VIO Med Spa","Charlotte","2","Beck Aesthetic Surgery - Dr. Joel Beck","200","4.9","0.34","https://www.google.com/maps/search/?api=1&query=Beck%20Aesthetic%20Surgery%20-%20Dr.%20Joel%20Beck&query_place_id=ChIJn_o2wlclVIgRlLfy-pvjc24"
"VIO Med Spa","Charlotte","3","OVME","177","4.8","0.34","https://www.google.com/maps/search/?api=1&query=OVME&query_place_id=ChIJ9YEChbknVIgRp9cPx2pXepU"
"Ageless Remedies SouthPark","Charlotte","1","Carolina Facial Plastics","617","4.9","0.44","https://www.google.com/maps/search/?api=1&query=Carolina%20Facial%20Plastics&query_place_id=ChIJx_AlrxaeVogR8bRbMniXpos"
"Ageless Remedies SouthPark","Charlotte","2","Infinity MedSpa and Wellness","600","4.9","0.39","https://www.google.com/maps/search/?api=1&query=Infinity%20MedSpa%20and%20Wellness&query_place_id=ChIJHQrMMxSeVogRhW21QWOsTSo"
"Ageless Remedies SouthPark","Charlotte","3","H/K/B Cosmetic Surgery","470","5.0","0.88","https://www.google.com/maps/search/?api=1&query=H%2FK%2FB%20Cosmetic%20Surgery&query_place_id=ChIJOfLU32meVogRSZFxlQwYVo0"
"MED.ish Laser Spa and WeightLoss:Charlotte's #1 Medspa for WeightLoss, GLPs, Laser Hair Removal, Botox, Liquid Lipo","Charlotte","1","Drip IV Wellness & MedSpa","376","4.9","4.07","https://www.google.com/maps/search/?api=1&query=Drip%20IV%20Wellness%20%26%20MedSpa&query_place_id=ChIJV-aSJoUfVIgRMwcOiFmMio0"
"MED.ish Laser Spa and WeightLoss:Charlotte's #1 Medspa for WeightLoss, GLPs, Laser Hair Removal, Botox, Liquid Lipo","Charlotte","2","Charlotte Spa & Esthetics","130","4.7","3.46","https://www.google.com/maps/search/?api=1&query=Charlotte%20Spa%20%26%20Esthetics&query_place_id=ChIJg0VHNUogVIgRjpUe3uIHH-g"
"MED.ish Laser Spa and WeightLoss:Charlotte's #1 Medspa for WeightLoss, GLPs, Laser Hair Removal, Botox, Liquid Lipo","Charlotte","3","Femme Medspa","69","5.0","4.06","https://www.google.com/maps/search/?api=1&query=Femme%20Medspa&query_place_id=ChIJyaF8o4CfVogRLk0kG99J418"
"Azura Medical Spa","Charlotte","1","Aesthetica Med Spa","325","5.0","0.98","https://www.google.com/maps/search/?api=1&query=Aesthetica%20Med%20Spa&query_place_id=ChIJ20I7AUGaVogR61ggvv0O2ZY"
"Azura Medical Spa","Charlotte","2","Skin By Shara Aesthetics","197","4.9","2.91","https://www.google.com/maps/search/?api=1&query=Skin%20By%20Shara%20Aesthetics&query_place_id=ChIJt55A-3CfVogR8w-IrYXmJy8"
"Azura Medical Spa","Charlotte","3","Prestige Med Spa and Wellness Center","91","4.7","0.74","https://www.google.com/maps/search/?api=1&query=Prestige%20Med%20Spa%20and%20Wellness%20Center&query_place_id=ChIJTXpVE6GbVogRKVVGAylsmyQ"
"Evolve Medical Associates","Charlotte","1","Infinity MedSpa and Wellness","600","4.9","0.82","https://www.google.com/maps/search/?api=1&query=Infinity%20MedSpa%20and%20Wellness&query_place_id=ChIJHQrMMxSeVogRhW21QWOsTSo"
"Evolve Medical Associates","Charlotte","2","H/K/B Cosmetic Surgery","470","5.0","0.12","https://www.google.com/maps/search/?api=1&query=H%2FK%2FB%20Cosmetic%20Surgery&query_place_id=ChIJOfLU32meVogRSZFxlQwYVo0"
"Evolve Medical Associates","Charlotte","3","Med Spa","458","4.3","0.57","https://www.google.com/maps/search/?api=1&query=Med%20Spa&query_place_id=ChIJVVVVURWeVogRdkvFa3Sw6PM"
"OVME","Charlotte","1","Capizzi, MD Cosmetic Surgery & Med Spa in Charlotte NC","640","4.8","0.67","https://www.google.com/maps/search/?api=1&query=Capizzi%2C%20MD%20Cosmetic%20Surgery%20%26%20Med%20Spa%20in%20Charlotte%20NC&query_place_id=ChIJO5zbbfSfVogRTR9SVuqdjHE"
"OVME","Charlotte","2","Skin By Blair","515","5.0","0.4","https://www.google.com/maps/search/?api=1&query=Skin%20By%20Blair&query_place_id=ChIJRx14-2afVogRUWqocKaPFaQ"
"OVME","Charlotte","3","VELA","183","5.0","0.28","https://www.google.com/maps/search/?api=1&query=VELA&query_place_id=ChIJ-X0S3UIfVIgRWmNgtJR-vZU"
"Aesthetica Med Spa","Charlotte","1","Skin By Shara Aesthetics","197","4.9","3.66","https://www.google.com/maps/search/?api=1&query=Skin%20By%20Shara%20Aesthetics&query_place_id=ChIJt55A-3CfVogR8w-IrYXmJy8"
"Aesthetica Med Spa","Charlotte","2","Azura Medical Spa","98","4.7","0.98","https://www.google.com/maps/search/?api=1&query=Azura%20Medical%20Spa&query_place_id=ChIJ7dxU0NebVogRS71wFOL3Azk"
"Aesthetica Med Spa","Charlotte","3","Prestige Med Spa and Wellness Center","91","4.7","0.24","https://www.google.com/maps/search/?api=1&query=Prestige%20Med%20Spa%20and%20Wellness%20Center&query_place_id=ChIJTXpVE6GbVogRKVVGAylsmyQ"
"4Ever Young Med Spa & Wellness Center - Charlotte Carmel Village","Charlotte","1","Aesthetic Surgery of Charlotte","412","5.0","0.46","https://www.google.com/maps/search/?api=1&query=Aesthetic%20Surgery%20of%20Charlotte&query_place_id=ChIJuWJhusenVogRbkMaeyvWNlM"
"4Ever Young Med Spa & Wellness Center - Charlotte Carmel Village","Charlotte","2","Courtney Moseley - The Plastic PA","187","5.0","0.46","https://www.google.com/maps/search/?api=1&query=Courtney%20Moseley%20-%20The%20Plastic%20PA&query_place_id=ChIJC-I13C4nVIgR1h-IuxIYZTs"
"4Ever Young Med Spa & Wellness Center - Charlotte Carmel Village","Charlotte","3","Cool Renewal Med Spa","131","4.7","0.04","https://www.google.com/maps/search/?api=1&query=Cool%20Renewal%20Med%20Spa&query_place_id=ChIJA-TsK6idVogRZNMFWdDRGKs"
"Femme Medspa","Charlotte","1","Charlotte Skin and Laser","1421","4.8","1.37","https://www.google.com/maps/search/?api=1&query=Charlotte%20Skin%20and%20Laser&query_place_id=ChIJycaGvfGfVogRBBJsia9Hljo"
"Femme Medspa","Charlotte","2","Allure Medical","271","4.5","1.57","https://www.google.com/maps/search/?api=1&query=Allure%20Medical&query_place_id=ChIJVY68w6QhVIgR-v0xnVRlf9M"
"Femme Medspa","Charlotte","3","Nuance Facial Plastics - Dr. Summit Kundaria","74","4.9","1.34","https://www.google.com/maps/search/?api=1&query=Nuance%20Facial%20Plastics%20-%20Dr.%20Summit%20Kundaria&query_place_id=ChIJcT3RBn0gVIgRyVKYopHHDIE"
"The Modern Aesthetic","Charlotte","1","VociMedSpa","422","4.7","0.46","https://www.google.com/maps/search/?api=1&query=VociMedSpa&query_place_id=ChIJbwMHhV6dVogREzr8i1dO5KI"
"The Modern Aesthetic","Charlotte","2","Sona MedSpa of Charlotte - Ballantyne","384","4.6","0.18","https://www.google.com/maps/search/?api=1&query=Sona%20MedSpa%20of%20Charlotte%20-%20Ballantyne&query_place_id=ChIJ5_KRxVidVogRFOjIqZtjuZ4"
"The Modern Aesthetic","Charlotte","3","M2 Medical Spa and Wellness","218","4.8","0.1","https://www.google.com/maps/search/?api=1&query=M2%20Medical%20Spa%20and%20Wellness&query_place_id=ChIJF1CSj1mdVogRqHX440wkaxY"
"Miramae Medical Skin Care Studio","Charlotte","1","Capizzi, MD Cosmetic Surgery & Med Spa in Charlotte NC","640","4.8","0.29","https://www.google.com/maps/search/?api=1&query=Capizzi%2C%20MD%20Cosmetic%20Surgery%20%26%20Med%20Spa%20in%20Charlotte%20NC&query_place_id=ChIJO5zbbfSfVogRTR9SVuqdjHE"
"Miramae Medical Skin Care Studio","Charlotte","2","Skin By Blair","515","5.0","0.62","https://www.google.com/maps/search/?api=1&query=Skin%20By%20Blair&query_place_id=ChIJRx14-2afVogRUWqocKaPFaQ"
"Miramae Medical Skin Care Studio","Charlotte","3","704 aesthetics","158","5.0","0.76","https://www.google.com/maps/search/?api=1&query=704%20aesthetics&query_place_id=ChIJz9Bf_9CfVogRQwg8t2Kk-Lw"
"Prestige Med Spa and Wellness Center","Charlotte","1","Aesthetica Med Spa","325","5.0","0.24","https://www.google.com/maps/search/?api=1&query=Aesthetica%20Med%20Spa&query_place_id=ChIJ20I7AUGaVogR61ggvv0O2ZY"
"Prestige Med Spa and Wellness Center","Charlotte","2","Skin By Shara Aesthetics","197","4.9","3.48","https://www.google.com/maps/search/?api=1&query=Skin%20By%20Shara%20Aesthetics&query_place_id=ChIJt55A-3CfVogR8w-IrYXmJy8"
"Prestige Med Spa and Wellness Center","Charlotte","3","Azura Medical Spa","98","4.7","0.74","https://www.google.com/maps/search/?api=1&query=Azura%20Medical%20Spa&query_place_id=ChIJ7dxU0NebVogRS71wFOL3Azk"
"Med Boutique - Aesthetic Injectables","Charlotte","1","4Ever Young Med Spa & Wellness Center - Charlotte Carmel Village","206","5.0","1.17","https://www.google.com/maps/search/?api=1&query=4Ever%20Young%20Med%20Spa%20%26%20Wellness%20Center%20-%20Charlotte%20Carmel%20Village&query_place_id=ChIJ0SMNP3ydVogRR4Po8sIUMoQ"
"Med Boutique - Aesthetic Injectables","Charlotte","2","Cool Renewal Med Spa","131","4.7","1.21","https://www.google.com/maps/search/?api=1&query=Cool%20Renewal%20Med%20Spa&query_place_id=ChIJA-TsK6idVogRZNMFWdDRGKs"
"Med Boutique - Aesthetic Injectables","Charlotte","3","Avi Aesthetics Medical Spa","67","5.0","0.93","https://www.google.com/maps/search/?api=1&query=Avi%20Aesthetics%20Medical%20Spa&query_place_id=ChIJm3epnhOdVogRJnR9Ut-8SZY"
"Valencia Voci Medical Aesthetics & Wellness","Charlotte","1","Charlotte Skin and Laser","1421","4.8","0.87","https://www.google.com/maps/search/?api=1&query=Charlotte%20Skin%20and%20Laser&query_place_id=ChIJycaGvfGfVogRBBJsia9Hljo"
"Valencia Voci Medical Aesthetics & Wellness","Charlotte","2","Allure Medical","271","4.5","1.0","https://www.google.com/maps/search/?api=1&query=Allure%20Medical&query_place_id=ChIJVY68w6QhVIgR-v0xnVRlf9M"
"Valencia Voci Medical Aesthetics & Wellness","Charlotte","3","Nuance Facial Plastics - Dr. Summit Kundaria","74","4.9","0.88","https://www.google.com/maps/search/?api=1&query=Nuance%20Facial%20Plastics%20-%20Dr.%20Summit%20Kundaria&query_place_id=ChIJcT3RBn0gVIgRyVKYopHHDIE"
"CLT Aesthetics","Charlotte","1","Charlotte Skin and Laser","1421","4.8","0.68","https://www.google.com/maps/search/?api=1&query=Charlotte%20Skin%20and%20Laser&query_place_id=ChIJycaGvfGfVogRBBJsia9Hljo"
"CLT Aesthetics","Charlotte","2","Genevieve & Co.","92","5.0","1.06","https://www.google.com/maps/search/?api=1&query=Genevieve%20%26%20Co.&query_place_id=ChIJC3RkOimfVogRJYuqLv3k-JU"
"CLT Aesthetics","Charlotte","3","Nuance Facial Plastics - Dr. Summit Kundaria","74","4.9","0.65","https://www.google.com/maps/search/?api=1&query=Nuance%20Facial%20Plastics%20-%20Dr.%20Summit%20Kundaria&query_place_id=ChIJcT3RBn0gVIgRyVKYopHHDIE"
"Aesthetic Surgery of Charlotte","Charlotte","1","4Ever Young Med Spa & Wellness Center - Charlotte Carmel Village","206","5.0","0.46","https://www.google.com/maps/search/?api=1&query=4Ever%20Young%20Med%20Spa%20%26%20Wellness%20Center%20-%20Charlotte%20Carmel%20Village&query_place_id=ChIJ0SMNP3ydVogRR4Po8sIUMoQ"
"Aesthetic Surgery of Charlotte","Charlotte","2","Courtney Moseley - The Plastic PA","187","5.0","0.0","https://www.google.com/maps/search/?api=1&query=Courtney%20Moseley%20-%20The%20Plastic%20PA&query_place_id=ChIJC-I13C4nVIgR1h-IuxIYZTs"
"Aesthetic Surgery of Charlotte","Charlotte","3","Cool Renewal Med Spa","131","4.7","0.42","https://www.google.com/maps/search/?api=1&query=Cool%20Renewal%20Med%20Spa&query_place_id=ChIJA-TsK6idVogRZNMFWdDRGKs"
"Plumped","Charlotte","1","OVME","441","4.8","1.41","https://www.google.com/maps/search/?api=1&query=OVME&query_place_id=ChIJvfJ0hDSfVogR1scLNvT2iww"
"Plumped","Charlotte","2","VELA","183","5.0","1.15","https://www.google.com/maps/search/?api=1&query=VELA&query_place_id=ChIJ-X0S3UIfVIgRWmNgtJR-vZU"
"Plumped","Charlotte","3","Peachy Charlotte South End","176","5.0","1.4","https://www.google.com/maps/search/?api=1&query=Peachy%20Charlotte%20South%20End&query_place_id=ChIJ0auDZnmfVogRg0Oa5pFUwXE"
"704 aesthetics","Charlotte","1","Capizzi, MD Cosmetic Surgery & Med Spa in Charlotte NC","640","4.8","0.46","https://www.google.com/maps/search/?api=1&query=Capizzi%2C%20MD%20Cosmetic%20Surgery%20%26%20Med%20Spa%20in%20Charlotte%20NC&query_place_id=ChIJO5zbbfSfVogRTR9SVuqdjHE"
"704 aesthetics","Charlotte","2","Skin By Blair","515","5.0","0.14","https://www.google.com/maps/search/?api=1&query=Skin%20By%20Blair&query_place_id=ChIJRx14-2afVogRUWqocKaPFaQ"
"704 aesthetics","Charlotte","3","OVME","441","4.8","0.29","https://www.google.com/maps/search/?api=1&query=OVME&query_place_id=ChIJvfJ0hDSfVogR1scLNvT2iww"
"Le Belle Aesthetic & Laser","Charlotte","1","Carolina Facial Plastics","617","4.9","0.49","https://www.google.com/maps/search/?api=1&query=Carolina%20Facial%20Plastics&query_place_id=ChIJx_AlrxaeVogR8bRbMniXpos"
"Le Belle Aesthetic & Laser","Charlotte","2","Infinity MedSpa and Wellness","600","4.9","0.47","https://www.google.com/maps/search/?api=1&query=Infinity%20MedSpa%20and%20Wellness&query_place_id=ChIJHQrMMxSeVogRhW21QWOsTSo"
"Le Belle Aesthetic & Laser","Charlotte","3","H/K/B Cosmetic Surgery","470","5.0","0.35","https://www.google.com/maps/search/?api=1&query=H%2FK%2FB%20Cosmetic%20Surgery&query_place_id=ChIJOfLU32meVogRSZFxlQwYVo0"
"Capizzi, MD Cosmetic Surgery & Med Spa in Charlotte NC","Charlotte","1","Skin By Blair","515","5.0","0.32","https://www.google.com/maps/search/?api=1&query=Skin%20By%20Blair&query_place_id=ChIJRx14-2afVogRUWqocKaPFaQ"
"Capizzi, MD Cosmetic Surgery & Med Spa in Charlotte NC","Charlotte","2","Miramae Medical Skin Care Studio","469","5.0","0.29","https://www.google.com/maps/search/?api=1&query=Miramae%20Medical%20Skin%20Care%20Studio&query_place_id=ChIJgWCetEyeVogR9ZhPrG-YHeU"
"Capizzi, MD Cosmetic Surgery & Med Spa in Charlotte NC","Charlotte","3","704 aesthetics","158","5.0","0.46","https://www.google.com/maps/search/?api=1&query=704%20aesthetics&query_place_id=ChIJz9Bf_9CfVogRQwg8t2Kk-Lw"
"Carolina Facial Plastics","Charlotte","1","Ageless Remedies SouthPark","708","4.8","0.44","https://www.google.com/maps/search/?api=1&query=Ageless%20Remedies%20SouthPark&query_place_id=ChIJC-UTuj2eVogRkBthbdG3XH4"
"Carolina Facial Plastics","Charlotte","2","Infinity MedSpa and Wellness","600","4.9","0.07","https://www.google.com/maps/search/?api=1&query=Infinity%20MedSpa%20and%20Wellness&query_place_id=ChIJHQrMMxSeVogRhW21QWOsTSo"
"Carolina Facial Plastics","Charlotte","3","H/K/B Cosmetic Surgery","470","5.0","0.78","https://www.google.com/maps/search/?api=1&query=H%2FK%2FB%20Cosmetic%20Surgery&query_place_id=ChIJOfLU32meVogRSZFxlQwYVo0"
"Charlotte Skin and Laser","Charlotte","1","CLT Aesthetics","113","5.0","0.68","https://www.google.com/maps/search/?api=1&query=CLT%20Aesthetics&query_place_id=ChIJA5rWVF6fVogRLVtMdVZvBe8"
"Charlotte Skin and Laser","Charlotte","2","Nuance Facial Plastics - Dr. Summit Kundaria","74","4.9","0.08","https://www.google.com/maps/search/?api=1&query=Nuance%20Facial%20Plastics%20-%20Dr.%20Summit%20Kundaria&query_place_id=ChIJcT3RBn0gVIgRyVKYopHHDIE"
"Charlotte Skin and Laser","Charlotte","3","Valencia Voci Medical Aesthetics & Wellness","69","5.0","0.87","https://www.google.com/maps/search/?api=1&query=Valencia%20Voci%20Medical%20Aesthetics%20%26%20Wellness&query_place_id=ChIJrYJrl-KfVogRfUM6hJ_D-T8"
"Genevieve & Co.","Charlotte","1","Capizzi, MD Cosmetic Surgery & Med Spa in Charlotte NC","640","4.8","0.41","https://www.google.com/maps/search/?api=1&query=Capizzi%2C%20MD%20Cosmetic%20Surgery%20%26%20Med%20Spa%20in%20Charlotte%20NC&query_place_id=ChIJO5zbbfSfVogRTR9SVuqdjHE"
"Genevieve & Co.","Charlotte","2","Skin By Blair","515","5.0","0.73","https://www.google.com/maps/search/?api=1&query=Skin%20By%20Blair&query_place_id=ChIJRx14-2afVogRUWqocKaPFaQ"
"Genevieve & Co.","Charlotte","3","Miramae Medical Skin Care Studio","469","5.0","0.12","https://www.google.com/maps/search/?api=1&query=Miramae%20Medical%20Skin%20Care%20Studio&query_place_id=ChIJgWCetEyeVogR9ZhPrG-YHeU"
"The MedSpa at Raleigh Plastic Surgery Center","Raleigh","1","Synergy Face + Body | Inside The Beltline","347","4.8","0.9","https://www.google.com/maps/search/?api=1&query=Synergy%20Face%20%2B%20Body%20%7C%20Inside%20The%20Beltline&query_place_id=ChIJY0uLGgH2rIkR-okiq5Jq2-Y"
"The MedSpa at Raleigh Plastic Surgery Center","Raleigh","2","BeautyCo","329","4.9","0.78","https://www.google.com/maps/search/?api=1&query=BeautyCo&query_place_id=ChIJ__9vLov3rIkRzJdVKKvfEQY"
"The MedSpa at Raleigh Plastic Surgery Center","Raleigh","3","Skin Pharm","110","5.0","0.35","https://www.google.com/maps/search/?api=1&query=Skin%20Pharm&query_place_id=ChIJX_6Xs6RZrIkRxtG6Z8KPeEI"
"JP MED SPA","Raleigh","1","The Aesthetics Lounge & Spa","128","5.0","0.9","https://www.google.com/maps/search/?api=1&query=The%20Aesthetics%20Lounge%20%26%20Spa&query_place_id=ChIJ5xdLtNNZrIkRbxHdXd8S9E8"
"JP MED SPA","Raleigh","2","Nourish Skin and Wellness","115","5.0","0.92","https://www.google.com/maps/search/?api=1&query=Nourish%20Skin%20and%20Wellness&query_place_id=ChIJNSBXFwD7rIkRu3KgbRTYXzk"
"JP MED SPA","Raleigh","3","4Ever Young","109","4.9","1.64","https://www.google.com/maps/search/?api=1&query=4Ever%20Young&query_place_id=ChIJi_Q1nwVZrIkRwij2DTyFC7I"
"BodyLase Raleigh","Raleigh","1","Synergy Face + Body","497","4.7","1.77","https://www.google.com/maps/search/?api=1&query=Synergy%20Face%20%2B%20Body&query_place_id=ChIJtd0_rv_3rIkRFwxTe6ReaGs"
"BodyLase Raleigh","Raleigh","2","Regenesis MD","323","4.9","1.44","https://www.google.com/maps/search/?api=1&query=Regenesis%20MD&query_place_id=ChIJ9QNYLov3rIkRS-322sRro0g"
"BodyLase Raleigh","Raleigh","3","Aesthetics by Eileen","263","4.9","1.73","https://www.google.com/maps/search/?api=1&query=Aesthetics%20by%20Eileen&query_place_id=ChIJN7-wO3vwrIkRIf1ecY8SMlc"
"Blue Water Spa","Raleigh","1","Skin Sense A Day Spa","1019","4.4","2.83","https://www.google.com/maps/search/?api=1&query=Skin%20Sense%20A%20Day%20Spa&query_place_id=ChIJpQnTvjlYrIkRwf7XI23uDN8"
"Blue Water Spa","Raleigh","2","Blossüm Aesthetics Co. Med Spa","324","4.9","1.88","https://www.google.com/maps/search/?api=1&query=Bloss%C3%BCm%20Aesthetics%20Co.%20Med%20Spa&query_place_id=ChIJrRWM7gjzrIkRoLmd16qXVlY"
"Blue Water Spa","Raleigh","3","La Miel Aesthetics","125","4.9","3.42","https://www.google.com/maps/search/?api=1&query=La%20Miel%20Aesthetics&query_place_id=ChIJXaUeZy33rIkRnDZ1UHlHZ84"
"The Aesthetics Lounge & Spa","Raleigh","1","Skin Sense A Day Spa","1019","4.4","1.03","https://www.google.com/maps/search/?api=1&query=Skin%20Sense%20A%20Day%20Spa&query_place_id=ChIJpQnTvjlYrIkRwf7XI23uDN8"
"The Aesthetics Lounge & Spa","Raleigh","2","JP MED SPA","235","4.9","0.9","https://www.google.com/maps/search/?api=1&query=JP%20MED%20SPA&query_place_id=ChIJvS0um1ZZrIkRV5DWrWJTmd8"
"The Aesthetics Lounge & Spa","Raleigh","3","La Miel Aesthetics","125","4.9","1.18","https://www.google.com/maps/search/?api=1&query=La%20Miel%20Aesthetics&query_place_id=ChIJXaUeZy33rIkRnDZ1UHlHZ84"
"Nuderma Health & Med Spa","Raleigh","1","Prime MD Aesthetics + Wellness","346","5.0","2.65","https://www.google.com/maps/search/?api=1&query=Prime%20MD%20Aesthetics%20%2B%20Wellness&query_place_id=ChIJMU_sX3D6rIkRejtRL7WsJW0"
"Nuderma Health & Med Spa","Raleigh","2","Aesthetics by Eileen","263","4.9","2.94","https://www.google.com/maps/search/?api=1&query=Aesthetics%20by%20Eileen&query_place_id=ChIJN7-wO3vwrIkRIf1ecY8SMlc"
"Nuderma Health & Med Spa","Raleigh","3","Carlino Aesthetics","244","4.9","0.15","https://www.google.com/maps/search/?api=1&query=Carlino%20Aesthetics&query_place_id=ChIJzUN-fz71rIkRpYmMvYTQC8U"
"ILŪMRA Skin","Raleigh","1","Synergy Face + Body | Inside The Beltline","347","4.8","1.47","https://www.google.com/maps/search/?api=1&query=Synergy%20Face%20%2B%20Body%20%7C%20Inside%20The%20Beltline&query_place_id=ChIJY0uLGgH2rIkR-okiq5Jq2-Y"
"ILŪMRA Skin","Raleigh","2","BeautyCo","329","4.9","0.92","https://www.google.com/maps/search/?api=1&query=BeautyCo&query_place_id=ChIJ__9vLov3rIkRzJdVKKvfEQY"
"ILŪMRA Skin","Raleigh","3","Skin Pharm","110","5.0","1.51","https://www.google.com/maps/search/?api=1&query=Skin%20Pharm&query_place_id=ChIJX_6Xs6RZrIkRxtG6Z8KPeEI"
"Hello Beautiful Boutique Medspa","Raleigh","1","Lorena Luca MED + SPA - RALEIGH","677","4.8","1.38","https://www.google.com/maps/search/?api=1&query=Lorena%20Luca%20MED%20%2B%20SPA%20-%20RALEIGH&query_place_id=ChIJcYy83Yr1rIkRCo9RLX8wxqk"
"Hello Beautiful Boutique Medspa","Raleigh","2","Prime MD Aesthetics + Wellness","346","5.0","1.63","https://www.google.com/maps/search/?api=1&query=Prime%20MD%20Aesthetics%20%2B%20Wellness&query_place_id=ChIJMU_sX3D6rIkRejtRL7WsJW0"
"Hello Beautiful Boutique Medspa","Raleigh","3","BeautyCo","329","4.9","2.63","https://www.google.com/maps/search/?api=1&query=BeautyCo&query_place_id=ChIJ__9vLov3rIkRzJdVKKvfEQY"
"Allure Medical","Raleigh","1","Prime MD Aesthetics + Wellness","346","5.0","3.95","https://www.google.com/maps/search/?api=1&query=Prime%20MD%20Aesthetics%20%2B%20Wellness&query_place_id=ChIJMU_sX3D6rIkRejtRL7WsJW0"
"Allure Medical","Raleigh","2","Carlino Aesthetics","244","4.9","1.87","https://www.google.com/maps/search/?api=1&query=Carlino%20Aesthetics&query_place_id=ChIJzUN-fz71rIkRpYmMvYTQC8U"
"Allure Medical","Raleigh","3","Nuderma Health & Med Spa","218","4.8","1.98","https://www.google.com/maps/search/?api=1&query=Nuderma%20Health%20%26%20Med%20Spa&query_place_id=ChIJQQGtSdX1rIkRTRycfSRdP5M"
"La Miel Aesthetics","Raleigh","1","Skin Sense A Day Spa","1019","4.4","1.36","https://www.google.com/maps/search/?api=1&query=Skin%20Sense%20A%20Day%20Spa&query_place_id=ChIJpQnTvjlYrIkRwf7XI23uDN8"
"La Miel Aesthetics","Raleigh","2","Synergy Face + Body","497","4.7","1.01","https://www.google.com/maps/search/?api=1&query=Synergy%20Face%20%2B%20Body&query_place_id=ChIJtd0_rv_3rIkRFwxTe6ReaGs"
"La Miel Aesthetics","Raleigh","3","Blossüm Aesthetics Co. Med Spa","324","4.9","1.54","https://www.google.com/maps/search/?api=1&query=Bloss%C3%BCm%20Aesthetics%20Co.%20Med%20Spa&query_place_id=ChIJrRWM7gjzrIkRoLmd16qXVlY"
"BeautyCo","Raleigh","1","Synergy Face + Body | Inside The Beltline","347","4.8","0.79","https://www.google.com/maps/search/?api=1&query=Synergy%20Face%20%2B%20Body%20%7C%20Inside%20The%20Beltline&query_place_id=ChIJY0uLGgH2rIkR-okiq5Jq2-Y"
"BeautyCo","Raleigh","2","Skin Pharm","110","5.0","0.6","https://www.google.com/maps/search/?api=1&query=Skin%20Pharm&query_place_id=ChIJX_6Xs6RZrIkRxtG6Z8KPeEI"
"BeautyCo","Raleigh","3","The MedSpa at Raleigh Plastic Surgery Center","74","4.9","0.78","https://www.google.com/maps/search/?api=1&query=The%20MedSpa%20at%20Raleigh%20Plastic%20Surgery%20Center&query_place_id=ChIJb39a3-ZYrIkRKSV4eCfkvKc"
"Prime MD Aesthetics + Wellness","Raleigh","1","Lorena Luca MED + SPA - RALEIGH","677","4.8","0.33","https://www.google.com/maps/search/?api=1&query=Lorena%20Luca%20MED%20%2B%20SPA%20-%20RALEIGH&query_place_id=ChIJcYy83Yr1rIkRCo9RLX8wxqk"
"Prime MD Aesthetics + Wellness","Raleigh","2","Carlino Aesthetics","244","4.9","2.62","https://www.google.com/maps/search/?api=1&query=Carlino%20Aesthetics&query_place_id=ChIJzUN-fz71rIkRpYmMvYTQC8U"
"Prime MD Aesthetics + Wellness","Raleigh","3","Hello Beautiful Boutique Medspa","135","5.0","1.63","https://www.google.com/maps/search/?api=1&query=Hello%20Beautiful%20Boutique%20Medspa&query_place_id=ChIJsYOrFjtfrIkR_N-l2Hj5Vjw"
"New Life Aesthetics","Raleigh","1","BodyLase Raleigh","1112","4.9","0.92","https://www.google.com/maps/search/?api=1&query=BodyLase%20Raleigh&query_place_id=ChIJK9phh7_3rIkRKZkrTMFXeUo"
"New Life Aesthetics","Raleigh","2","Aesthetics by Eileen","263","4.9","1.18","https://www.google.com/maps/search/?api=1&query=Aesthetics%20by%20Eileen&query_place_id=ChIJN7-wO3vwrIkRIf1ecY8SMlc"
"New Life Aesthetics","Raleigh","3","JP MED SPA","235","4.9","1.89","https://www.google.com/maps/search/?api=1&query=JP%20MED%20SPA&query_place_id=ChIJvS0um1ZZrIkRV5DWrWJTmd8"
"Synergy Face + Body | Inside The Beltline","Raleigh","1","BeautyCo","329","4.9","0.79","https://www.google.com/maps/search/?api=1&query=BeautyCo&query_place_id=ChIJ__9vLov3rIkRzJdVKKvfEQY"
"Synergy Face + Body | Inside The Beltline","Raleigh","2","Nourish Skin and Wellness","115","5.0","1.26","https://www.google.com/maps/search/?api=1&query=Nourish%20Skin%20and%20Wellness&query_place_id=ChIJNSBXFwD7rIkRu3KgbRTYXzk"
"Synergy Face + Body | Inside The Beltline","Raleigh","3","Skin Pharm","110","5.0","0.56","https://www.google.com/maps/search/?api=1&query=Skin%20Pharm&query_place_id=ChIJX_6Xs6RZrIkRxtG6Z8KPeEI"
"4Ever Young","Raleigh","1","Skin Sense A Day Spa","1019","4.4","1.31","https://www.google.com/maps/search/?api=1&query=Skin%20Sense%20A%20Day%20Spa&query_place_id=ChIJpQnTvjlYrIkRwf7XI23uDN8"
"4Ever Young","Raleigh","2","Synergy Face + Body","497","4.7","1.21","https://www.google.com/maps/search/?api=1&query=Synergy%20Face%20%2B%20Body&query_place_id=ChIJtd0_rv_3rIkRFwxTe6ReaGs"
"4Ever Young","Raleigh","3","JP MED SPA","235","4.9","1.64","https://www.google.com/maps/search/?api=1&query=JP%20MED%20SPA&query_place_id=ChIJvS0um1ZZrIkRV5DWrWJTmd8"
"Mind & Body Renew Medical Spa and Psychiatry","Raleigh","1","Prime MD Aesthetics + Wellness","346","5.0","2.95","https://www.google.com/maps/search/?api=1&query=Prime%20MD%20Aesthetics%20%2B%20Wellness&query_place_id=ChIJMU_sX3D6rIkRejtRL7WsJW0"
"Mind & Body Renew Medical Spa and Psychiatry","Raleigh","2","Aesthetics by Eileen","263","4.9","2.44","https://www.google.com/maps/search/?api=1&query=Aesthetics%20by%20Eileen&query_place_id=ChIJN7-wO3vwrIkRIf1ecY8SMlc"
"Mind & Body Renew Medical Spa and Psychiatry","Raleigh","3","Carlino Aesthetics","244","4.9","0.64","https://www.google.com/maps/search/?api=1&query=Carlino%20Aesthetics&query_place_id=ChIJzUN-fz71rIkRpYmMvYTQC8U"
"Blossüm Aesthetics Co. Med Spa","Raleigh","1","Skin Sense A Day Spa","1019","4.4","1.28","https://www.google.com/maps/search/?api=1&query=Skin%20Sense%20A%20Day%20Spa&query_place_id=ChIJpQnTvjlYrIkRwf7XI23uDN8"
"Blossüm Aesthetics Co. Med Spa","Raleigh","2","La Miel Aesthetics","125","4.9","1.54","https://www.google.com/maps/search/?api=1&query=La%20Miel%20Aesthetics&query_place_id=ChIJXaUeZy33rIkRnDZ1UHlHZ84"
"Blossüm Aesthetics Co. Med Spa","Raleigh","3","Injectables by Dr. V","122","5.0","1.2","https://www.google.com/maps/search/?api=1&query=Injectables%20by%20Dr.%20V&query_place_id=ChIJ31mTw0hYrIkRRWZJci9TQag"
"Age-less Weigh-less","Woburn","1","Dermatology Associates","2064","5.0","2.7","https://www.google.com/maps/search/?api=1&query=Dermatology%20Associates&query_place_id=ChIJeYrM60p044kRvoOmTPE9pmc"
"Age-less Weigh-less","Woburn","2","Restore Hyper Wellness","417","4.9","6.54","https://www.google.com/maps/search/?api=1&query=Restore%20Hyper%20Wellness&query_place_id=ChIJi0MY-IoN44kRgxWY8FNsAes"
"Age-less Weigh-less","Woburn","3","Sono Bello Boston","264","4.0","0.0","https://www.google.com/maps/search/?api=1&query=Sono%20Bello%20Boston&query_place_id=ChIJNeuokRZ144kRAAgD_Zgq0vI"
"Aesthetics by Eileen","Raleigh","1","BodyLase Raleigh","1112","4.9","1.73","https://www.google.com/maps/search/?api=1&query=BodyLase%20Raleigh&query_place_id=ChIJK9phh7_3rIkRKZkrTMFXeUo"
"Aesthetics by Eileen","Raleigh","2","Regenesis MD","323","4.9","2.96","https://www.google.com/maps/search/?api=1&query=Regenesis%20MD&query_place_id=ChIJ9QNYLov3rIkRS-322sRro0g"
"Aesthetics by Eileen","Raleigh","3","Nuderma Health & Med Spa","218","4.8","2.94","https://www.google.com/maps/search/?api=1&query=Nuderma%20Health%20%26%20Med%20Spa&query_place_id=ChIJQQGtSdX1rIkRTRycfSRdP5M"
"All About Aesthetics, P.C.","Raleigh","1","BodyLase Raleigh","1112","4.9","1.66","https://www.google.com/maps/search/?api=1&query=BodyLase%20Raleigh&query_place_id=ChIJK9phh7_3rIkRKZkrTMFXeUo"
"All About Aesthetics, P.C.","Raleigh","2","Synergy Face + Body","497","4.7","1.17","https://www.google.com/maps/search/?api=1&query=Synergy%20Face%20%2B%20Body&query_place_id=ChIJtd0_rv_3rIkRFwxTe6ReaGs"
"All About Aesthetics, P.C.","Raleigh","3","Regenesis MD","323","4.9","0.23","https://www.google.com/maps/search/?api=1&query=Regenesis%20MD&query_place_id=ChIJ9QNYLov3rIkRS-322sRro0g"
"Regenesis MD","Raleigh","1","BodyLase Raleigh","1112","4.9","1.44","https://www.google.com/maps/search/?api=1&query=BodyLase%20Raleigh&query_place_id=ChIJK9phh7_3rIkRKZkrTMFXeUo"
"Regenesis MD","Raleigh","2","Synergy Face + Body","497","4.7","1.16","https://www.google.com/maps/search/?api=1&query=Synergy%20Face%20%2B%20Body&query_place_id=ChIJtd0_rv_3rIkRFwxTe6ReaGs"
"Regenesis MD","Raleigh","3","All About Aesthetics, P.C.","136","4.8","0.23","https://www.google.com/maps/search/?api=1&query=All%20About%20Aesthetics%2C%20P.C.&query_place_id=ChIJnWqW_x_4rIkRn2BSsMC71cI"
"Carlino Aesthetics","Raleigh","1","Lorena Luca MED + SPA - RALEIGH","677","4.8","2.92","https://www.google.com/maps/search/?api=1&query=Lorena%20Luca%20MED%20%2B%20SPA%20-%20RALEIGH&query_place_id=ChIJcYy83Yr1rIkRCo9RLX8wxqk"
"Carlino Aesthetics","Raleigh","2","Prime MD Aesthetics + Wellness","346","5.0","2.62","https://www.google.com/maps/search/?api=1&query=Prime%20MD%20Aesthetics%20%2B%20Wellness&query_place_id=ChIJMU_sX3D6rIkRejtRL7WsJW0"
"Carlino Aesthetics","Raleigh","3","Nuderma Health & Med Spa","218","4.8","0.15","https://www.google.com/maps/search/?api=1&query=Nuderma%20Health%20%26%20Med%20Spa&query_place_id=ChIJQQGtSdX1rIkRTRycfSRdP5M"
"AJC Medical Aesthetics","Raleigh","1","Lorena Luca MED + SPA - RALEIGH","677","4.8","4.45","https://www.google.com/maps/search/?api=1&query=Lorena%20Luca%20MED%20%2B%20SPA%20-%20RALEIGH&query_place_id=ChIJcYy83Yr1rIkRCo9RLX8wxqk"
"AJC Medical Aesthetics","Raleigh","2","Prime MD Aesthetics + Wellness","346","5.0","4.44","https://www.google.com/maps/search/?api=1&query=Prime%20MD%20Aesthetics%20%2B%20Wellness&query_place_id=ChIJMU_sX3D6rIkRejtRL7WsJW0"
"AJC Medical Aesthetics","Raleigh","3","Carlino Aesthetics","244","4.9","4.01","https://www.google.com/maps/search/?api=1&query=Carlino%20Aesthetics&query_place_id=ChIJzUN-fz71rIkRpYmMvYTQC8U"
"Synergy Face + Body","Raleigh","1","BodyLase Raleigh","1112","4.9","1.77","https://www.google.com/maps/search/?api=1&query=BodyLase%20Raleigh&query_place_id=ChIJK9phh7_3rIkRKZkrTMFXeUo"
"Synergy Face + Body","Raleigh","2","Regenesis MD","323","4.9","1.16","https://www.google.com/maps/search/?api=1&query=Regenesis%20MD&query_place_id=ChIJ9QNYLov3rIkRS-322sRro0g"
"Synergy Face + Body","Raleigh","3","All About Aesthetics, P.C.","136","4.8","1.17","https://www.google.com/maps/search/?api=1&query=All%20About%20Aesthetics%2C%20P.C.&query_place_id=ChIJnWqW_x_4rIkRn2BSsMC71cI"
"Injectables by Dr. V","Raleigh","1","Skin Sense A Day Spa","1019","4.4","0.09","https://www.google.com/maps/search/?api=1&query=Skin%20Sense%20A%20Day%20Spa&query_place_id=ChIJpQnTvjlYrIkRwf7XI23uDN8"
"Injectables by Dr. V","Raleigh","2","Blossüm Aesthetics Co. Med Spa","324","4.9","1.2","https://www.google.com/maps/search/?api=1&query=Bloss%C3%BCm%20Aesthetics%20Co.%20Med%20Spa&query_place_id=ChIJrRWM7gjzrIkRoLmd16qXVlY"
"Injectables by Dr. V","Raleigh","3","The Aesthetics Lounge & Spa","128","5.0","1.05","https://www.google.com/maps/search/?api=1&query=The%20Aesthetics%20Lounge%20%26%20Spa&query_place_id=ChIJ5xdLtNNZrIkRbxHdXd8S9E8"
"KÅLLOS: A Beauty Studio","Raleigh","1","Skin Sense A Day Spa","1019","4.4","1.26","https://www.google.com/maps/search/?api=1&query=Skin%20Sense%20A%20Day%20Spa&query_place_id=ChIJpQnTvjlYrIkRwf7XI23uDN8"
"KÅLLOS: A Beauty Studio","Raleigh","2","Blossüm Aesthetics Co. Med Spa","324","4.9","0.03","https://www.google.com/maps/search/?api=1&query=Bloss%C3%BCm%20Aesthetics%20Co.%20Med%20Spa&query_place_id=ChIJrRWM7gjzrIkRoLmd16qXVlY"
"KÅLLOS: A Beauty Studio","Raleigh","3","La Miel Aesthetics","125","4.9","1.54","https://www.google.com/maps/search/?api=1&query=La%20Miel%20Aesthetics&query_place_id=ChIJXaUeZy33rIkRnDZ1UHlHZ84"
"H Med Spa","Chicago","1","SpaDerma","870","4.9","0.86","https://www.google.com/maps/search/?api=1&query=SpaDerma&query_place_id=ChIJxVWBtR_TD4gRPFv7tzp5Gyc"
"H Med Spa","Chicago","2","Refine by Tulsi Med Spa","277","5.0","0.91","https://www.google.com/maps/search/?api=1&query=Refine%20by%20Tulsi%20Med%20Spa&query_place_id=ChIJxYr1NnvTD4gRYzi9-U3SvKk"
"H Med Spa","Chicago","3","Essex Skin Medical Aesthetics","108","5.0","1.01","https://www.google.com/maps/search/?api=1&query=Essex%20Skin%20Medical%20Aesthetics&query_place_id=ChIJlSycphMtDogRJPQP7LTc8tE"
"Refine by Tulsi Med Spa","Chicago","1","SpaDerma","870","4.9","0.35","https://www.google.com/maps/search/?api=1&query=SpaDerma&query_place_id=ChIJxVWBtR_TD4gRPFv7tzp5Gyc"
"Refine by Tulsi Med Spa","Chicago","2","Old Town Med Spa (Lincoln Park)","411","4.9","0.91","https://www.google.com/maps/search/?api=1&query=Old%20Town%20Med%20Spa%20(Lincoln%20Park)&query_place_id=ChIJG3luVBDTD4gRwy0I4SUbrJQ"
"Refine by Tulsi Med Spa","Chicago","3","Better Med Spa & Wellness","148","4.8","0.79","https://www.google.com/maps/search/?api=1&query=Better%20Med%20Spa%20%26%20Wellness&query_place_id=ChIJx5tK82TTD4gRi92SzOORFH8"
"Old Town Med Spa","Chicago","1","Dvida Spa | Med Spa Services 60654","605","4.9","0.13","https://www.google.com/maps/search/?api=1&query=Dvida%20Spa%20%7C%20Med%20Spa%20Services%2060654&query_place_id=ChIJ3c__BbQsDogR33xP9EeDYFw"
"Old Town Med Spa","Chicago","2","Chicago Aesthetics","209","4.8","0.15","https://www.google.com/maps/search/?api=1&query=Chicago%20Aesthetics&query_place_id=ChIJj75Z4dPTD4gRBV2oJ1xBIVk"
"Old Town Med Spa","Chicago","3","VIO Med Spa","104","4.9","0.04","https://www.google.com/maps/search/?api=1&query=VIO%20Med%20Spa&query_place_id=ChIJKWFfedQtDogRGK42Jo4047w"
"Dvida Spa | Med Spa Services 60654","Chicago","1","Natural Beauty Med Spa","246","4.9","0.07","https://www.google.com/maps/search/?api=1&query=Natural%20Beauty%20Med%20Spa&query_place_id=ChIJzfbQNE3TD4gRKhDOqj4KW1o"
"Dvida Spa | Med Spa Services 60654","Chicago","2","Old Town Med Spa","169","4.6","0.13","https://www.google.com/maps/search/?api=1&query=Old%20Town%20Med%20Spa&query_place_id=ChIJAeSLi0fTD4gRw71rtpgpT_w"
"Dvida Spa | Med Spa Services 60654","Chicago","3","VIO Med Spa","104","4.9","0.14","https://www.google.com/maps/search/?api=1&query=VIO%20Med%20Spa&query_place_id=ChIJKWFfedQtDogRGK42Jo4047w"
"VIO Med Spa","Chicago","1","Dvida Spa | Med Spa Services 60654","605","4.9","0.14","https://www.google.com/maps/search/?api=1&query=Dvida%20Spa%20%7C%20Med%20Spa%20Services%2060654&query_place_id=ChIJ3c__BbQsDogR33xP9EeDYFw"
"VIO Med Spa","Chicago","2","Chicago Aesthetics","209","4.8","0.16","https://www.google.com/maps/search/?api=1&query=Chicago%20Aesthetics&query_place_id=ChIJj75Z4dPTD4gRBV2oJ1xBIVk"
"VIO Med Spa","Chicago","3","Old Town Med Spa","169","4.6","0.04","https://www.google.com/maps/search/?api=1&query=Old%20Town%20Med%20Spa&query_place_id=ChIJAeSLi0fTD4gRw71rtpgpT_w"
"Shot Bar MedSpa","Chicago","1","SpaDerma","870","4.9","1.08","https://www.google.com/maps/search/?api=1&query=SpaDerma&query_place_id=ChIJxVWBtR_TD4gRPFv7tzp5Gyc"
"Shot Bar MedSpa","Chicago","2","Viva La Med Spa-Old Town","507","4.7","1.02","https://www.google.com/maps/search/?api=1&query=Viva%20La%20Med%20Spa-Old%20Town&query_place_id=ChIJe5pjiIjTD4gRXYklgDn5DCs"
"Shot Bar MedSpa","Chicago","3","Old Town Med Spa (Lincoln Park)","411","4.9","0.33","https://www.google.com/maps/search/?api=1&query=Old%20Town%20Med%20Spa%20(Lincoln%20Park)&query_place_id=ChIJG3luVBDTD4gRwy0I4SUbrJQ"
"Innovative MedSpa","Chicago","1","Elysium Aesthetics + Longevity","549","4.9","0.36","https://www.google.com/maps/search/?api=1&query=Elysium%20Aesthetics%20%2B%20Longevity&query_place_id=ChIJm1-Qa8ssDogRvbdEMeX47oA"
"Innovative MedSpa","Chicago","2","Chicago Aesthetics","209","4.8","0.32","https://www.google.com/maps/search/?api=1&query=Chicago%20Aesthetics&query_place_id=ChIJj75Z4dPTD4gRBV2oJ1xBIVk"
"Innovative MedSpa","Chicago","3","Old Town Med Spa","169","4.6","0.31","https://www.google.com/maps/search/?api=1&query=Old%20Town%20Med%20Spa&query_place_id=ChIJAeSLi0fTD4gRw71rtpgpT_w"
"Innovative MedSpa","Chicago","1","SpaDerma","870","4.9","0.72","https://www.google.com/maps/search/?api=1&query=SpaDerma&query_place_id=ChIJxVWBtR_TD4gRPFv7tzp5Gyc"
"Innovative MedSpa","Chicago","2","SpaDerma","759","4.9","1.01","https://www.google.com/maps/search/?api=1&query=SpaDerma&query_place_id=ChIJ11yvObXTD4gRrpntat6lKMU"
"Innovative MedSpa","Chicago","3","Refine by Tulsi Med Spa","277","5.0","0.37","https://www.google.com/maps/search/?api=1&query=Refine%20by%20Tulsi%20Med%20Spa&query_place_id=ChIJxYr1NnvTD4gRYzi9-U3SvKk"
"Tres Jolie Medical Spa and Wellness Center","Chicago","1","SpaDerma","718","4.9","1.67","https://www.google.com/maps/search/?api=1&query=SpaDerma&query_place_id=ChIJUcbdQ9ksDogRJz6zAv8vhw4"
"Tres Jolie Medical Spa and Wellness Center","Chicago","2","Aesthetica by Dr. Adam","232","4.9","1.66","https://www.google.com/maps/search/?api=1&query=Aesthetica%20by%20Dr.%20Adam&query_place_id=ChIJnd6KUQktDogRoQ1zMcWDDF4"
"Tres Jolie Medical Spa and Wellness Center","Chicago","3","Luxura Med Spa","135","4.9","1.38","https://www.google.com/maps/search/?api=1&query=Luxura%20Med%20Spa&query_place_id=ChIJhZYHXa8tDogRoR9dejc-13E"
"Old Town Med Spa (Lincoln Park)","Chicago","1","SpaDerma","870","4.9","0.76","https://www.google.com/maps/search/?api=1&query=SpaDerma&query_place_id=ChIJxVWBtR_TD4gRPFv7tzp5Gyc"
"Old Town Med Spa (Lincoln Park)","Chicago","2","Shot Bar MedSpa","319","5.0","0.33","https://www.google.com/maps/search/?api=1&query=Shot%20Bar%20MedSpa&query_place_id=ChIJDZh_iN3TD4gRxeAlwORvtHw"
"Old Town Med Spa (Lincoln Park)","Chicago","3","Derma Bliss Medical Spa","313","4.8","0.34","https://www.google.com/maps/search/?api=1&query=Derma%20Bliss%20Medical%20Spa&query_place_id=ChIJEUu_CdvTD4gRrMrrNaFTuvQ"
"Pure Med Spa","Chicago","1","Dvida Spa | Med Spa Services 60654","605","4.9","0.29","https://www.google.com/maps/search/?api=1&query=Dvida%20Spa%20%7C%20Med%20Spa%20Services%2060654&query_place_id=ChIJ3c__BbQsDogR33xP9EeDYFw"
"Pure Med Spa","Chicago","2","Peachy Gold Coast","364","5.0","0.16","https://www.google.com/maps/search/?api=1&query=Peachy%20Gold%20Coast&query_place_id=ChIJeesNIxfTD4gRtuiVPmv31yY"
"Pure Med Spa","Chicago","3","Cadella Aesthetics","293","4.9","0.2","https://www.google.com/maps/search/?api=1&query=Cadella%20Aesthetics&query_place_id=ChIJf25AklHTD4gRmjrTuPZY6zk"
"Luxura Med Spa","Chicago","1","Aesthetica by Dr. Adam","232","4.9","1.75","https://www.google.com/maps/search/?api=1&query=Aesthetica%20by%20Dr.%20Adam&query_place_id=ChIJnd6KUQktDogRoQ1zMcWDDF4"
"Luxura Med Spa","Chicago","2","Tres Jolie Medical Spa and Wellness Center","135","4.8","1.38","https://www.google.com/maps/search/?api=1&query=Tres%20Jolie%20Medical%20Spa%20and%20Wellness%20Center&query_place_id=ChIJ65sc9B0tDogRPdTZhhNJdJ4"
"Luxura Med Spa","Chicago","3","Innovative MedSpa","130","4.9","1.86","https://www.google.com/maps/search/?api=1&query=Innovative%20MedSpa&query_place_id=ChIJtdcpg8MtDogRgnBHv-9uUwg"
"Olivo Med Spa","Chicago","1","ImageLab Med Spa","500","4.9","1.38","https://www.google.com/maps/search/?api=1&query=ImageLab%20Med%20Spa&query_place_id=ChIJaWOP0o3TD4gRCjvZr5RggFI"
"Olivo Med Spa","Chicago","2","Refine by Tulsi Med Spa","277","5.0","1.49","https://www.google.com/maps/search/?api=1&query=Refine%20by%20Tulsi%20Med%20Spa&query_place_id=ChIJxYr1NnvTD4gRYzi9-U3SvKk"
"Olivo Med Spa","Chicago","3","Innovative MedSpa","97","4.7","1.22","https://www.google.com/maps/search/?api=1&query=Innovative%20MedSpa&query_place_id=ChIJ65MjUNTTD4gRn4hRjSGYMGg"
"Viva La Med Spa-Old Town","Chicago","1","New Image Works","631","4.9","0.39","https://www.google.com/maps/search/?api=1&query=New%20Image%20Works&query_place_id=ChIJ4VzeaK3TD4gRm9RYQnVJ6N4"
"Viva La Med Spa-Old Town","Chicago","2","Old Town Med Spa (Lincoln Park)","411","4.9","0.92","https://www.google.com/maps/search/?api=1&query=Old%20Town%20Med%20Spa%20(Lincoln%20Park)&query_place_id=ChIJG3luVBDTD4gRwy0I4SUbrJQ"
"Viva La Med Spa-Old Town","Chicago","3","Derma Bliss Medical Spa","313","4.8","0.87","https://www.google.com/maps/search/?api=1&query=Derma%20Bliss%20Medical%20Spa&query_place_id=ChIJEUu_CdvTD4gRrMrrNaFTuvQ"
"Natural Beauty Med Spa","Chicago","1","Dvida Spa | Med Spa Services 60654","605","4.9","0.07","https://www.google.com/maps/search/?api=1&query=Dvida%20Spa%20%7C%20Med%20Spa%20Services%2060654&query_place_id=ChIJ3c__BbQsDogR33xP9EeDYFw"
"Natural Beauty Med Spa","Chicago","2","Old Town Med Spa","169","4.6","0.18","https://www.google.com/maps/search/?api=1&query=Old%20Town%20Med%20Spa&query_place_id=ChIJAeSLi0fTD4gRw71rtpgpT_w"
"Natural Beauty Med Spa","Chicago","3","VIO Med Spa","104","4.9","0.2","https://www.google.com/maps/search/?api=1&query=VIO%20Med%20Spa&query_place_id=ChIJKWFfedQtDogRGK42Jo4047w"
"SpaDerma","Chicago","1","Aesthetica by Dr. Adam","232","4.9","0.18","https://www.google.com/maps/search/?api=1&query=Aesthetica%20by%20Dr.%20Adam&query_place_id=ChIJnd6KUQktDogRoQ1zMcWDDF4"
"SpaDerma","Chicago","2","Chapter Aesthetic Studio","212","4.6","0.47","https://www.google.com/maps/search/?api=1&query=Chapter%20Aesthetic%20Studio&query_place_id=ChIJHVBZuY8tDogRA_u-vC1lej4"
"SpaDerma","Chicago","3","VITAHL Medical Aesthetics","110","4.8","0.09","https://www.google.com/maps/search/?api=1&query=VITAHL%20Medical%20Aesthetics&query_place_id=ChIJm6NR1tgsDogRgL9viwB2COY"
"SpaDerma","Chicago","1","ImageLab Med Spa","500","4.9","0.84","https://www.google.com/maps/search/?api=1&query=ImageLab%20Med%20Spa&query_place_id=ChIJaWOP0o3TD4gRCjvZr5RggFI"
"SpaDerma","Chicago","2","Fulcrum Aesthetics and Surgery","220","4.9","0.11","https://www.google.com/maps/search/?api=1&query=Fulcrum%20Aesthetics%20and%20Surgery&query_place_id=ChIJVcY9jbjTD4gRL3tCt319uCQ"
"SpaDerma","Chicago","3","Elite Chicago Spa","157","4.8","0.97","https://www.google.com/maps/search/?api=1&query=Elite%20Chicago%20Spa&query_place_id=ChIJcd34eqjTD4gRnyI7sBipJQM"
"Derma Bliss Medical Spa","Chicago","1","SpaDerma","870","4.9","1.1","https://www.google.com/maps/search/?api=1&query=SpaDerma&query_place_id=ChIJxVWBtR_TD4gRPFv7tzp5Gyc"
"Derma Bliss Medical Spa","Chicago","2","Viva La Med Spa-Old Town","507","4.7","0.87","https://www.google.com/maps/search/?api=1&query=Viva%20La%20Med%20Spa-Old%20Town&query_place_id=ChIJe5pjiIjTD4gRXYklgDn5DCs"
"Derma Bliss Medical Spa","Chicago","3","Old Town Med Spa (Lincoln Park)","411","4.9","0.34","https://www.google.com/maps/search/?api=1&query=Old%20Town%20Med%20Spa%20(Lincoln%20Park)&query_place_id=ChIJG3luVBDTD4gRwy0I4SUbrJQ"
"Chicago Aesthetics","Chicago","1","Dvida Spa | Med Spa Services 60654","605","4.9","0.28","https://www.google.com/maps/search/?api=1&query=Dvida%20Spa%20%7C%20Med%20Spa%20Services%2060654&query_place_id=ChIJ3c__BbQsDogR33xP9EeDYFw"
"Chicago Aesthetics","Chicago","2","Old Town Med Spa","169","4.6","0.15","https://www.google.com/maps/search/?api=1&query=Old%20Town%20Med%20Spa&query_place_id=ChIJAeSLi0fTD4gRw71rtpgpT_w"
"Chicago Aesthetics","Chicago","3","Innovative MedSpa","130","4.9","0.32","https://www.google.com/maps/search/?api=1&query=Innovative%20MedSpa&query_place_id=ChIJtdcpg8MtDogRgnBHv-9uUwg"
"Defined Medical Aesthetics by Dr. Daryl McKee","Chicago","1","Dvida Spa | Med Spa Services 60654","605","4.9","0.27","https://www.google.com/maps/search/?api=1&query=Dvida%20Spa%20%7C%20Med%20Spa%20Services%2060654&query_place_id=ChIJ3c__BbQsDogR33xP9EeDYFw"
"Defined Medical Aesthetics by Dr. Daryl McKee","Chicago","2","Natural Beauty Med Spa","246","4.9","0.3","https://www.google.com/maps/search/?api=1&query=Natural%20Beauty%20Med%20Spa&query_place_id=ChIJzfbQNE3TD4gRKhDOqj4KW1o"
"Defined Medical Aesthetics by Dr. Daryl McKee","Chicago","3","Chicago Aesthetics","209","4.8","0.11","https://www.google.com/maps/search/?api=1&query=Chicago%20Aesthetics&query_place_id=ChIJj75Z4dPTD4gRBV2oJ1xBIVk"
"Chicago Aesthetics Club","Chicago","1","Peachy Gold Coast","364","5.0","0.38","https://www.google.com/maps/search/?api=1&query=Peachy%20Gold%20Coast&query_place_id=ChIJeesNIxfTD4gRtuiVPmv31yY"
"Chicago Aesthetics Club","Chicago","2","Natural Beauty Med Spa","246","4.9","0.34","https://www.google.com/maps/search/?api=1&query=Natural%20Beauty%20Med%20Spa&query_place_id=ChIJzfbQNE3TD4gRKhDOqj4KW1o"
"Chicago Aesthetics Club","Chicago","3","Aesthetic Beauty Lounge, Inc","91","4.9","0.28","https://www.google.com/maps/search/?api=1&query=Aesthetic%20Beauty%20Lounge%2C%20Inc&query_place_id=ChIJNW_UhUktDogR6pYoU4AHB-s"
"Elevated By East Medical Aesthetics","Chicago","1","SpaDerma","759","4.9","1.28","https://www.google.com/maps/search/?api=1&query=SpaDerma&query_place_id=ChIJ11yvObXTD4gRrpntat6lKMU"
"Elevated By East Medical Aesthetics","Chicago","2","ImageLab Med Spa","500","4.9","0.8","https://www.google.com/maps/search/?api=1&query=ImageLab%20Med%20Spa&query_place_id=ChIJaWOP0o3TD4gRCjvZr5RggFI"
"Elevated By East Medical Aesthetics","Chicago","3","Fulcrum Aesthetics and Surgery","220","4.9","1.25","https://www.google.com/maps/search/?api=1&query=Fulcrum%20Aesthetics%20and%20Surgery&query_place_id=ChIJVcY9jbjTD4gRL3tCt319uCQ"
"Aesthetic Beauty Lounge, Inc","Chicago","1","Dvida Spa | Med Spa Services 60654","605","4.9","0.14","https://www.google.com/maps/search/?api=1&query=Dvida%20Spa%20%7C%20Med%20Spa%20Services%2060654&query_place_id=ChIJ3c__BbQsDogR33xP9EeDYFw"
"Aesthetic Beauty Lounge, Inc","Chicago","2","Natural Beauty Med Spa","246","4.9","0.14","https://www.google.com/maps/search/?api=1&query=Natural%20Beauty%20Med%20Spa&query_place_id=ChIJzfbQNE3TD4gRKhDOqj4KW1o"
"Aesthetic Beauty Lounge, Inc","Chicago","3","Old Town Med Spa","169","4.6","0.26","https://www.google.com/maps/search/?api=1&query=Old%20Town%20Med%20Spa&query_place_id=ChIJAeSLi0fTD4gRw71rtpgpT_w"
"Aesthetica by Dr. Adam","Chicago","1","SpaDerma","718","4.9","0.18","https://www.google.com/maps/search/?api=1&query=SpaDerma&query_place_id=ChIJUcbdQ9ksDogRJz6zAv8vhw4"
"Aesthetica by Dr. Adam","Chicago","2","Chapter Aesthetic Studio","212","4.6","0.38","https://www.google.com/maps/search/?api=1&query=Chapter%20Aesthetic%20Studio&query_place_id=ChIJHVBZuY8tDogRA_u-vC1lej4"
"Aesthetica by Dr. Adam","Chicago","3","VITAHL Medical Aesthetics","110","4.8","0.27","https://www.google.com/maps/search/?api=1&query=VITAHL%20Medical%20Aesthetics&query_place_id=ChIJm6NR1tgsDogRgL9viwB2COY"
"New Image Works","Chicago","1","Pure Med Spa","820","4.5","0.64","https://www.google.com/maps/search/?api=1&query=Pure%20Med%20Spa&query_place_id=ChIJgWWjc44tDogROqhuFiAKR4E"
"New Image Works","Chicago","2","Viva La Med Spa-Old Town","507","4.7","0.39","https://www.google.com/maps/search/?api=1&query=Viva%20La%20Med%20Spa-Old%20Town&query_place_id=ChIJe5pjiIjTD4gRXYklgDn5DCs"
"New Image Works","Chicago","3","Cadella Aesthetics","293","4.9","0.59","https://www.google.com/maps/search/?api=1&query=Cadella%20Aesthetics&query_place_id=ChIJf25AklHTD4gRmjrTuPZY6zk"
"Elysium Aesthetics + Longevity","Chicago","1","Chicago Aesthetics","209","4.8","0.32","https://www.google.com/maps/search/?api=1&query=Chicago%20Aesthetics&query_place_id=ChIJj75Z4dPTD4gRBV2oJ1xBIVk"
"Elysium Aesthetics + Longevity","Chicago","2","Old Town Med Spa","169","4.6","0.45","https://www.google.com/maps/search/?api=1&query=Old%20Town%20Med%20Spa&query_place_id=ChIJAeSLi0fTD4gRw71rtpgpT_w"
"Elysium Aesthetics + Longevity","Chicago","3","Innovative MedSpa","130","4.9","0.36","https://www.google.com/maps/search/?api=1&query=Innovative%20MedSpa&query_place_id=ChIJtdcpg8MtDogRgnBHv-9uUwg"
"Liv Aesthetics Chicago","Chicago","1","SpaDerma","718","4.9","0.15","https://www.google.com/maps/search/?api=1&query=SpaDerma&query_place_id=ChIJUcbdQ9ksDogRJz6zAv8vhw4"
"Liv Aesthetics Chicago","Chicago","2","Aesthetica by Dr. Adam","232","4.9","0.11","https://www.google.com/maps/search/?api=1&query=Aesthetica%20by%20Dr.%20Adam&query_place_id=ChIJnd6KUQktDogRoQ1zMcWDDF4"
"Liv Aesthetics Chicago","Chicago","3","Chapter Aesthetic Studio","212","4.6","0.32","https://www.google.com/maps/search/?api=1&query=Chapter%20Aesthetic%20Studio&query_place_id=ChIJHVBZuY8tDogRA_u-vC1lej4"
"MGMD Aesthetics","Chicago","1","SpaDerma","759","4.9","0.41","https://www.google.com/maps/search/?api=1&query=SpaDerma&query_place_id=ChIJ11yvObXTD4gRrpntat6lKMU"
"MGMD Aesthetics","Chicago","2","ImageLab Med Spa","500","4.9","0.47","https://www.google.com/maps/search/?api=1&query=ImageLab%20Med%20Spa&query_place_id=ChIJaWOP0o3TD4gRCjvZr5RggFI"
"MGMD Aesthetics","Chicago","3","Fulcrum Aesthetics and Surgery","220","4.9","0.35","https://www.google.com/maps/search/?api=1&query=Fulcrum%20Aesthetics%20and%20Surgery&query_place_id=ChIJVcY9jbjTD4gRL3tCt319uCQ"
"Aesthetics By Alyssa","Chicago","1","SpaDerma","718","4.9","0.38","https://www.google.com/maps/search/?api=1&query=SpaDerma&query_place_id=ChIJUcbdQ9ksDogRJz6zAv8vhw4"
"Aesthetics By Alyssa","Chicago","2","Chapter Aesthetic Studio","212","4.6","0.28","https://www.google.com/maps/search/?api=1&query=Chapter%20Aesthetic%20Studio&query_place_id=ChIJHVBZuY8tDogRA_u-vC1lej4"
"Aesthetics By Alyssa","Chicago","3","Liv Aesthetics Chicago","80","5.0","0.3","https://www.google.com/maps/search/?api=1&query=Liv%20Aesthetics%20Chicago&query_place_id=ChIJY1Tj1yotDogRPMceftki-m4"
"Concierge Aesthetics & Plastic Surgery","Chicago","1","Pure Med Spa","820","4.5","0.25","https://www.google.com/maps/search/?api=1&query=Pure%20Med%20Spa&query_place_id=ChIJgWWjc44tDogROqhuFiAKR4E"
"Concierge Aesthetics & Plastic Surgery","Chicago","2","Peachy Gold Coast","364","5.0","0.11","https://www.google.com/maps/search/?api=1&query=Peachy%20Gold%20Coast&query_place_id=ChIJeesNIxfTD4gRtuiVPmv31yY"
"Concierge Aesthetics & Plastic Surgery","Chicago","3","Cadella Aesthetics","293","4.9","0.11","https://www.google.com/maps/search/?api=1&query=Cadella%20Aesthetics&query_place_id=ChIJf25AklHTD4gRmjrTuPZY6zk"
"VITAHL Medical Aesthetics","Chicago","1","SpaDerma","718","4.9","0.09","https://www.google.com/maps/search/?api=1&query=SpaDerma&query_place_id=ChIJUcbdQ9ksDogRJz6zAv8vhw4"
"VITAHL Medical Aesthetics","Chicago","2","Aesthetica by Dr. Adam","232","4.9","0.27","https://www.google.com/maps/search/?api=1&query=Aesthetica%20by%20Dr.%20Adam&query_place_id=ChIJnd6KUQktDogRoQ1zMcWDDF4"
"VITAHL Medical Aesthetics","Chicago","3","Chapter Aesthetic Studio","212","4.6","0.55","https://www.google.com/maps/search/?api=1&query=Chapter%20Aesthetic%20Studio&query_place_id=ChIJHVBZuY8tDogRA_u-vC1lej4"
"Essex Skin Medical Aesthetics","Chicago","1","VITAHL Medical Aesthetics","110","4.8","1.31","https://www.google.com/maps/search/?api=1&query=VITAHL%20Medical%20Aesthetics&query_place_id=ChIJm6NR1tgsDogRgL9viwB2COY"
"Essex Skin Medical Aesthetics","Chicago","2","H Med Spa","71","4.9","1.01","https://www.google.com/maps/search/?api=1&query=H%20Med%20Spa&query_place_id=ChIJQ8wV3-XTD4gRlquuVGkjnvw"
"Essex Skin Medical Aesthetics","Chicago","3","Aesthetics By Alyssa","67","5.0","1.14","https://www.google.com/maps/search/?api=1&query=Aesthetics%20By%20Alyssa&query_place_id=ChIJoVz-Dc0tDogRvGGl9nFwJL0"
"Elite Chicago Spa","Chicago","1","SpaDerma","759","4.9","0.97","https://www.google.com/maps/search/?api=1&query=SpaDerma&query_place_id=ChIJ11yvObXTD4gRrpntat6lKMU"
"Elite Chicago Spa","Chicago","2","Fulcrum Aesthetics and Surgery","220","4.9","1.01","https://www.google.com/maps/search/?api=1&query=Fulcrum%20Aesthetics%20and%20Surgery&query_place_id=ChIJVcY9jbjTD4gRL3tCt319uCQ"
"Elite Chicago Spa","Chicago","3","Elevated By East Medical Aesthetics","92","5.0","0.77","https://www.google.com/maps/search/?api=1&query=Elevated%20By%20East%20Medical%20Aesthetics&query_place_id=ChIJZcdptG7TD4gROocHH7dMres"
"Cadella Aesthetics","Chicago","1","Pure Med Spa","820","4.5","0.2","https://www.google.com/maps/search/?api=1&query=Pure%20Med%20Spa&query_place_id=ChIJgWWjc44tDogROqhuFiAKR4E"
"Cadella Aesthetics","Chicago","2","Peachy Gold Coast","364","5.0","0.15","https://www.google.com/maps/search/?api=1&query=Peachy%20Gold%20Coast&query_place_id=ChIJeesNIxfTD4gRtuiVPmv31yY"
"Cadella Aesthetics","Chicago","3","Natural Beauty Med Spa","246","4.9","0.42","https://www.google.com/maps/search/?api=1&query=Natural%20Beauty%20Med%20Spa&query_place_id=ChIJzfbQNE3TD4gRKhDOqj4KW1o"
"Wrinkle Fairy","Chicago","1","Pure Med Spa","820","4.5","0.26","https://www.google.com/maps/search/?api=1&query=Pure%20Med%20Spa&query_place_id=ChIJgWWjc44tDogROqhuFiAKR4E"
"Wrinkle Fairy","Chicago","2","Peachy Gold Coast","364","5.0","0.15","https://www.google.com/maps/search/?api=1&query=Peachy%20Gold%20Coast&query_place_id=ChIJeesNIxfTD4gRtuiVPmv31yY"
"Wrinkle Fairy","Chicago","3","Cadella Aesthetics","293","4.9","0.08","https://www.google.com/maps/search/?api=1&query=Cadella%20Aesthetics&query_place_id=ChIJf25AklHTD4gRmjrTuPZY6zk"
"SpaDerma","Chicago","1","Old Town Med Spa (Lincoln Park)","411","4.9","0.76","https://www.google.com/maps/search/?api=1&query=Old%20Town%20Med%20Spa%20(Lincoln%20Park)&query_place_id=ChIJG3luVBDTD4gRwy0I4SUbrJQ"
"SpaDerma","Chicago","2","Refine by Tulsi Med Spa","277","5.0","0.35","https://www.google.com/maps/search/?api=1&query=Refine%20by%20Tulsi%20Med%20Spa&query_place_id=ChIJxYr1NnvTD4gRYzi9-U3SvKk"
"SpaDerma","Chicago","3","Better Med Spa & Wellness","148","4.8","0.58","https://www.google.com/maps/search/?api=1&query=Better%20Med%20Spa%20%26%20Wellness&query_place_id=ChIJx5tK82TTD4gRi92SzOORFH8"
"Peachy Gold Coast","Chicago","1","Pure Med Spa","820","4.5","0.16","https://www.google.com/maps/search/?api=1&query=Pure%20Med%20Spa&query_place_id=ChIJgWWjc44tDogROqhuFiAKR4E"
"Peachy Gold Coast","Chicago","2","Cadella Aesthetics","293","4.9","0.15","https://www.google.com/maps/search/?api=1&query=Cadella%20Aesthetics&query_place_id=ChIJf25AklHTD4gRmjrTuPZY6zk"
"Peachy Gold Coast","Chicago","3","Natural Beauty Med Spa","246","4.9","0.31","https://www.google.com/maps/search/?api=1&query=Natural%20Beauty%20Med%20Spa&query_place_id=ChIJzfbQNE3TD4gRKhDOqj4KW1o"
"VIO Med Spa","Naperville","1","Naperville Health & Wellness Clinic","168","4.9","0.9","https://www.google.com/maps/search/?api=1&query=Naperville%20Health%20%26%20Wellness%20Clinic&query_place_id=ChIJrcemD933DogR91x2qHJGx-s"
"VIO Med Spa","Naperville","2","true MEDSPA","125","5.0","1.38","https://www.google.com/maps/search/?api=1&query=true%20MEDSPA&query_place_id=ChIJMTfX2SH5DogRPmsCUInofUo"
"VIO Med Spa","Naperville","3","Lush Laser & Aesthetics Microneedling Laser Hair Removal","70","5.0","1.04","https://www.google.com/maps/search/?api=1&query=Lush%20Laser%20%26%20Aesthetics%20Microneedling%20Laser%20Hair%20Removal&query_place_id=ChIJ33kq2gz3DogRooxo7WWfdWA"
"RADIANT a medspa","Naperville","1","Concierge Aesthetics & Plastic Surgery","310","5.0","0.12","https://www.google.com/maps/search/?api=1&query=Concierge%20Aesthetics%20%26%20Plastic%20Surgery&query_place_id=ChIJY6lk5Z9XDogR8pPgxplr93o"
"RADIANT a medspa","Naperville","2","IVme Wellness + Aesthetics Naperville","209","5.0","0.11","https://www.google.com/maps/search/?api=1&query=IVme%20Wellness%20%2B%20Aesthetics%20Naperville&query_place_id=ChIJ5YAY3x5XDogRHpC_qNT0JYQ"
"RADIANT a medspa","Naperville","3","Spa Lane","41","5.0","0.25","https://www.google.com/maps/search/?api=1&query=Spa%20Lane&query_place_id=ChIJndMOHJ73DogR6ST5NAwdO7Q"
"Blue Seas Med Spa","Naperville","1","LaserAway Naperville","719","4.8","1.57","https://www.google.com/maps/search/?api=1&query=LaserAway%20Naperville&query_place_id=ChIJI_4_VKhXDogRGBc3v6FTHv0"
"Blue Seas Med Spa","Naperville","2","IVme Wellness + Aesthetics Naperville","209","5.0","2.19","https://www.google.com/maps/search/?api=1&query=IVme%20Wellness%20%2B%20Aesthetics%20Naperville&query_place_id=ChIJ5YAY3x5XDogRHpC_qNT0JYQ"
"Blue Seas Med Spa","Naperville","3","RADIANT a medspa","186","5.0","2.3","https://www.google.com/maps/search/?api=1&query=RADIANT%20a%20medspa&query_place_id=ChIJ6WAXsu5XDogRXz-Yg70uDFA"
"LuxeSkin Med Spa","Naperville","1","Concierge Aesthetics & Plastic Surgery","310","5.0","0.58","https://www.google.com/maps/search/?api=1&query=Concierge%20Aesthetics%20%26%20Plastic%20Surgery&query_place_id=ChIJY6lk5Z9XDogR8pPgxplr93o"
"LuxeSkin Med Spa","Naperville","2","RADIANT a medspa","186","5.0","0.69","https://www.google.com/maps/search/?api=1&query=RADIANT%20a%20medspa&query_place_id=ChIJ6WAXsu5XDogRXz-Yg70uDFA"
"LuxeSkin Med Spa","Naperville","3","Wrinkle Fairy","91","4.9","0.02","https://www.google.com/maps/search/?api=1&query=Wrinkle%20Fairy&query_place_id=ChIJoxJZoLVXDogRlKL0w9m7zg4"
"Santé Med Spa","Naperville","1","LifeSculpt","327","4.9","1.43","https://www.google.com/maps/search/?api=1&query=LifeSculpt&query_place_id=ChIJJ1CXdeZXDogRLcG8z0YY4Qw"
"Santé Med Spa","Naperville","2","Concierge Aesthetics & Plastic Surgery","310","5.0","1.66","https://www.google.com/maps/search/?api=1&query=Concierge%20Aesthetics%20%26%20Plastic%20Surgery&query_place_id=ChIJY6lk5Z9XDogR8pPgxplr93o"
"Santé Med Spa","Naperville","3","LuxeSkin Med Spa","222","4.9","1.68","https://www.google.com/maps/search/?api=1&query=LuxeSkin%20Med%20Spa&query_place_id=ChIJAQCw9lT2DogRRCZAuCvIOTk"
"true MEDSPA","Naperville","1","VIO Med Spa","244","4.8","1.38","https://www.google.com/maps/search/?api=1&query=VIO%20Med%20Spa&query_place_id=ChIJzxWDaEH3DogRlz3irLzo8SM"
"true MEDSPA","Naperville","2","Naperville Health & Wellness Clinic","168","4.9","1.33","https://www.google.com/maps/search/?api=1&query=Naperville%20Health%20%26%20Wellness%20Clinic&query_place_id=ChIJrcemD933DogR91x2qHJGx-s"
"true MEDSPA","Naperville","3","Suburban Healthcare Laser Aesthetics & Medspa","61","4.7","1.35","https://www.google.com/maps/search/?api=1&query=Suburban%20Healthcare%20Laser%20Aesthetics%20%26%20Medspa&query_place_id=ChIJX650vnH1DogRqBXPYaU8-Ao"
"Concierge Aesthetics & Plastic Surgery","Naperville","1","LifeSculpt","327","4.9","0.36","https://www.google.com/maps/search/?api=1&query=LifeSculpt&query_place_id=ChIJJ1CXdeZXDogRLcG8z0YY4Qw"
"Concierge Aesthetics & Plastic Surgery","Naperville","2","IVme Wellness + Aesthetics Naperville","209","5.0","0.22","https://www.google.com/maps/search/?api=1&query=IVme%20Wellness%20%2B%20Aesthetics%20Naperville&query_place_id=ChIJ5YAY3x5XDogRHpC_qNT0JYQ"
"Concierge Aesthetics & Plastic Surgery","Naperville","3","RADIANT a medspa","186","5.0","0.12","https://www.google.com/maps/search/?api=1&query=RADIANT%20a%20medspa&query_place_id=ChIJ6WAXsu5XDogRXz-Yg70uDFA"
"SMooth Solutions Medspa","Naperville","1","LifeSculpt","327","4.9","2.13","https://www.google.com/maps/search/?api=1&query=LifeSculpt&query_place_id=ChIJJ1CXdeZXDogRLcG8z0YY4Qw"
"SMooth Solutions Medspa","Naperville","2","Center for Cosmetic & Laser Surgery","245","4.8","0.49","https://www.google.com/maps/search/?api=1&query=Center%20for%20Cosmetic%20%26%20Laser%20Surgery&query_place_id=ChIJeZOnB3b3DogRcmVgvkOrmqE"
"SMooth Solutions Medspa","Naperville","3","Lush Laser & Aesthetics Microneedling Laser Hair Removal","70","5.0","1.82","https://www.google.com/maps/search/?api=1&query=Lush%20Laser%20%26%20Aesthetics%20Microneedling%20Laser%20Hair%20Removal&query_place_id=ChIJ33kq2gz3DogRooxo7WWfdWA"
"IVme Wellness + Aesthetics Naperville","Naperville","1","Concierge Aesthetics & Plastic Surgery","310","5.0","0.22","https://www.google.com/maps/search/?api=1&query=Concierge%20Aesthetics%20%26%20Plastic%20Surgery&query_place_id=ChIJY6lk5Z9XDogR8pPgxplr93o"
"IVme Wellness + Aesthetics Naperville","Naperville","2","RADIANT a medspa","186","5.0","0.11","https://www.google.com/maps/search/?api=1&query=RADIANT%20a%20medspa&query_place_id=ChIJ6WAXsu5XDogRXz-Yg70uDFA"
"IVme Wellness + Aesthetics Naperville","Naperville","3","Spa Lane","41","5.0","0.31","https://www.google.com/maps/search/?api=1&query=Spa%20Lane&query_place_id=ChIJndMOHJ73DogR6ST5NAwdO7Q"
"Naperville Health & Wellness Clinic","Naperville","1","VIO Med Spa","244","4.8","0.9","https://www.google.com/maps/search/?api=1&query=VIO%20Med%20Spa&query_place_id=ChIJzxWDaEH3DogRlz3irLzo8SM"
"Naperville Health & Wellness Clinic","Naperville","2","true MEDSPA","125","5.0","1.33","https://www.google.com/maps/search/?api=1&query=true%20MEDSPA&query_place_id=ChIJMTfX2SH5DogRPmsCUInofUo"
"Naperville Health & Wellness Clinic","Naperville","3","Lush Laser & Aesthetics Microneedling Laser Hair Removal","70","5.0","1.64","https://www.google.com/maps/search/?api=1&query=Lush%20Laser%20%26%20Aesthetics%20Microneedling%20Laser%20Hair%20Removal&query_place_id=ChIJ33kq2gz3DogRooxo7WWfdWA"
"Levore Aesthetics Med Spa","Naperville","1","LifeSculpt","327","4.9","1.27","https://www.google.com/maps/search/?api=1&query=LifeSculpt&query_place_id=ChIJJ1CXdeZXDogRLcG8z0YY4Qw"
"Levore Aesthetics Med Spa","Naperville","2","Concierge Aesthetics & Plastic Surgery","310","5.0","1.52","https://www.google.com/maps/search/?api=1&query=Concierge%20Aesthetics%20%26%20Plastic%20Surgery&query_place_id=ChIJY6lk5Z9XDogR8pPgxplr93o"
"Levore Aesthetics Med Spa","Naperville","3","RADIANT a medspa","186","5.0","1.59","https://www.google.com/maps/search/?api=1&query=RADIANT%20a%20medspa&query_place_id=ChIJ6WAXsu5XDogRXz-Yg70uDFA"
"Suburban Healthcare Laser Aesthetics & Medspa","Naperville","1","VIO Med Spa","244","4.8","0.16","https://www.google.com/maps/search/?api=1&query=VIO%20Med%20Spa&query_place_id=ChIJzxWDaEH3DogRlz3irLzo8SM"
"Suburban Healthcare Laser Aesthetics & Medspa","Naperville","2","Naperville Health & Wellness Clinic","168","4.9","0.74","https://www.google.com/maps/search/?api=1&query=Naperville%20Health%20%26%20Wellness%20Clinic&query_place_id=ChIJrcemD933DogR91x2qHJGx-s"
"Suburban Healthcare Laser Aesthetics & Medspa","Naperville","3","true MEDSPA","125","5.0","1.35","https://www.google.com/maps/search/?api=1&query=true%20MEDSPA&query_place_id=ChIJMTfX2SH5DogRPmsCUInofUo"
"Blue Seas Med Spa","Glen Ellyn","1","LightRx - Naperville","422","4.2","6.05","https://www.google.com/maps/search/?api=1&query=LightRx%20-%20Naperville&query_place_id=ChIJWxFF2rhXDogRqB6FN9RCZG4"
"Blue Seas Med Spa","Glen Ellyn","2","LuxeSkin Med Spa","222","4.9","7.78","https://www.google.com/maps/search/?api=1&query=LuxeSkin%20Med%20Spa&query_place_id=ChIJAQCw9lT2DogRRCZAuCvIOTk"
"Blue Seas Med Spa","Glen Ellyn","3","Wrinkle Fairy","91","4.9","7.76","https://www.google.com/maps/search/?api=1&query=Wrinkle%20Fairy&query_place_id=ChIJoxJZoLVXDogRlKL0w9m7zg4"
"LifeSculpt","Naperville","1","Concierge Aesthetics & Plastic Surgery","310","5.0","0.36","https://www.google.com/maps/search/?api=1&query=Concierge%20Aesthetics%20%26%20Plastic%20Surgery&query_place_id=ChIJY6lk5Z9XDogR8pPgxplr93o"
"LifeSculpt","Naperville","2","IVme Wellness + Aesthetics Naperville","209","5.0","0.45","https://www.google.com/maps/search/?api=1&query=IVme%20Wellness%20%2B%20Aesthetics%20Naperville&query_place_id=ChIJ5YAY3x5XDogRHpC_qNT0JYQ"
"LifeSculpt","Naperville","3","RADIANT a medspa","186","5.0","0.37","https://www.google.com/maps/search/?api=1&query=RADIANT%20a%20medspa&query_place_id=ChIJ6WAXsu5XDogRXz-Yg70uDFA"
"Center for Cosmetic & Laser Surgery","Naperville","1","LaserAway Naperville","719","4.8","1.71","https://www.google.com/maps/search/?api=1&query=LaserAway%20Naperville&query_place_id=ChIJI_4_VKhXDogRGBc3v6FTHv0"
"Center for Cosmetic & Laser Surgery","Naperville","2","SMooth Solutions Medspa","358","4.9","0.49","https://www.google.com/maps/search/?api=1&query=SMooth%20Solutions%20Medspa&query_place_id=ChIJW4Fjna_xDogRy-zLQw4u5G0"
"Center for Cosmetic & Laser Surgery","Naperville","3","LifeSculpt","327","4.9","1.92","https://www.google.com/maps/search/?api=1&query=LifeSculpt&query_place_id=ChIJJ1CXdeZXDogRLcG8z0YY4Qw"
"LightRx - Naperville","Naperville","1","Concierge Aesthetics & Plastic Surgery","310","5.0","2.27","https://www.google.com/maps/search/?api=1&query=Concierge%20Aesthetics%20%26%20Plastic%20Surgery&query_place_id=ChIJY6lk5Z9XDogR8pPgxplr93o"
"LightRx - Naperville","Naperville","2","LuxeSkin Med Spa","222","4.9","1.73","https://www.google.com/maps/search/?api=1&query=LuxeSkin%20Med%20Spa&query_place_id=ChIJAQCw9lT2DogRRCZAuCvIOTk"
"LightRx - Naperville","Naperville","3","Wrinkle Fairy","91","4.9","1.71","https://www.google.com/maps/search/?api=1&query=Wrinkle%20Fairy&query_place_id=ChIJoxJZoLVXDogRlKL0w9m7zg4"
"Wrinkle Fairy","Naperville","1","Concierge Aesthetics & Plastic Surgery","310","5.0","0.61","https://www.google.com/maps/search/?api=1&query=Concierge%20Aesthetics%20%26%20Plastic%20Surgery&query_place_id=ChIJY6lk5Z9XDogR8pPgxplr93o"
"Wrinkle Fairy","Naperville","2","LuxeSkin Med Spa","222","4.9","0.02","https://www.google.com/maps/search/?api=1&query=LuxeSkin%20Med%20Spa&query_place_id=ChIJAQCw9lT2DogRRCZAuCvIOTk"
"Wrinkle Fairy","Naperville","3","RADIANT a medspa","186","5.0","0.72","https://www.google.com/maps/search/?api=1&query=RADIANT%20a%20medspa&query_place_id=ChIJ6WAXsu5XDogRXz-Yg70uDFA"
"Limelight Medspa & Cosmetic Laser Centre","Plainfield","1","Naperville Health & Wellness Clinic","168","4.9","3.97","https://www.google.com/maps/search/?api=1&query=Naperville%20Health%20%26%20Wellness%20Clinic&query_place_id=ChIJrcemD933DogR91x2qHJGx-s"
"Limelight Medspa & Cosmetic Laser Centre","Plainfield","2","true MEDSPA","125","5.0","2.9","https://www.google.com/maps/search/?api=1&query=true%20MEDSPA&query_place_id=ChIJMTfX2SH5DogRPmsCUInofUo"
"Limelight Medspa & Cosmetic Laser Centre","Plainfield","3","Suburban Healthcare Laser Aesthetics & Medspa","61","4.7","4.23","https://www.google.com/maps/search/?api=1&query=Suburban%20Healthcare%20Laser%20Aesthetics%20%26%20Medspa&query_place_id=ChIJX650vnH1DogRqBXPYaU8-Ao"
"Skën Med Spa","Arlington","1","Honey Skincare Studio - Medical Spa","594","4.9","1.57","https://www.google.com/maps/search/?api=1&query=Honey%20Skincare%20Studio%20-%20Medical%20Spa&query_place_id=ChIJMbTk-Sa0t4kRzWg6g56Oxmo"
"Skën Med Spa","Arlington","2","Laser of Arlington","229","4.7","1.6","https://www.google.com/maps/search/?api=1&query=Laser%20of%20Arlington&query_place_id=ChIJecnY9IS2t4kRbxrHyjir2DM"
"Skën Med Spa","Arlington","3","Georgetown Rejuvenation Med Spa","181","4.9","1.25","https://www.google.com/maps/search/?api=1&query=Georgetown%20Rejuvenation%20Med%20Spa&query_place_id=ChIJQ_MdF5C2t4kRz5hiSJsyY1I"
"Purity Spa Med","Arlington","1","LaserAway Arlington VA","371","4.4","0.25","https://www.google.com/maps/search/?api=1&query=LaserAway%20Arlington%20VA&query_place_id=ChIJVQfcm8e3t4kRQ4mGrVPwuOQ"
"Purity Spa Med","Arlington","2","Laser of Arlington","229","4.7","0.56","https://www.google.com/maps/search/?api=1&query=Laser%20of%20Arlington&query_place_id=ChIJecnY9IS2t4kRbxrHyjir2DM"
"Purity Spa Med","Arlington","3","Dermestetics Arlington","202","5.0","0.5","https://www.google.com/maps/search/?api=1&query=Dermestetics%20Arlington&query_place_id=ChIJ1Q15MKS3t4kRFnu_RQwMHsA"
"Honey Skincare Studio - Medical Spa","Arlington","1","LaserAway Arlington VA","371","4.4","0.35","https://www.google.com/maps/search/?api=1&query=LaserAway%20Arlington%20VA&query_place_id=ChIJVQfcm8e3t4kRQ4mGrVPwuOQ"
"Honey Skincare Studio - Medical Spa","Arlington","2","Laser of Arlington","229","4.7","0.03","https://www.google.com/maps/search/?api=1&query=Laser%20of%20Arlington&query_place_id=ChIJecnY9IS2t4kRbxrHyjir2DM"
"Honey Skincare Studio - Medical Spa","Arlington","3","Dermestetics Arlington","202","5.0","0.08","https://www.google.com/maps/search/?api=1&query=Dermestetics%20Arlington&query_place_id=ChIJ1Q15MKS3t4kRFnu_RQwMHsA"
"Azure Dream Spa","Arlington","1","NM Aesthetics | Wellness","623","5.0","0.18","https://www.google.com/maps/search/?api=1&query=NM%20Aesthetics%20%7C%20Wellness&query_place_id=ChIJL-OQ8hGzt4kR2RkEQR5afug"
"Azure Dream Spa","Arlington","2","Vishka Skincare MedSpa","371","4.7","0.2","https://www.google.com/maps/search/?api=1&query=Vishka%20Skincare%20MedSpa&query_place_id=ChIJ6yWB5ZG2t4kR3Jx0Xvctdus"
"Azure Dream Spa","Arlington","3","Javan Wellness","312","5.0","0.13","https://www.google.com/maps/search/?api=1&query=Javan%20Wellness&query_place_id=ChIJ_b6NsHm1t4kR_ag3tJwBlp4"
"Javan Wellness","Arlington","1","NM Aesthetics | Wellness","623","5.0","0.17","https://www.google.com/maps/search/?api=1&query=NM%20Aesthetics%20%7C%20Wellness&query_place_id=ChIJL-OQ8hGzt4kR2RkEQR5afug"
"Javan Wellness","Arlington","2","Azure Dream Spa","514","4.7","0.13","https://www.google.com/maps/search/?api=1&query=Azure%20Dream%20Spa&query_place_id=ChIJTxbNNIi2t4kRIzHaANwXo58"
"Javan Wellness","Arlington","3","Vishka Skincare MedSpa","371","4.7","0.32","https://www.google.com/maps/search/?api=1&query=Vishka%20Skincare%20MedSpa&query_place_id=ChIJ6yWB5ZG2t4kR3Jx0Xvctdus"
"NM Aesthetics | Wellness","Arlington","1","Azure Dream Spa","514","4.7","0.18","https://www.google.com/maps/search/?api=1&query=Azure%20Dream%20Spa&query_place_id=ChIJTxbNNIi2t4kRIzHaANwXo58"
"NM Aesthetics | Wellness","Arlington","2","Vishka Skincare MedSpa","371","4.7","0.36","https://www.google.com/maps/search/?api=1&query=Vishka%20Skincare%20MedSpa&query_place_id=ChIJ6yWB5ZG2t4kR3Jx0Xvctdus"
"NM Aesthetics | Wellness","Arlington","3","Javan Wellness","312","5.0","0.17","https://www.google.com/maps/search/?api=1&query=Javan%20Wellness&query_place_id=ChIJ_b6NsHm1t4kR_ag3tJwBlp4"
"Georgetown Rejuvenation Med Spa","Arlington","1","Honey Skincare Studio - Medical Spa","594","4.9","0.39","https://www.google.com/maps/search/?api=1&query=Honey%20Skincare%20Studio%20-%20Medical%20Spa&query_place_id=ChIJMbTk-Sa0t4kRzWg6g56Oxmo"
"Georgetown Rejuvenation Med Spa","Arlington","2","Laser of Arlington","229","4.7","0.4","https://www.google.com/maps/search/?api=1&query=Laser%20of%20Arlington&query_place_id=ChIJecnY9IS2t4kRbxrHyjir2DM"
"Georgetown Rejuvenation Med Spa","Arlington","3","Dermestetics Arlington","202","5.0","0.39","https://www.google.com/maps/search/?api=1&query=Dermestetics%20Arlington&query_place_id=ChIJ1Q15MKS3t4kRFnu_RQwMHsA"
"Lemelana","Arlington","1","GLO30 National Landing","343","4.9","2.38","https://www.google.com/maps/search/?api=1&query=GLO30%20National%20Landing&query_place_id=ChIJaTebPdu3t4kRiwfmkS1JRwU"
"Lemelana","Arlington","2","Javan Wellness","312","5.0","2.88","https://www.google.com/maps/search/?api=1&query=Javan%20Wellness&query_place_id=ChIJ_b6NsHm1t4kR_ag3tJwBlp4"
"Lemelana","Arlington","3","Georgetown Rejuvenation Med Spa","181","4.9","2.79","https://www.google.com/maps/search/?api=1&query=Georgetown%20Rejuvenation%20Med%20Spa&query_place_id=ChIJQ_MdF5C2t4kRz5hiSJsyY1I"
"blue sky laser & tox","Arlington","1","SkinDC","1473","4.7","0.11","https://www.google.com/maps/search/?api=1&query=SkinDC&query_place_id=ChIJrz5Mnl62t4kROljJgUXgJ14"
"blue sky laser & tox","Arlington","2","Purity Spa Med","568","4.8","0.67","https://www.google.com/maps/search/?api=1&query=Purity%20Spa%20Med&query_place_id=ChIJrSRuGhq1t4kRKu4LAwk2zqY"
"blue sky laser & tox","Arlington","3","LaserAway Arlington VA","371","4.4","0.91","https://www.google.com/maps/search/?api=1&query=LaserAway%20Arlington%20VA&query_place_id=ChIJVQfcm8e3t4kRQ4mGrVPwuOQ"
"Nilou MedSpa","Arlington","1","Honey Skincare Studio - Medical Spa","594","4.9","0.58","https://www.google.com/maps/search/?api=1&query=Honey%20Skincare%20Studio%20-%20Medical%20Spa&query_place_id=ChIJMbTk-Sa0t4kRzWg6g56Oxmo"
"Nilou MedSpa","Arlington","2","Laser of Arlington","229","4.7","0.58","https://www.google.com/maps/search/?api=1&query=Laser%20of%20Arlington&query_place_id=ChIJecnY9IS2t4kRbxrHyjir2DM"
"Nilou MedSpa","Arlington","3","Dermestetics Arlington","202","5.0","0.55","https://www.google.com/maps/search/?api=1&query=Dermestetics%20Arlington&query_place_id=ChIJ1Q15MKS3t4kRFnu_RQwMHsA"
"Vishka Skincare MedSpa","Arlington","1","NM Aesthetics | Wellness","623","5.0","0.36","https://www.google.com/maps/search/?api=1&query=NM%20Aesthetics%20%7C%20Wellness&query_place_id=ChIJL-OQ8hGzt4kR2RkEQR5afug"
"Vishka Skincare MedSpa","Arlington","2","Azure Dream Spa","514","4.7","0.2","https://www.google.com/maps/search/?api=1&query=Azure%20Dream%20Spa&query_place_id=ChIJTxbNNIi2t4kRIzHaANwXo58"
"Vishka Skincare MedSpa","Arlington","3","Javan Wellness","312","5.0","0.32","https://www.google.com/maps/search/?api=1&query=Javan%20Wellness&query_place_id=ChIJ_b6NsHm1t4kR_ag3tJwBlp4"
"Laser of Arlington","Arlington","1","Honey Skincare Studio - Medical Spa","594","4.9","0.03","https://www.google.com/maps/search/?api=1&query=Honey%20Skincare%20Studio%20-%20Medical%20Spa&query_place_id=ChIJMbTk-Sa0t4kRzWg6g56Oxmo"
"Laser of Arlington","Arlington","2","LaserAway Arlington VA","371","4.4","0.32","https://www.google.com/maps/search/?api=1&query=LaserAway%20Arlington%20VA&query_place_id=ChIJVQfcm8e3t4kRQ4mGrVPwuOQ"
"Laser of Arlington","Arlington","3","Dermestetics Arlington","202","5.0","0.06","https://www.google.com/maps/search/?api=1&query=Dermestetics%20Arlington&query_place_id=ChIJ1Q15MKS3t4kRFnu_RQwMHsA"
"Kensho Derm","Arlington","1","NM Aesthetics | Wellness","623","5.0","0.34","https://www.google.com/maps/search/?api=1&query=NM%20Aesthetics%20%7C%20Wellness&query_place_id=ChIJL-OQ8hGzt4kR2RkEQR5afug"
"Kensho Derm","Arlington","2","Azure Dream Spa","514","4.7","0.17","https://www.google.com/maps/search/?api=1&query=Azure%20Dream%20Spa&query_place_id=ChIJTxbNNIi2t4kRIzHaANwXo58"
"Kensho Derm","Arlington","3","Vishka Skincare MedSpa","371","4.7","0.03","https://www.google.com/maps/search/?api=1&query=Vishka%20Skincare%20MedSpa&query_place_id=ChIJ6yWB5ZG2t4kR3Jx0Xvctdus"
"Eyes on Skin Aesthetics","Arlington","1","NM Aesthetics | Wellness","623","5.0","0.09","https://www.google.com/maps/search/?api=1&query=NM%20Aesthetics%20%7C%20Wellness&query_place_id=ChIJL-OQ8hGzt4kR2RkEQR5afug"
"Eyes on Skin Aesthetics","Arlington","2","Azure Dream Spa","514","4.7","0.21","https://www.google.com/maps/search/?api=1&query=Azure%20Dream%20Spa&query_place_id=ChIJTxbNNIi2t4kRIzHaANwXo58"
"Eyes on Skin Aesthetics","Arlington","3","Vishka Skincare MedSpa","371","4.7","0.36","https://www.google.com/maps/search/?api=1&query=Vishka%20Skincare%20MedSpa&query_place_id=ChIJ6yWB5ZG2t4kR3Jx0Xvctdus"
"Blue Aesthetics","Arlington","1","Purity Spa Med","568","4.8","0.16","https://www.google.com/maps/search/?api=1&query=Purity%20Spa%20Med&query_place_id=ChIJrSRuGhq1t4kRKu4LAwk2zqY"
"Blue Aesthetics","Arlington","2","LaserAway Arlington VA","371","4.4","0.4","https://www.google.com/maps/search/?api=1&query=LaserAway%20Arlington%20VA&query_place_id=ChIJVQfcm8e3t4kRQ4mGrVPwuOQ"
"Blue Aesthetics","Arlington","3","blue sky laser & tox","177","4.9","0.52","https://www.google.com/maps/search/?api=1&query=blue%20sky%20laser%20%26%20tox&query_place_id=ChIJreoQnRG1t4kRVHIaRfP7mVo"
"GLO30 National Landing","Arlington","1","Georgetown Rejuvenation Med Spa","181","4.9","2.33","https://www.google.com/maps/search/?api=1&query=Georgetown%20Rejuvenation%20Med%20Spa&query_place_id=ChIJQ_MdF5C2t4kRz5hiSJsyY1I"
"GLO30 National Landing","Arlington","2","blue sky laser & tox","177","4.9","2.54","https://www.google.com/maps/search/?api=1&query=blue%20sky%20laser%20%26%20tox&query_place_id=ChIJreoQnRG1t4kRVHIaRfP7mVo"
"GLO30 National Landing","Arlington","3","ProMD Health Arlington","169","4.6","2.52","https://www.google.com/maps/search/?api=1&query=ProMD%20Health%20Arlington&query_place_id=ChIJHfloULS3t4kRkJC9euI4ypA"
"Dermestetics Arlington","Arlington","1","Honey Skincare Studio - Medical Spa","594","4.9","0.08","https://www.google.com/maps/search/?api=1&query=Honey%20Skincare%20Studio%20-%20Medical%20Spa&query_place_id=ChIJMbTk-Sa0t4kRzWg6g56Oxmo"
"Dermestetics Arlington","Arlington","2","LaserAway Arlington VA","371","4.4","0.27","https://www.google.com/maps/search/?api=1&query=LaserAway%20Arlington%20VA&query_place_id=ChIJVQfcm8e3t4kRQ4mGrVPwuOQ"
"Dermestetics Arlington","Arlington","3","Laser of Arlington","229","4.7","0.06","https://www.google.com/maps/search/?api=1&query=Laser%20of%20Arlington&query_place_id=ChIJecnY9IS2t4kRbxrHyjir2DM"
"ProMD Health Arlington","Arlington","1","SkinDC","1473","4.7","0.07","https://www.google.com/maps/search/?api=1&query=SkinDC&query_place_id=ChIJrz5Mnl62t4kROljJgUXgJ14"
"ProMD Health Arlington","Arlington","2","Purity Spa Med","568","4.8","0.75","https://www.google.com/maps/search/?api=1&query=Purity%20Spa%20Med&query_place_id=ChIJrSRuGhq1t4kRKu4LAwk2zqY"
"ProMD Health Arlington","Arlington","3","LaserAway Arlington VA","371","4.4","0.99","https://www.google.com/maps/search/?api=1&query=LaserAway%20Arlington%20VA&query_place_id=ChIJVQfcm8e3t4kRQ4mGrVPwuOQ"
"Jolie Aesthetics & Wellness","Arlington","1","FirstCare Walk-In Medical Center","331","4.4","7.16","https://www.google.com/maps/search/?api=1&query=FirstCare%20Walk-In%20Medical%20Center&query_place_id=ChIJoSHZhNAX3YkR2kazDjekCkk"
"DeRosa Center Plastic Surgery and Med Spa","Boston","1","All In One Laser","412","5.0","6.57","https://www.google.com/maps/search/?api=1&query=All%20In%20One%20Laser&query_place_id=ChIJLcjSvA5444kRUXmwbWWDkcE"
"DeRosa Center Plastic Surgery and Med Spa","Boston","2","Four Seasons Hotel One Dalton Street, Boston","388","4.6","0.62","https://www.google.com/maps/search/?api=1&query=Four%20Seasons%20Hotel%20One%20Dalton%20Street%2C%20Boston&query_place_id=ChIJW0u45p1744kR3-G-c08U83Q"
"DeRosa Center Plastic Surgery and Med Spa","Boston","3","Sway Spa","262","4.8","0.99","https://www.google.com/maps/search/?api=1&query=Sway%20Spa&query_place_id=ChIJj-MaKQN644kRbsAPt4mAKWg"
"SkinDC","Arlington","1","Purity Spa Med","568","4.8","0.76","https://www.google.com/maps/search/?api=1&query=Purity%20Spa%20Med&query_place_id=ChIJrSRuGhq1t4kRKu4LAwk2zqY"
"SkinDC","Arlington","2","LaserAway Arlington VA","371","4.4","1.01","https://www.google.com/maps/search/?api=1&query=LaserAway%20Arlington%20VA&query_place_id=ChIJVQfcm8e3t4kRQ4mGrVPwuOQ"
"SkinDC","Arlington","3","blue sky laser & tox","177","4.9","0.11","https://www.google.com/maps/search/?api=1&query=blue%20sky%20laser%20%26%20tox&query_place_id=ChIJreoQnRG1t4kRVHIaRfP7mVo"
"Generations Medical Aesthetics","Reston","1","LaserAway Reston","240","4.7","0.9","https://www.google.com/maps/search/?api=1&query=LaserAway%20Reston&query_place_id=ChIJ5dzTJsdJtokRFQK3g6clRD4"
"Generations Medical Aesthetics","Reston","2","Aesthetic Chemistry Medspa","74","5.0","1.01","https://www.google.com/maps/search/?api=1&query=Aesthetic%20Chemistry%20Medspa&query_place_id=ChIJP7C7FcRJtokR4GYG-o3210Q"
"Generations Medical Aesthetics","Reston","3","Modern Med Aesthetics & Wellness","35","5.0","0.65","https://www.google.com/maps/search/?api=1&query=Modern%20Med%20Aesthetics%20%26%20Wellness&query_place_id=ChIJDQa_dFpJtokR5YydTYuNvXc"
"Aesthetic Chemistry Medspa","Reston","1","Dr. Morgana Colombo: Integrated Dermatology & Laser Center of Reston","984","4.7","0.34","https://www.google.com/maps/search/?api=1&query=Dr.%20Morgana%20Colombo%3A%20Integrated%20Dermatology%20%26%20Laser%20Center%20of%20Reston&query_place_id=ChIJnVUMBzJItokRvYfCbMl3wtk"
"Aesthetic Chemistry Medspa","Reston","2","Austin-Weston, The Center For Cosmetic Surgery","603","4.9","0.66","https://www.google.com/maps/search/?api=1&query=Austin-Weston%2C%20The%20Center%20For%20Cosmetic%20Surgery&query_place_id=ChIJ3VpbGM1JtokRi7HpurSc8UM"
"Aesthetic Chemistry Medspa","Reston","3","Generations Medical Aesthetics","523","4.9","1.01","https://www.google.com/maps/search/?api=1&query=Generations%20Medical%20Aesthetics&query_place_id=ChIJOwu5JBNItokRR64U6skW9c8"
"WellMedica Aesthetic & Anti-Aging Medicine - Dr. Dima Ali","Reston","1","Dr. Morgana Colombo: Integrated Dermatology & Laser Center of Reston","984","4.7","1.04","https://www.google.com/maps/search/?api=1&query=Dr.%20Morgana%20Colombo%3A%20Integrated%20Dermatology%20%26%20Laser%20Center%20of%20Reston&query_place_id=ChIJnVUMBzJItokRvYfCbMl3wtk"
"WellMedica Aesthetic & Anti-Aging Medicine - Dr. Dima Ali","Reston","2","Austin-Weston, The Center For Cosmetic Surgery","603","4.9","0.47","https://www.google.com/maps/search/?api=1&query=Austin-Weston%2C%20The%20Center%20For%20Cosmetic%20Surgery&query_place_id=ChIJ3VpbGM1JtokRi7HpurSc8UM"
"WellMedica Aesthetic & Anti-Aging Medicine - Dr. Dima Ali","Reston","3","Aesthetic Chemistry Medspa","74","5.0","1.02","https://www.google.com/maps/search/?api=1&query=Aesthetic%20Chemistry%20Medspa&query_place_id=ChIJP7C7FcRJtokR4GYG-o3210Q"
"RxWellness Aesthetics & Anti-Aging - Herndon/Reston","Herndon","1","The Naderi Center for Plastic Surgery & Dermatology","722","4.9","1.85","https://www.google.com/maps/search/?api=1&query=The%20Naderi%20Center%20for%20Plastic%20Surgery%20%26%20Dermatology&query_place_id=ChIJlx01mJDJt4kRsdP5mbQsg7Y"
"RxWellness Aesthetics & Anti-Aging - Herndon/Reston","Herndon","2","Reston Dermatology + Cosmetic Center","670","4.6","1.8","https://www.google.com/maps/search/?api=1&query=Reston%20Dermatology%20%2B%20Cosmetic%20Center&query_place_id=ChIJ7wY3Yx1ItokR4n4izfhFVx4"
"RxWellness Aesthetics & Anti-Aging - Herndon/Reston","Herndon","3","Kyss Med Spa","55","4.6","1.54","https://www.google.com/maps/search/?api=1&query=Kyss%20Med%20Spa&query_place_id=ChIJV1JNh6o3tokRuH0iDfer5To"
"Reston Dermatology + Cosmetic Center","Reston","1","The Naderi Center for Plastic Surgery & Dermatology","722","4.9","0.07","https://www.google.com/maps/search/?api=1&query=The%20Naderi%20Center%20for%20Plastic%20Surgery%20%26%20Dermatology&query_place_id=ChIJlx01mJDJt4kRsdP5mbQsg7Y"
"Reston Dermatology + Cosmetic Center","Reston","2","Rostami OPC","323","4.8","0.08","https://www.google.com/maps/search/?api=1&query=Rostami%20OPC&query_place_id=ChIJ4VpFMB1ItokRfP72_Fu3n8Q"
"Reston Dermatology + Cosmetic Center","Reston","3","LaserAway Reston","240","4.7","0.51","https://www.google.com/maps/search/?api=1&query=LaserAway%20Reston&query_place_id=ChIJ5dzTJsdJtokRFQK3g6clRD4"
"Aura Medical Spa","Vienna","1","Austin-Weston, The Center For Cosmetic Surgery","603","4.9","4.85","https://www.google.com/maps/search/?api=1&query=Austin-Weston%2C%20The%20Center%20For%20Cosmetic%20Surgery&query_place_id=ChIJ3VpbGM1JtokRi7HpurSc8UM"
"Aura Medical Spa","Vienna","2","WellMedica Aesthetic & Anti-Aging Medicine - Dr. Dima Ali","195","4.9","4.45","https://www.google.com/maps/search/?api=1&query=WellMedica%20Aesthetic%20%26%20Anti-Aging%20Medicine%20-%20Dr.%20Dima%20Ali&query_place_id=ChIJQwpwI8lJtokRjxc8XZdyAXE"
"Aura Medical Spa","Vienna","3","Technique: Aesthetics & Wellness","58","5.0","4.25","https://www.google.com/maps/search/?api=1&query=Technique%3A%20Aesthetics%20%26%20Wellness&query_place_id=ChIJJx06NOM3tokRCgGK-paEnFc"
"The Naderi Center for Plastic Surgery & Dermatology","Reston","1","Reston Dermatology + Cosmetic Center","670","4.6","0.07","https://www.google.com/maps/search/?api=1&query=Reston%20Dermatology%20%2B%20Cosmetic%20Center&query_place_id=ChIJ7wY3Yx1ItokR4n4izfhFVx4"
"The Naderi Center for Plastic Surgery & Dermatology","Reston","2","Rostami OPC","323","4.8","0.0","https://www.google.com/maps/search/?api=1&query=Rostami%20OPC&query_place_id=ChIJ4VpFMB1ItokRfP72_Fu3n8Q"
"The Naderi Center for Plastic Surgery & Dermatology","Reston","3","LaserAway Reston","240","4.7","0.43","https://www.google.com/maps/search/?api=1&query=LaserAway%20Reston&query_place_id=ChIJ5dzTJsdJtokRFQK3g6clRD4"
"Dr. Morgana Colombo: Integrated Dermatology & Laser Center of Reston","Reston","1","Austin-Weston, The Center For Cosmetic Surgery","603","4.9","0.59","https://www.google.com/maps/search/?api=1&query=Austin-Weston%2C%20The%20Center%20For%20Cosmetic%20Surgery&query_place_id=ChIJ3VpbGM1JtokRi7HpurSc8UM"
"Dr. Morgana Colombo: Integrated Dermatology & Laser Center of Reston","Reston","2","WellMedica Aesthetic & Anti-Aging Medicine - Dr. Dima Ali","195","4.9","1.04","https://www.google.com/maps/search/?api=1&query=WellMedica%20Aesthetic%20%26%20Anti-Aging%20Medicine%20-%20Dr.%20Dima%20Ali&query_place_id=ChIJQwpwI8lJtokRjxc8XZdyAXE"
"Dr. Morgana Colombo: Integrated Dermatology & Laser Center of Reston","Reston","3","Aesthetic Chemistry Medspa","74","5.0","0.34","https://www.google.com/maps/search/?api=1&query=Aesthetic%20Chemistry%20Medspa&query_place_id=ChIJP7C7FcRJtokR4GYG-o3210Q"
"Austin-Weston, The Center For Cosmetic Surgery","Reston","1","Dr. Morgana Colombo: Integrated Dermatology & Laser Center of Reston","984","4.7","0.59","https://www.google.com/maps/search/?api=1&query=Dr.%20Morgana%20Colombo%3A%20Integrated%20Dermatology%20%26%20Laser%20Center%20of%20Reston&query_place_id=ChIJnVUMBzJItokRvYfCbMl3wtk"
"Austin-Weston, The Center For Cosmetic Surgery","Reston","2","WellMedica Aesthetic & Anti-Aging Medicine - Dr. Dima Ali","195","4.9","0.47","https://www.google.com/maps/search/?api=1&query=WellMedica%20Aesthetic%20%26%20Anti-Aging%20Medicine%20-%20Dr.%20Dima%20Ali&query_place_id=ChIJQwpwI8lJtokRjxc8XZdyAXE"
"Austin-Weston, The Center For Cosmetic Surgery","Reston","3","Aesthetic Chemistry Medspa","74","5.0","0.66","https://www.google.com/maps/search/?api=1&query=Aesthetic%20Chemistry%20Medspa&query_place_id=ChIJP7C7FcRJtokR4GYG-o3210Q"
"Rostami OPC","Reston","1","The Naderi Center for Plastic Surgery & Dermatology","722","4.9","0.0","https://www.google.com/maps/search/?api=1&query=The%20Naderi%20Center%20for%20Plastic%20Surgery%20%26%20Dermatology&query_place_id=ChIJlx01mJDJt4kRsdP5mbQsg7Y"
"Rostami OPC","Reston","2","Reston Dermatology + Cosmetic Center","670","4.6","0.08","https://www.google.com/maps/search/?api=1&query=Reston%20Dermatology%20%2B%20Cosmetic%20Center&query_place_id=ChIJ7wY3Yx1ItokR4n4izfhFVx4"
"Rostami OPC","Reston","3","LaserAway Reston","240","4.7","0.43","https://www.google.com/maps/search/?api=1&query=LaserAway%20Reston&query_place_id=ChIJ5dzTJsdJtokRFQK3g6clRD4"
"Las Vegas Aesthetics®","Las Vegas","1","Center For Aesthetic Medicine","131","4.8","1.18","https://www.google.com/maps/search/?api=1&query=Center%20For%20Aesthetic%20Medicine&query_place_id=ChIJOZF2YozAyIARDxbUz3evfik"
"Las Vegas Aesthetics®","Las Vegas","2","BeautyGoalsLV","121","4.7","0.15","https://www.google.com/maps/search/?api=1&query=BeautyGoalsLV&query_place_id=ChIJeV13FyO_yIARVR-pbV4V3mA"
"Las Vegas Aesthetics®","Las Vegas","3","LuxeFactor Aesthetics","104","5.0","0.26","https://www.google.com/maps/search/?api=1&query=LuxeFactor%20Aesthetics&query_place_id=ChIJr1Biup6_yIARqJ6SPi0ys7Y"
"Advanced Aesthetics","Las Vegas","1","The Look Med Spa","440","4.9","0.78","https://www.google.com/maps/search/?api=1&query=The%20Look%20Med%20Spa&query_place_id=ChIJXWTijY3ByIAR-07ZnMzjGj0"
"Advanced Aesthetics","Las Vegas","2","Chic la Vie","429","4.8","0.9","https://www.google.com/maps/search/?api=1&query=Chic%20la%20Vie&query_place_id=ChIJeSAqB2S_yIARsAiphLf2SLs"
"Advanced Aesthetics","Las Vegas","3","Premier Aesthetics","106","5.0","1.27","https://www.google.com/maps/search/?api=1&query=Premier%20Aesthetics&query_place_id=ChIJx5c10FjByIARZbg_-k0iPhE"
"Center For Aesthetic Medicine","Las Vegas","1","Chic la Vie","429","4.8","1.29","https://www.google.com/maps/search/?api=1&query=Chic%20la%20Vie&query_place_id=ChIJeSAqB2S_yIARsAiphLf2SLs"
"Center For Aesthetic Medicine","Las Vegas","2","Las Vegas Aesthetics®","218","4.9","1.18","https://www.google.com/maps/search/?api=1&query=Las%20Vegas%20Aesthetics%C2%AE&query_place_id=ChIJCRNG-57AyIAR0ACtLU_xCwk"
"Center For Aesthetic Medicine","Las Vegas","3","BeautyGoalsLV","121","4.7","1.05","https://www.google.com/maps/search/?api=1&query=BeautyGoalsLV&query_place_id=ChIJeV13FyO_yIARVR-pbV4V3mA"
"The Aesthetics Lab Med Spa & Wellness","Las Vegas","1","White Coat Aesthetics","228","4.9","0.68","https://www.google.com/maps/search/?api=1&query=White%20Coat%20Aesthetics&query_place_id=ChIJM5laQW_ByIARDn1R0JmnPgU"
"The Aesthetics Lab Med Spa & Wellness","Las Vegas","2","No Lines By Design","132","4.7","0.71","https://www.google.com/maps/search/?api=1&query=No%20Lines%20By%20Design&query_place_id=ChIJdc3LsJzqyIARe0Sn3EhI47c"
"The Aesthetics Lab Med Spa & Wellness","Las Vegas","3","bluepoint medical spa","79","4.5","0.99","https://www.google.com/maps/search/?api=1&query=bluepoint%20medical%20spa&query_place_id=ChIJqUOeNJzqyIART_aI6HqQxO8"
"Advanced Aesthetics - Centennial","Las Vegas","1","The Aesthetics Lab Med Spa & Wellness","127","4.9","5.12","https://www.google.com/maps/search/?api=1&query=The%20Aesthetics%20Lab%20Med%20Spa%20%26%20Wellness&query_place_id=ChIJ75JhWobryIARsa_J5Ypn1hk"
"Advanced Aesthetics - Centennial","Las Vegas","2","bluepoint medical spa","79","4.5","4.23","https://www.google.com/maps/search/?api=1&query=bluepoint%20medical%20spa&query_place_id=ChIJqUOeNJzqyIART_aI6HqQxO8"
"Advanced Aesthetics - Centennial","Las Vegas","3","Seamless Aesthetics","61","4.8","0.99","https://www.google.com/maps/search/?api=1&query=Seamless%20Aesthetics&query_place_id=ChIJ7_uJz-PpyIARpnmTZtueDG0"
"Chic la Vie","Las Vegas","1","Advanced Aesthetics","2508","4.9","0.9","https://www.google.com/maps/search/?api=1&query=Advanced%20Aesthetics&query_place_id=ChIJxR4xV-fAyIARyfOhs6O0OZA"
"Chic la Vie","Las Vegas","2","The Look Med Spa","440","4.9","0.13","https://www.google.com/maps/search/?api=1&query=The%20Look%20Med%20Spa&query_place_id=ChIJXWTijY3ByIAR-07ZnMzjGj0"
"Chic la Vie","Las Vegas","3","Premier Aesthetics","106","5.0","0.37","https://www.google.com/maps/search/?api=1&query=Premier%20Aesthetics&query_place_id=ChIJx5c10FjByIARZbg_-k0iPhE"
"LuxeFactor Aesthetics","Las Vegas","1","Las Vegas Aesthetics®","218","4.9","0.26","https://www.google.com/maps/search/?api=1&query=Las%20Vegas%20Aesthetics%C2%AE&query_place_id=ChIJCRNG-57AyIAR0ACtLU_xCwk"
"LuxeFactor Aesthetics","Las Vegas","2","Center For Aesthetic Medicine","131","4.8","0.99","https://www.google.com/maps/search/?api=1&query=Center%20For%20Aesthetic%20Medicine&query_place_id=ChIJOZF2YozAyIARDxbUz3evfik"
"LuxeFactor Aesthetics","Las Vegas","3","BeautyGoalsLV","121","4.7","0.12","https://www.google.com/maps/search/?api=1&query=BeautyGoalsLV&query_place_id=ChIJeV13FyO_yIARVR-pbV4V3mA"
"The Look Med Spa","Las Vegas","1","Advanced Aesthetics","2508","4.9","0.78","https://www.google.com/maps/search/?api=1&query=Advanced%20Aesthetics&query_place_id=ChIJxR4xV-fAyIARyfOhs6O0OZA"
"The Look Med Spa","Las Vegas","2","Chic la Vie","429","4.8","0.13","https://www.google.com/maps/search/?api=1&query=Chic%20la%20Vie&query_place_id=ChIJeSAqB2S_yIARsAiphLf2SLs"
"The Look Med Spa","Las Vegas","3","Premier Aesthetics","106","5.0","0.5","https://www.google.com/maps/search/?api=1&query=Premier%20Aesthetics&query_place_id=ChIJx5c10FjByIARZbg_-k0iPhE"
"White Coat Aesthetics","Las Vegas","1","No Lines By Design","132","4.7","0.04","https://www.google.com/maps/search/?api=1&query=No%20Lines%20By%20Design&query_place_id=ChIJdc3LsJzqyIARe0Sn3EhI47c"
"White Coat Aesthetics","Las Vegas","2","The Aesthetics Lab Med Spa & Wellness","127","4.9","0.68","https://www.google.com/maps/search/?api=1&query=The%20Aesthetics%20Lab%20Med%20Spa%20%26%20Wellness&query_place_id=ChIJ75JhWobryIARsa_J5Ypn1hk"
"White Coat Aesthetics","Las Vegas","3","bluepoint medical spa","79","4.5","1.22","https://www.google.com/maps/search/?api=1&query=bluepoint%20medical%20spa&query_place_id=ChIJqUOeNJzqyIART_aI6HqQxO8"
"Premier Aesthetics","Las Vegas","1","Advanced Aesthetics","2508","4.9","1.27","https://www.google.com/maps/search/?api=1&query=Advanced%20Aesthetics&query_place_id=ChIJxR4xV-fAyIARyfOhs6O0OZA"
"Premier Aesthetics","Las Vegas","2","The Look Med Spa","440","4.9","0.5","https://www.google.com/maps/search/?api=1&query=The%20Look%20Med%20Spa&query_place_id=ChIJXWTijY3ByIAR-07ZnMzjGj0"
"Premier Aesthetics","Las Vegas","3","Chic la Vie","429","4.8","0.37","https://www.google.com/maps/search/?api=1&query=Chic%20la%20Vie&query_place_id=ChIJeSAqB2S_yIARsAiphLf2SLs"
"Seamless Aesthetics","Las Vegas","1","Advanced Aesthetics - Centennial","725","5.0","0.99","https://www.google.com/maps/search/?api=1&query=Advanced%20Aesthetics%20-%20Centennial&query_place_id=ChIJezY0OkPryIARUYpzYdHLBV8"
"Seamless Aesthetics","Las Vegas","2","Flawless Medspa Las Vegas","248","4.5","4.76","https://www.google.com/maps/search/?api=1&query=Flawless%20Medspa%20Las%20Vegas&query_place_id=ChIJo6h67yjAyIARJKrkviQ1yiI"
"Seamless Aesthetics","Las Vegas","3","bluepoint medical spa","79","4.5","3.9","https://www.google.com/maps/search/?api=1&query=bluepoint%20medical%20spa&query_place_id=ChIJqUOeNJzqyIART_aI6HqQxO8"
"Flawless Medspa Las Vegas","Las Vegas","1","Parie Med Spa","347","4.9","1.12","https://www.google.com/maps/search/?api=1&query=Parie%20Med%20Spa&query_place_id=ChIJGSERWQC_yIARz3MfVIIJ-fc"
"Flawless Medspa Las Vegas","Las Vegas","2","White Coat Aesthetics","228","4.9","2.34","https://www.google.com/maps/search/?api=1&query=White%20Coat%20Aesthetics&query_place_id=ChIJM5laQW_ByIARDn1R0JmnPgU"
"Flawless Medspa Las Vegas","Las Vegas","3","No Lines By Design","132","4.7","2.35","https://www.google.com/maps/search/?api=1&query=No%20Lines%20By%20Design&query_place_id=ChIJdc3LsJzqyIARe0Sn3EhI47c"
"Revenge MD","Las Vegas","1","5 Years Younger","138","4.9","1.62","https://www.google.com/maps/search/?api=1&query=5%20Years%20Younger&query_place_id=ChIJLdpn4q7GyIAR2O_Xd98-8qA"
"Revenge MD","Las Vegas","2","BeautyGoalsLV","121","4.7","1.66","https://www.google.com/maps/search/?api=1&query=BeautyGoalsLV&query_place_id=ChIJeV13FyO_yIARVR-pbV4V3mA"
"Revenge MD","Las Vegas","3","LuxeFactor Aesthetics","104","5.0","1.6","https://www.google.com/maps/search/?api=1&query=LuxeFactor%20Aesthetics&query_place_id=ChIJr1Biup6_yIARqJ6SPi0ys7Y"
"BeautyGoalsLV","Las Vegas","1","Las Vegas Aesthetics®","218","4.9","0.15","https://www.google.com/maps/search/?api=1&query=Las%20Vegas%20Aesthetics%C2%AE&query_place_id=ChIJCRNG-57AyIAR0ACtLU_xCwk"
"BeautyGoalsLV","Las Vegas","2","Center For Aesthetic Medicine","131","4.8","1.05","https://www.google.com/maps/search/?api=1&query=Center%20For%20Aesthetic%20Medicine&query_place_id=ChIJOZF2YozAyIARDxbUz3evfik"
"BeautyGoalsLV","Las Vegas","3","Premier Aesthetics","106","5.0","1.56","https://www.google.com/maps/search/?api=1&query=Premier%20Aesthetics&query_place_id=ChIJx5c10FjByIARZbg_-k0iPhE"
"Richards Cosmetic Surgery","Las Vegas","1","Las Vegas Aesthetics®","218","4.9","1.93","https://www.google.com/maps/search/?api=1&query=Las%20Vegas%20Aesthetics%C2%AE&query_place_id=ChIJCRNG-57AyIAR0ACtLU_xCwk"
"Richards Cosmetic Surgery","Las Vegas","2","Sculpt Spa","196","4.9","1.36","https://www.google.com/maps/search/?api=1&query=Sculpt%20Spa&query_place_id=ChIJU2t1b1m5yIAR2kHlbbxsmqg"
"Richards Cosmetic Surgery","Las Vegas","3","BeautyGoalsLV","121","4.7","2.0","https://www.google.com/maps/search/?api=1&query=BeautyGoalsLV&query_place_id=ChIJeV13FyO_yIARVR-pbV4V3mA"
"No Lines By Design","Las Vegas","1","White Coat Aesthetics","228","4.9","0.04","https://www.google.com/maps/search/?api=1&query=White%20Coat%20Aesthetics&query_place_id=ChIJM5laQW_ByIARDn1R0JmnPgU"
"No Lines By Design","Las Vegas","2","The Aesthetics Lab Med Spa & Wellness","127","4.9","0.71","https://www.google.com/maps/search/?api=1&query=The%20Aesthetics%20Lab%20Med%20Spa%20%26%20Wellness&query_place_id=ChIJ75JhWobryIARsa_J5Ypn1hk"
"No Lines By Design","Las Vegas","3","bluepoint medical spa","79","4.5","1.26","https://www.google.com/maps/search/?api=1&query=bluepoint%20medical%20spa&query_place_id=ChIJqUOeNJzqyIART_aI6HqQxO8"
"Ageless Las Vegas","Las Vegas","1","New U Natural Beauty","473","4.7","2.08","https://www.google.com/maps/search/?api=1&query=New%20U%20Natural%20Beauty&query_place_id=ChIJdVQ7rrbGyIARlj_fJUAIZ30"
"Ageless Las Vegas","Las Vegas","2","Kalologie | ARIA Resort | IV Therapy & More","427","4.9","0.55","https://www.google.com/maps/search/?api=1&query=Kalologie%20%7C%20ARIA%20Resort%20%7C%20IV%20Therapy%20%26%20More&query_place_id=ChIJiUX0j6jFyIARliwszXzHZKw"
"Ageless Las Vegas","Las Vegas","3","SKIN","96","4.9","1.77","https://www.google.com/maps/search/?api=1&query=SKIN&query_place_id=ChIJp1uKXK_HyIARnkEr2PptJKM"
"New U Natural Beauty","Las Vegas","1","Advanced Aesthetics","2508","4.9","2.31","https://www.google.com/maps/search/?api=1&query=Advanced%20Aesthetics&query_place_id=ChIJxR4xV-fAyIARyfOhs6O0OZA"
"New U Natural Beauty","Las Vegas","2","Kalologie | ARIA Resort | IV Therapy & More","427","4.9","2.36","https://www.google.com/maps/search/?api=1&query=Kalologie%20%7C%20ARIA%20Resort%20%7C%20IV%20Therapy%20%26%20More&query_place_id=ChIJiUX0j6jFyIARliwszXzHZKw"
"New U Natural Beauty","Las Vegas","3","Ageless Las Vegas","183","4.9","2.08","https://www.google.com/maps/search/?api=1&query=Ageless%20Las%20Vegas&query_place_id=ChIJbSfleWa5yIAR2o0Mclz5gy0"
"5 Years Younger","Las Vegas","1","White Coat Aesthetics","228","4.9","1.88","https://www.google.com/maps/search/?api=1&query=White%20Coat%20Aesthetics&query_place_id=ChIJM5laQW_ByIARDn1R0JmnPgU"
"5 Years Younger","Las Vegas","2","No Lines By Design","132","4.7","1.84","https://www.google.com/maps/search/?api=1&query=No%20Lines%20By%20Design&query_place_id=ChIJdc3LsJzqyIARe0Sn3EhI47c"
"5 Years Younger","Las Vegas","3","Revenge MD","102","4.5","1.62","https://www.google.com/maps/search/?api=1&query=Revenge%20MD&query_place_id=ChIJSf9Lp7LRyIARHbiegBoznZo"
"Glamour Me Medical Spa","Henderson","1","Abrams Aesthetics & Hair Restoration","98","5.0","0.88","https://www.google.com/maps/search/?api=1&query=Abrams%20Aesthetics%20%26%20Hair%20Restoration&query_place_id=ChIJ8c6G1MHPyIARb-LMYuE2GPY"
"Glamour Me Medical Spa","Henderson","2","Francesca's Facelift","54","4.3","1.26","https://www.google.com/maps/search/?api=1&query=Francesca's%20Facelift&query_place_id=ChIJHd9CNPrNyIARf2BMHSU9Fmo"
"Glamour Me Medical Spa","Henderson","3","Esthetika MedSpa - By Ageless Las Vegas","52","5.0","0.44","https://www.google.com/maps/search/?api=1&query=Esthetika%20MedSpa%20-%20By%20Ageless%20Las%20Vegas&query_place_id=ChIJkSO_cwTNyIARuGAWitVok-4"
"Advanced Aesthetics - Henderson","Henderson","1","Ideal Image Henderson","890","4.7","0.82","https://www.google.com/maps/search/?api=1&query=Ideal%20Image%20Henderson&query_place_id=ChIJR7Z-jNrRyIARUydsH26LmNI"
"Advanced Aesthetics - Henderson","Henderson","2","Tru Beauty by Trevor","543","5.0","0.74","https://www.google.com/maps/search/?api=1&query=Tru%20Beauty%20by%20Trevor&query_place_id=ChIJocyWNpW_yIARdQeC1NcheiQ"
"Advanced Aesthetics - Henderson","Henderson","3","Face Forward Aesthetics","242","4.5","0.2","https://www.google.com/maps/search/?api=1&query=Face%20Forward%20Aesthetics&query_place_id=ChIJvQXkFlHPyIARG9taEeQz0KU"
"[ Skin + Tonic ]","Henderson","1","Glamour Me Medical Spa","66","5.0","2.88","https://www.google.com/maps/search/?api=1&query=Glamour%20Me%20Medical%20Spa&query_place_id=ChIJ3X3ttv3HyIAR-vU6iBi_6po"
"[ Skin + Tonic ]","Henderson","2","Francesca's Facelift","54","4.3","3.01","https://www.google.com/maps/search/?api=1&query=Francesca's%20Facelift&query_place_id=ChIJHd9CNPrNyIARf2BMHSU9Fmo"
"[ Skin + Tonic ]","Henderson","3","Esthetika MedSpa - By Ageless Las Vegas","52","5.0","2.61","https://www.google.com/maps/search/?api=1&query=Esthetika%20MedSpa%20-%20By%20Ageless%20Las%20Vegas&query_place_id=ChIJkSO_cwTNyIARuGAWitVok-4"
"Exotica Skin Care","Henderson","1","Oasis Beauty Medical Aesthetics","101","4.9","0.92","https://www.google.com/maps/search/?api=1&query=Oasis%20Beauty%20Medical%20Aesthetics&query_place_id=ChIJ1QuWWiLOyIARBtKogYqfjrE"
"Exotica Skin Care","Henderson","2","Elicea Aesthetics","53","5.0","0.91","https://www.google.com/maps/search/?api=1&query=Elicea%20Aesthetics&query_place_id=ChIJp1hYa5vPyIARL6IrVs50LoE"
"Exotica Skin Care","Henderson","3","NuCanvas Aesthetics and Wellness Center","45","5.0","0.37","https://www.google.com/maps/search/?api=1&query=NuCanvas%20Aesthetics%20and%20Wellness%20Center&query_place_id=ChIJG45arhHPyIAR0MwHRIeJ9EQ"
"The Treatment Skin Boutique Henderson","Henderson","1","Ideal Image Henderson","890","4.7","0.51","https://www.google.com/maps/search/?api=1&query=Ideal%20Image%20Henderson&query_place_id=ChIJR7Z-jNrRyIARUydsH26LmNI"
"The Treatment Skin Boutique Henderson","Henderson","2","LaserAway Henderson","741","4.9","0.1","https://www.google.com/maps/search/?api=1&query=LaserAway%20Henderson&query_place_id=ChIJ2SRJIjbRyIARTmbuASiEiFo"
"The Treatment Skin Boutique Henderson","Henderson","3","NakedMD Med Spa Henderson","485","5.0","0.33","https://www.google.com/maps/search/?api=1&query=NakedMD%20Med%20Spa%20Henderson&query_place_id=ChIJ2Yl6mYLRyIARQZ5BAfCutrg"
"Remarkable Aesthetics","Henderson","1","Infuze Aesthetics & Wellness Center","92","4.8","0.84","https://www.google.com/maps/search/?api=1&query=Infuze%20Aesthetics%20%26%20Wellness%20Center&query_place_id=ChIJX-XbYwLOyIARr5XedgyZn30"
"Remarkable Aesthetics","Henderson","2","Henderson Med Spa","48","4.9","0.2","https://www.google.com/maps/search/?api=1&query=Henderson%20Med%20Spa&query_place_id=ChIJuXR1vSXRyIARLFCdzc97uj4"
"Remarkable Aesthetics","Henderson","3","Amethyst Aesthetics","20","5.0","0.91","https://www.google.com/maps/search/?api=1&query=Amethyst%20Aesthetics&query_place_id=ChIJk0JVfRzRyIARK7YPvTLPq80"
"Face Forward Aesthetics","Henderson","1","Advanced Aesthetics - Henderson","1426","4.9","0.2","https://www.google.com/maps/search/?api=1&query=Advanced%20Aesthetics%20-%20Henderson&query_place_id=ChIJ6dxuRSzOyIAR0Pm4MJtCw2w"
"Face Forward Aesthetics","Henderson","2","Ideal Image Henderson","890","4.7","1.0","https://www.google.com/maps/search/?api=1&query=Ideal%20Image%20Henderson&query_place_id=ChIJR7Z-jNrRyIARUydsH26LmNI"
"Face Forward Aesthetics","Henderson","3","Tru Beauty by Trevor","543","5.0","0.85","https://www.google.com/maps/search/?api=1&query=Tru%20Beauty%20by%20Trevor&query_place_id=ChIJocyWNpW_yIARdQeC1NcheiQ"
"Oasis Beauty Medical Aesthetics","Henderson","1","LaserAway Henderson","741","4.9","0.78","https://www.google.com/maps/search/?api=1&query=LaserAway%20Henderson&query_place_id=ChIJ2SRJIjbRyIARTmbuASiEiFo"
"Oasis Beauty Medical Aesthetics","Henderson","2","Regenerate Medical Concierge","364","4.9","0.82","https://www.google.com/maps/search/?api=1&query=Regenerate%20Medical%20Concierge&query_place_id=ChIJFSjI093RyIARBttN-TISMg8"
"Oasis Beauty Medical Aesthetics","Henderson","3","Insight Healthcare","118","5.0","0.64","https://www.google.com/maps/search/?api=1&query=Insight%20Healthcare&query_place_id=ChIJHSNVwrLRH4oRPOksRC6OM6Y"
"Tru Beauty by Trevor","Henderson","1","Advanced Aesthetics - Henderson","1426","4.9","0.74","https://www.google.com/maps/search/?api=1&query=Advanced%20Aesthetics%20-%20Henderson&query_place_id=ChIJ6dxuRSzOyIAR0Pm4MJtCw2w"
"Tru Beauty by Trevor","Henderson","2","Ideal Image Henderson","890","4.7","0.49","https://www.google.com/maps/search/?api=1&query=Ideal%20Image%20Henderson&query_place_id=ChIJR7Z-jNrRyIARUydsH26LmNI"
"Tru Beauty by Trevor","Henderson","3","NakedMD Med Spa Henderson","485","5.0","0.75","https://www.google.com/maps/search/?api=1&query=NakedMD%20Med%20Spa%20Henderson&query_place_id=ChIJ2Yl6mYLRyIARQZ5BAfCutrg"
"BP Royal Medspa","Henderson","1","Tru Beauty by Trevor","543","5.0","3.33","https://www.google.com/maps/search/?api=1&query=Tru%20Beauty%20by%20Trevor&query_place_id=ChIJocyWNpW_yIARdQeC1NcheiQ"
"BP Royal Medspa","Henderson","2","Remarkable Aesthetics","143","5.0","2.5","https://www.google.com/maps/search/?api=1&query=Remarkable%20Aesthetics&query_place_id=ChIJCSV4ILHRyIAR4Fr48pGo0q8"
"BP Royal Medspa","Henderson","3","Infuze Aesthetics & Wellness Center","92","4.8","3.33","https://www.google.com/maps/search/?api=1&query=Infuze%20Aesthetics%20%26%20Wellness%20Center&query_place_id=ChIJX-XbYwLOyIARr5XedgyZn30"
"Abrams Aesthetics & Hair Restoration","Henderson","1","Exotica Skin Care","554","4.9","1.01","https://www.google.com/maps/search/?api=1&query=Exotica%20Skin%20Care&query_place_id=ChIJoTDpHAfOyIARlRstqZYCo9Q"
"Abrams Aesthetics & Hair Restoration","Henderson","2","Oasis Beauty Medical Aesthetics","101","4.9","0.92","https://www.google.com/maps/search/?api=1&query=Oasis%20Beauty%20Medical%20Aesthetics&query_place_id=ChIJ1QuWWiLOyIARBtKogYqfjrE"
"Abrams Aesthetics & Hair Restoration","Henderson","3","Glamour Me Medical Spa","66","5.0","0.88","https://www.google.com/maps/search/?api=1&query=Glamour%20Me%20Medical%20Spa&query_place_id=ChIJ3X3ttv3HyIAR-vU6iBi_6po"
"Insight Healthcare","Henderson","1","Advanced Aesthetics - Henderson","1426","4.9","0.34","https://www.google.com/maps/search/?api=1&query=Advanced%20Aesthetics%20-%20Henderson&query_place_id=ChIJ6dxuRSzOyIAR0Pm4MJtCw2w"
"Insight Healthcare","Henderson","2","Face Forward Aesthetics","242","4.5","0.44","https://www.google.com/maps/search/?api=1&query=Face%20Forward%20Aesthetics&query_place_id=ChIJvQXkFlHPyIARG9taEeQz0KU"
"Insight Healthcare","Henderson","3","Oasis Beauty Medical Aesthetics","101","4.9","0.64","https://www.google.com/maps/search/?api=1&query=Oasis%20Beauty%20Medical%20Aesthetics&query_place_id=ChIJ1QuWWiLOyIARBtKogYqfjrE"
"Aesthetics MedSpa","Reno","1","Restore Hyper Wellness","178","4.8","1.27","https://www.google.com/maps/search/?api=1&query=Restore%20Hyper%20Wellness&query_place_id=ChIJp4O-q0pHmYARvmTkaFHwqdg"
"Aesthetics MedSpa","Reno","2","Rivé Plastic Surgery","149","4.7","1.78","https://www.google.com/maps/search/?api=1&query=Riv%C3%A9%20Plastic%20Surgery&query_place_id=ChIJ4aRrekdBmYARDdDGtTWZDRw"
"Aesthetics MedSpa","Reno","3","Avionce Aesthetics Medical Spa & Salon Suites","124","5.0","3.91","https://www.google.com/maps/search/?api=1&query=Avionce%20Aesthetics%20Medical%20Spa%20%26%20Salon%20Suites&query_place_id=ChIJ95GZVDAVmYARnXUuci2RMy8"
"Renew MD Medical Spa","Reno","1","Ideal Image Reno","1134","4.8","0.72","https://www.google.com/maps/search/?api=1&query=Ideal%20Image%20Reno&query_place_id=ChIJ3chidvk_mYARPaC0baRhX3I"
"Renew MD Medical Spa","Reno","2","Posh Medical Spa","326","4.9","0.38","https://www.google.com/maps/search/?api=1&query=Posh%20Medical%20Spa&query_place_id=ChIJa2QqAPY_mYARM5DTpdrPN5U"
"Renew MD Medical Spa","Reno","3","New Theory Medical","123","4.9","0.63","https://www.google.com/maps/search/?api=1&query=New%20Theory%20Medical&query_place_id=ChIJP3eDfZNBmYARv_TgFPjRcJM"
"Ritual Aesthetics and Wellness","Reno","1","The Beauty & Wellness Collective by Injection Gal","406","4.9","0.24","https://www.google.com/maps/search/?api=1&query=The%20Beauty%20%26%20Wellness%20Collective%20by%20Injection%20Gal&query_place_id=ChIJw9XRB8g_mYAReKRzVLDKyxQ"
"Ritual Aesthetics and Wellness","Reno","2","Skin Clinique","110","5.0","0.14","https://www.google.com/maps/search/?api=1&query=Skin%20Clinique&query_place_id=ChIJde-06Rk_mYARW0rh3KTnW7Q"
"Ritual Aesthetics and Wellness","Reno","3","Smoke and Honey Aesthetics","88","5.0","0.68","https://www.google.com/maps/search/?api=1&query=Smoke%20and%20Honey%20Aesthetics&query_place_id=ChIJK_RL6w8_mYARMM7SRx_AoJ0"
"BARE Beauty & Medical Spa","Reno","1","Bonaldi Aesthetics","480","5.0","0.71","https://www.google.com/maps/search/?api=1&query=Bonaldi%20Aesthetics&query_place_id=ChIJEw5ql21AmYARoTk4nooqDqc"
"BARE Beauty & Medical Spa","Reno","2","Posh Medical Spa","326","4.9","0.58","https://www.google.com/maps/search/?api=1&query=Posh%20Medical%20Spa&query_place_id=ChIJa2QqAPY_mYARM5DTpdrPN5U"
"BARE Beauty & Medical Spa","Reno","3","Renew MD Medical Spa","129","4.9","0.35","https://www.google.com/maps/search/?api=1&query=Renew%20MD%20Medical%20Spa&query_place_id=ChIJ1-bfgxQVmYARnkDozNG7IIo"
"Posh Medical Spa","Reno","1","Ideal Image Reno","1134","4.8","0.46","https://www.google.com/maps/search/?api=1&query=Ideal%20Image%20Reno&query_place_id=ChIJ3chidvk_mYARPaC0baRhX3I"
"Posh Medical Spa","Reno","2","Renew MD Medical Spa","129","4.9","0.38","https://www.google.com/maps/search/?api=1&query=Renew%20MD%20Medical%20Spa&query_place_id=ChIJ1-bfgxQVmYARnkDozNG7IIo"
"Posh Medical Spa","Reno","3","New Theory Medical","123","4.9","0.46","https://www.google.com/maps/search/?api=1&query=New%20Theory%20Medical&query_place_id=ChIJP3eDfZNBmYARv_TgFPjRcJM"
"Alpine Aesthetics and Wellness","Reno","1","Avionce Aesthetics Medical Spa & Salon Suites","124","5.0","0.84","https://www.google.com/maps/search/?api=1&query=Avionce%20Aesthetics%20Medical%20Spa%20%26%20Salon%20Suites&query_place_id=ChIJ95GZVDAVmYARnXUuci2RMy8"
"Alpine Aesthetics and Wellness","Reno","2","Bella Grey Medical Spa","81","4.6","0.56","https://www.google.com/maps/search/?api=1&query=Bella%20Grey%20Medical%20Spa&query_place_id=ChIJM47AZfNHmYAR_TTq9Eezlqo"
"Alpine Aesthetics and Wellness","Reno","3","4 Elements Spa LLC","76","4.9","1.9","https://www.google.com/maps/search/?api=1&query=4%20Elements%20Spa%20LLC&query_place_id=ChIJ-8CLjHw_mYARd9fQ6DRLheU"
"Bella Grey Medical Spa","Reno","1","Avionce Aesthetics Medical Spa & Salon Suites","124","5.0","0.63","https://www.google.com/maps/search/?api=1&query=Avionce%20Aesthetics%20Medical%20Spa%20%26%20Salon%20Suites&query_place_id=ChIJ95GZVDAVmYARnXUuci2RMy8"
"Bella Grey Medical Spa","Reno","2","Alpine Aesthetics and Wellness","103","5.0","0.56","https://www.google.com/maps/search/?api=1&query=Alpine%20Aesthetics%20and%20Wellness&query_place_id=ChIJaXc1xzxBmYARPeku0hPM_NA"
"Bella Grey Medical Spa","Reno","3","ProAge Medical Spa","24","5.0","0.02","https://www.google.com/maps/search/?api=1&query=ProAge%20Medical%20Spa&query_place_id=ChIJPV9VhFdBmYAReUnXBV5ongM"
"Avionce Aesthetics Medical Spa & Salon Suites","Reno","1","Alpine Aesthetics and Wellness","103","5.0","0.84","https://www.google.com/maps/search/?api=1&query=Alpine%20Aesthetics%20and%20Wellness&query_place_id=ChIJaXc1xzxBmYARPeku0hPM_NA"
"Avionce Aesthetics Medical Spa & Salon Suites","Reno","2","Bella Grey Medical Spa","81","4.6","0.63","https://www.google.com/maps/search/?api=1&query=Bella%20Grey%20Medical%20Spa&query_place_id=ChIJM47AZfNHmYAR_TTq9Eezlqo"
"Avionce Aesthetics Medical Spa & Salon Suites","Reno","3","4 Elements Spa LLC","76","4.9","1.07","https://www.google.com/maps/search/?api=1&query=4%20Elements%20Spa%20LLC&query_place_id=ChIJ-8CLjHw_mYARd9fQ6DRLheU"
"Skin Clinique","Reno","1","The Beauty & Wellness Collective by Injection Gal","406","4.9","0.12","https://www.google.com/maps/search/?api=1&query=The%20Beauty%20%26%20Wellness%20Collective%20by%20Injection%20Gal&query_place_id=ChIJw9XRB8g_mYAReKRzVLDKyxQ"
"Skin Clinique","Reno","2","Ritual Aesthetics and Wellness","159","5.0","0.14","https://www.google.com/maps/search/?api=1&query=Ritual%20Aesthetics%20and%20Wellness&query_place_id=ChIJwxfLEH4_mYAR0fbUYbbiDGI"
"Skin Clinique","Reno","3","Smoke and Honey Aesthetics","88","5.0","0.57","https://www.google.com/maps/search/?api=1&query=Smoke%20and%20Honey%20Aesthetics&query_place_id=ChIJK_RL6w8_mYARMM7SRx_AoJ0"
"Restore Hyper Wellness","Reno","1","Aesthetics MedSpa","167","5.0","1.27","https://www.google.com/maps/search/?api=1&query=Aesthetics%20MedSpa&query_place_id=ChIJi97BkWFAmYARPr3EdzGDqCM"
"Restore Hyper Wellness","Reno","2","Rivé Plastic Surgery","149","4.7","1.99","https://www.google.com/maps/search/?api=1&query=Riv%C3%A9%20Plastic%20Surgery&query_place_id=ChIJ4aRrekdBmYARDdDGtTWZDRw"
"Restore Hyper Wellness","Reno","3","Avionce Aesthetics Medical Spa & Salon Suites","124","5.0","3.27","https://www.google.com/maps/search/?api=1&query=Avionce%20Aesthetics%20Medical%20Spa%20%26%20Salon%20Suites&query_place_id=ChIJ95GZVDAVmYARnXUuci2RMy8"
"The Beauty & Wellness Collective by Injection Gal","Reno","1","Ritual Aesthetics and Wellness","159","5.0","0.24","https://www.google.com/maps/search/?api=1&query=Ritual%20Aesthetics%20and%20Wellness&query_place_id=ChIJwxfLEH4_mYAR0fbUYbbiDGI"
"The Beauty & Wellness Collective by Injection Gal","Reno","2","Skin Clinique","110","5.0","0.12","https://www.google.com/maps/search/?api=1&query=Skin%20Clinique&query_place_id=ChIJde-06Rk_mYARW0rh3KTnW7Q"
"The Beauty & Wellness Collective by Injection Gal","Reno","3","Smoke and Honey Aesthetics","88","5.0","0.59","https://www.google.com/maps/search/?api=1&query=Smoke%20and%20Honey%20Aesthetics&query_place_id=ChIJK_RL6w8_mYARMM7SRx_AoJ0"
"Bonaldi Aesthetics","Reno","1","Posh Medical Spa","326","4.9","0.7","https://www.google.com/maps/search/?api=1&query=Posh%20Medical%20Spa&query_place_id=ChIJa2QqAPY_mYARM5DTpdrPN5U"
"Bonaldi Aesthetics","Reno","2","New Theory Medical","123","4.9","0.25","https://www.google.com/maps/search/?api=1&query=New%20Theory%20Medical&query_place_id=ChIJP3eDfZNBmYARv_TgFPjRcJM"
"Bonaldi Aesthetics","Reno","3","BARE Beauty & Medical Spa","76","4.9","0.71","https://www.google.com/maps/search/?api=1&query=BARE%20Beauty%20%26%20Medical%20Spa&query_place_id=ChIJT-sut75BmYAR1d7aWE9AoXs"
"New Theory Medical","Reno","1","Bonaldi Aesthetics","480","5.0","0.25","https://www.google.com/maps/search/?api=1&query=Bonaldi%20Aesthetics&query_place_id=ChIJEw5ql21AmYARoTk4nooqDqc"
"New Theory Medical","Reno","2","Posh Medical Spa","326","4.9","0.46","https://www.google.com/maps/search/?api=1&query=Posh%20Medical%20Spa&query_place_id=ChIJa2QqAPY_mYARM5DTpdrPN5U"
"New Theory Medical","Reno","3","Renew MD Medical Spa","129","4.9","0.63","https://www.google.com/maps/search/?api=1&query=Renew%20MD%20Medical%20Spa&query_place_id=ChIJ1-bfgxQVmYARnkDozNG7IIo"
"Sierra Nevada Cosmetic and Laser Surgery: Dr. Kyle Yamamoto","Reno","1","Bonaldi Aesthetics","480","5.0","1.09","https://www.google.com/maps/search/?api=1&query=Bonaldi%20Aesthetics&query_place_id=ChIJEw5ql21AmYARoTk4nooqDqc"
"Sierra Nevada Cosmetic and Laser Surgery: Dr. Kyle Yamamoto","Reno","2","Avionce Aesthetics Medical Spa & Salon Suites","124","5.0","1.18","https://www.google.com/maps/search/?api=1&query=Avionce%20Aesthetics%20Medical%20Spa%20%26%20Salon%20Suites&query_place_id=ChIJ95GZVDAVmYARnXUuci2RMy8"
"Sierra Nevada Cosmetic and Laser Surgery: Dr. Kyle Yamamoto","Reno","3","4 Elements Spa LLC","76","4.9","0.16","https://www.google.com/maps/search/?api=1&query=4%20Elements%20Spa%20LLC&query_place_id=ChIJ-8CLjHw_mYARd9fQ6DRLheU"
"Sway Spa","Boston","1","All In One Laser","412","5.0","5.62","https://www.google.com/maps/search/?api=1&query=All%20In%20One%20Laser&query_place_id=ChIJLcjSvA5444kRUXmwbWWDkcE"
"Sway Spa","Boston","2","Four Seasons Hotel One Dalton Street, Boston","388","4.6","0.57","https://www.google.com/maps/search/?api=1&query=Four%20Seasons%20Hotel%20One%20Dalton%20Street%2C%20Boston&query_place_id=ChIJW0u45p1744kR3-G-c08U83Q"
"Sway Spa","Boston","3","Restore Hyper Wellness","235","4.9","6.4","https://www.google.com/maps/search/?api=1&query=Restore%20Hyper%20Wellness&query_place_id=ChIJmw6-MRGD44kRNRmObW8-CCQ"
"VIVE Med Spa","Denver","1","PREVA Aesthetics","614","4.8","1.14","https://www.google.com/maps/search/?api=1&query=PREVA%20Aesthetics&query_place_id=ChIJN8XzOe2Ha4cRO9q7FoEJvgM"
"VIVE Med Spa","Denver","2","RESTOR Medical Spa | LoHi","355","4.9","0.45","https://www.google.com/maps/search/?api=1&query=RESTOR%20Medical%20Spa%20%7C%20LoHi&query_place_id=ChIJxSJpAfJ5bIcRuxCKqvcRrOI"
"VIVE Med Spa","Denver","3","Laser Beauty Works","310","4.9","1.21","https://www.google.com/maps/search/?api=1&query=Laser%20Beauty%20Works&query_place_id=ChIJ0zvOmeB-bIcRnuNaAQRTCbE"
"RESTOR Medical Spa | Central Park","Denver","1","Look Lab Med Spa","1043","5.0","2.98","https://www.google.com/maps/search/?api=1&query=Look%20Lab%20Med%20Spa&query_place_id=ChIJnV64Pu59bIcRspLGHaaOo-U"
"RESTOR Medical Spa | Central Park","Denver","2","Let's Face It Med Spa","131","5.0","3.35","https://www.google.com/maps/search/?api=1&query=Let's%20Face%20It%20Med%20Spa&query_place_id=ChIJLQExaHd7bIcREl0osg61QVs"
"RESTOR Medical Spa | Central Park","Denver","3","KYA IV & Aesthetics","58","5.0","3.09","https://www.google.com/maps/search/?api=1&query=KYA%20IV%20%26%20Aesthetics&query_place_id=ChIJETKPOsZ7bIcRnNmtUCerJmc"
"Natura Med Spa & IV Bar - Denver","Denver","1","Raval Facial Aesthetics","815","4.9","0.14","https://www.google.com/maps/search/?api=1&query=Raval%20Facial%20Aesthetics&query_place_id=ChIJIdNK1oN-bIcRU4Bsqk_sK0g"
"Natura Med Spa & IV Bar - Denver","Denver","2","Gleam Medical Spa","635","4.9","0.1","https://www.google.com/maps/search/?api=1&query=Gleam%20Medical%20Spa&query_place_id=ChIJGZDRInGGbIcRelajnVIuo90"
"Natura Med Spa & IV Bar - Denver","Denver","3","Rejuvenate MedSpa","304","5.0","0.42","https://www.google.com/maps/search/?api=1&query=Rejuvenate%20MedSpa&query_place_id=ChIJEcUbdNl9bIcRq1TUsai96vo"
"Rejuvenate MedSpa","Denver","1","Raval Facial Aesthetics","815","4.9","0.49","https://www.google.com/maps/search/?api=1&query=Raval%20Facial%20Aesthetics&query_place_id=ChIJIdNK1oN-bIcRU4Bsqk_sK0g"
"Rejuvenate MedSpa","Denver","2","Gleam Medical Spa","635","4.9","0.51","https://www.google.com/maps/search/?api=1&query=Gleam%20Medical%20Spa&query_place_id=ChIJGZDRInGGbIcRelajnVIuo90"
"Rejuvenate MedSpa","Denver","3","Natura Med Spa & IV Bar - Denver","364","4.9","0.42","https://www.google.com/maps/search/?api=1&query=Natura%20Med%20Spa%20%26%20IV%20Bar%20-%20Denver&query_place_id=ChIJiwSNFll_bIcRAEFdWYIrmME"
"Cherry Medical","Denver","1","VIVE Med Spa","586","4.9","0.31","https://www.google.com/maps/search/?api=1&query=VIVE%20Med%20Spa&query_place_id=ChIJkYnubS15bIcRXX-XXMPNIHs"
"Cherry Medical","Denver","2","RESTOR Medical Spa | LoHi","355","4.9","0.25","https://www.google.com/maps/search/?api=1&query=RESTOR%20Medical%20Spa%20%7C%20LoHi&query_place_id=ChIJxSJpAfJ5bIcRuxCKqvcRrOI"
"Cherry Medical","Denver","3","Laser Beauty Works","310","4.9","0.91","https://www.google.com/maps/search/?api=1&query=Laser%20Beauty%20Works&query_place_id=ChIJ0zvOmeB-bIcRnuNaAQRTCbE"
"Skin! Medical Aesthetics","Denver","1","PREVA Aesthetics","614","4.8","1.85","https://www.google.com/maps/search/?api=1&query=PREVA%20Aesthetics&query_place_id=ChIJN8XzOe2Ha4cRO9q7FoEJvgM"
"Skin! Medical Aesthetics","Denver","2","VIVE Med Spa","586","4.9","1.95","https://www.google.com/maps/search/?api=1&query=VIVE%20Med%20Spa&query_place_id=ChIJkYnubS15bIcRXX-XXMPNIHs"
"Skin! Medical Aesthetics","Denver","3","Selective Aesthetics","122","5.0","1.38","https://www.google.com/maps/search/?api=1&query=Selective%20Aesthetics&query_place_id=ChIJwwa_eRvWHaIRvMoW4lYnzEI"
"The Luxe Room - South Denver","Denver","1","ESSE Med Spa + PMU","308","4.9","0.24","https://www.google.com/maps/search/?api=1&query=ESSE%20Med%20Spa%20%2B%20PMU&query_place_id=ChIJSbCefK59bIcRYaa43zUN-kg"
"The Luxe Room - South Denver","Denver","2","Contour Collection","241","5.0","1.36","https://www.google.com/maps/search/?api=1&query=Contour%20Collection&query_place_id=ChIJJ8fMsHy6tAMRweeUEE_rC60"
"The Luxe Room - South Denver","Denver","3","ReDerm MD Medical Spa","161","4.9","1.34","https://www.google.com/maps/search/?api=1&query=ReDerm%20MD%20Medical%20Spa&query_place_id=ChIJj5R7A3V-bIcRcpvgew1a5Aw"
"La Fontaine Aesthetics","Denver","1","Facial Aesthetics - Cherry Creek","518","4.8","0.17","https://www.google.com/maps/search/?api=1&query=Facial%20Aesthetics%20-%20Cherry%20Creek&query_place_id=ChIJJcqFmhx8bIcRsGUDCuOVpl0"
"La Fontaine Aesthetics","Denver","2","Aesthetic Surgery & Dermatology of Cherry Creek","518","4.8","0.38","https://www.google.com/maps/search/?api=1&query=Aesthetic%20Surgery%20%26%20Dermatology%20of%20Cherry%20Creek&query_place_id=ChIJFR5zB5V-bIcRd_vVaSUlQEk"
"La Fontaine Aesthetics","Denver","3","OVME","402","4.9","0.04","https://www.google.com/maps/search/?api=1&query=OVME&query_place_id=ChIJ0Vvt7rF_bIcRgvfwPdVJpxI"
"Adore Aesthetix","Denver","1","Contour Collection","241","5.0","0.89","https://www.google.com/maps/search/?api=1&query=Contour%20Collection&query_place_id=ChIJJ8fMsHy6tAMRweeUEE_rC60"
"Adore Aesthetix","Denver","2","Spa Bella Medispa","119","4.6","1.99","https://www.google.com/maps/search/?api=1&query=Spa%20Bella%20Medispa&query_place_id=ChIJjacJVXR-bIcRDApEJdbR9Sc"
"Adore Aesthetix","Denver","3","Tone Medical Aesthetics","72","5.0","2.07","https://www.google.com/maps/search/?api=1&query=Tone%20Medical%20Aesthetics&query_place_id=ChIJCfjwz1F_bIcR9QTVUckhmyk"
"ReDerm MD Medical Spa","Denver","1","Raval Facial Aesthetics","815","4.9","0.52","https://www.google.com/maps/search/?api=1&query=Raval%20Facial%20Aesthetics&query_place_id=ChIJIdNK1oN-bIcRU4Bsqk_sK0g"
"ReDerm MD Medical Spa","Denver","2","Gleam Medical Spa","635","4.9","0.59","https://www.google.com/maps/search/?api=1&query=Gleam%20Medical%20Spa&query_place_id=ChIJGZDRInGGbIcRelajnVIuo90"
"ReDerm MD Medical Spa","Denver","3","Natura Med Spa & IV Bar - Denver","364","4.9","0.49","https://www.google.com/maps/search/?api=1&query=Natura%20Med%20Spa%20%26%20IV%20Bar%20-%20Denver&query_place_id=ChIJiwSNFll_bIcRAEFdWYIrmME"
"Selective Aesthetics","Denver","1","PREVA Aesthetics","614","4.8","1.37","https://www.google.com/maps/search/?api=1&query=PREVA%20Aesthetics&query_place_id=ChIJN8XzOe2Ha4cRO9q7FoEJvgM"
"Selective Aesthetics","Denver","2","VIVE Med Spa","586","4.9","0.67","https://www.google.com/maps/search/?api=1&query=VIVE%20Med%20Spa&query_place_id=ChIJkYnubS15bIcRXX-XXMPNIHs"
"Selective Aesthetics","Denver","3","RESTOR Medical Spa | LoHi","355","4.9","1.02","https://www.google.com/maps/search/?api=1&query=RESTOR%20Medical%20Spa%20%7C%20LoHi&query_place_id=ChIJxSJpAfJ5bIcRuxCKqvcRrOI"
"Contour Collection","Denver","1","The Luxe Room - South Denver","1385","5.0","1.36","https://www.google.com/maps/search/?api=1&query=The%20Luxe%20Room%20-%20South%20Denver&query_place_id=ChIJGWlFR6t_bIcRCBKJ4ASN95c"
"Contour Collection","Denver","2","Raval Facial Aesthetics","815","4.9","1.29","https://www.google.com/maps/search/?api=1&query=Raval%20Facial%20Aesthetics&query_place_id=ChIJIdNK1oN-bIcRU4Bsqk_sK0g"
"Contour Collection","Denver","3","Adore Aesthetix","320","5.0","0.89","https://www.google.com/maps/search/?api=1&query=Adore%20Aesthetix&query_place_id=ChIJPQKtt1Z-bIcRCicW34JZ0NY"
"Healing Vibes Esthetics","Denver","1","VIVE Med Spa","586","4.9","0.59","https://www.google.com/maps/search/?api=1&query=VIVE%20Med%20Spa&query_place_id=ChIJkYnubS15bIcRXX-XXMPNIHs"
"Healing Vibes Esthetics","Denver","2","RESTOR Medical Spa | LoHi","355","4.9","0.52","https://www.google.com/maps/search/?api=1&query=RESTOR%20Medical%20Spa%20%7C%20LoHi&query_place_id=ChIJxSJpAfJ5bIcRuxCKqvcRrOI"
"Healing Vibes Esthetics","Denver","3","Laser Beauty Works","310","4.9","0.67","https://www.google.com/maps/search/?api=1&query=Laser%20Beauty%20Works&query_place_id=ChIJ0zvOmeB-bIcRnuNaAQRTCbE"
"Denver Botox: GATTONI Medical Aesthetics","Denver","1","Aesthetic Surgery & Dermatology of Cherry Creek","518","4.8","0.22","https://www.google.com/maps/search/?api=1&query=Aesthetic%20Surgery%20%26%20Dermatology%20of%20Cherry%20Creek&query_place_id=ChIJFR5zB5V-bIcRd_vVaSUlQEk"
"Denver Botox: GATTONI Medical Aesthetics","Denver","2","OVME","402","4.9","0.34","https://www.google.com/maps/search/?api=1&query=OVME&query_place_id=ChIJ0Vvt7rF_bIcRgvfwPdVJpxI"
"Denver Botox: GATTONI Medical Aesthetics","Denver","3","La Fontaine Aesthetics","311","4.8","0.3","https://www.google.com/maps/search/?api=1&query=La%20Fontaine%20Aesthetics&query_place_id=ChIJVfxW85Z-bIcR3daV6eRWnkw"
"Highline Aesthetics Denver","Denver","1","VIVE Med Spa","586","4.9","1.86","https://www.google.com/maps/search/?api=1&query=VIVE%20Med%20Spa&query_place_id=ChIJkYnubS15bIcRXX-XXMPNIHs"
"Highline Aesthetics Denver","Denver","2","Allure Med Spa","142","4.7","0.7","https://www.google.com/maps/search/?api=1&query=Allure%20Med%20Spa&query_place_id=ChIJW_G738J-bIcRGxMFywUH1HI"
"Highline Aesthetics Denver","Denver","3","Selective Aesthetics","122","5.0","1.48","https://www.google.com/maps/search/?api=1&query=Selective%20Aesthetics&query_place_id=ChIJwwa_eRvWHaIRvMoW4lYnzEI"
"Tone Medical Aesthetics","Denver","1","The Luxe Room - South Denver","1385","5.0","0.0","https://www.google.com/maps/search/?api=1&query=The%20Luxe%20Room%20-%20South%20Denver&query_place_id=ChIJGWlFR6t_bIcRCBKJ4ASN95c"
"Tone Medical Aesthetics","Denver","2","ESSE Med Spa + PMU","308","4.9","0.24","https://www.google.com/maps/search/?api=1&query=ESSE%20Med%20Spa%20%2B%20PMU&query_place_id=ChIJSbCefK59bIcRYaa43zUN-kg"
"Tone Medical Aesthetics","Denver","3","Contour Collection","241","5.0","1.36","https://www.google.com/maps/search/?api=1&query=Contour%20Collection&query_place_id=ChIJJ8fMsHy6tAMRweeUEE_rC60"
"ESSE Med Spa + PMU","Denver","1","The Luxe Room - South Denver","1385","5.0","0.24","https://www.google.com/maps/search/?api=1&query=The%20Luxe%20Room%20-%20South%20Denver&query_place_id=ChIJGWlFR6t_bIcRCBKJ4ASN95c"
"ESSE Med Spa + PMU","Denver","2","Rejuvenate MedSpa","304","5.0","1.5","https://www.google.com/maps/search/?api=1&query=Rejuvenate%20MedSpa&query_place_id=ChIJEcUbdNl9bIcRq1TUsai96vo"
"ESSE Med Spa + PMU","Denver","3","ReDerm MD Medical Spa","161","4.9","1.32","https://www.google.com/maps/search/?api=1&query=ReDerm%20MD%20Medical%20Spa&query_place_id=ChIJj5R7A3V-bIcRcpvgew1a5Aw"
"Alayne White","Bristol","1","The Lip Bunny Beauty","1785","5.0","7.42","https://www.google.com/maps/search/?api=1&query=The%20Lip%20Bunny%20Beauty&query_place_id=ChIJS9ghR5L55IkRPwXMf0BvJ60"
"Alayne White","Bristol","2","Advanced Body Sculpting of New England - Dr. Mark Lowney","246","4.9","7.42","https://www.google.com/maps/search/?api=1&query=Advanced%20Body%20Sculpting%20of%20New%20England%20-%20Dr.%20Mark%20Lowney&query_place_id=ChIJ0eCn4v345IkRRNJWzMIrfxE"
"Fresh Medical Aesthetics Inc","Plymouth","1","Skin Esteem Med Spa and Wellness Center","448","5.0","6.27","https://www.google.com/maps/search/?api=1&query=Skin%20Esteem%20Med%20Spa%20and%20Wellness%20Center&query_place_id=ChIJowjph6W85IkRbFki-qL8CjI"
"Skin Studio","Natick","1","All In One Laser","412","5.0","8.98","https://www.google.com/maps/search/?api=1&query=All%20In%20One%20Laser&query_place_id=ChIJLcjSvA5444kRUXmwbWWDkcE"
"Skin Studio","Natick","2","GFaceMD Medical Spa, Wellesley","324","5.0","5.57","https://www.google.com/maps/search/?api=1&query=GFaceMD%20Medical%20Spa%2C%20Wellesley&query_place_id=ChIJbakCyCGC44kRiBo_dmzSKn0"
"Skin Studio","Natick","3","Restore Hyper Wellness","254","4.9","9.48","https://www.google.com/maps/search/?api=1&query=Restore%20Hyper%20Wellness&query_place_id=ChIJq9IPhN1_44kR8UhsAsHkzx0"
"Superior Skin Care and Electrolysis","Wellesley","1","All In One Laser","412","5.0","6.24","https://www.google.com/maps/search/?api=1&query=All%20In%20One%20Laser&query_place_id=ChIJLcjSvA5444kRUXmwbWWDkcE"
"Superior Skin Care and Electrolysis","Wellesley","2","GFaceMD Medical Spa, Wellesley","324","5.0","2.77","https://www.google.com/maps/search/?api=1&query=GFaceMD%20Medical%20Spa%2C%20Wellesley&query_place_id=ChIJbakCyCGC44kRiBo_dmzSKn0"
"Superior Skin Care and Electrolysis","Wellesley","3","Restore Hyper Wellness","254","4.9","7.66","https://www.google.com/maps/search/?api=1&query=Restore%20Hyper%20Wellness&query_place_id=ChIJq9IPhN1_44kR8UhsAsHkzx0"
"Advanced Body Sculpting of New England - Dr. Mark Lowney","Fall River","1","The Lip Bunny Beauty","1785","5.0","0.0","https://www.google.com/maps/search/?api=1&query=The%20Lip%20Bunny%20Beauty&query_place_id=ChIJS9ghR5L55IkRPwXMf0BvJ60"
"Advanced Body Sculpting of New England - Dr. Mark Lowney","Fall River","2","Alayne White","96","4.9","7.42","https://www.google.com/maps/search/?api=1&query=Alayne%20White&query_place_id=ChIJQRPW9npU5IkRTspOFnOHzvQ"
"OVME","Denver","1","Facial Aesthetics - Cherry Creek","518","4.8","0.14","https://www.google.com/maps/search/?api=1&query=Facial%20Aesthetics%20-%20Cherry%20Creek&query_place_id=ChIJJcqFmhx8bIcRsGUDCuOVpl0"
"OVME","Denver","2","Aesthetic Surgery & Dermatology of Cherry Creek","518","4.8","0.41","https://www.google.com/maps/search/?api=1&query=Aesthetic%20Surgery%20%26%20Dermatology%20of%20Cherry%20Creek&query_place_id=ChIJFR5zB5V-bIcRd_vVaSUlQEk"
"OVME","Denver","3","La Fontaine Aesthetics","311","4.8","0.04","https://www.google.com/maps/search/?api=1&query=La%20Fontaine%20Aesthetics&query_place_id=ChIJVfxW85Z-bIcR3daV6eRWnkw"
"Simply Injectables","Denver","1","VIVE Med Spa","586","4.9","1.22","https://www.google.com/maps/search/?api=1&query=VIVE%20Med%20Spa&query_place_id=ChIJkYnubS15bIcRXX-XXMPNIHs"
"Simply Injectables","Denver","2","RESTOR Medical Spa | LoHi","355","4.9","0.93","https://www.google.com/maps/search/?api=1&query=RESTOR%20Medical%20Spa%20%7C%20LoHi&query_place_id=ChIJxSJpAfJ5bIcRuxCKqvcRrOI"
"Simply Injectables","Denver","3","Laser Beauty Works","310","4.9","0.0","https://www.google.com/maps/search/?api=1&query=Laser%20Beauty%20Works&query_place_id=ChIJ0zvOmeB-bIcRnuNaAQRTCbE"
"PREVA Aesthetics","Denver","1","VIVE Med Spa","586","4.9","1.14","https://www.google.com/maps/search/?api=1&query=VIVE%20Med%20Spa&query_place_id=ChIJkYnubS15bIcRXX-XXMPNIHs"
"PREVA Aesthetics","Denver","2","RESTOR Medical Spa | LoHi","355","4.9","0.81","https://www.google.com/maps/search/?api=1&query=RESTOR%20Medical%20Spa%20%7C%20LoHi&query_place_id=ChIJxSJpAfJ5bIcRuxCKqvcRrOI"
"PREVA Aesthetics","Denver","3","Cherry Medical","270","4.9","1.06","https://www.google.com/maps/search/?api=1&query=Cherry%20Medical&query_place_id=ChIJUdB7Nyp_bIcRvfX22TtB7qI"
"Cheeky Denver","Denver","1","VIVE Med Spa","586","4.9","2.05","https://www.google.com/maps/search/?api=1&query=VIVE%20Med%20Spa&query_place_id=ChIJkYnubS15bIcRXX-XXMPNIHs"
"Cheeky Denver","Denver","2","Laser Beauty Works","310","4.9","1.56","https://www.google.com/maps/search/?api=1&query=Laser%20Beauty%20Works&query_place_id=ChIJ0zvOmeB-bIcRnuNaAQRTCbE"
"Cheeky Denver","Denver","3","Cherry Medical","270","4.9","1.9","https://www.google.com/maps/search/?api=1&query=Cherry%20Medical&query_place_id=ChIJUdB7Nyp_bIcRvfX22TtB7qI"
"Injector 5280","Denver","1","PREVA Aesthetics","614","4.8","0.59","https://www.google.com/maps/search/?api=1&query=PREVA%20Aesthetics&query_place_id=ChIJN8XzOe2Ha4cRO9q7FoEJvgM"
"Injector 5280","Denver","2","RESTOR Medical Spa | LoHi","355","4.9","1.04","https://www.google.com/maps/search/?api=1&query=RESTOR%20Medical%20Spa%20%7C%20LoHi&query_place_id=ChIJxSJpAfJ5bIcRuxCKqvcRrOI"
"Injector 5280","Denver","3","Laser Beauty Works","310","4.9","1.24","https://www.google.com/maps/search/?api=1&query=Laser%20Beauty%20Works&query_place_id=ChIJ0zvOmeB-bIcRnuNaAQRTCbE"
"JuicyFace","Denver","1","Aesthetic Surgery & Dermatology of Cherry Creek","518","4.8","0.28","https://www.google.com/maps/search/?api=1&query=Aesthetic%20Surgery%20%26%20Dermatology%20of%20Cherry%20Creek&query_place_id=ChIJFR5zB5V-bIcRd_vVaSUlQEk"
"JuicyFace","Denver","2","OVME","402","4.9","0.27","https://www.google.com/maps/search/?api=1&query=OVME&query_place_id=ChIJ0Vvt7rF_bIcRgvfwPdVJpxI"
"JuicyFace","Denver","3","La Fontaine Aesthetics","311","4.8","0.26","https://www.google.com/maps/search/?api=1&query=La%20Fontaine%20Aesthetics&query_place_id=ChIJVfxW85Z-bIcR3daV6eRWnkw"
"VITAHL Medical Aesthetics","Denver","1","Aesthetic Surgery & Dermatology of Cherry Creek","518","4.8","0.23","https://www.google.com/maps/search/?api=1&query=Aesthetic%20Surgery%20%26%20Dermatology%20of%20Cherry%20Creek&query_place_id=ChIJFR5zB5V-bIcRd_vVaSUlQEk"
"VITAHL Medical Aesthetics","Denver","2","OVME","402","4.9","0.31","https://www.google.com/maps/search/?api=1&query=OVME&query_place_id=ChIJ0Vvt7rF_bIcRgvfwPdVJpxI"
"VITAHL Medical Aesthetics","Denver","3","La Fontaine Aesthetics","311","4.8","0.27","https://www.google.com/maps/search/?api=1&query=La%20Fontaine%20Aesthetics&query_place_id=ChIJVfxW85Z-bIcR3daV6eRWnkw"
"RESTOR Medical Spa | LoHi","Denver","1","PREVA Aesthetics","614","4.8","0.81","https://www.google.com/maps/search/?api=1&query=PREVA%20Aesthetics&query_place_id=ChIJN8XzOe2Ha4cRO9q7FoEJvgM"
"RESTOR Medical Spa | LoHi","Denver","2","VIVE Med Spa","586","4.9","0.45","https://www.google.com/maps/search/?api=1&query=VIVE%20Med%20Spa&query_place_id=ChIJkYnubS15bIcRXX-XXMPNIHs"
"RESTOR Medical Spa | LoHi","Denver","3","Laser Beauty Works","310","4.9","0.93","https://www.google.com/maps/search/?api=1&query=Laser%20Beauty%20Works&query_place_id=ChIJ0zvOmeB-bIcRnuNaAQRTCbE"
"Aesthetic Surgery & Dermatology of Cherry Creek","Denver","1","Denver Botox: GATTONI Medical Aesthetics","261","5.0","0.22","https://www.google.com/maps/search/?api=1&query=Denver%20Botox%3A%20GATTONI%20Medical%20Aesthetics&query_place_id=ChIJHV7X-sR_bIcR1QfRvdzWeRI"
"Aesthetic Surgery & Dermatology of Cherry Creek","Denver","2","VITAHL Medical Aesthetics","237","4.8","0.23","https://www.google.com/maps/search/?api=1&query=VITAHL%20Medical%20Aesthetics&query_place_id=ChIJ_____8J4bIcR5ePTI-um5Lg"
"Aesthetic Surgery & Dermatology of Cherry Creek","Denver","3","Cherry Creek Med Spa","79","5.0","0.12","https://www.google.com/maps/search/?api=1&query=Cherry%20Creek%20Med%20Spa&query_place_id=ChIJRTPXJQ9_bIcRG1KMpYEp0bY"
"RESTŌR Medical Spa | Boulder","Boulder","1","Boulder Plastic Surgery","407","4.8","0.04","https://www.google.com/maps/search/?api=1&query=Boulder%20Plastic%20Surgery&query_place_id=ChIJTWWFr6Hua4cRS8NKcni7XZE"
"RESTŌR Medical Spa | Boulder","Boulder","2","Clean Your Dirty Face","241","4.8","0.01","https://www.google.com/maps/search/?api=1&query=Clean%20Your%20Dirty%20Face&query_place_id=ChIJO8rAryfsa4cR7zEsLEK2_vI"
"RESTŌR Medical Spa | Boulder","Boulder","3","Boulder Valley Plastic Surgery","168","4.9","1.0","https://www.google.com/maps/search/?api=1&query=Boulder%20Valley%20Plastic%20Surgery&query_place_id=ChIJLbRYw9Xta4cR9_CLofOgi8w"
"Vasu Skin Solutions","Boulder","1","Rinnova Skin & Body","362","4.9","0.15","https://www.google.com/maps/search/?api=1&query=Rinnova%20Skin%20%26%20Body&query_place_id=ChIJh1xfn3fua4cRvTmOJ3WX-4g"
"Vasu Skin Solutions","Boulder","2","The Luxe Room","334","5.0","0.34","https://www.google.com/maps/search/?api=1&query=The%20Luxe%20Room&query_place_id=ChIJb-sb9aPva4cRLqpYf4FmQfk"
"Vasu Skin Solutions","Boulder","3","Boulder Valley Plastic Surgery","168","4.9","0.65","https://www.google.com/maps/search/?api=1&query=Boulder%20Valley%20Plastic%20Surgery&query_place_id=ChIJLbRYw9Xta4cR9_CLofOgi8w"
"The Luxe Room","Boulder","1","Rinnova Skin & Body","362","4.9","0.43","https://www.google.com/maps/search/?api=1&query=Rinnova%20Skin%20%26%20Body&query_place_id=ChIJh1xfn3fua4cRvTmOJ3WX-4g"
"The Luxe Room","Boulder","2","Vasu Skin Solutions","322","5.0","0.34","https://www.google.com/maps/search/?api=1&query=Vasu%20Skin%20Solutions&query_place_id=ChIJsQGADbfta4cRVYk33P-mZf0"
"The Luxe Room","Boulder","3","Leah Nickie Advanced Aesthetics","115","4.9","0.39","https://www.google.com/maps/search/?api=1&query=Leah%20Nickie%20Advanced%20Aesthetics&query_place_id=ChIJU5lK4Hjua4cR5UHByzYauAc"
"Rinnova Skin & Body","Boulder","1","The Luxe Room","334","5.0","0.43","https://www.google.com/maps/search/?api=1&query=The%20Luxe%20Room&query_place_id=ChIJb-sb9aPva4cRLqpYf4FmQfk"
"Rinnova Skin & Body","Boulder","2","Vasu Skin Solutions","322","5.0","0.15","https://www.google.com/maps/search/?api=1&query=Vasu%20Skin%20Solutions&query_place_id=ChIJsQGADbfta4cRVYk33P-mZf0"
"Rinnova Skin & Body","Boulder","3","Boulder Valley Plastic Surgery","168","4.9","0.56","https://www.google.com/maps/search/?api=1&query=Boulder%20Valley%20Plastic%20Surgery&query_place_id=ChIJLbRYw9Xta4cR9_CLofOgi8w"
"Highline Aesthetics","Boulder","1","Clarity Dermatology","106","4.7","2.2","https://www.google.com/maps/search/?api=1&query=Clarity%20Dermatology&query_place_id=ChIJ1WMk5a3ta4cRLEkh28I7uU4"
"Highline Aesthetics","Boulder","2","Awaken IV Therapy - Boulder","99","5.0","1.1","https://www.google.com/maps/search/?api=1&query=Awaken%20IV%20Therapy%20-%20Boulder&query_place_id=ChIJT77ur4SghysRXJ-1SvsQjls"
"Highline Aesthetics","Boulder","3","INNOVAES Life Optimization Center","83","4.9","2.29","https://www.google.com/maps/search/?api=1&query=INNOVAES%20Life%20Optimization%20Center&query_place_id=ChIJXa60f-nta4cRVDYpnFT0y7A"
"Mōv Aesthetics","Boulder","1","Rinnova Skin & Body","362","4.9","0.54","https://www.google.com/maps/search/?api=1&query=Rinnova%20Skin%20%26%20Body&query_place_id=ChIJh1xfn3fua4cRvTmOJ3WX-4g"
"Mōv Aesthetics","Boulder","2","The Luxe Room","334","5.0","0.13","https://www.google.com/maps/search/?api=1&query=The%20Luxe%20Room&query_place_id=ChIJb-sb9aPva4cRLqpYf4FmQfk"
"Mōv Aesthetics","Boulder","3","Vasu Skin Solutions","322","5.0","0.44","https://www.google.com/maps/search/?api=1&query=Vasu%20Skin%20Solutions&query_place_id=ChIJsQGADbfta4cRVYk33P-mZf0"
"Imagine Float","Avon","1","Samara MedSpa Avon","390","4.8","0.36","https://www.google.com/maps/search/?api=1&query=Samara%20MedSpa%20Avon&query_place_id=ChIJk-BzR5Cv54kR7Z17Hetyy7Q"
"Imagine Float","Avon","2","Restore Hyper Wellness","235","4.8","5.91","https://www.google.com/maps/search/?api=1&query=Restore%20Hyper%20Wellness&query_place_id=ChIJJz8FzBmr54kRG5sXBzUU2eM"
"Boulder Skin Bar","Boulder","1","Rinnova Skin & Body","362","4.9","2.57","https://www.google.com/maps/search/?api=1&query=Rinnova%20Skin%20%26%20Body&query_place_id=ChIJh1xfn3fua4cRvTmOJ3WX-4g"
"Boulder Skin Bar","Boulder","2","The Luxe Room","334","5.0","2.67","https://www.google.com/maps/search/?api=1&query=The%20Luxe%20Room&query_place_id=ChIJb-sb9aPva4cRLqpYf4FmQfk"
"Boulder Skin Bar","Boulder","3","Evolution Dermatology","162","5.0","0.02","https://www.google.com/maps/search/?api=1&query=Evolution%20Dermatology&query_place_id=ChIJTwUdn9Lva4cRCX9pixiUOBU"
"Aura","Boulder","1","Ideal Image Boulder","886","4.8","0.21","https://www.google.com/maps/search/?api=1&query=Ideal%20Image%20Boulder&query_place_id=ChIJud9TCb7ta4cRpmmE1qhBijs"
"Aura","Boulder","2","Alchemy Face Bar","282","4.8","0.1","https://www.google.com/maps/search/?api=1&query=Alchemy%20Face%20Bar&query_place_id=ChIJHZhwICvsa4cRLcG79FzQQbE"
"Aura","Boulder","3","Boulder Valley Plastic Surgery","168","4.9","0.28","https://www.google.com/maps/search/?api=1&query=Boulder%20Valley%20Plastic%20Surgery&query_place_id=ChIJLbRYw9Xta4cR9_CLofOgi8w"
"Barris Laser & Skincare","Boulder","1","Boulder Plastic Surgery","407","4.8","0.42","https://www.google.com/maps/search/?api=1&query=Boulder%20Plastic%20Surgery&query_place_id=ChIJTWWFr6Hua4cRS8NKcni7XZE"
"Barris Laser & Skincare","Boulder","2","Clean Your Dirty Face","241","4.8","0.45","https://www.google.com/maps/search/?api=1&query=Clean%20Your%20Dirty%20Face&query_place_id=ChIJO8rAryfsa4cR7zEsLEK2_vI"
"Barris Laser & Skincare","Boulder","3","Boulder Valley Plastic Surgery","168","4.9","1.01","https://www.google.com/maps/search/?api=1&query=Boulder%20Valley%20Plastic%20Surgery&query_place_id=ChIJLbRYw9Xta4cR9_CLofOgi8w"
"Youthbar","Superior","1","Clarity Dermatology","106","4.7","6.02","https://www.google.com/maps/search/?api=1&query=Clarity%20Dermatology&query_place_id=ChIJ1WMk5a3ta4cRLEkh28I7uU4"
"Youthbar","Superior","2","Highline Aesthetics","105","5.0","5.17","https://www.google.com/maps/search/?api=1&query=Highline%20Aesthetics&query_place_id=ChIJGcEYS3zva4cRzvgB7WuGFME"
"Youthbar","Superior","3","TrU Balanced Medical Aesthetics","103","5.0","0.53","https://www.google.com/maps/search/?api=1&query=TrU%20Balanced%20Medical%20Aesthetics&query_place_id=ChIJfYn6PgaNa4cRBitWf7TXpjo"
"Leah Nickie Advanced Aesthetics","Boulder","1","Rinnova Skin & Body","362","4.9","0.04","https://www.google.com/maps/search/?api=1&query=Rinnova%20Skin%20%26%20Body&query_place_id=ChIJh1xfn3fua4cRvTmOJ3WX-4g"
"Leah Nickie Advanced Aesthetics","Boulder","2","The Luxe Room","334","5.0","0.39","https://www.google.com/maps/search/?api=1&query=The%20Luxe%20Room&query_place_id=ChIJb-sb9aPva4cRLqpYf4FmQfk"
"Leah Nickie Advanced Aesthetics","Boulder","3","Vasu Skin Solutions","322","5.0","0.13","https://www.google.com/maps/search/?api=1&query=Vasu%20Skin%20Solutions&query_place_id=ChIJsQGADbfta4cRVYk33P-mZf0"
"Nurture Skin Studio","Boulder","1","Boulder Valley Laser & Cosmetic","118","4.7","2.17","https://www.google.com/maps/search/?api=1&query=Boulder%20Valley%20Laser%20%26%20Cosmetic&query_place_id=ChIJ9xsQTO_ta4cRAhdFqjiEbnk"
"Nurture Skin Studio","Boulder","2","Clarity Dermatology","106","4.7","2.06","https://www.google.com/maps/search/?api=1&query=Clarity%20Dermatology&query_place_id=ChIJ1WMk5a3ta4cRLEkh28I7uU4"
"Nurture Skin Studio","Boulder","3","Highline Aesthetics","105","5.0","1.17","https://www.google.com/maps/search/?api=1&query=Highline%20Aesthetics&query_place_id=ChIJGcEYS3zva4cRzvgB7WuGFME"
"INNOVAES Life Optimization Center","Boulder","1","Ideal Image Boulder","886","4.8","0.2","https://www.google.com/maps/search/?api=1&query=Ideal%20Image%20Boulder&query_place_id=ChIJud9TCb7ta4cRpmmE1qhBijs"
"INNOVAES Life Optimization Center","Boulder","2","Alchemy Face Bar","282","4.8","0.33","https://www.google.com/maps/search/?api=1&query=Alchemy%20Face%20Bar&query_place_id=ChIJHZhwICvsa4cRLcG79FzQQbE"
"INNOVAES Life Optimization Center","Boulder","3","Aura","168","4.8","0.41","https://www.google.com/maps/search/?api=1&query=Aura&query_place_id=ChIJRY1__NPta4cRaaGNyycEoOk"
"Boulder Valley Laser & Cosmetic","Boulder","1","The Luxe Room","334","5.0","1.07","https://www.google.com/maps/search/?api=1&query=The%20Luxe%20Room&query_place_id=ChIJb-sb9aPva4cRLqpYf4FmQfk"
"Boulder Valley Laser & Cosmetic","Boulder","2","Vasu Skin Solutions","322","5.0","1.04","https://www.google.com/maps/search/?api=1&query=Vasu%20Skin%20Solutions&query_place_id=ChIJsQGADbfta4cRVYk33P-mZf0"
"Boulder Valley Laser & Cosmetic","Boulder","3","Clarity Dermatology","106","4.7","0.18","https://www.google.com/maps/search/?api=1&query=Clarity%20Dermatology&query_place_id=ChIJ1WMk5a3ta4cRLEkh28I7uU4"
"Evolution Dermatology","Boulder","1","Rinnova Skin & Body","362","4.9","2.56","https://www.google.com/maps/search/?api=1&query=Rinnova%20Skin%20%26%20Body&query_place_id=ChIJh1xfn3fua4cRvTmOJ3WX-4g"
"Evolution Dermatology","Boulder","2","The Luxe Room","334","5.0","2.65","https://www.google.com/maps/search/?api=1&query=The%20Luxe%20Room&query_place_id=ChIJb-sb9aPva4cRLqpYf4FmQfk"
"Evolution Dermatology","Boulder","3","Boulder Skin Bar","135","5.0","0.02","https://www.google.com/maps/search/?api=1&query=Boulder%20Skin%20Bar&query_place_id=ChIJvTdB_vHva4cRkaFUdvULGdw"
"AtoneMD Clinic","Boulder","1","Ideal Image Boulder","886","4.8","0.3","https://www.google.com/maps/search/?api=1&query=Ideal%20Image%20Boulder&query_place_id=ChIJud9TCb7ta4cRpmmE1qhBijs"
"AtoneMD Clinic","Boulder","2","Vasu Skin Solutions","322","5.0","0.59","https://www.google.com/maps/search/?api=1&query=Vasu%20Skin%20Solutions&query_place_id=ChIJsQGADbfta4cRVYk33P-mZf0"
"AtoneMD Clinic","Boulder","3","Alchemy Face Bar","282","4.8","0.4","https://www.google.com/maps/search/?api=1&query=Alchemy%20Face%20Bar&query_place_id=ChIJHZhwICvsa4cRLcG79FzQQbE"
"Boulder Plastic Surgery","Boulder","1","Clean Your Dirty Face","241","4.8","0.03","https://www.google.com/maps/search/?api=1&query=Clean%20Your%20Dirty%20Face&query_place_id=ChIJO8rAryfsa4cR7zEsLEK2_vI"
"Boulder Plastic Surgery","Boulder","2","Boulder Valley Plastic Surgery","168","4.9","0.99","https://www.google.com/maps/search/?api=1&query=Boulder%20Valley%20Plastic%20Surgery&query_place_id=ChIJLbRYw9Xta4cR9_CLofOgi8w"
"Boulder Plastic Surgery","Boulder","3","Barris Laser & Skincare","132","4.9","0.42","https://www.google.com/maps/search/?api=1&query=Barris%20Laser%20%26%20Skincare&query_place_id=ChIJPWl3Jibsa4cRQdMtXQejSoI"
"TrU Balanced Medical Aesthetics","Superior","1","Youthbar","457","5.0","0.53","https://www.google.com/maps/search/?api=1&query=Youthbar&query_place_id=ChIJvfYiBSzza4cRpM_Z8CWSXxY"
"TrU Balanced Medical Aesthetics","Superior","2","Clarity Dermatology","106","4.7","5.5","https://www.google.com/maps/search/?api=1&query=Clarity%20Dermatology&query_place_id=ChIJ1WMk5a3ta4cRLEkh28I7uU4"
"TrU Balanced Medical Aesthetics","Superior","3","Highline Aesthetics","105","5.0","4.75","https://www.google.com/maps/search/?api=1&query=Highline%20Aesthetics&query_place_id=ChIJGcEYS3zva4cRzvgB7WuGFME"
"Rajeunir Medical Spa","Highlands Ranch","1","Aspen Family Care & Aspen Medical Aesthetics","738","4.5","1.39","https://www.google.com/maps/search/?api=1&query=Aspen%20Family%20Care%20%26%20Aspen%20Medical%20Aesthetics&query_place_id=ChIJkzLzTYGDbIcRMGiCmvjbNrQ"
"Rajeunir Medical Spa","Highlands Ranch","2","Modern Surgical Arts of Denver","150","4.9","0.2","https://www.google.com/maps/search/?api=1&query=Modern%20Surgical%20Arts%20of%20Denver&query_place_id=ChIJlyGDBh-DbIcRCaT6Su6w9Ig"
"Rajeunir Medical Spa","Highlands Ranch","3","Skincare and Moore","86","5.0","0.07","https://www.google.com/maps/search/?api=1&query=Skincare%20and%20Moore&query_place_id=ChIJ_ZX0ou-BbIcRRYIYI0TSBXg"
"Ooh La La Med Spa","Highlands Ranch","1","Aviva Med Spa","225","5.0","0.95","https://www.google.com/maps/search/?api=1&query=Aviva%20Med%20Spa&query_place_id=ChIJ_6NZZc-FbIcR0EzDImfmhYg"
"Ooh La La Med Spa","Highlands Ranch","2","BLU Medical Aesthetics & Wellness","212","4.9","0.81","https://www.google.com/maps/search/?api=1&query=BLU%20Medical%20Aesthetics%20%26%20Wellness&query_place_id=ChIJ-WoSwVSHbIcRxBwKI0PppVU"
"Ooh La La Med Spa","Highlands Ranch","3","Park Meadows Aesthetics","103","5.0","0.39","https://www.google.com/maps/search/?api=1&query=Park%20Meadows%20Aesthetics&query_place_id=ChIJX9xZEAyFbIcRsFrcUqDLyjE"
"Facial Aesthetics - Highlands Ranch","Highlands Ranch","1","Hydrate IV Bar","352","5.0","0.46","https://www.google.com/maps/search/?api=1&query=Hydrate%20IV%20Bar&query_place_id=ChIJcytU88-DbIcRRKCXI9UiH_s"
"Facial Aesthetics - Highlands Ranch","Highlands Ranch","2","Highlands Spa","169","4.9","0.48","https://www.google.com/maps/search/?api=1&query=Highlands%20Spa&query_place_id=ChIJWW97hOuDbIcRBLwDo5J-qRA"
"Facial Aesthetics - Highlands Ranch","Highlands Ranch","3","Zivel - Performance & Recovery Highlands Ranch","130","4.9","0.33","https://www.google.com/maps/search/?api=1&query=Zivel%20-%20Performance%20%26%20Recovery%20Highlands%20Ranch&query_place_id=ChIJWfZHnFKDbIcRkP0dRbgJ9cA"
"Purity Skin Studio","Highlands Ranch","1","Alta Vista Dermatology","3560","4.8","0.4","https://www.google.com/maps/search/?api=1&query=Alta%20Vista%20Dermatology&query_place_id=ChIJKdiFjTGCbIcRzQJ04goIj_w"
"Purity Skin Studio","Highlands Ranch","2","Hydrate IV Bar","352","5.0","0.88","https://www.google.com/maps/search/?api=1&query=Hydrate%20IV%20Bar&query_place_id=ChIJcytU88-DbIcRRKCXI9UiH_s"
"Purity Skin Studio","Highlands Ranch","3","Highlands Spa","169","4.9","0.87","https://www.google.com/maps/search/?api=1&query=Highlands%20Spa&query_place_id=ChIJWW97hOuDbIcRBLwDo5J-qRA"
"Aviva Med Spa","Centennial","1","BLU Medical Aesthetics & Wellness","212","4.9","0.24","https://www.google.com/maps/search/?api=1&query=BLU%20Medical%20Aesthetics%20%26%20Wellness&query_place_id=ChIJ-WoSwVSHbIcRxBwKI0PppVU"
"Aviva Med Spa","Centennial","2","Ooh La La Med Spa","155","5.0","0.95","https://www.google.com/maps/search/?api=1&query=Ooh%20La%20La%20Med%20Spa&query_place_id=ChIJb1nmmKmFbIcR0tcuZYmjC8Q"
"Aviva Med Spa","Centennial","3","Belleza Spa","123","4.7","1.14","https://www.google.com/maps/search/?api=1&query=Belleza%20Spa&query_place_id=ChIJA7lpAE2BbIcR2xGYaRG5eU0"
"Highlands Spa","Highlands Ranch","1","Hydrate IV Bar","352","5.0","0.02","https://www.google.com/maps/search/?api=1&query=Hydrate%20IV%20Bar&query_place_id=ChIJcytU88-DbIcRRKCXI9UiH_s"
"Highlands Spa","Highlands Ranch","2","Zivel - Performance & Recovery Highlands Ranch","130","4.9","0.28","https://www.google.com/maps/search/?api=1&query=Zivel%20-%20Performance%20%26%20Recovery%20Highlands%20Ranch&query_place_id=ChIJWfZHnFKDbIcRkP0dRbgJ9cA"
"Highlands Spa","Highlands Ranch","3","Facial Aesthetics - Highlands Ranch","73","4.9","0.48","https://www.google.com/maps/search/?api=1&query=Facial%20Aesthetics%20-%20Highlands%20Ranch&query_place_id=ChIJzY-7xRCDbIcR6-P2jIzgZ5M"
"Bloom Spa LLC","","1","Purity Skin Studio","541","4.9","1.55","https://www.google.com/maps/search/?api=1&query=Purity%20Skin%20Studio&query_place_id=ChIJF58btEeEbIcRHbfvHYbfxH8"
"Bloom Spa LLC","","2","Hydrate IV Bar","352","5.0","1.15","https://www.google.com/maps/search/?api=1&query=Hydrate%20IV%20Bar&query_place_id=ChIJcytU88-DbIcRRKCXI9UiH_s"
"Bloom Spa LLC","","3","Highlands Spa","169","4.9","1.13","https://www.google.com/maps/search/?api=1&query=Highlands%20Spa&query_place_id=ChIJWW97hOuDbIcRBLwDo5J-qRA"
"DejaVu Med Spa","Lone Tree","1","Elite Medical & Aesthetics","290","5.0","1.08","https://www.google.com/maps/search/?api=1&query=Elite%20Medical%20%26%20Aesthetics&query_place_id=ChIJF3wMtdyDbIcRa2wTYMVDjUk"
"DejaVu Med Spa","Lone Tree","2","Elevation Med Spa","151","5.0","1.11","https://www.google.com/maps/search/?api=1&query=Elevation%20Med%20Spa&query_place_id=ChIJPU87wa2FbIcR5nesh-ed-mE"
"DejaVu Med Spa","Lone Tree","3","Park Meadows Aesthetics","103","5.0","1.76","https://www.google.com/maps/search/?api=1&query=Park%20Meadows%20Aesthetics&query_place_id=ChIJX9xZEAyFbIcRsFrcUqDLyjE"
"Perspire Sauna Studio","Highlands Ranch","1","Aspen Family Care & Aspen Medical Aesthetics","738","4.5","0.39","https://www.google.com/maps/search/?api=1&query=Aspen%20Family%20Care%20%26%20Aspen%20Medical%20Aesthetics&query_place_id=ChIJkzLzTYGDbIcRMGiCmvjbNrQ"
"Perspire Sauna Studio","Highlands Ranch","2","Rajeunir Medical Spa","84","5.0","1.78","https://www.google.com/maps/search/?api=1&query=Rajeunir%20Medical%20Spa&query_place_id=ChIJlekiWC2DbIcRPNFZ-BKu9DQ"
"Perspire Sauna Studio","Highlands Ranch","3","Onus IV Therapy + Longevity: Highlands Ranch","70","5.0","0.29","https://www.google.com/maps/search/?api=1&query=Onus%20IV%20Therapy%20%2B%20Longevity%3A%20Highlands%20Ranch&query_place_id=ChIJLxZu6taDbIcR-Dqz-0wJSDc"
"Zivel - Performance & Recovery Highlands Ranch","Highlands Ranch","1","Hydrate IV Bar","352","5.0","0.26","https://www.google.com/maps/search/?api=1&query=Hydrate%20IV%20Bar&query_place_id=ChIJcytU88-DbIcRRKCXI9UiH_s"
"Zivel - Performance & Recovery Highlands Ranch","Highlands Ranch","2","Highlands Spa","169","4.9","0.28","https://www.google.com/maps/search/?api=1&query=Highlands%20Spa&query_place_id=ChIJWW97hOuDbIcRBLwDo5J-qRA"
"Zivel - Performance & Recovery Highlands Ranch","Highlands Ranch","3","Facial Aesthetics - Highlands Ranch","73","4.9","0.33","https://www.google.com/maps/search/?api=1&query=Facial%20Aesthetics%20-%20Highlands%20Ranch&query_place_id=ChIJzY-7xRCDbIcR6-P2jIzgZ5M"
"Aspen Family Care & Aspen Medical Aesthetics","Highlands Ranch","1","Perspire Sauna Studio","110","4.7","0.39","https://www.google.com/maps/search/?api=1&query=Perspire%20Sauna%20Studio&query_place_id=ChIJU5N8iG6DbIcRS1QTMhB_ALc"
"Aspen Family Care & Aspen Medical Aesthetics","Highlands Ranch","2","Rajeunir Medical Spa","84","5.0","1.39","https://www.google.com/maps/search/?api=1&query=Rajeunir%20Medical%20Spa&query_place_id=ChIJlekiWC2DbIcRPNFZ-BKu9DQ"
"Aspen Family Care & Aspen Medical Aesthetics","Highlands Ranch","3","Onus IV Therapy + Longevity: Highlands Ranch","70","5.0","0.12","https://www.google.com/maps/search/?api=1&query=Onus%20IV%20Therapy%20%2B%20Longevity%3A%20Highlands%20Ranch&query_place_id=ChIJLxZu6taDbIcR-Dqz-0wJSDc"
"Elite Medical & Aesthetics","Lone Tree","1","DejaVu Med Spa","312","5.0","1.08","https://www.google.com/maps/search/?api=1&query=DejaVu%20Med%20Spa&query_place_id=ChIJtS0o7ByFbIcRLbuT7ZmizqI"
"Elite Medical & Aesthetics","Lone Tree","2","Elevation Med Spa","151","5.0","0.04","https://www.google.com/maps/search/?api=1&query=Elevation%20Med%20Spa&query_place_id=ChIJPU87wa2FbIcR5nesh-ed-mE"
"Elite Medical & Aesthetics","Lone Tree","3","Park Meadows Aesthetics","103","5.0","1.35","https://www.google.com/maps/search/?api=1&query=Park%20Meadows%20Aesthetics&query_place_id=ChIJX9xZEAyFbIcRsFrcUqDLyjE"
"Park Meadows Aesthetics","Lone Tree","1","Aviva Med Spa","225","5.0","1.26","https://www.google.com/maps/search/?api=1&query=Aviva%20Med%20Spa&query_place_id=ChIJ_6NZZc-FbIcR0EzDImfmhYg"
"Park Meadows Aesthetics","Lone Tree","2","BLU Medical Aesthetics & Wellness","212","4.9","1.07","https://www.google.com/maps/search/?api=1&query=BLU%20Medical%20Aesthetics%20%26%20Wellness&query_place_id=ChIJ-WoSwVSHbIcRxBwKI0PppVU"
"Park Meadows Aesthetics","Lone Tree","3","Ooh La La Med Spa","155","5.0","0.39","https://www.google.com/maps/search/?api=1&query=Ooh%20La%20La%20Med%20Spa&query_place_id=ChIJb1nmmKmFbIcR0tcuZYmjC8Q"
"BLU Medical Aesthetics & Wellness","Centennial","1","Aviva Med Spa","225","5.0","0.24","https://www.google.com/maps/search/?api=1&query=Aviva%20Med%20Spa&query_place_id=ChIJ_6NZZc-FbIcR0EzDImfmhYg"
"BLU Medical Aesthetics & Wellness","Centennial","2","Ooh La La Med Spa","155","5.0","0.81","https://www.google.com/maps/search/?api=1&query=Ooh%20La%20La%20Med%20Spa&query_place_id=ChIJb1nmmKmFbIcR0tcuZYmjC8Q"
"BLU Medical Aesthetics & Wellness","Centennial","3","Park Meadows Aesthetics","103","5.0","1.07","https://www.google.com/maps/search/?api=1&query=Park%20Meadows%20Aesthetics&query_place_id=ChIJX9xZEAyFbIcRsFrcUqDLyjE"
"Modern Surgical Arts of Denver","Highlands Ranch","1","Aspen Family Care & Aspen Medical Aesthetics","738","4.5","1.57","https://www.google.com/maps/search/?api=1&query=Aspen%20Family%20Care%20%26%20Aspen%20Medical%20Aesthetics&query_place_id=ChIJkzLzTYGDbIcRMGiCmvjbNrQ"
"Modern Surgical Arts of Denver","Highlands Ranch","2","Purity Skin Studio","541","4.9","1.49","https://www.google.com/maps/search/?api=1&query=Purity%20Skin%20Studio&query_place_id=ChIJF58btEeEbIcRHbfvHYbfxH8"
"Modern Surgical Arts of Denver","Highlands Ranch","3","Skincare and Moore","86","5.0","0.22","https://www.google.com/maps/search/?api=1&query=Skincare%20and%20Moore&query_place_id=ChIJ_ZX0ou-BbIcRRYIYI0TSBXg"
"RAVE Spa & Clinic","Littleton","1","Hydrate IV Bar","352","5.0","3.63","https://www.google.com/maps/search/?api=1&query=Hydrate%20IV%20Bar&query_place_id=ChIJcytU88-DbIcRRKCXI9UiH_s"
"RAVE Spa & Clinic","Littleton","2","Highlands Spa","169","4.9","3.64","https://www.google.com/maps/search/?api=1&query=Highlands%20Spa&query_place_id=ChIJWW97hOuDbIcRBLwDo5J-qRA"
"RAVE Spa & Clinic","Littleton","3","Zivel - Performance & Recovery Highlands Ranch","130","4.9","3.39","https://www.google.com/maps/search/?api=1&query=Zivel%20-%20Performance%20%26%20Recovery%20Highlands%20Ranch&query_place_id=ChIJWfZHnFKDbIcRkP0dRbgJ9cA"
"Alta Vista Dermatology","Highlands Ranch","1","Purity Skin Studio","541","4.9","0.4","https://www.google.com/maps/search/?api=1&query=Purity%20Skin%20Studio&query_place_id=ChIJF58btEeEbIcRHbfvHYbfxH8"
"Alta Vista Dermatology","Highlands Ranch","2","Hydrate IV Bar","352","5.0","1.15","https://www.google.com/maps/search/?api=1&query=Hydrate%20IV%20Bar&query_place_id=ChIJcytU88-DbIcRRKCXI9UiH_s"
"Alta Vista Dermatology","Highlands Ranch","3","Highlands Spa","169","4.9","1.15","https://www.google.com/maps/search/?api=1&query=Highlands%20Spa&query_place_id=ChIJWW97hOuDbIcRBLwDo5J-qRA"
"Glo Medical- Sharon Higuchi, NP-C","Englewood","1","The Luxe Room - South Denver","1385","5.0","3.25","https://www.google.com/maps/search/?api=1&query=The%20Luxe%20Room%20-%20South%20Denver&query_place_id=ChIJGWlFR6t_bIcRCBKJ4ASN95c"
"Glo Medical- Sharon Higuchi, NP-C","Englewood","2","Adore Aesthetix","320","5.0","3.03","https://www.google.com/maps/search/?api=1&query=Adore%20Aesthetix&query_place_id=ChIJPQKtt1Z-bIcRCicW34JZ0NY"
"Glo Medical- Sharon Higuchi, NP-C","Englewood","3","Spa Bella Medispa","119","4.6","3.28","https://www.google.com/maps/search/?api=1&query=Spa%20Bella%20Medispa&query_place_id=ChIJjacJVXR-bIcRDApEJdbR9Sc"
"Belleza Spa","Centennial","1","SLA Medical Spa","475","4.9","1.28","https://www.google.com/maps/search/?api=1&query=SLA%20Medical%20Spa&query_place_id=ChIJjxgJ9HKJbIcRVHGm8w-1d9w"
"Belleza Spa","Centennial","2","Aviva Med Spa","225","5.0","1.14","https://www.google.com/maps/search/?api=1&query=Aviva%20Med%20Spa&query_place_id=ChIJ_6NZZc-FbIcR0EzDImfmhYg"
"Belleza Spa","Centennial","3","BLU Medical Aesthetics & Wellness","212","4.9","1.22","https://www.google.com/maps/search/?api=1&query=BLU%20Medical%20Aesthetics%20%26%20Wellness&query_place_id=ChIJ-WoSwVSHbIcRxBwKI0PppVU"
"Skincare and Moore","Highlands Ranch","1","Aspen Family Care & Aspen Medical Aesthetics","738","4.5","1.42","https://www.google.com/maps/search/?api=1&query=Aspen%20Family%20Care%20%26%20Aspen%20Medical%20Aesthetics&query_place_id=ChIJkzLzTYGDbIcRMGiCmvjbNrQ"
"Skincare and Moore","Highlands Ranch","2","Modern Surgical Arts of Denver","150","4.9","0.22","https://www.google.com/maps/search/?api=1&query=Modern%20Surgical%20Arts%20of%20Denver&query_place_id=ChIJlyGDBh-DbIcRCaT6Su6w9Ig"
"Skincare and Moore","Highlands Ranch","3","Rajeunir Medical Spa","84","5.0","0.07","https://www.google.com/maps/search/?api=1&query=Rajeunir%20Medical%20Spa&query_place_id=ChIJlekiWC2DbIcRPNFZ-BKu9DQ"
"FirstCare Walk-In Medical Center","Highland","1","Jolie Aesthetics & Wellness","202","4.9","7.16","https://www.google.com/maps/search/?api=1&query=Jolie%20Aesthetics%20%26%20Wellness&query_place_id=ChIJBRE9Ahw_3YkRYtHf3K9QuzY"
"Bellora Medical Aesthetics","Seattle","1","Celsius","144","4.7","0.43","https://www.google.com/maps/search/?api=1&query=Celsius&query_place_id=ChIJG-gCJSMVkFQRKFda951UJYw"
"Bellora Medical Aesthetics","Seattle","2","DERMASPACE","119","4.6","0.78","https://www.google.com/maps/search/?api=1&query=DERMASPACE&query_place_id=ChIJObbsOhMVkFQRrkesW-F9zgI"
"Bellora Medical Aesthetics","Seattle","3","Seattle Aesthetics","69","4.9","0.31","https://www.google.com/maps/search/?api=1&query=Seattle%20Aesthetics&query_place_id=ChIJY_bUvloVkFQRe5TYEHW_4I4"
"Element MedSpa","Seattle","1","Allure Esthetic - Dr. Javad Sajan - Best Plastic Surgeon in Seattle","1092","4.8","0.58","https://www.google.com/maps/search/?api=1&query=Allure%20Esthetic%20-%20Dr.%20Javad%20Sajan%20-%20Best%20Plastic%20Surgeon%20in%20Seattle&query_place_id=ChIJSxiQhNNckFQRmyifHywhsTs"
"Element MedSpa","Seattle","2","Seattle Plastic Surgery","286","4.8","0.58","https://www.google.com/maps/search/?api=1&query=Seattle%20Plastic%20Surgery&query_place_id=ChIJaa0lachqkFQRDXpAaHhgQfY"
"Element MedSpa","Seattle","3","Sadowski Aesthetics & Laser","135","5.0","0.36","https://www.google.com/maps/search/?api=1&query=Sadowski%20Aesthetics%20%26%20Laser&query_place_id=ChIJ5Zv9Hd4VkFQRyYT0tFTYDVE"
"Skinlogic Med Spa","Seattle","1","Skin Synthesis Clinic & Spa","176","5.0","1.34","https://www.google.com/maps/search/?api=1&query=Skin%20Synthesis%20Clinic%20%26%20Spa&query_place_id=ChIJ45zXcahrkFQRgv-YVYclEtQ"
"Skinlogic Med Spa","Seattle","2","NuMe Aesthetics","170","4.9","1.61","https://www.google.com/maps/search/?api=1&query=NuMe%20Aesthetics&query_place_id=ChIJbdIvSsERkFQRyb-xmeDRd-o"
"Skinlogic Med Spa","Seattle","3","SkinSpirit Seattle - Green Lake","148","4.8","0.72","https://www.google.com/maps/search/?api=1&query=SkinSpirit%20Seattle%20-%20Green%20Lake&query_place_id=ChIJo3bE9CgVkFQRv9kdbSomUaU"
"Glow Medispa","Seattle","1","Seattle Beauty","457","5.0","1.18","https://www.google.com/maps/search/?api=1&query=Seattle%20Beauty&query_place_id=ChIJLepPSY1BkFQRGvHZs4GRc5Q"
"Glow Medispa","Seattle","2","Well Medical Arts","306","4.9","2.96","https://www.google.com/maps/search/?api=1&query=Well%20Medical%20Arts&query_place_id=ChIJY6P9bvlAkFQR2cGpxPNRgLw"
"Glow Medispa","Seattle","3","Forever Young Aesthetics","215","5.0","0.37","https://www.google.com/maps/search/?api=1&query=Forever%20Young%20Aesthetics&query_place_id=ChIJLT7v6y9r6ycRpC3I0NN0RHw"
"Maintenance Bar","Seattle","1","Allure Esthetic - Dr. Javad Sajan - Best Plastic Surgeon in Seattle","1092","4.8","2.27","https://www.google.com/maps/search/?api=1&query=Allure%20Esthetic%20-%20Dr.%20Javad%20Sajan%20-%20Best%20Plastic%20Surgeon%20in%20Seattle&query_place_id=ChIJSxiQhNNckFQRmyifHywhsTs"
"Maintenance Bar","Seattle","2","Seattle Plastic Surgery","286","4.8","2.27","https://www.google.com/maps/search/?api=1&query=Seattle%20Plastic%20Surgery&query_place_id=ChIJaa0lachqkFQRDXpAaHhgQfY"
"Maintenance Bar","Seattle","3","DERMASPACE","119","4.6","2.71","https://www.google.com/maps/search/?api=1&query=DERMASPACE&query_place_id=ChIJObbsOhMVkFQRrkesW-F9zgI"
"Purity Medical Spa","Seattle","1","SkinSpirit Seattle - University Village","297","4.7","0.74","https://www.google.com/maps/search/?api=1&query=SkinSpirit%20Seattle%20-%20University%20Village&query_place_id=ChIJQzuUAoYUkFQR95S1DMbK-G4"
"Purity Medical Spa","Seattle","2","Skin Synthesis Clinic & Spa","176","5.0","0.59","https://www.google.com/maps/search/?api=1&query=Skin%20Synthesis%20Clinic%20%26%20Spa&query_place_id=ChIJ45zXcahrkFQRgv-YVYclEtQ"
"Purity Medical Spa","Seattle","3","Skinlogic Med Spa","170","4.7","1.7","https://www.google.com/maps/search/?api=1&query=Skinlogic%20Med%20Spa&query_place_id=ChIJ14mi0xYUkFQRwje_iHPpIfI"
"Blue Haven Medical Spa","Seattle","1","Skin Synthesis Clinic & Spa","176","5.0","0.6","https://www.google.com/maps/search/?api=1&query=Skin%20Synthesis%20Clinic%20%26%20Spa&query_place_id=ChIJ45zXcahrkFQRgv-YVYclEtQ"
"Blue Haven Medical Spa","Seattle","2","Skinlogic Med Spa","170","4.7","0.76","https://www.google.com/maps/search/?api=1&query=Skinlogic%20Med%20Spa&query_place_id=ChIJ14mi0xYUkFQRwje_iHPpIfI"
"Blue Haven Medical Spa","Seattle","3","SkinSpirit Seattle - Green Lake","148","4.8","0.09","https://www.google.com/maps/search/?api=1&query=SkinSpirit%20Seattle%20-%20Green%20Lake&query_place_id=ChIJo3bE9CgVkFQRv9kdbSomUaU"
"Simplicity Med Spa","Seattle","1","SkinSpirit Seattle - University Village","297","4.7","0.17","https://www.google.com/maps/search/?api=1&query=SkinSpirit%20Seattle%20-%20University%20Village&query_place_id=ChIJQzuUAoYUkFQR95S1DMbK-G4"
"Simplicity Med Spa","Seattle","2","Skin Synthesis Clinic & Spa","176","5.0","0.9","https://www.google.com/maps/search/?api=1&query=Skin%20Synthesis%20Clinic%20%26%20Spa&query_place_id=ChIJ45zXcahrkFQRgv-YVYclEtQ"
"Simplicity Med Spa","Seattle","3","Skinlogic Med Spa","170","4.7","2.19","https://www.google.com/maps/search/?api=1&query=Skinlogic%20Med%20Spa&query_place_id=ChIJ14mi0xYUkFQRwje_iHPpIfI"
"Seattle Beauty","Seattle","1","Bellora Medical Aesthetics","252","4.8","2.72","https://www.google.com/maps/search/?api=1&query=Bellora%20Medical%20Aesthetics&query_place_id=ChIJmVZvZrJqkFQRccIVN4Q7q8s"
"Seattle Beauty","Seattle","2","Forever Young Aesthetics","215","5.0","0.82","https://www.google.com/maps/search/?api=1&query=Forever%20Young%20Aesthetics&query_place_id=ChIJLT7v6y9r6ycRpC3I0NN0RHw"
"Seattle Beauty","Seattle","3","Glow Medispa","186","4.9","1.18","https://www.google.com/maps/search/?api=1&query=Glow%20Medispa&query_place_id=ChIJa2_iT_1AkFQRZMdB3BHwVYo"
"Lux Aesthetics","Seattle","1","Celsius","144","4.7","2.42","https://www.google.com/maps/search/?api=1&query=Celsius&query_place_id=ChIJG-gCJSMVkFQRKFda951UJYw"
"Lux Aesthetics","Seattle","2","Vitality Queen Anne | Vitality Medispa","72","4.6","2.0","https://www.google.com/maps/search/?api=1&query=Vitality%20Queen%20Anne%20%7C%20Vitality%20Medispa&query_place_id=ChIJ-7QZMUMVkFQRGRSmzvNzH3M"
"Lux Aesthetics","Seattle","3","Bevel Aesthetics | Ballard Injectables Medical Spa","25","5.0","1.9","https://www.google.com/maps/search/?api=1&query=Bevel%20Aesthetics%20%7C%20Ballard%20Injectables%20Medical%20Spa&query_place_id=ChIJdbuT0FQVkFQR86iFifFgYG8"
"Skin Synthesis Clinic & Spa","Seattle","1","SkinSpirit Seattle - University Village","297","4.7","1.05","https://www.google.com/maps/search/?api=1&query=SkinSpirit%20Seattle%20-%20University%20Village&query_place_id=ChIJQzuUAoYUkFQR95S1DMbK-G4"
"Skin Synthesis Clinic & Spa","Seattle","2","Skinlogic Med Spa","170","4.7","1.34","https://www.google.com/maps/search/?api=1&query=Skinlogic%20Med%20Spa&query_place_id=ChIJ14mi0xYUkFQRwje_iHPpIfI"
"Skin Synthesis Clinic & Spa","Seattle","3","SkinSpirit Seattle - Green Lake","148","4.8","0.68","https://www.google.com/maps/search/?api=1&query=SkinSpirit%20Seattle%20-%20Green%20Lake&query_place_id=ChIJo3bE9CgVkFQRv9kdbSomUaU"
"Celsius","Seattle","1","Bellora Medical Aesthetics","252","4.8","0.43","https://www.google.com/maps/search/?api=1&query=Bellora%20Medical%20Aesthetics&query_place_id=ChIJmVZvZrJqkFQRccIVN4Q7q8s"
"Celsius","Seattle","2","DERMASPACE","119","4.6","1.09","https://www.google.com/maps/search/?api=1&query=DERMASPACE&query_place_id=ChIJObbsOhMVkFQRrkesW-F9zgI"
"Celsius","Seattle","3","Vitality Queen Anne | Vitality Medispa","72","4.6","1.08","https://www.google.com/maps/search/?api=1&query=Vitality%20Queen%20Anne%20%7C%20Vitality%20Medispa&query_place_id=ChIJ-7QZMUMVkFQRGRSmzvNzH3M"
"Forever Young Aesthetics","Seattle","1","Seattle Beauty","457","5.0","0.82","https://www.google.com/maps/search/?api=1&query=Seattle%20Beauty&query_place_id=ChIJLepPSY1BkFQRGvHZs4GRc5Q"
"Forever Young Aesthetics","Seattle","2","Well Medical Arts","306","4.9","3.33","https://www.google.com/maps/search/?api=1&query=Well%20Medical%20Arts&query_place_id=ChIJY6P9bvlAkFQR2cGpxPNRgLw"
"Forever Young Aesthetics","Seattle","3","Glow Medispa","186","4.9","0.37","https://www.google.com/maps/search/?api=1&query=Glow%20Medispa&query_place_id=ChIJa2_iT_1AkFQRZMdB3BHwVYo"
"DERMASPACE","Seattle","1","Allure Esthetic - Dr. Javad Sajan - Best Plastic Surgeon in Seattle","1092","4.8","0.85","https://www.google.com/maps/search/?api=1&query=Allure%20Esthetic%20-%20Dr.%20Javad%20Sajan%20-%20Best%20Plastic%20Surgeon%20in%20Seattle&query_place_id=ChIJSxiQhNNckFQRmyifHywhsTs"
"DERMASPACE","Seattle","2","Bellora Medical Aesthetics","252","4.8","0.78","https://www.google.com/maps/search/?api=1&query=Bellora%20Medical%20Aesthetics&query_place_id=ChIJmVZvZrJqkFQRccIVN4Q7q8s"
"DERMASPACE","Seattle","3","Element MedSpa","66","4.9","0.63","https://www.google.com/maps/search/?api=1&query=Element%20MedSpa&query_place_id=ChIJmd74W_prkFQRnwcM8RMH0ls"
"The Lip Bunny Beauty","Fall River","1","Advanced Body Sculpting of New England - Dr. Mark Lowney","246","4.9","0.0","https://www.google.com/maps/search/?api=1&query=Advanced%20Body%20Sculpting%20of%20New%20England%20-%20Dr.%20Mark%20Lowney&query_place_id=ChIJ0eCn4v345IkRRNJWzMIrfxE"
"The Lip Bunny Beauty","Fall River","2","Alayne White","96","4.9","7.42","https://www.google.com/maps/search/?api=1&query=Alayne%20White&query_place_id=ChIJQRPW9npU5IkRTspOFnOHzvQ"
"GFaceMD Medical Spa, Wellesley","Wellesley","1","All In One Laser","412","5.0","3.46","https://www.google.com/maps/search/?api=1&query=All%20In%20One%20Laser&query_place_id=ChIJLcjSvA5444kRUXmwbWWDkcE"
"GFaceMD Medical Spa, Wellesley","Wellesley","2","Restore Hyper Wellness","254","4.9","7.68","https://www.google.com/maps/search/?api=1&query=Restore%20Hyper%20Wellness&query_place_id=ChIJq9IPhN1_44kR8UhsAsHkzx0"
"GFaceMD Medical Spa, Wellesley","Wellesley","3","Restore Hyper Wellness","235","4.9","2.3","https://www.google.com/maps/search/?api=1&query=Restore%20Hyper%20Wellness&query_place_id=ChIJmw6-MRGD44kRNRmObW8-CCQ"
"Samara MedSpa Avon","Avon","1","Imagine Float","271","5.0","0.36","https://www.google.com/maps/search/?api=1&query=Imagine%20Float&query_place_id=ChIJ38LXpWep54kRP3ykaBFzKfE"
"Samara MedSpa Avon","Avon","2","Restore Hyper Wellness","235","4.8","6.27","https://www.google.com/maps/search/?api=1&query=Restore%20Hyper%20Wellness&query_place_id=ChIJJz8FzBmr54kRG5sXBzUU2eM"
"Skin Esteem Med Spa and Wellness Center","Kingston","1","Fresh Medical Aesthetics Inc","207","5.0","6.27","https://www.google.com/maps/search/?api=1&query=Fresh%20Medical%20Aesthetics%20Inc&query_place_id=ChIJoS2bgNa75IkRfFV0zycoSq8"
"Allure Esthetic - Dr. Javad Sajan - Best Plastic Surgeon in Seattle","Seattle","1","Seattle Plastic Surgery","286","4.8","0.0","https://www.google.com/maps/search/?api=1&query=Seattle%20Plastic%20Surgery&query_place_id=ChIJaa0lachqkFQRDXpAaHhgQfY"
"Allure Esthetic - Dr. Javad Sajan - Best Plastic Surgeon in Seattle","Seattle","2","Sadowski Aesthetics & Laser","135","5.0","0.74","https://www.google.com/maps/search/?api=1&query=Sadowski%20Aesthetics%20%26%20Laser&query_place_id=ChIJ5Zv9Hd4VkFQRyYT0tFTYDVE"
"Allure Esthetic - Dr. Javad Sajan - Best Plastic Surgeon in Seattle","Seattle","3","DERMASPACE","119","4.6","0.85","https://www.google.com/maps/search/?api=1&query=DERMASPACE&query_place_id=ChIJObbsOhMVkFQRrkesW-F9zgI"
"La Clinique Aesthetics","Seattle","1","Allure Esthetic - Dr. Javad Sajan - Best Plastic Surgeon in Seattle","1092","4.8","2.3","https://www.google.com/maps/search/?api=1&query=Allure%20Esthetic%20-%20Dr.%20Javad%20Sajan%20-%20Best%20Plastic%20Surgeon%20in%20Seattle&query_place_id=ChIJSxiQhNNckFQRmyifHywhsTs"
"La Clinique Aesthetics","Seattle","2","Seattle Plastic Surgery","286","4.8","2.3","https://www.google.com/maps/search/?api=1&query=Seattle%20Plastic%20Surgery&query_place_id=ChIJaa0lachqkFQRDXpAaHhgQfY"
"La Clinique Aesthetics","Seattle","3","DERMASPACE","119","4.6","2.75","https://www.google.com/maps/search/?api=1&query=DERMASPACE&query_place_id=ChIJObbsOhMVkFQRrkesW-F9zgI"
"Seattle Plastic Surgery","Seattle","1","Allure Esthetic - Dr. Javad Sajan - Best Plastic Surgeon in Seattle","1092","4.8","0.0","https://www.google.com/maps/search/?api=1&query=Allure%20Esthetic%20-%20Dr.%20Javad%20Sajan%20-%20Best%20Plastic%20Surgeon%20in%20Seattle&query_place_id=ChIJSxiQhNNckFQRmyifHywhsTs"
"Seattle Plastic Surgery","Seattle","2","Sadowski Aesthetics & Laser","135","5.0","0.74","https://www.google.com/maps/search/?api=1&query=Sadowski%20Aesthetics%20%26%20Laser&query_place_id=ChIJ5Zv9Hd4VkFQRyYT0tFTYDVE"
"Seattle Plastic Surgery","Seattle","3","DERMASPACE","119","4.6","0.85","https://www.google.com/maps/search/?api=1&query=DERMASPACE&query_place_id=ChIJObbsOhMVkFQRrkesW-F9zgI"
"Greenwich Medical Spa","Riverside","1","Restore Hyper Wellness","299","4.9","4.74","https://www.google.com/maps/search/?api=1&query=Restore%20Hyper%20Wellness&query_place_id=ChIJw5r3G5ihwokRA_QPFeqLWYk"
"Greenwich Medical Spa","Riverside","2","Naturallyou Med Spa by Terry Conrad, APRN","139","5.0","1.06","https://www.google.com/maps/search/?api=1&query=Naturallyou%20Med%20Spa%20by%20Terry%20Conrad%2C%20APRN&query_place_id=ChIJp48stfKYwokRS5ePJqBQvcg"
"Dolce Vida Medical Spa","Trumbull","1","Salerno Wellness","29","4.8","5.42","https://www.google.com/maps/search/?api=1&query=Salerno%20Wellness&query_place_id=ChIJdcIYqA0R6IkRDIKcRxALPp8"
"Naturallyou Med Spa by Terry Conrad, APRN","Cos Cob","1","Greenwich Medical Spa","329","4.8","1.06","https://www.google.com/maps/search/?api=1&query=Greenwich%20Medical%20Spa&query_place_id=ChIJB5rov6WYwokRVMpphnlW9J0"
"Naturallyou Med Spa by Terry Conrad, APRN","Cos Cob","2","Restore Hyper Wellness","299","4.9","5.53","https://www.google.com/maps/search/?api=1&query=Restore%20Hyper%20Wellness&query_place_id=ChIJw5r3G5ihwokRA_QPFeqLWYk"
"Medical Spa at PRO Club","Bellevue","1","Natural Rejuvenation MedSpa","584","4.8","1.69","https://www.google.com/maps/search/?api=1&query=Natural%20Rejuvenation%20MedSpa&query_place_id=ChIJfVFWGOhskFQRcLXMRIlTn6Y"
"Medical Spa at PRO Club","Bellevue","2","Eastside Aesthetics by Lena","154","4.9","1.27","https://www.google.com/maps/search/?api=1&query=Eastside%20Aesthetics%20by%20Lena&query_place_id=ChIJYWZn3i8PkFQRZjkpmpfgXSA"
"Medical Spa at PRO Club","Bellevue","3","IAM Center for Integrative Aesthetic Med","132","5.0","1.93","https://www.google.com/maps/search/?api=1&query=IAM%20Center%20for%20Integrative%20Aesthetic%20Med&query_place_id=ChIJi5dEHZ1tkFQRV_g3SoZVsNw"
"Muse Medspa","Bellevue","1","MIYA Aesthetics & Wellness","217","5.0","0.12","https://www.google.com/maps/search/?api=1&query=MIYA%20Aesthetics%20%26%20Wellness&query_place_id=ChIJaTjQQsRpkFQREGCs6Qw6Zlw"
"Muse Medspa","Bellevue","2","NewSkin MedSpa | Plastic Surgery","143","4.9","2.86","https://www.google.com/maps/search/?api=1&query=NewSkin%20MedSpa%20%7C%20Plastic%20Surgery&query_place_id=ChIJeWRho8ZtkFQRj0jnugk7fMk"
"Muse Medspa","Bellevue","3","Flawless Medical Spa","115","4.9","2.99","https://www.google.com/maps/search/?api=1&query=Flawless%20Medical%20Spa&query_place_id=ChIJUyYHZQ9tkFQR9Moc-CFFxAg"
"Natural Rejuvenation MedSpa","Bellevue","1","Botanica Beauty Studio","328","4.7","0.36","https://www.google.com/maps/search/?api=1&query=Botanica%20Beauty%20Studio&query_place_id=ChIJz_WFc0ttkFQR-b0il-dzlcQ"
"Natural Rejuvenation MedSpa","Bellevue","2","IAM Center for Integrative Aesthetic Med","132","5.0","0.73","https://www.google.com/maps/search/?api=1&query=IAM%20Center%20for%20Integrative%20Aesthetic%20Med&query_place_id=ChIJi5dEHZ1tkFQRV_g3SoZVsNw"
"Natural Rejuvenation MedSpa","Bellevue","3","The Glow Clinic","109","4.9","0.61","https://www.google.com/maps/search/?api=1&query=The%20Glow%20Clinic&query_place_id=ChIJ7_rbInZtkFQR0bakEXbmi4g"
"Flawless Medical Spa","Bellevue","1","Advanced Skin and Body Solutions","264","4.8","0.2","https://www.google.com/maps/search/?api=1&query=Advanced%20Skin%20and%20Body%20Solutions&query_place_id=ChIJ50_zShFskFQR1yLvD_O14PI"
"Flawless Medical Spa","Bellevue","2","The Stern Center for Aesthetic Surgery","111","4.8","0.52","https://www.google.com/maps/search/?api=1&query=The%20Stern%20Center%20for%20Aesthetic%20Surgery&query_place_id=ChIJxWzRffNskFQR98fdRcG4ins"
"Flawless Medical Spa","Bellevue","3","Timeless Regenerative Medicine, PLLC","85","5.0","0.59","https://www.google.com/maps/search/?api=1&query=Timeless%20Regenerative%20Medicine%2C%20PLLC&query_place_id=ChIJ8bzV5LFtkFQRr7r6i4Ip7FM"
"Glowlight Med Spa","Bellevue","1","SkinSpirit Bellevue","241","4.7","0.57","https://www.google.com/maps/search/?api=1&query=SkinSpirit%20Bellevue&query_place_id=ChIJR0-iH31skFQRcrS14w9flUA"
"Glowlight Med Spa","Bellevue","2","NewSkin MedSpa | Plastic Surgery","143","4.9","0.13","https://www.google.com/maps/search/?api=1&query=NewSkin%20MedSpa%20%7C%20Plastic%20Surgery&query_place_id=ChIJeWRho8ZtkFQRj0jnugk7fMk"
"Glowlight Med Spa","Bellevue","3","Lévy Aesthetics","136","4.8","0.4","https://www.google.com/maps/search/?api=1&query=L%C3%A9vy%20Aesthetics&query_place_id=ChIJG9hnUeJtkFQR06PYT4emCNI"
"NewSkin MedSpa | Plastic Surgery","Bellevue","1","Lévy Aesthetics","136","4.8","0.52","https://www.google.com/maps/search/?api=1&query=L%C3%A9vy%20Aesthetics&query_place_id=ChIJG9hnUeJtkFQR06PYT4emCNI"
"NewSkin MedSpa | Plastic Surgery","Bellevue","2","Newvue Plastic Surgery","135","4.7","0.52","https://www.google.com/maps/search/?api=1&query=Newvue%20Plastic%20Surgery&query_place_id=ChIJ5bv4IH5skFQRKsc5c4a5dCU"
"NewSkin MedSpa | Plastic Surgery","Bellevue","3","Glowlight Med Spa","70","5.0","0.13","https://www.google.com/maps/search/?api=1&query=Glowlight%20Med%20Spa&query_place_id=ChIJO-G8uzNtkFQRLOs2Rxtf1Lc"
"Advanced Skin and Body Solutions","Bellevue","1","Dermatology Arts","3751","4.8","0.48","https://www.google.com/maps/search/?api=1&query=Dermatology%20Arts&query_place_id=ChIJOarvvfNskFQRNAWRrUhPnP8"
"Advanced Skin and Body Solutions","Bellevue","2","Flawless Medical Spa","115","4.9","0.2","https://www.google.com/maps/search/?api=1&query=Flawless%20Medical%20Spa&query_place_id=ChIJUyYHZQ9tkFQR9Moc-CFFxAg"
"Advanced Skin and Body Solutions","Bellevue","3","The Stern Center for Aesthetic Surgery","111","4.8","0.36","https://www.google.com/maps/search/?api=1&query=The%20Stern%20Center%20for%20Aesthetic%20Surgery&query_place_id=ChIJxWzRffNskFQR98fdRcG4ins"
"Forever You Aesthetic","Bellevue","1","MIYA Aesthetics & Wellness","217","5.0","0.32","https://www.google.com/maps/search/?api=1&query=MIYA%20Aesthetics%20%26%20Wellness&query_place_id=ChIJaTjQQsRpkFQREGCs6Qw6Zlw"
"Forever You Aesthetic","Bellevue","2","Muse Medspa","151","4.8","0.42","https://www.google.com/maps/search/?api=1&query=Muse%20Medspa&query_place_id=ChIJm-rXX7dtkFQRdY5_JKfFhwE"
"Forever You Aesthetic","Bellevue","3","NewSkin MedSpa | Plastic Surgery","143","4.9","2.44","https://www.google.com/maps/search/?api=1&query=NewSkin%20MedSpa%20%7C%20Plastic%20Surgery&query_place_id=ChIJeWRho8ZtkFQRj0jnugk7fMk"
"MIYA Aesthetics & Wellness","Bellevue","1","Muse Medspa","151","4.8","0.12","https://www.google.com/maps/search/?api=1&query=Muse%20Medspa&query_place_id=ChIJm-rXX7dtkFQRdY5_JKfFhwE"
"MIYA Aesthetics & Wellness","Bellevue","2","NewSkin MedSpa | Plastic Surgery","143","4.9","2.75","https://www.google.com/maps/search/?api=1&query=NewSkin%20MedSpa%20%7C%20Plastic%20Surgery&query_place_id=ChIJeWRho8ZtkFQRj0jnugk7fMk"
"MIYA Aesthetics & Wellness","Bellevue","3","Flawless Medical Spa","115","4.9","2.87","https://www.google.com/maps/search/?api=1&query=Flawless%20Medical%20Spa&query_place_id=ChIJUyYHZQ9tkFQR9Moc-CFFxAg"
"Deluxe Beaute Spa Bellevue","Bellevue","1","Serenity Rejuvenation Center: Dr. Stephen O'Connell","384","4.6","0.71","https://www.google.com/maps/search/?api=1&query=Serenity%20Rejuvenation%20Center%3A%20Dr.%20Stephen%20O'Connell&query_place_id=ChIJBy8IBUpskFQRtdRlCTIOTe0"
"Deluxe Beaute Spa Bellevue","Bellevue","2","Bellevue Anti-Aging Medical Clinic","169","4.9","0.09","https://www.google.com/maps/search/?api=1&query=Bellevue%20Anti-Aging%20Medical%20Clinic&query_place_id=ChIJ1yFAvWJtkFQRx8O1BA0bbqk"
"Deluxe Beaute Spa Bellevue","Bellevue","3","Eastside Aesthetics by Lena","154","4.9","0.78","https://www.google.com/maps/search/?api=1&query=Eastside%20Aesthetics%20by%20Lena&query_place_id=ChIJYWZn3i8PkFQRZjkpmpfgXSA"
"Serenity Rejuvenation Center: Dr. Stephen O'Connell","Bellevue","1","Deluxe Beaute Spa Bellevue","209","4.7","0.71","https://www.google.com/maps/search/?api=1&query=Deluxe%20Beaute%20Spa%20Bellevue&query_place_id=ChIJJVorMq1tkFQRwZz90vQ03_o"
"Serenity Rejuvenation Center: Dr. Stephen O'Connell","Bellevue","2","Bellevue Anti-Aging Medical Clinic","169","4.9","0.79","https://www.google.com/maps/search/?api=1&query=Bellevue%20Anti-Aging%20Medical%20Clinic&query_place_id=ChIJ1yFAvWJtkFQRx8O1BA0bbqk"
"Serenity Rejuvenation Center: Dr. Stephen O'Connell","Bellevue","3","IAM Center for Integrative Aesthetic Med","132","5.0","0.58","https://www.google.com/maps/search/?api=1&query=IAM%20Center%20for%20Integrative%20Aesthetic%20Med&query_place_id=ChIJi5dEHZ1tkFQRV_g3SoZVsNw"
"Mahal Aesthetics, PLLC","Bellevue","1","Natural Rejuvenation MedSpa","584","4.8","0.35","https://www.google.com/maps/search/?api=1&query=Natural%20Rejuvenation%20MedSpa&query_place_id=ChIJfVFWGOhskFQRcLXMRIlTn6Y"
"Mahal Aesthetics, PLLC","Bellevue","2","Botanica Beauty Studio","328","4.7","0.06","https://www.google.com/maps/search/?api=1&query=Botanica%20Beauty%20Studio&query_place_id=ChIJz_WFc0ttkFQR-b0il-dzlcQ"
"Mahal Aesthetics, PLLC","Bellevue","3","The Glow Clinic","109","4.9","0.53","https://www.google.com/maps/search/?api=1&query=The%20Glow%20Clinic&query_place_id=ChIJ7_rbInZtkFQR0bakEXbmi4g"
"IAM Center for Integrative Aesthetic Med","Bellevue","1","Natural Rejuvenation MedSpa","584","4.8","0.73","https://www.google.com/maps/search/?api=1&query=Natural%20Rejuvenation%20MedSpa&query_place_id=ChIJfVFWGOhskFQRcLXMRIlTn6Y"
"IAM Center for Integrative Aesthetic Med","Bellevue","2","Serenity Rejuvenation Center: Dr. Stephen O'Connell","384","4.6","0.58","https://www.google.com/maps/search/?api=1&query=Serenity%20Rejuvenation%20Center%3A%20Dr.%20Stephen%20O'Connell&query_place_id=ChIJBy8IBUpskFQRtdRlCTIOTe0"
"IAM Center for Integrative Aesthetic Med","Bellevue","3","The Glow Clinic","109","4.9","0.43","https://www.google.com/maps/search/?api=1&query=The%20Glow%20Clinic&query_place_id=ChIJ7_rbInZtkFQR0bakEXbmi4g"
"Timeless Regenerative Medicine, PLLC","Bellevue","1","Botanica Beauty Studio","328","4.7","0.53","https://www.google.com/maps/search/?api=1&query=Botanica%20Beauty%20Studio&query_place_id=ChIJz_WFc0ttkFQR-b0il-dzlcQ"
"Timeless Regenerative Medicine, PLLC","Bellevue","2","Advanced Skin and Body Solutions","264","4.8","0.45","https://www.google.com/maps/search/?api=1&query=Advanced%20Skin%20and%20Body%20Solutions&query_place_id=ChIJ50_zShFskFQR1yLvD_O14PI"
"Timeless Regenerative Medicine, PLLC","Bellevue","3","The Glow Clinic","109","4.9","0.39","https://www.google.com/maps/search/?api=1&query=The%20Glow%20Clinic&query_place_id=ChIJ7_rbInZtkFQR0bakEXbmi4g"
"Bellevue Anti-Aging Medical Clinic","Bellevue","1","Serenity Rejuvenation Center: Dr. Stephen O'Connell","384","4.6","0.79","https://www.google.com/maps/search/?api=1&query=Serenity%20Rejuvenation%20Center%3A%20Dr.%20Stephen%20O'Connell&query_place_id=ChIJBy8IBUpskFQRtdRlCTIOTe0"
"Bellevue Anti-Aging Medical Clinic","Bellevue","2","Deluxe Beaute Spa Bellevue","209","4.7","0.09","https://www.google.com/maps/search/?api=1&query=Deluxe%20Beaute%20Spa%20Bellevue&query_place_id=ChIJJVorMq1tkFQRwZz90vQ03_o"
"Bellevue Anti-Aging Medical Clinic","Bellevue","3","Eastside Aesthetics by Lena","154","4.9","0.83","https://www.google.com/maps/search/?api=1&query=Eastside%20Aesthetics%20by%20Lena&query_place_id=ChIJYWZn3i8PkFQRZjkpmpfgXSA"
"NuMe Aesthetics","Bellevue","1","Serenity Rejuvenation Center: Dr. Stephen O'Connell","384","4.6","0.03","https://www.google.com/maps/search/?api=1&query=Serenity%20Rejuvenation%20Center%3A%20Dr.%20Stephen%20O'Connell&query_place_id=ChIJBy8IBUpskFQRtdRlCTIOTe0"
"NuMe Aesthetics","Bellevue","2","Deluxe Beaute Spa Bellevue","209","4.7","0.72","https://www.google.com/maps/search/?api=1&query=Deluxe%20Beaute%20Spa%20Bellevue&query_place_id=ChIJJVorMq1tkFQRwZz90vQ03_o"
"NuMe Aesthetics","Bellevue","3","Bellevue Anti-Aging Medical Clinic","169","4.9","0.8","https://www.google.com/maps/search/?api=1&query=Bellevue%20Anti-Aging%20Medical%20Clinic&query_place_id=ChIJ1yFAvWJtkFQRx8O1BA0bbqk"
"Botanica Beauty Studio","Bellevue","1","Natural Rejuvenation MedSpa","584","4.8","0.36","https://www.google.com/maps/search/?api=1&query=Natural%20Rejuvenation%20MedSpa&query_place_id=ChIJfVFWGOhskFQRcLXMRIlTn6Y"
"Botanica Beauty Studio","Bellevue","2","The Glow Clinic","109","4.9","0.59","https://www.google.com/maps/search/?api=1&query=The%20Glow%20Clinic&query_place_id=ChIJ7_rbInZtkFQR0bakEXbmi4g"
"Botanica Beauty Studio","Bellevue","3","Mahal Aesthetics, PLLC","85","5.0","0.06","https://www.google.com/maps/search/?api=1&query=Mahal%20Aesthetics%2C%20PLLC&query_place_id=ChIJ6cAlqnBtkFQReFUsR3UeMXs"
"Bellevue Medical Aesthetic Center","Bellevue","1","Natural Rejuvenation MedSpa","584","4.8","0.32","https://www.google.com/maps/search/?api=1&query=Natural%20Rejuvenation%20MedSpa&query_place_id=ChIJfVFWGOhskFQRcLXMRIlTn6Y"
"Bellevue Medical Aesthetic Center","Bellevue","2","Botanica Beauty Studio","328","4.7","0.21","https://www.google.com/maps/search/?api=1&query=Botanica%20Beauty%20Studio&query_place_id=ChIJz_WFc0ttkFQR-b0il-dzlcQ"
"Bellevue Medical Aesthetic Center","Bellevue","3","The Glow Clinic","109","4.9","0.39","https://www.google.com/maps/search/?api=1&query=The%20Glow%20Clinic&query_place_id=ChIJ7_rbInZtkFQR0bakEXbmi4g"
"Lévy Aesthetics","Bellevue","1","SkinSpirit Bellevue","241","4.7","0.48","https://www.google.com/maps/search/?api=1&query=SkinSpirit%20Bellevue&query_place_id=ChIJR0-iH31skFQRcrS14w9flUA"
"Lévy Aesthetics","Bellevue","2","NewSkin MedSpa | Plastic Surgery","143","4.9","0.52","https://www.google.com/maps/search/?api=1&query=NewSkin%20MedSpa%20%7C%20Plastic%20Surgery&query_place_id=ChIJeWRho8ZtkFQRj0jnugk7fMk"
"Lévy Aesthetics","Bellevue","3","Newvue Plastic Surgery","135","4.7","0.0","https://www.google.com/maps/search/?api=1&query=Newvue%20Plastic%20Surgery&query_place_id=ChIJ5bv4IH5skFQRKsc5c4a5dCU"
"Naficy Plastic Surgery & Rejuvenation Center","Bellevue","1","Dermatology Arts","3751","4.8","0.33","https://www.google.com/maps/search/?api=1&query=Dermatology%20Arts&query_place_id=ChIJOarvvfNskFQRNAWRrUhPnP8"
"Naficy Plastic Surgery & Rejuvenation Center","Bellevue","2","The Stern Center for Aesthetic Surgery","111","4.8","0.35","https://www.google.com/maps/search/?api=1&query=The%20Stern%20Center%20for%20Aesthetic%20Surgery&query_place_id=ChIJxWzRffNskFQR98fdRcG4ins"
"Naficy Plastic Surgery & Rejuvenation Center","Bellevue","3","ClubInject®","45","4.8","0.14","https://www.google.com/maps/search/?api=1&query=ClubInject%C2%AE&query_place_id=ChIJP4Sw4KRtkFQRnSol5qkq8Qw"
"The Glow Clinic","Bellevue","1","Natural Rejuvenation MedSpa","584","4.8","0.61","https://www.google.com/maps/search/?api=1&query=Natural%20Rejuvenation%20MedSpa&query_place_id=ChIJfVFWGOhskFQRcLXMRIlTn6Y"
"The Glow Clinic","Bellevue","2","Botanica Beauty Studio","328","4.7","0.59","https://www.google.com/maps/search/?api=1&query=Botanica%20Beauty%20Studio&query_place_id=ChIJz_WFc0ttkFQR-b0il-dzlcQ"
"The Glow Clinic","Bellevue","3","IAM Center for Integrative Aesthetic Med","132","5.0","0.43","https://www.google.com/maps/search/?api=1&query=IAM%20Center%20for%20Integrative%20Aesthetic%20Med&query_place_id=ChIJi5dEHZ1tkFQRV_g3SoZVsNw"
"The Stern Center for Aesthetic Surgery","Bellevue","1","Dermatology Arts","3751","4.8","0.11","https://www.google.com/maps/search/?api=1&query=Dermatology%20Arts&query_place_id=ChIJOarvvfNskFQRNAWRrUhPnP8"
"The Stern Center for Aesthetic Surgery","Bellevue","2","Naficy Plastic Surgery & Rejuvenation Center","671","4.7","0.35","https://www.google.com/maps/search/?api=1&query=Naficy%20Plastic%20Surgery%20%26%20Rejuvenation%20Center&query_place_id=ChIJKTM_nIxskFQRi0NjgyAE-xE"
"The Stern Center for Aesthetic Surgery","Bellevue","3","Advanced Skin and Body Solutions","264","4.8","0.36","https://www.google.com/maps/search/?api=1&query=Advanced%20Skin%20and%20Body%20Solutions&query_place_id=ChIJ50_zShFskFQR1yLvD_O14PI"
"Dermatology Arts","Bellevue","1","Naficy Plastic Surgery & Rejuvenation Center","671","4.7","0.33","https://www.google.com/maps/search/?api=1&query=Naficy%20Plastic%20Surgery%20%26%20Rejuvenation%20Center&query_place_id=ChIJKTM_nIxskFQRi0NjgyAE-xE"
"Dermatology Arts","Bellevue","2","The Stern Center for Aesthetic Surgery","111","4.8","0.11","https://www.google.com/maps/search/?api=1&query=The%20Stern%20Center%20for%20Aesthetic%20Surgery&query_place_id=ChIJxWzRffNskFQR98fdRcG4ins"
"Dermatology Arts","Bellevue","3","Ellis Esthetics","91","4.9","0.33","https://www.google.com/maps/search/?api=1&query=Ellis%20Esthetics&query_place_id=ChIJPR9KO-5skFQRGSor3r3FVPA"
"Kimberly Santos, RN | Aluma Medical Aesthetics","Los Angeles","1","SkinSpirit at Lasky","105","4.9","0.91","https://www.google.com/maps/search/?api=1&query=SkinSpirit%20at%20Lasky&query_place_id=ChIJIwynefa7woARkr5aqzMIP6E"
"Kimberly Santos, RN | Aluma Medical Aesthetics","Los Angeles","2","Skinbiotic Med Spa","100","4.9","1.05","https://www.google.com/maps/search/?api=1&query=Skinbiotic%20Med%20Spa&query_place_id=ChIJgQJp2XS7woARcI2Ic73N92M"
"Kimberly Santos, RN | Aluma Medical Aesthetics","Los Angeles","3","Curiva Med Spa","92","4.8","0.66","https://www.google.com/maps/search/?api=1&query=Curiva%20Med%20Spa&query_place_id=ChIJE8AfSva9woARTHvU2RAPLnE"
"me.losangeles aesthetics","West Hollywood","1","Cienega Medical","761","4.7","1.25","https://www.google.com/maps/search/?api=1&query=Cienega%20Medical&query_place_id=ChIJDUvh60W5woARpc9QXPcqgzQ"
"me.losangeles aesthetics","West Hollywood","2","SMOOTH SKIN LOUNGE","606","4.9","1.51","https://www.google.com/maps/search/?api=1&query=SMOOTH%20SKIN%20LOUNGE&query_place_id=ChIJ77EHmAK9woARtWU1yYx__dM"
"me.losangeles aesthetics","West Hollywood","3","LYEV Beverly Hills- Medical Spa","217","4.9","1.39","https://www.google.com/maps/search/?api=1&query=LYEV%20Beverly%20Hills-%20Medical%20Spa&query_place_id=ChIJF_W3VIK5woARnqq3kKbGbxw"
"Double J Medical Aesthetics and Hair Clinic","Los Angeles","1","Wave Plastic Surgery & Aesthetic Laser Center Los Angeles","438","4.8","1.16","https://www.google.com/maps/search/?api=1&query=Wave%20Plastic%20Surgery%20%26%20Aesthetic%20Laser%20Center%20Los%20Angeles&query_place_id=ChIJN3tFRnzHwoARm_FRTw3Yuds"
"Double J Medical Aesthetics and Hair Clinic","Los Angeles","2","My Aesthetic Doctor","210","5.0","1.02","https://www.google.com/maps/search/?api=1&query=My%20Aesthetic%20Doctor&query_place_id=ChIJV7R8zb-5woARTWgbtfX-Li8"
"Double J Medical Aesthetics and Hair Clinic","Los Angeles","3","IVE MEDICAL SPA","130","4.6","1.07","https://www.google.com/maps/search/?api=1&query=IVE%20MEDICAL%20SPA&query_place_id=ChIJ33BAyly5woARb65oJ3BJlLY"
"West Empire Aesthetics","Los Angeles","1","Kian Aesthetic Institute","363","5.0","0.75","https://www.google.com/maps/search/?api=1&query=Kian%20Aesthetic%20Institute&query_place_id=ChIJKejX2WC7woARg29KU_wdJ2A"
"West Empire Aesthetics","Los Angeles","2","Harmony Aesthetics Center","255","5.0","0.61","https://www.google.com/maps/search/?api=1&query=Harmony%20Aesthetics%20Center&query_place_id=ChIJWwdYPhe7woARkSaoSSG1hlU"
"West Empire Aesthetics","Los Angeles","3","RIVKIN Aesthetics","223","4.8","0.02","https://www.google.com/maps/search/?api=1&query=RIVKIN%20Aesthetics&query_place_id=ChIJAw8o2mC7woARYAsAj_6tAzY"
"Kian Aesthetic Institute","Los Angeles","1","Skin by Lovely","557","5.0","0.47","https://www.google.com/maps/search/?api=1&query=Skin%20by%20Lovely&query_place_id=ChIJYVj9Z0-7woAR4qn2QBt_HUI"
"Kian Aesthetic Institute","Los Angeles","2","NakedMD Med Spa Santa Monica","482","4.9","0.52","https://www.google.com/maps/search/?api=1&query=NakedMD%20Med%20Spa%20Santa%20Monica&query_place_id=ChIJj9wJhgC7woARIYF39Dti9ck"
"Kian Aesthetic Institute","Los Angeles","3","Dr. Tanya Kormeili: Derm & Rejuvenation Institute of Santa Monica","325","4.9","0.49","https://www.google.com/maps/search/?api=1&query=Dr.%20Tanya%20Kormeili%3A%20Derm%20%26%20Rejuvenation%20Institute%20of%20Santa%20Monica&query_place_id=ChIJXynot8qkwoARyS9nJ2YE5lA"
"My Aesthetic Doctor","Los Angeles","1","Double J Medical Aesthetics and Hair Clinic","537","5.0","1.02","https://www.google.com/maps/search/?api=1&query=Double%20J%20Medical%20Aesthetics%20and%20Hair%20Clinic&query_place_id=ChIJ72oLsua5woARbT6BTIo7vH8"
"My Aesthetic Doctor","Los Angeles","2","IVE MEDICAL SPA","130","4.6","1.08","https://www.google.com/maps/search/?api=1&query=IVE%20MEDICAL%20SPA&query_place_id=ChIJ33BAyly5woARb65oJ3BJlLY"
"My Aesthetic Doctor","Los Angeles","3","Sienna Med","128","4.4","1.31","https://www.google.com/maps/search/?api=1&query=Sienna%20Med&query_place_id=ChIJt5TCowe5woAROEym_FHmnt8"
"Harmony Aesthetics Center","Los Angeles","1","Skin by Lovely","557","5.0","0.81","https://www.google.com/maps/search/?api=1&query=Skin%20by%20Lovely&query_place_id=ChIJYVj9Z0-7woAR4qn2QBt_HUI"
"Harmony Aesthetics Center","Los Angeles","2","West Empire Aesthetics","367","5.0","0.61","https://www.google.com/maps/search/?api=1&query=West%20Empire%20Aesthetics&query_place_id=ChIJJ1XaLRy7woARL6ADbLaLPKs"
"Harmony Aesthetics Center","Los Angeles","3","Kian Aesthetic Institute","363","5.0","0.45","https://www.google.com/maps/search/?api=1&query=Kian%20Aesthetic%20Institute&query_place_id=ChIJKejX2WC7woARg29KU_wdJ2A"
"VIP AESTHETICS AND MEN'S HEALTH BY VIP MEDICAL","Los Angeles","1","Los Angeles Center for Cosmetic Surgery","59","4.8","1.06","https://www.google.com/maps/search/?api=1&query=Los%20Angeles%20Center%20for%20Cosmetic%20Surgery&query_place_id=ChIJ3WRgCKDBwoARCSBJkq2D9RM"
"VIP AESTHETICS AND MEN'S HEALTH BY VIP MEDICAL","Los Angeles","2","Volumé","50","4.3","1.38","https://www.google.com/maps/search/?api=1&query=Volum%C3%A9&query_place_id=ChIJQW1ib6HHwoARbd2ykZm3T7c"
"VIP AESTHETICS AND MEN'S HEALTH BY VIP MEDICAL","Los Angeles","3","The Sunset Aesthetics","47","5.0","0.65","https://www.google.com/maps/search/?api=1&query=The%20Sunset%20Aesthetics&query_place_id=ChIJt1wvLdjHwoARzn1MDi8Pb0A"
"The Aesthetics Studio","Los Angeles","1","My Aesthetic Doctor","210","5.0","1.62","https://www.google.com/maps/search/?api=1&query=My%20Aesthetic%20Doctor&query_place_id=ChIJV7R8zb-5woARTWgbtfX-Li8"
"The Aesthetics Studio","Los Angeles","2","Hush LA Medspa","105","4.7","1.76","https://www.google.com/maps/search/?api=1&query=Hush%20LA%20Medspa&query_place_id=ChIJ9eEOUGu_woARlx78uBt3peM"
"The Aesthetics Studio","Los Angeles","3","Bright Medical Spa","88","5.0","0.21","https://www.google.com/maps/search/?api=1&query=Bright%20Medical%20Spa&query_place_id=ChIJu4fJrcG_woARMe6cjR_J9gA"
"Los Feliz Med Spa","Los Angeles","1","Sienna Med","128","4.4","2.49","https://www.google.com/maps/search/?api=1&query=Sienna%20Med&query_place_id=ChIJt5TCowe5woAROEym_FHmnt8"
"Los Feliz Med Spa","Los Angeles","2","Hush LA Medspa","105","4.7","0.91","https://www.google.com/maps/search/?api=1&query=Hush%20LA%20Medspa&query_place_id=ChIJ9eEOUGu_woARlx78uBt3peM"
"Los Feliz Med Spa","Los Angeles","3","The Aesthetics Studio","92","4.9","2.56","https://www.google.com/maps/search/?api=1&query=The%20Aesthetics%20Studio&query_place_id=ChIJISK8Tjq_woARXbPcwFW5NKg"
"Cienega Medical","Los Angeles","1","Skin 22","627","4.9","0.77","https://www.google.com/maps/search/?api=1&query=Skin%2022&query_place_id=ChIJ7yFq9jW5woAR4lQ4TRQ3sDQ"
"Cienega Medical","Los Angeles","2","NakedMD Med Spa Beverly Hills","527","4.9","0.84","https://www.google.com/maps/search/?api=1&query=NakedMD%20Med%20Spa%20Beverly%20Hills&query_place_id=ChIJRYLC-M-5woART88mMxge7VU"
"Cienega Medical","Los Angeles","3","Skin Verse Medical Spa","230","4.8","0.76","https://www.google.com/maps/search/?api=1&query=Skin%20Verse%20Medical%20Spa&query_place_id=ChIJnfLGEf-5woARleae0sV9rac"
"Hush LA Medspa","Los Angeles","1","Sienna Med","128","4.4","1.8","https://www.google.com/maps/search/?api=1&query=Sienna%20Med&query_place_id=ChIJt5TCowe5woAROEym_FHmnt8"
"Hush LA Medspa","Los Angeles","2","The Aesthetics Studio","92","4.9","1.76","https://www.google.com/maps/search/?api=1&query=The%20Aesthetics%20Studio&query_place_id=ChIJISK8Tjq_woARXbPcwFW5NKg"
"Hush LA Medspa","Los Angeles","3","Bright Medical Spa","88","5.0","1.67","https://www.google.com/maps/search/?api=1&query=Bright%20Medical%20Spa&query_place_id=ChIJu4fJrcG_woARMe6cjR_J9gA"
"R&J Medspa","Los Angeles","1","Wave Plastic Surgery & Aesthetic Laser Center Los Angeles","438","4.8","0.73","https://www.google.com/maps/search/?api=1&query=Wave%20Plastic%20Surgery%20%26%20Aesthetic%20Laser%20Center%20Los%20Angeles&query_place_id=ChIJN3tFRnzHwoARm_FRTw3Yuds"
"R&J Medspa","Los Angeles","2","Line Plastic Surgery Center","387","4.8","0.99","https://www.google.com/maps/search/?api=1&query=Line%20Plastic%20Surgery%20Center&query_place_id=ChIJN3tFRnzHwoARHvM2mtH0yWk"
"R&J Medspa","Los Angeles","3","Re:Lune - Medical Aesthetics and Wellness","132","5.0","0.44","https://www.google.com/maps/search/?api=1&query=Re%3ALune%20-%20Medical%20Aesthetics%20and%20Wellness&query_place_id=ChIJ50LYcXu5woARCRO4ihLS8Ps"
"MedBeautyLA","Los Angeles","1","Deluxe Cosmetic Center","345","4.8","1.67","https://www.google.com/maps/search/?api=1&query=Deluxe%20Cosmetic%20Center&query_place_id=ChIJG9nPM6HHwoARqCC5R15AYcI"
"MedBeautyLA","Los Angeles","2","Sculpt Med Spa Downtown Los Angeles","213","4.8","0.53","https://www.google.com/maps/search/?api=1&query=Sculpt%20Med%20Spa%20Downtown%20Los%20Angeles&query_place_id=ChIJ6RYbr7XHwoARV94gTOPGDBk"
"MedBeautyLA","Los Angeles","3","Los Angeles Center for Cosmetic Surgery","59","4.8","0.88","https://www.google.com/maps/search/?api=1&query=Los%20Angeles%20Center%20for%20Cosmetic%20Surgery&query_place_id=ChIJ3WRgCKDBwoARCSBJkq2D9RM"
"Vermont Med spa","Los Angeles","1","IVE MEDICAL SPA","130","4.6","2.11","https://www.google.com/maps/search/?api=1&query=IVE%20MEDICAL%20SPA&query_place_id=ChIJ33BAyly5woARb65oJ3BJlLY"
"Vermont Med spa","Los Angeles","2","Sienna Med","128","4.4","1.38","https://www.google.com/maps/search/?api=1&query=Sienna%20Med&query_place_id=ChIJt5TCowe5woAROEym_FHmnt8"
"Vermont Med spa","Los Angeles","3","Hush LA Medspa","105","4.7","0.72","https://www.google.com/maps/search/?api=1&query=Hush%20LA%20Medspa&query_place_id=ChIJ9eEOUGu_woARlx78uBt3peM"
"IVE MEDICAL SPA","Los Angeles","1","Wave Plastic Surgery & Aesthetic Laser Center Los Angeles","438","4.8","0.48","https://www.google.com/maps/search/?api=1&query=Wave%20Plastic%20Surgery%20%26%20Aesthetic%20Laser%20Center%20Los%20Angeles&query_place_id=ChIJN3tFRnzHwoARm_FRTw3Yuds"
"IVE MEDICAL SPA","Los Angeles","2","Line Plastic Surgery Center","387","4.8","0.68","https://www.google.com/maps/search/?api=1&query=Line%20Plastic%20Surgery%20Center&query_place_id=ChIJN3tFRnzHwoARHvM2mtH0yWk"
"IVE MEDICAL SPA","Los Angeles","3","Cleopatra Medical Aesthetics","41","4.8","0.56","https://www.google.com/maps/search/?api=1&query=Cleopatra%20Medical%20Aesthetics&query_place_id=ChIJrQ3ccIPHwoARNSgdxqmQ1f8"
"Sculpt Med Spa Downtown Los Angeles","Los Angeles","1","MedBeautyLA","142","4.8","0.53","https://www.google.com/maps/search/?api=1&query=MedBeautyLA&query_place_id=ChIJF_xD26zHwoARzFMHBAq8x5w"
"Sculpt Med Spa Downtown Los Angeles","Los Angeles","2","VIP AESTHETICS AND MEN'S HEALTH BY VIP MEDICAL","84","5.0","1.5","https://www.google.com/maps/search/?api=1&query=VIP%20AESTHETICS%20AND%20MEN'S%20HEALTH%20BY%20VIP%20MEDICAL&query_place_id=ChIJr6YxKAS7woARFQGvMYTT6M4"
"Sculpt Med Spa Downtown Los Angeles","Los Angeles","3","Los Angeles Center for Cosmetic Surgery","59","4.8","0.61","https://www.google.com/maps/search/?api=1&query=Los%20Angeles%20Center%20for%20Cosmetic%20Surgery&query_place_id=ChIJ3WRgCKDBwoARCSBJkq2D9RM"
"Spa Medica Aesthetic","Los Angeles","1","West Empire Aesthetics","367","5.0","0.32","https://www.google.com/maps/search/?api=1&query=West%20Empire%20Aesthetics&query_place_id=ChIJJ1XaLRy7woARL6ADbLaLPKs"
"Spa Medica Aesthetic","Los Angeles","2","Kian Aesthetic Institute","363","5.0","0.87","https://www.google.com/maps/search/?api=1&query=Kian%20Aesthetic%20Institute&query_place_id=ChIJKejX2WC7woARg29KU_wdJ2A"
"Spa Medica Aesthetic","Los Angeles","3","Harmony Aesthetics Center","255","5.0","0.89","https://www.google.com/maps/search/?api=1&query=Harmony%20Aesthetics%20Center&query_place_id=ChIJWwdYPhe7woARkSaoSSG1hlU"
"Bright Medical Spa","Los Angeles","1","My Aesthetic Doctor","210","5.0","1.43","https://www.google.com/maps/search/?api=1&query=My%20Aesthetic%20Doctor&query_place_id=ChIJV7R8zb-5woARTWgbtfX-Li8"
"Bright Medical Spa","Los Angeles","2","Hush LA Medspa","105","4.7","1.67","https://www.google.com/maps/search/?api=1&query=Hush%20LA%20Medspa&query_place_id=ChIJ9eEOUGu_woARlx78uBt3peM"
"Bright Medical Spa","Los Angeles","3","The Aesthetics Studio","92","4.9","0.21","https://www.google.com/maps/search/?api=1&query=The%20Aesthetics%20Studio&query_place_id=ChIJISK8Tjq_woARXbPcwFW5NKg"
"Sienna Med","Los Angeles","1","Wave Plastic Surgery & Aesthetic Laser Center Los Angeles","438","4.8","1.09","https://www.google.com/maps/search/?api=1&query=Wave%20Plastic%20Surgery%20%26%20Aesthetic%20Laser%20Center%20Los%20Angeles&query_place_id=ChIJN3tFRnzHwoARm_FRTw3Yuds"
"Sienna Med","Los Angeles","2","Line Plastic Surgery Center","387","4.8","0.96","https://www.google.com/maps/search/?api=1&query=Line%20Plastic%20Surgery%20Center&query_place_id=ChIJN3tFRnzHwoARHvM2mtH0yWk"
"Sienna Med","Los Angeles","3","IVE MEDICAL SPA","130","4.6","0.75","https://www.google.com/maps/search/?api=1&query=IVE%20MEDICAL%20SPA&query_place_id=ChIJ33BAyly5woARb65oJ3BJlLY"
"Deluxe Cosmetic Center","Los Angeles","1","Line Plastic Surgery Center","387","4.8","0.87","https://www.google.com/maps/search/?api=1&query=Line%20Plastic%20Surgery%20Center&query_place_id=ChIJN3tFRnzHwoARHvM2mtH0yWk"
"Deluxe Cosmetic Center","Los Angeles","2","Re:Lune - Medical Aesthetics and Wellness","132","5.0","0.68","https://www.google.com/maps/search/?api=1&query=Re%3ALune%20-%20Medical%20Aesthetics%20and%20Wellness&query_place_id=ChIJ50LYcXu5woARCRO4ihLS8Ps"
"Deluxe Cosmetic Center","Los Angeles","3","Volumé","50","4.3","0.87","https://www.google.com/maps/search/?api=1&query=Volum%C3%A9&query_place_id=ChIJQW1ib6HHwoARbd2ykZm3T7c"
"Curiva Med Spa","Los Angeles","1","Kimberly Santos, RN | Aluma Medical Aesthetics","108","5.0","0.66","https://www.google.com/maps/search/?api=1&query=Kimberly%20Santos%2C%20RN%20%7C%20Aluma%20Medical%20Aesthetics&query_place_id=ChIJdZPH-PSveqARzBllJk_1sj0"
"Curiva Med Spa","Los Angeles","2","SkinSpirit at Lasky","105","4.9","0.92","https://www.google.com/maps/search/?api=1&query=SkinSpirit%20at%20Lasky&query_place_id=ChIJIwynefa7woARkr5aqzMIP6E"
"Curiva Med Spa","Los Angeles","3","Beverly Hills Beauty & Aesthetics","105","4.9","1.05","https://www.google.com/maps/search/?api=1&query=Beverly%20Hills%20Beauty%20%26%20Aesthetics&query_place_id=ChIJZddA8kW5woAR5K-dEGxeCR4"
"Skinbiotic Med Spa","Los Angeles","1","West Empire Aesthetics","367","5.0","1.66","https://www.google.com/maps/search/?api=1&query=West%20Empire%20Aesthetics&query_place_id=ChIJJ1XaLRy7woARL6ADbLaLPKs"
"Skinbiotic Med Spa","Los Angeles","2","JASI Skin + Wellness Med Spa","291","5.0","1.54","https://www.google.com/maps/search/?api=1&query=JASI%20Skin%20%2B%20Wellness%20Med%20Spa&query_place_id=ChIJPTaTiWelwoAR23ifCkWI5gs"
"Skinbiotic Med Spa","Los Angeles","3","Kimberly Santos, RN | Aluma Medical Aesthetics","108","5.0","1.05","https://www.google.com/maps/search/?api=1&query=Kimberly%20Santos%2C%20RN%20%7C%20Aluma%20Medical%20Aesthetics&query_place_id=ChIJdZPH-PSveqARzBllJk_1sj0"
"Skinsation LA","Los Angeles","1","Skin 22","627","4.9","0.68","https://www.google.com/maps/search/?api=1&query=Skin%2022&query_place_id=ChIJ7yFq9jW5woAR4lQ4TRQ3sDQ"
"Skinsation LA","Los Angeles","2","Volure","230","4.9","0.22","https://www.google.com/maps/search/?api=1&query=Volure&query_place_id=ChIJ0URE3M65woAR2lY4Pfq8dNU"
"Skinsation LA","Los Angeles","3","Skin Verse Medical Spa","230","4.8","0.68","https://www.google.com/maps/search/?api=1&query=Skin%20Verse%20Medical%20Spa&query_place_id=ChIJnfLGEf-5woARleae0sV9rac"
"My Botox LA","Studio City","1","Cienega Medical","761","4.7","4.74","https://www.google.com/maps/search/?api=1&query=Cienega%20Medical&query_place_id=ChIJDUvh60W5woARpc9QXPcqgzQ"
"My Botox LA","Studio City","2","SMOOTH SKIN LOUNGE","606","4.9","5.03","https://www.google.com/maps/search/?api=1&query=SMOOTH%20SKIN%20LOUNGE&query_place_id=ChIJ77EHmAK9woARtWU1yYx__dM"
"My Botox LA","Studio City","3","me.losangeles aesthetics","164","5.0","3.67","https://www.google.com/maps/search/?api=1&query=me.losangeles%20aesthetics&query_place_id=ChIJdeA9JHK_woARXuIbtkLyRUU"
"Line Plastic Surgery Center","Los Angeles","1","Wave Plastic Surgery & Aesthetic Laser Center Los Angeles","438","4.8","0.44","https://www.google.com/maps/search/?api=1&query=Wave%20Plastic%20Surgery%20%26%20Aesthetic%20Laser%20Center%20Los%20Angeles&query_place_id=ChIJN3tFRnzHwoARm_FRTw3Yuds"
"Line Plastic Surgery Center","Los Angeles","2","Re:Lune - Medical Aesthetics and Wellness","132","5.0","0.69","https://www.google.com/maps/search/?api=1&query=Re%3ALune%20-%20Medical%20Aesthetics%20and%20Wellness&query_place_id=ChIJ50LYcXu5woARCRO4ihLS8Ps"
"Line Plastic Surgery Center","Los Angeles","3","IVE MEDICAL SPA","130","4.6","0.68","https://www.google.com/maps/search/?api=1&query=IVE%20MEDICAL%20SPA&query_place_id=ChIJ33BAyly5woARb65oJ3BJlLY"
"Skin Specifics","Los Angeles","1","West Empire Aesthetics","367","5.0","1.04","https://www.google.com/maps/search/?api=1&query=West%20Empire%20Aesthetics&query_place_id=ChIJJ1XaLRy7woARL6ADbLaLPKs"
"Skin Specifics","Los Angeles","2","Harmony Aesthetics Center","255","5.0","1.2","https://www.google.com/maps/search/?api=1&query=Harmony%20Aesthetics%20Center&query_place_id=ChIJWwdYPhe7woARkSaoSSG1hlU"
"Skin Specifics","Los Angeles","3","RIVKIN Aesthetics","223","4.8","1.05","https://www.google.com/maps/search/?api=1&query=RIVKIN%20Aesthetics&query_place_id=ChIJAw8o2mC7woARYAsAj_6tAzY"
"Wave Plastic Surgery & Aesthetic Laser Center Los Angeles","Los Angeles","1","Line Plastic Surgery Center","387","4.8","0.44","https://www.google.com/maps/search/?api=1&query=Line%20Plastic%20Surgery%20Center&query_place_id=ChIJN3tFRnzHwoARHvM2mtH0yWk"
"Wave Plastic Surgery & Aesthetic Laser Center Los Angeles","Los Angeles","2","IVE MEDICAL SPA","130","4.6","0.48","https://www.google.com/maps/search/?api=1&query=IVE%20MEDICAL%20SPA&query_place_id=ChIJ33BAyly5woARb65oJ3BJlLY"
"Wave Plastic Surgery & Aesthetic Laser Center Los Angeles","Los Angeles","3","Cleopatra Medical Aesthetics","41","4.8","0.12","https://www.google.com/maps/search/?api=1&query=Cleopatra%20Medical%20Aesthetics&query_place_id=ChIJrQ3ccIPHwoARNSgdxqmQ1f8"
"Beverly Wilshire Aesthetics Beverly Hills Medical Spa","Beverly Hills","1","Modern Aesthetica","175","4.8","0.24","https://www.google.com/maps/search/?api=1&query=Modern%20Aesthetica&query_place_id=ChIJdWKrFNKkwoARybb8Dn9Jee4"
"Beverly Wilshire Aesthetics Beverly Hills Medical Spa","Beverly Hills","2","Atelier Aesthetix","117","4.9","0.27","https://www.google.com/maps/search/?api=1&query=Atelier%20Aesthetix&query_place_id=ChIJ5Q9axB2uHkQR9Umf9Ie0HSE"
"Beverly Wilshire Aesthetics Beverly Hills Medical Spa","Beverly Hills","3","No Pain All Gain Med Spa - Beverly Hills","90","4.9","0.11","https://www.google.com/maps/search/?api=1&query=No%20Pain%20All%20Gain%20Med%20Spa%20-%20Beverly%20Hills&query_place_id=ChIJlakuea27woARLmDtMS6nhOY"
"The MedSpa at Beverly Hills","Beverly Hills","1","Emana Medical","155","4.9","0.03","https://www.google.com/maps/search/?api=1&query=Emana%20Medical&query_place_id=ChIJy-7z3n-9woAR8uJFGyncr4o"
"The MedSpa at Beverly Hills","Beverly Hills","2","HALO Beverly Hills","153","4.9","0.05","https://www.google.com/maps/search/?api=1&query=HALO%20Beverly%20Hills&query_place_id=ChIJgYHioS-9woAR9zhUdTx4L44"
"The MedSpa at Beverly Hills","Beverly Hills","3","ARA Med Spa","16","5.0","0.04","https://www.google.com/maps/search/?api=1&query=ARA%20Med%20Spa&query_place_id=ChIJZ0eujiO9woARQTrFWvz9Tdk"
"Skin Verse Medical Spa","Beverly Hills","1","Skin 22","627","4.9","0.01","https://www.google.com/maps/search/?api=1&query=Skin%2022&query_place_id=ChIJ7yFq9jW5woAR4lQ4TRQ3sDQ"
"Skin Verse Medical Spa","Beverly Hills","2","NakedMD Med Spa Beverly Hills","527","4.9","0.21","https://www.google.com/maps/search/?api=1&query=NakedMD%20Med%20Spa%20Beverly%20Hills&query_place_id=ChIJRYLC-M-5woART88mMxge7VU"
"Skin Verse Medical Spa","Beverly Hills","3","Santosha Aesthetics, Inc.","86","5.0","0.17","https://www.google.com/maps/search/?api=1&query=Santosha%20Aesthetics%2C%20Inc.&query_place_id=ChIJ24mP7mi5woARMR16dQw___I"
"Beverly Hills Beauty & Aesthetics","Beverly Hills","1","Beverly Hills Plaza Medi Spa","210","4.1","0.05","https://www.google.com/maps/search/?api=1&query=Beverly%20Hills%20Plaza%20Medi%20Spa&query_place_id=ChIJ91FMI3e8woARIVqxVlVy-TE"
"Beverly Hills Beauty & Aesthetics","Beverly Hills","2","VS Med Spas","88","4.9","0.06","https://www.google.com/maps/search/?api=1&query=VS%20Med%20Spas&query_place_id=ChIJaePukcKlwoARoBsxS-n5yHM"
"Beverly Hills Beauty & Aesthetics","Beverly Hills","3","Beverly Hills Sculptress","34","5.0","0.02","https://www.google.com/maps/search/?api=1&query=Beverly%20Hills%20Sculptress&query_place_id=ChIJha3M-Qe8woARDhVCtPHe6Fg"
"Beverly Hills Aesthetic Medics","Beverly Hills","1","Beverly Wilshire Aesthetics Beverly Hills Medical Spa","135","5.0","0.69","https://www.google.com/maps/search/?api=1&query=Beverly%20Wilshire%20Aesthetics%20Beverly%20Hills%20Medical%20Spa&query_place_id=ChIJRXmaci25woARzVigGETaXic"
"Beverly Hills Aesthetic Medics","Beverly Hills","2","SKINnovative Medical Aesthetics","134","4.9","0.0","https://www.google.com/maps/search/?api=1&query=SKINnovative%20Medical%20Aesthetics&query_place_id=ChIJm_S0wtK7woARQ0jYD3ctR5w"
"Beverly Hills Aesthetic Medics","Beverly Hills","3","ELin Medical office","134","4.8","0.19","https://www.google.com/maps/search/?api=1&query=ELin%20Medical%20office&query_place_id=ChIJv1MVbQC7woARxXdkA1ggUGI"
"SMOOTH SKIN LOUNGE","Beverly Hills","1","The Aesthetic Room by Dr. Rahi","148","4.8","0.15","https://www.google.com/maps/search/?api=1&query=The%20Aesthetic%20Room%20by%20Dr.%20Rahi&query_place_id=ChIJ9bA2LUi7woARHTQc6DJ0usk"
"SMOOTH SKIN LOUNGE","Beverly Hills","2","Maven Medi Spa","100","4.9","0.09","https://www.google.com/maps/search/?api=1&query=Maven%20Medi%20Spa&query_place_id=ChIJ-VO90tl3zawRqaP9B37HtKo"
"SMOOTH SKIN LOUNGE","Beverly Hills","3","iGlow Med Spa","55","4.4","0.01","https://www.google.com/maps/search/?api=1&query=iGlow%20Med%20Spa&query_place_id=ChIJ_WkacAe8woARiGzquqAmKKM"
"BevMed LA","Beverly Hills","1","Aère Aesthetics","287","5.0","0.01","https://www.google.com/maps/search/?api=1&query=A%C3%A8re%20Aesthetics&query_place_id=ChIJbfUzckC_woARr_UVZNeOXys"
"BevMed LA","Beverly Hills","2","VS Med Spas","88","4.9","0.03","https://www.google.com/maps/search/?api=1&query=VS%20Med%20Spas&query_place_id=ChIJaePukcKlwoARoBsxS-n5yHM"
"BevMed LA","Beverly Hills","3","BH Aesthetic Medical Company","12","5.0","0.03","https://www.google.com/maps/search/?api=1&query=BH%20Aesthetic%20Medical%20Company&query_place_id=ChIJk0N1Yhi7woARsC38NcQGznA"
"HALO Beverly Hills","Beverly Hills","1","Emana Medical","155","4.9","0.05","https://www.google.com/maps/search/?api=1&query=Emana%20Medical&query_place_id=ChIJy-7z3n-9woAR8uJFGyncr4o"
"HALO Beverly Hills","Beverly Hills","2","The MedSpa at Beverly Hills","129","5.0","0.05","https://www.google.com/maps/search/?api=1&query=The%20MedSpa%20at%20Beverly%20Hills&query_place_id=ChIJAVkF8hG7woARf3HNQF3XTWQ"
"HALO Beverly Hills","Beverly Hills","3","ARA Med Spa","16","5.0","0.03","https://www.google.com/maps/search/?api=1&query=ARA%20Med%20Spa&query_place_id=ChIJZ0eujiO9woARQTrFWvz9Tdk"
"ALTA Medispa","Beverly Hills","1","SMOOTH SKIN LOUNGE","606","4.9","0.42","https://www.google.com/maps/search/?api=1&query=SMOOTH%20SKIN%20LOUNGE&query_place_id=ChIJ77EHmAK9woARtWU1yYx__dM"
"ALTA Medispa","Beverly Hills","2","Beverly Wilshire Aesthetics Beverly Hills Medical Spa","135","5.0","0.26","https://www.google.com/maps/search/?api=1&query=Beverly%20Wilshire%20Aesthetics%20Beverly%20Hills%20Medical%20Spa&query_place_id=ChIJRXmaci25woARzVigGETaXic"
"ALTA Medispa","Beverly Hills","3","Atelier Aesthetix","117","4.9","0.01","https://www.google.com/maps/search/?api=1&query=Atelier%20Aesthetix&query_place_id=ChIJ5Q9axB2uHkQR9Umf9Ie0HSE"
"No Pain All Gain Med Spa - Beverly Hills","Beverly Hills","1","Modern Aesthetica","175","4.8","0.14","https://www.google.com/maps/search/?api=1&query=Modern%20Aesthetica&query_place_id=ChIJdWKrFNKkwoARybb8Dn9Jee4"
"No Pain All Gain Med Spa - Beverly Hills","Beverly Hills","2","Beverly Wilshire Aesthetics Beverly Hills Medical Spa","135","5.0","0.11","https://www.google.com/maps/search/?api=1&query=Beverly%20Wilshire%20Aesthetics%20Beverly%20Hills%20Medical%20Spa&query_place_id=ChIJRXmaci25woARzVigGETaXic"
"No Pain All Gain Med Spa - Beverly Hills","Beverly Hills","3","Atelier Aesthetix","117","4.9","0.36","https://www.google.com/maps/search/?api=1&query=Atelier%20Aesthetix&query_place_id=ChIJ5Q9axB2uHkQR9Umf9Ie0HSE"
"LYEV Beverly Hills- Medical Spa","Beverly Hills","1","NakedMD Med Spa Beverly Hills","527","4.9","0.44","https://www.google.com/maps/search/?api=1&query=NakedMD%20Med%20Spa%20Beverly%20Hills&query_place_id=ChIJRYLC-M-5woART88mMxge7VU"
"LYEV Beverly Hills- Medical Spa","Beverly Hills","2","Skin Verse Medical Spa","230","4.8","0.54","https://www.google.com/maps/search/?api=1&query=Skin%20Verse%20Medical%20Spa&query_place_id=ChIJnfLGEf-5woARleae0sV9rac"
"LYEV Beverly Hills- Medical Spa","Beverly Hills","3","Modern Aesthetica","175","4.8","0.34","https://www.google.com/maps/search/?api=1&query=Modern%20Aesthetica&query_place_id=ChIJdWKrFNKkwoARybb8Dn9Jee4"
"LA Ageless Medical Aesthetics","Beverly Hills","1","Beverly Wilshire Aesthetics Beverly Hills Medical Spa","135","5.0","0.7","https://www.google.com/maps/search/?api=1&query=Beverly%20Wilshire%20Aesthetics%20Beverly%20Hills%20Medical%20Spa&query_place_id=ChIJRXmaci25woARzVigGETaXic"
"LA Ageless Medical Aesthetics","Beverly Hills","2","SKINnovative Medical Aesthetics","134","4.9","0.0","https://www.google.com/maps/search/?api=1&query=SKINnovative%20Medical%20Aesthetics&query_place_id=ChIJm_S0wtK7woARQ0jYD3ctR5w"
"LA Ageless Medical Aesthetics","Beverly Hills","3","ELin Medical office","134","4.8","0.19","https://www.google.com/maps/search/?api=1&query=ELin%20Medical%20office&query_place_id=ChIJv1MVbQC7woARxXdkA1ggUGI"
"Beverly Hills Plaza Medi Spa","Beverly Hills","1","Beverly Hills Beauty & Aesthetics","105","4.9","0.05","https://www.google.com/maps/search/?api=1&query=Beverly%20Hills%20Beauty%20%26%20Aesthetics&query_place_id=ChIJZddA8kW5woAR5K-dEGxeCR4"
"Beverly Hills Plaza Medi Spa","Beverly Hills","2","Spa26","39","4.8","0.07","https://www.google.com/maps/search/?api=1&query=Spa26&query_place_id=ChIJYQwLPd67woARDCxO322sxiQ"
"Beverly Hills Plaza Medi Spa","Beverly Hills","3","Beverly Hills Sculptress","34","5.0","0.04","https://www.google.com/maps/search/?api=1&query=Beverly%20Hills%20Sculptress&query_place_id=ChIJha3M-Qe8woARDhVCtPHe6Fg"
"Maven Medi Spa","Beverly Hills","1","SMOOTH SKIN LOUNGE","606","4.9","0.09","https://www.google.com/maps/search/?api=1&query=SMOOTH%20SKIN%20LOUNGE&query_place_id=ChIJ77EHmAK9woARtWU1yYx__dM"
"Maven Medi Spa","Beverly Hills","2","The Aesthetic Room by Dr. Rahi","148","4.8","0.21","https://www.google.com/maps/search/?api=1&query=The%20Aesthetic%20Room%20by%20Dr.%20Rahi&query_place_id=ChIJ9bA2LUi7woARHTQc6DJ0usk"
"Maven Medi Spa","Beverly Hills","3","iGlow Med Spa","55","4.4","0.08","https://www.google.com/maps/search/?api=1&query=iGlow%20Med%20Spa&query_place_id=ChIJ_WkacAe8woARiGzquqAmKKM"
"Modern Aesthetica","Beverly Hills","1","NakedMD Med Spa Beverly Hills","527","4.9","0.33","https://www.google.com/maps/search/?api=1&query=NakedMD%20Med%20Spa%20Beverly%20Hills&query_place_id=ChIJRYLC-M-5woART88mMxge7VU"
"Modern Aesthetica","Beverly Hills","2","LYEV Beverly Hills- Medical Spa","217","4.9","0.34","https://www.google.com/maps/search/?api=1&query=LYEV%20Beverly%20Hills-%20Medical%20Spa&query_place_id=ChIJF_W3VIK5woARnqq3kKbGbxw"
"Modern Aesthetica","Beverly Hills","3","Beverly Wilshire Aesthetics Beverly Hills Medical Spa","135","5.0","0.24","https://www.google.com/maps/search/?api=1&query=Beverly%20Wilshire%20Aesthetics%20Beverly%20Hills%20Medical%20Spa&query_place_id=ChIJRXmaci25woARzVigGETaXic"
"SKINnovative Medical Aesthetics","Beverly Hills","1","Beverly Wilshire Aesthetics Beverly Hills Medical Spa","135","5.0","0.7","https://www.google.com/maps/search/?api=1&query=Beverly%20Wilshire%20Aesthetics%20Beverly%20Hills%20Medical%20Spa&query_place_id=ChIJRXmaci25woARzVigGETaXic"
"SKINnovative Medical Aesthetics","Beverly Hills","2","ELin Medical office","134","4.8","0.19","https://www.google.com/maps/search/?api=1&query=ELin%20Medical%20office&query_place_id=ChIJv1MVbQC7woARxXdkA1ggUGI"
"SKINnovative Medical Aesthetics","Beverly Hills","3","Atelier Aesthetix","117","4.9","0.62","https://www.google.com/maps/search/?api=1&query=Atelier%20Aesthetix&query_place_id=ChIJ5Q9axB2uHkQR9Umf9Ie0HSE"
"Emana Medical","Beverly Hills","1","HALO Beverly Hills","153","4.9","0.05","https://www.google.com/maps/search/?api=1&query=HALO%20Beverly%20Hills&query_place_id=ChIJgYHioS-9woAR9zhUdTx4L44"
"Emana Medical","Beverly Hills","2","The MedSpa at Beverly Hills","129","5.0","0.03","https://www.google.com/maps/search/?api=1&query=The%20MedSpa%20at%20Beverly%20Hills&query_place_id=ChIJAVkF8hG7woARf3HNQF3XTWQ"
"Emana Medical","Beverly Hills","3","ARA Med Spa","16","5.0","0.05","https://www.google.com/maps/search/?api=1&query=ARA%20Med%20Spa&query_place_id=ChIJZ0eujiO9woARQTrFWvz9Tdk"
"The Aesthetic Room by Dr. Rahi","Beverly Hills","1","HALO Beverly Hills","153","4.9","0.08","https://www.google.com/maps/search/?api=1&query=HALO%20Beverly%20Hills&query_place_id=ChIJgYHioS-9woAR9zhUdTx4L44"
"The Aesthetic Room by Dr. Rahi","Beverly Hills","2","The MedSpa at Beverly Hills","129","5.0","0.12","https://www.google.com/maps/search/?api=1&query=The%20MedSpa%20at%20Beverly%20Hills&query_place_id=ChIJAVkF8hG7woARf3HNQF3XTWQ"
"The Aesthetic Room by Dr. Rahi","Beverly Hills","3","Beverly Hills Med Spa","38","4.5","0.01","https://www.google.com/maps/search/?api=1&query=Beverly%20Hills%20Med%20Spa&query_place_id=ChIJ964sNk-5woARl5j5Ve8yiaw"
"VS Med Spas","Beverly Hills","1","Aère Aesthetics","287","5.0","0.03","https://www.google.com/maps/search/?api=1&query=A%C3%A8re%20Aesthetics&query_place_id=ChIJbfUzckC_woARr_UVZNeOXys"
"VS Med Spas","Beverly Hills","2","BevMed LA","115","5.0","0.03","https://www.google.com/maps/search/?api=1&query=BevMed%20LA&query_place_id=ChIJhw5aE4-5woARydsfkETZ8i4"
"VS Med Spas","Beverly Hills","3","Beverly Hills Sculptress","34","5.0","0.05","https://www.google.com/maps/search/?api=1&query=Beverly%20Hills%20Sculptress&query_place_id=ChIJha3M-Qe8woARDhVCtPHe6Fg"
"Skin 22","Beverly Hills","1","NakedMD Med Spa Beverly Hills","527","4.9","0.21","https://www.google.com/maps/search/?api=1&query=NakedMD%20Med%20Spa%20Beverly%20Hills&query_place_id=ChIJRYLC-M-5woART88mMxge7VU"
"Skin 22","Beverly Hills","2","Skin Verse Medical Spa","230","4.8","0.01","https://www.google.com/maps/search/?api=1&query=Skin%20Verse%20Medical%20Spa&query_place_id=ChIJnfLGEf-5woARleae0sV9rac"
"Skin 22","Beverly Hills","3","Santosha Aesthetics, Inc.","86","5.0","0.16","https://www.google.com/maps/search/?api=1&query=Santosha%20Aesthetics%2C%20Inc.&query_place_id=ChIJ24mP7mi5woARMR16dQw___I"
"Cienega Medical - Santa Monica","Santa Monica","1","Dripology","474","5.0","0.18","https://www.google.com/maps/search/?api=1&query=Dripology&query_place_id=ChIJUXu-UA6lwoAR5cafke_SOw8"
"Cienega Medical - Santa Monica","Santa Monica","2","LaserAway Santa Monica","245","4.5","0.47","https://www.google.com/maps/search/?api=1&query=LaserAway%20Santa%20Monica&query_place_id=ChIJhxkXBTFZtVIRVNjxpJ_dTHc"
"Cienega Medical - Santa Monica","Santa Monica","3","Younique Surgery Center & Medical Spa - Santa Monica","234","4.9","0.38","https://www.google.com/maps/search/?api=1&query=Younique%20Surgery%20Center%20%26%20Medical%20Spa%20-%20Santa%20Monica&query_place_id=ChIJoa_xHNGkwoARiaI2f-806CY"
"Alchemy 43 Santa Monica","Santa Monica","1","LaserAway Santa Monica","245","4.5","0.77","https://www.google.com/maps/search/?api=1&query=LaserAway%20Santa%20Monica&query_place_id=ChIJhxkXBTFZtVIRVNjxpJ_dTHc"
"Alchemy 43 Santa Monica","Santa Monica","2","EFFACÉ Aesthetics","99","4.9","0.11","https://www.google.com/maps/search/?api=1&query=EFFAC%C3%89%20Aesthetics&query_place_id=ChIJ0SlMc6C-woARNdXnDZmfCks"
"Alchemy 43 Santa Monica","Santa Monica","3","Self Care LA","87","4.8","0.15","https://www.google.com/maps/search/?api=1&query=Self%20Care%20LA&query_place_id=ChIJKxN3ga2-woARssuNxA9IeyU"
"Skin by Lovely","Santa Monica","1","NakedMD Med Spa Santa Monica","482","4.9","0.06","https://www.google.com/maps/search/?api=1&query=NakedMD%20Med%20Spa%20Santa%20Monica&query_place_id=ChIJj9wJhgC7woARIYF39Dti9ck"
"Skin by Lovely","Santa Monica","2","Kian Aesthetic Institute","363","5.0","0.47","https://www.google.com/maps/search/?api=1&query=Kian%20Aesthetic%20Institute&query_place_id=ChIJKejX2WC7woARg29KU_wdJ2A"
"Skin by Lovely","Santa Monica","3","Dr. Tanya Kormeili: Derm & Rejuvenation Institute of Santa Monica","325","4.9","0.03","https://www.google.com/maps/search/?api=1&query=Dr.%20Tanya%20Kormeili%3A%20Derm%20%26%20Rejuvenation%20Institute%20of%20Santa%20Monica&query_place_id=ChIJXynot8qkwoARyS9nJ2YE5lA"
"Younique Surgery Center & Medical Spa - Santa Monica","Santa Monica","1","Dripology","474","5.0","0.2","https://www.google.com/maps/search/?api=1&query=Dripology&query_place_id=ChIJUXu-UA6lwoAR5cafke_SOw8"
"Younique Surgery Center & Medical Spa - Santa Monica","Santa Monica","2","LaserAway Santa Monica","245","4.5","0.16","https://www.google.com/maps/search/?api=1&query=LaserAway%20Santa%20Monica&query_place_id=ChIJhxkXBTFZtVIRVNjxpJ_dTHc"
"Younique Surgery Center & Medical Spa - Santa Monica","Santa Monica","3","KAO Aesthetics","35","4.7","0.35","https://www.google.com/maps/search/?api=1&query=KAO%20Aesthetics&query_place_id=ChIJSdGvF0q7woARoPMLGfgJpbg"
"SkinCeuticals SkinLab Santa Monica by Cavendish Clinic","Santa Monica","1","Cienega Medical - Santa Monica","569","4.8","1.34","https://www.google.com/maps/search/?api=1&query=Cienega%20Medical%20-%20Santa%20Monica&query_place_id=ChIJFSrFBM2kwoAR3tM39r1mS5M"
"SkinCeuticals SkinLab Santa Monica by Cavendish Clinic","Santa Monica","2","Dripology","474","5.0","1.38","https://www.google.com/maps/search/?api=1&query=Dripology&query_place_id=ChIJUXu-UA6lwoAR5cafke_SOw8"
"SkinCeuticals SkinLab Santa Monica by Cavendish Clinic","Santa Monica","3","Younique Surgery Center & Medical Spa - Santa Monica","234","4.9","1.46","https://www.google.com/maps/search/?api=1&query=Younique%20Surgery%20Center%20%26%20Medical%20Spa%20-%20Santa%20Monica&query_place_id=ChIJoa_xHNGkwoARiaI2f-806CY"
"Self Care LA","Santa Monica","1","Ava MD","222","4.7","0.87","https://www.google.com/maps/search/?api=1&query=Ava%20MD&query_place_id=ChIJpwLFAza7woAR88ZjqyFwhuo"
"Self Care LA","Santa Monica","2","Alchemy 43 Santa Monica","105","4.4","0.15","https://www.google.com/maps/search/?api=1&query=Alchemy%2043%20Santa%20Monica&query_place_id=ChIJLcoILM6lwoARQGPlsg4LEco"
"Self Care LA","Santa Monica","3","EFFACÉ Aesthetics","99","4.9","0.26","https://www.google.com/maps/search/?api=1&query=EFFAC%C3%89%20Aesthetics&query_place_id=ChIJ0SlMc6C-woARNdXnDZmfCks"
"Dripology","Santa Monica","1","Cienega Medical - Santa Monica","569","4.8","0.18","https://www.google.com/maps/search/?api=1&query=Cienega%20Medical%20-%20Santa%20Monica&query_place_id=ChIJFSrFBM2kwoAR3tM39r1mS5M"
"Dripology","Santa Monica","2","LaserAway Santa Monica","245","4.5","0.31","https://www.google.com/maps/search/?api=1&query=LaserAway%20Santa%20Monica&query_place_id=ChIJhxkXBTFZtVIRVNjxpJ_dTHc"
"Dripology","Santa Monica","3","Younique Surgery Center & Medical Spa - Santa Monica","234","4.9","0.2","https://www.google.com/maps/search/?api=1&query=Younique%20Surgery%20Center%20%26%20Medical%20Spa%20-%20Santa%20Monica&query_place_id=ChIJoa_xHNGkwoARiaI2f-806CY"
"EFFACÉ Aesthetics","Santa Monica","1","LaserAway Santa Monica","245","4.5","0.71","https://www.google.com/maps/search/?api=1&query=LaserAway%20Santa%20Monica&query_place_id=ChIJhxkXBTFZtVIRVNjxpJ_dTHc"
"EFFACÉ Aesthetics","Santa Monica","2","Alchemy 43 Santa Monica","105","4.4","0.11","https://www.google.com/maps/search/?api=1&query=Alchemy%2043%20Santa%20Monica&query_place_id=ChIJLcoILM6lwoARQGPlsg4LEco"
"EFFACÉ Aesthetics","Santa Monica","3","Self Care LA","87","4.8","0.26","https://www.google.com/maps/search/?api=1&query=Self%20Care%20LA&query_place_id=ChIJKxN3ga2-woARssuNxA9IeyU"
"Dr. Tanya Kormeili: Derm & Rejuvenation Institute of Santa Monica","Santa Monica","1","Skin by Lovely","557","5.0","0.03","https://www.google.com/maps/search/?api=1&query=Skin%20by%20Lovely&query_place_id=ChIJYVj9Z0-7woAR4qn2QBt_HUI"
"Dr. Tanya Kormeili: Derm & Rejuvenation Institute of Santa Monica","Santa Monica","2","NakedMD Med Spa Santa Monica","482","4.9","0.06","https://www.google.com/maps/search/?api=1&query=NakedMD%20Med%20Spa%20Santa%20Monica&query_place_id=ChIJj9wJhgC7woARIYF39Dti9ck"
"Dr. Tanya Kormeili: Derm & Rejuvenation Institute of Santa Monica","Santa Monica","3","Kian Aesthetic Institute","363","5.0","0.49","https://www.google.com/maps/search/?api=1&query=Kian%20Aesthetic%20Institute&query_place_id=ChIJKejX2WC7woARg29KU_wdJ2A"
"The Pimple Place®","Santa Monica","1","Skin by Lovely","557","5.0","0.07","https://www.google.com/maps/search/?api=1&query=Skin%20by%20Lovely&query_place_id=ChIJYVj9Z0-7woAR4qn2QBt_HUI"
"The Pimple Place®","Santa Monica","2","NakedMD Med Spa Santa Monica","482","4.9","0.02","https://www.google.com/maps/search/?api=1&query=NakedMD%20Med%20Spa%20Santa%20Monica&query_place_id=ChIJj9wJhgC7woARIYF39Dti9ck"
"The Pimple Place®","Santa Monica","3","Kian Aesthetic Institute","363","5.0","0.54","https://www.google.com/maps/search/?api=1&query=Kian%20Aesthetic%20Institute&query_place_id=ChIJKejX2WC7woARg29KU_wdJ2A"
"TIA MEDSPA Pasadena","Pasadena","1","M.A DREAM SKIN","364","5.0","1.51","https://www.google.com/maps/search/?api=1&query=M.A%20DREAM%20SKIN&query_place_id=ChIJK7ebx6x4XysRZ_xAzFnnM_k"
"TIA MEDSPA Pasadena","Pasadena","2","ami/skin","127","4.8","1.53","https://www.google.com/maps/search/?api=1&query=ami%2Fskin&query_place_id=ChIJAXLQuojdwoAR4yJFCgbWrM0"
"TIA MEDSPA Pasadena","Pasadena","3","Le Reve Med Spa","61","4.9","2.82","https://www.google.com/maps/search/?api=1&query=Le%20Reve%20Med%20Spa&query_place_id=ChIJDX-CNFDDwoARyDViBV5k-hc"
"SkinFX Medical Spa","Pasadena","1","Spatini Skin Lounge","143","4.9","0.25","https://www.google.com/maps/search/?api=1&query=Spatini%20Skin%20Lounge&query_place_id=ChIJ7_KysUQow4ARmk2JTZX_7LU"
"SkinFX Medical Spa","Pasadena","2","EYRE ESTHETICS","104","5.0","0.24","https://www.google.com/maps/search/?api=1&query=EYRE%20ESTHETICS&query_place_id=ChIJewmL-2jDwoARFT7Knu9a_sc"
"SkinFX Medical Spa","Pasadena","3","SkinSpirit Pasadena","72","4.9","0.28","https://www.google.com/maps/search/?api=1&query=SkinSpirit%20Pasadena&query_place_id=ChIJqQTPcoLEwoARk3pUl_tv9jk"
"Radiance Medical Spa","Pasadena","1","Comprehensive Dermatology Center of Pasadena","1066","4.9","0.35","https://www.google.com/maps/search/?api=1&query=Comprehensive%20Dermatology%20Center%20of%20Pasadena&query_place_id=ChIJM8X4THzDwoAR35vaHwVFErY"
"Radiance Medical Spa","Pasadena","2","YokoMD","244","4.8","0.55","https://www.google.com/maps/search/?api=1&query=YokoMD&query_place_id=ChIJo_o_vDTd3IARYZTfskuZ9tE"
"Radiance Medical Spa","Pasadena","3","Sasaki Advanced Aesthetic Medical Center","210","4.9","0.28","https://www.google.com/maps/search/?api=1&query=Sasaki%20Advanced%20Aesthetic%20Medical%20Center&query_place_id=ChIJUznFcILEwoARMVo3zIy9pug"
"Skin Deep Laser Medspa","Pasadena","1","Comprehensive Dermatology Center of Pasadena","1066","4.9","0.19","https://www.google.com/maps/search/?api=1&query=Comprehensive%20Dermatology%20Center%20of%20Pasadena&query_place_id=ChIJM8X4THzDwoAR35vaHwVFErY"
"Skin Deep Laser Medspa","Pasadena","2","YokoMD","244","4.8","0.18","https://www.google.com/maps/search/?api=1&query=YokoMD&query_place_id=ChIJo_o_vDTd3IARYZTfskuZ9tE"
"Skin Deep Laser Medspa","Pasadena","3","Pasadena Cosmetic Surgery Center","61","4.6","0.14","https://www.google.com/maps/search/?api=1&query=Pasadena%20Cosmetic%20Surgery%20Center&query_place_id=ChIJ4xD0l33DwoARGzEL5Bpk6L8"
"Parfaire Medical Aesthetics - Pasadena Med Spa","Pasadena","1","Spatini Skin Lounge","143","4.9","0.21","https://www.google.com/maps/search/?api=1&query=Spatini%20Skin%20Lounge&query_place_id=ChIJ7_KysUQow4ARmk2JTZX_7LU"
"Parfaire Medical Aesthetics - Pasadena Med Spa","Pasadena","2","EYRE ESTHETICS","104","5.0","0.23","https://www.google.com/maps/search/?api=1&query=EYRE%20ESTHETICS&query_place_id=ChIJewmL-2jDwoARFT7Knu9a_sc"
"Parfaire Medical Aesthetics - Pasadena Med Spa","Pasadena","3","SkinSpirit Pasadena","72","4.9","0.19","https://www.google.com/maps/search/?api=1&query=SkinSpirit%20Pasadena&query_place_id=ChIJqQTPcoLEwoARk3pUl_tv9jk"
"Le Reve Med Spa","Pasadena","1","Metropolis Dermatology | Pasadena","146","4.7","0.67","https://www.google.com/maps/search/?api=1&query=Metropolis%20Dermatology%20%7C%20Pasadena&query_place_id=ChIJA0nFL5HDwoARMZG2VTxhc5I"
"Le Reve Med Spa","Pasadena","2","Ajliss Medical Aesthetics","56","4.8","0.06","https://www.google.com/maps/search/?api=1&query=Ajliss%20Medical%20Aesthetics&query_place_id=ChIJ6xRVA5nDwoARIJmm6ZEBxNg"
"Le Reve Med Spa","Pasadena","3","facile dermatology + boutique","18","4.9","0.71","https://www.google.com/maps/search/?api=1&query=facile%20dermatology%20%2B%20boutique&query_place_id=ChIJSRq-RVzDwoAR-lYEtpW7Wck"
"ami/skin","Pasadena","1","M.A DREAM SKIN","364","5.0","0.02","https://www.google.com/maps/search/?api=1&query=M.A%20DREAM%20SKIN&query_place_id=ChIJK7ebx6x4XysRZ_xAzFnnM_k"
"ami/skin","Pasadena","2","TIA MEDSPA Pasadena","172","5.0","1.53","https://www.google.com/maps/search/?api=1&query=TIA%20MEDSPA%20Pasadena&query_place_id=ChIJXxkYdnTbwoARixf6zIn_EL0"
"ami/skin","Pasadena","3","Le Reve Med Spa","61","4.9","1.33","https://www.google.com/maps/search/?api=1&query=Le%20Reve%20Med%20Spa&query_place_id=ChIJDX-CNFDDwoARyDViBV5k-hc"
"Spatini Skin Lounge","Pasadena","1","SkinFX Medical Spa","354","5.0","0.25","https://www.google.com/maps/search/?api=1&query=SkinFX%20Medical%20Spa&query_place_id=ChIJV-aCp5LDwoAR0De-jdxAqEI"
"Spatini Skin Lounge","Pasadena","2","Parfaire Medical Aesthetics - Pasadena Med Spa","120","5.0","0.21","https://www.google.com/maps/search/?api=1&query=Parfaire%20Medical%20Aesthetics%20-%20Pasadena%20Med%20Spa&query_place_id=ChIJSZw6NWbDwoARjYR5oka7hV4"
"Spatini Skin Lounge","Pasadena","3","EYRE ESTHETICS","104","5.0","0.02","https://www.google.com/maps/search/?api=1&query=EYRE%20ESTHETICS&query_place_id=ChIJewmL-2jDwoARFT7Knu9a_sc"
"Sasaki Advanced Aesthetic Medical Center","Pasadena","1","Comprehensive Dermatology Center of Pasadena","1066","4.9","0.22","https://www.google.com/maps/search/?api=1&query=Comprehensive%20Dermatology%20Center%20of%20Pasadena&query_place_id=ChIJM8X4THzDwoAR35vaHwVFErY"
"Sasaki Advanced Aesthetic Medical Center","Pasadena","2","YokoMD","244","4.8","0.53","https://www.google.com/maps/search/?api=1&query=YokoMD&query_place_id=ChIJo_o_vDTd3IARYZTfskuZ9tE"
"Sasaki Advanced Aesthetic Medical Center","Pasadena","3","Skin Deep Laser Medspa","111","4.9","0.41","https://www.google.com/maps/search/?api=1&query=Skin%20Deep%20Laser%20Medspa&query_place_id=ChIJ-_mXn3vDwoARi4wPSL46XRg"
"EYRE ESTHETICS","Pasadena","1","SkinFX Medical Spa","354","5.0","0.24","https://www.google.com/maps/search/?api=1&query=SkinFX%20Medical%20Spa&query_place_id=ChIJV-aCp5LDwoAR0De-jdxAqEI"
"EYRE ESTHETICS","Pasadena","2","Spatini Skin Lounge","143","4.9","0.02","https://www.google.com/maps/search/?api=1&query=Spatini%20Skin%20Lounge&query_place_id=ChIJ7_KysUQow4ARmk2JTZX_7LU"
"EYRE ESTHETICS","Pasadena","3","Parfaire Medical Aesthetics - Pasadena Med Spa","120","5.0","0.23","https://www.google.com/maps/search/?api=1&query=Parfaire%20Medical%20Aesthetics%20-%20Pasadena%20Med%20Spa&query_place_id=ChIJSZw6NWbDwoARjYR5oka7hV4"
"JT Aesthetic & Co","South Pasadena","1","Comprehensive Dermatology Center of Pasadena","1066","4.9","1.37","https://www.google.com/maps/search/?api=1&query=Comprehensive%20Dermatology%20Center%20of%20Pasadena&query_place_id=ChIJM8X4THzDwoAR35vaHwVFErY"
"JT Aesthetic & Co","South Pasadena","2","Sasaki Advanced Aesthetic Medical Center","210","4.9","1.15","https://www.google.com/maps/search/?api=1&query=Sasaki%20Advanced%20Aesthetic%20Medical%20Center&query_place_id=ChIJUznFcILEwoARMVo3zIy9pug"
"JT Aesthetic & Co","South Pasadena","3","NakedMD Med Spa South Pasadena","197","5.0","0.2","https://www.google.com/maps/search/?api=1&query=NakedMD%20Med%20Spa%20South%20Pasadena&query_place_id=ChIJSbwigynFwoARQenLLEctTcM"
"Comprehensive Dermatology Center of Pasadena","Pasadena","1","YokoMD","244","4.8","0.32","https://www.google.com/maps/search/?api=1&query=YokoMD&query_place_id=ChIJo_o_vDTd3IARYZTfskuZ9tE"
"Comprehensive Dermatology Center of Pasadena","Pasadena","2","Sasaki Advanced Aesthetic Medical Center","210","4.9","0.22","https://www.google.com/maps/search/?api=1&query=Sasaki%20Advanced%20Aesthetic%20Medical%20Center&query_place_id=ChIJUznFcILEwoARMVo3zIy9pug"
"Comprehensive Dermatology Center of Pasadena","Pasadena","3","Skin Deep Laser Medspa","111","4.9","0.19","https://www.google.com/maps/search/?api=1&query=Skin%20Deep%20Laser%20Medspa&query_place_id=ChIJ-_mXn3vDwoARi4wPSL46XRg"
"Metropolis Dermatology | Pasadena","Pasadena","1","Ananya Aesthetics","52","4.9","0.15","https://www.google.com/maps/search/?api=1&query=Ananya%20Aesthetics&query_place_id=ChIJcyqhkW7DwoARz31HtwSn9yE"
"Metropolis Dermatology | Pasadena","Pasadena","2","Infinite Wellness Med Spa","27","5.0","0.13","https://www.google.com/maps/search/?api=1&query=Infinite%20Wellness%20Med%20Spa&query_place_id=ChIJ6SG2g5nDwoARy2abd_PHsMw"
"Metropolis Dermatology | Pasadena","Pasadena","3","Wang Plastic Surgery & Med Spa - Pasadena","22","4.5","0.2","https://www.google.com/maps/search/?api=1&query=Wang%20Plastic%20Surgery%20%26%20Med%20Spa%20-%20Pasadena&query_place_id=ChIJKyQexULDwoAR_sO-puWKjfA"
"Newport Beach MedSpa","Newport Beach","1","Amy Berisha Aesthetics Med Spa","164","5.0","0.61","https://www.google.com/maps/search/?api=1&query=Amy%20Berisha%20Aesthetics%20Med%20Spa&query_place_id=ChIJAQAUT4ng3IARX7K3ZzLFjOU"
"Newport Beach MedSpa","Newport Beach","2","The Retreat Wellness + Aesthetics","63","4.9","0.61","https://www.google.com/maps/search/?api=1&query=The%20Retreat%20Wellness%20%2B%20Aesthetics&query_place_id=ChIJZWyWfivf3IARJaYq4nImiNk"
"Newport Beach MedSpa","Newport Beach","3","Restore Med Clinic","62","4.5","0.61","https://www.google.com/maps/search/?api=1&query=Restore%20Med%20Clinic&query_place_id=ChIJt4Vmp9jf3IARCSiJFcJoR2g"
"BioRevive Med & Wellness Spa","Newport Beach","1","Amy Berisha Aesthetics Med Spa","164","5.0","0.0","https://www.google.com/maps/search/?api=1&query=Amy%20Berisha%20Aesthetics%20Med%20Spa&query_place_id=ChIJAQAUT4ng3IARX7K3ZzLFjOU"
"BioRevive Med & Wellness Spa","Newport Beach","2","The Retreat Wellness + Aesthetics","63","4.9","0.0","https://www.google.com/maps/search/?api=1&query=The%20Retreat%20Wellness%20%2B%20Aesthetics&query_place_id=ChIJZWyWfivf3IARJaYq4nImiNk"
"BioRevive Med & Wellness Spa","Newport Beach","3","Restore Med Clinic","62","4.5","0.0","https://www.google.com/maps/search/?api=1&query=Restore%20Med%20Clinic&query_place_id=ChIJt4Vmp9jf3IARCSiJFcJoR2g"
"MeSO Medspa Newport Beach","Newport Beach","1","NakedMD Med Spa Newport Beach","1638","4.9","0.32","https://www.google.com/maps/search/?api=1&query=NakedMD%20Med%20Spa%20Newport%20Beach&query_place_id=ChIJmbn6_F7f3IARjeMK9NOGoFc"
"MeSO Medspa Newport Beach","Newport Beach","2","Beauty Boost Med Spa, Inc.","193","4.9","0.16","https://www.google.com/maps/search/?api=1&query=Beauty%20Boost%20Med%20Spa%2C%20Inc.&query_place_id=ChIJASoNO7_f3IARj3ift5_9VUo"
"MeSO Medspa Newport Beach","Newport Beach","3","Balanced Beauty Med Spa","34","5.0","0.13","https://www.google.com/maps/search/?api=1&query=Balanced%20Beauty%20Med%20Spa&query_place_id=ChIJyYY83K3d3IARKBRfZFbA0j4"
"Beauty Boost Med Spa, Inc.","Newport Beach","1","NakedMD Med Spa Newport Beach","1638","4.9","0.28","https://www.google.com/maps/search/?api=1&query=NakedMD%20Med%20Spa%20Newport%20Beach&query_place_id=ChIJmbn6_F7f3IARjeMK9NOGoFc"
"Beauty Boost Med Spa, Inc.","Newport Beach","2","MeSO Medspa Newport Beach","341","4.8","0.16","https://www.google.com/maps/search/?api=1&query=MeSO%20Medspa%20Newport%20Beach&query_place_id=ChIJm7uRAYjf3IARG5HD1kp32TA"
"Beauty Boost Med Spa, Inc.","Newport Beach","3","Balanced Beauty Med Spa","34","5.0","0.05","https://www.google.com/maps/search/?api=1&query=Balanced%20Beauty%20Med%20Spa&query_place_id=ChIJyYY83K3d3IARKBRfZFbA0j4"
"Akari Medspa","Newport Beach","1","NakedMD Med Spa Newport Beach","1638","4.9","0.25","https://www.google.com/maps/search/?api=1&query=NakedMD%20Med%20Spa%20Newport%20Beach&query_place_id=ChIJmbn6_F7f3IARjeMK9NOGoFc"
"Akari Medspa","Newport Beach","2","BioSpa","410","4.9","0.4","https://www.google.com/maps/search/?api=1&query=BioSpa&query_place_id=ChIJif-B4Vre3IARn0BOG1z4sh0"
"Akari Medspa","Newport Beach","3","Forever Ageless Inc.","223","4.8","0.25","https://www.google.com/maps/search/?api=1&query=Forever%20Ageless%20Inc.&query_place_id=ChIJUTcbOlje3IARvpQyMPeRTuo"
"Beyond Beauty Medical Spa","Newport Beach","1","BioSpa","410","4.9","0.63","https://www.google.com/maps/search/?api=1&query=BioSpa&query_place_id=ChIJif-B4Vre3IARn0BOG1z4sh0"
"Beyond Beauty Medical Spa","Newport Beach","2","Dr HIFU Aesthetics","137","5.0","0.72","https://www.google.com/maps/search/?api=1&query=Dr%20HIFU%20Aesthetics&query_place_id=ChIJLVNgiXBUjQIRIPXargnnobg"
"Beyond Beauty Medical Spa","Newport Beach","3","Grey Aesthetics","114","4.9","0.61","https://www.google.com/maps/search/?api=1&query=Grey%20Aesthetics&query_place_id=ChIJea9xFpVbM2cRB3LZn_y_WCY"
"The Treatment Skin Boutique Newport Beach","Newport Beach","1","South Coast MedSpa","309","4.7","0.5","https://www.google.com/maps/search/?api=1&query=South%20Coast%20MedSpa&query_place_id=ChIJDweEhQcg3YARcAw1ddaO2a8"
"The Treatment Skin Boutique Newport Beach","Newport Beach","2","Dr. John Laura","212","5.0","0.45","https://www.google.com/maps/search/?api=1&query=Dr.%20John%20Laura&query_place_id=ChIJx6GNzAcg3YARTv6B8wvIUoA"
"The Treatment Skin Boutique Newport Beach","Newport Beach","3","Skin Maison Med Spa","58","4.9","0.28","https://www.google.com/maps/search/?api=1&query=Skin%20Maison%20Med%20Spa&query_place_id=ChIJMXhJ0CQh3YAR6AmnHjbASqU"
"South Coast MedSpa","Newport Beach","1","DermFx","345","4.9","0.23","https://www.google.com/maps/search/?api=1&query=DermFx&query_place_id=ChIJvwbI5fjf3IARPSqyFmq6Uqs"
"South Coast MedSpa","Newport Beach","2","Dr. John Laura","212","5.0","0.1","https://www.google.com/maps/search/?api=1&query=Dr.%20John%20Laura&query_place_id=ChIJx6GNzAcg3YARTv6B8wvIUoA"
"South Coast MedSpa","Newport Beach","3","The Treatment Skin Boutique Newport Beach","65","5.0","0.5","https://www.google.com/maps/search/?api=1&query=The%20Treatment%20Skin%20Boutique%20Newport%20Beach&query_place_id=ChIJKfCigJUh3YARR5Qn3sL6fBI"
"DermFx","Newport Beach","1","South Coast MedSpa","309","4.7","0.23","https://www.google.com/maps/search/?api=1&query=South%20Coast%20MedSpa&query_place_id=ChIJDweEhQcg3YARcAw1ddaO2a8"
"DermFx","Newport Beach","2","Dr. John Laura","212","5.0","0.32","https://www.google.com/maps/search/?api=1&query=Dr.%20John%20Laura&query_place_id=ChIJx6GNzAcg3YARTv6B8wvIUoA"
"DermFx","Newport Beach","3","The Treatment Skin Boutique Newport Beach","65","5.0","0.61","https://www.google.com/maps/search/?api=1&query=The%20Treatment%20Skin%20Boutique%20Newport%20Beach&query_place_id=ChIJKfCigJUh3YARR5Qn3sL6fBI"
"Muguet Aesthetics","Newport Beach","1","European Wellness Cosmedical","205","5.0","0.02","https://www.google.com/maps/search/?api=1&query=European%20Wellness%20Cosmedical&query_place_id=ChIJj1v30ojg3IARSUwMYJtNdAY"
"Muguet Aesthetics","Newport Beach","2","Newport Beach Dermatology and Plastic Surgery","113","4.8","0.27","https://www.google.com/maps/search/?api=1&query=Newport%20Beach%20Dermatology%20and%20Plastic%20Surgery&query_place_id=ChIJ_ZmZCI_g3IAR8vkrtYb4cA4"
"Muguet Aesthetics","Newport Beach","3","W Med Spa","40","5.0","0.2","https://www.google.com/maps/search/?api=1&query=W%20Med%20Spa&query_place_id=ChIJQ30X-G7h3IARmf8Inm82Xkc"
"Grey Aesthetics","Newport Beach","1","NakedMD Med Spa Newport Beach","1638","4.9","0.44","https://www.google.com/maps/search/?api=1&query=NakedMD%20Med%20Spa%20Newport%20Beach&query_place_id=ChIJmbn6_F7f3IARjeMK9NOGoFc"
"Grey Aesthetics","Newport Beach","2","BioSpa","410","4.9","0.41","https://www.google.com/maps/search/?api=1&query=BioSpa&query_place_id=ChIJif-B4Vre3IARn0BOG1z4sh0"
"Grey Aesthetics","Newport Beach","3","Forever Ageless Inc.","223","4.8","0.22","https://www.google.com/maps/search/?api=1&query=Forever%20Ageless%20Inc.&query_place_id=ChIJUTcbOlje3IARvpQyMPeRTuo"
"Amy Berisha Aesthetics Med Spa","Newport Beach","1","BioRevive Med & Wellness Spa","108","5.0","0.0","https://www.google.com/maps/search/?api=1&query=BioRevive%20Med%20%26%20Wellness%20Spa&query_place_id=ChIJfSZaGqUh3YARXHk4TN9QpJg"
"Amy Berisha Aesthetics Med Spa","Newport Beach","2","The Retreat Wellness + Aesthetics","63","4.9","0.0","https://www.google.com/maps/search/?api=1&query=The%20Retreat%20Wellness%20%2B%20Aesthetics&query_place_id=ChIJZWyWfivf3IARJaYq4nImiNk"
"Amy Berisha Aesthetics Med Spa","Newport Beach","3","Restore Med Clinic","62","4.5","0.0","https://www.google.com/maps/search/?api=1&query=Restore%20Med%20Clinic&query_place_id=ChIJt4Vmp9jf3IARCSiJFcJoR2g"
"Belle Vie Wellness & Medical Aesthetics","Costa Mesa","1","California Cosmetics","161","4.8","1.04","https://www.google.com/maps/search/?api=1&query=California%20Cosmetics&query_place_id=ChIJ0RGk8_Hf3IARrBIQjeTJl54"
"Belle Vie Wellness & Medical Aesthetics","Costa Mesa","2","SkinSpirit Newport Beach","119","4.9","0.99","https://www.google.com/maps/search/?api=1&query=SkinSpirit%20Newport%20Beach&query_place_id=ChIJuZLPyG3f3IAReuycIMkdbz4"
"Belle Vie Wellness & Medical Aesthetics","Costa Mesa","3","The Treatment Skin Boutique Newport Beach","65","5.0","0.79","https://www.google.com/maps/search/?api=1&query=The%20Treatment%20Skin%20Boutique%20Newport%20Beach&query_place_id=ChIJKfCigJUh3YARR5Qn3sL6fBI"
"Forever Ageless Inc.","Newport Beach","1","NakedMD Med Spa Newport Beach","1638","4.9","0.22","https://www.google.com/maps/search/?api=1&query=NakedMD%20Med%20Spa%20Newport%20Beach&query_place_id=ChIJmbn6_F7f3IARjeMK9NOGoFc"
"Forever Ageless Inc.","Newport Beach","2","Grey Aesthetics","114","4.9","0.22","https://www.google.com/maps/search/?api=1&query=Grey%20Aesthetics&query_place_id=ChIJea9xFpVbM2cRB3LZn_y_WCY"
"Forever Ageless Inc.","Newport Beach","3","Akari Medspa","65","4.9","0.25","https://www.google.com/maps/search/?api=1&query=Akari%20Medspa&query_place_id=ChIJdUSujADf3IARz8CBMpXzPWo"
"California Cosmetics","Newport Beach","1","Amy Berisha Aesthetics Med Spa","164","5.0","0.24","https://www.google.com/maps/search/?api=1&query=Amy%20Berisha%20Aesthetics%20Med%20Spa&query_place_id=ChIJAQAUT4ng3IARX7K3ZzLFjOU"
"California Cosmetics","Newport Beach","2","SkinSpirit Newport Beach","119","4.9","0.06","https://www.google.com/maps/search/?api=1&query=SkinSpirit%20Newport%20Beach&query_place_id=ChIJuZLPyG3f3IAReuycIMkdbz4"
"California Cosmetics","Newport Beach","3","BioRevive Med & Wellness Spa","108","5.0","0.24","https://www.google.com/maps/search/?api=1&query=BioRevive%20Med%20%26%20Wellness%20Spa&query_place_id=ChIJfSZaGqUh3YARXHk4TN9QpJg"
"BioSpa","Newport Beach","1","NakedMD Med Spa Newport Beach","1638","4.9","0.62","https://www.google.com/maps/search/?api=1&query=NakedMD%20Med%20Spa%20Newport%20Beach&query_place_id=ChIJmbn6_F7f3IARjeMK9NOGoFc"
"BioSpa","Newport Beach","2","Forever Ageless Inc.","223","4.8","0.47","https://www.google.com/maps/search/?api=1&query=Forever%20Ageless%20Inc.&query_place_id=ChIJUTcbOlje3IARvpQyMPeRTuo"
"BioSpa","Newport Beach","3","Dr HIFU Aesthetics","137","5.0","0.18","https://www.google.com/maps/search/?api=1&query=Dr%20HIFU%20Aesthetics&query_place_id=ChIJLVNgiXBUjQIRIPXargnnobg"
"The Retreat Wellness + Aesthetics","Newport Beach","1","Amy Berisha Aesthetics Med Spa","164","5.0","0.0","https://www.google.com/maps/search/?api=1&query=Amy%20Berisha%20Aesthetics%20Med%20Spa&query_place_id=ChIJAQAUT4ng3IARX7K3ZzLFjOU"
"The Retreat Wellness + Aesthetics","Newport Beach","2","BioRevive Med & Wellness Spa","108","5.0","0.0","https://www.google.com/maps/search/?api=1&query=BioRevive%20Med%20%26%20Wellness%20Spa&query_place_id=ChIJfSZaGqUh3YARXHk4TN9QpJg"
"The Retreat Wellness + Aesthetics","Newport Beach","3","Restore Med Clinic","62","4.5","0.0","https://www.google.com/maps/search/?api=1&query=Restore%20Med%20Clinic&query_place_id=ChIJt4Vmp9jf3IARCSiJFcJoR2g"
"Beverly Hills Rejuvenation Center - Newport Beach","Corona Del Mar","1","PCH MedSpa","421","4.8","0.4","https://www.google.com/maps/search/?api=1&query=PCH%20MedSpa&query_place_id=ChIJg3jf5O_h3IARFf0cwO3dZQU"
"Beverly Hills Rejuvenation Center - Newport Beach","Corona Del Mar","2","Stefani Kappel MD","223","4.8","0.01","https://www.google.com/maps/search/?api=1&query=Stefani%20Kappel%20MD&query_place_id=ChIJ8dTWDo_g3IARXlhLGNE2eg4"
"Beverly Hills Rejuvenation Center - Newport Beach","Corona Del Mar","3","Alchemy 43 Newport Beach","44","4.5","0.09","https://www.google.com/maps/search/?api=1&query=Alchemy%2043%20Newport%20Beach&query_place_id=ChIJkWhiMPvh3IAR_bICkXikKDc"
"European Wellness Cosmedical","Newport Beach","1","Newport Beach Dermatology and Plastic Surgery","113","4.8","0.28","https://www.google.com/maps/search/?api=1&query=Newport%20Beach%20Dermatology%20and%20Plastic%20Surgery&query_place_id=ChIJ_ZmZCI_g3IAR8vkrtYb4cA4"
"European Wellness Cosmedical","Newport Beach","2","Muguet Aesthetics","70","4.9","0.02","https://www.google.com/maps/search/?api=1&query=Muguet%20Aesthetics&query_place_id=ChIJM5wDMaHh3IAR-GCJuJmkGTM"
"European Wellness Cosmedical","Newport Beach","3","W Med Spa","40","5.0","0.21","https://www.google.com/maps/search/?api=1&query=W%20Med%20Spa&query_place_id=ChIJQ30X-G7h3IARmf8Inm82Xkc"
"Masters Medspa","Irvine","1","LA Queen Med Spa","83","4.9","0.46","https://www.google.com/maps/search/?api=1&query=LA%20Queen%20Med%20Spa&query_place_id=ChIJ8QFWfqDd3IAR7gqxcx4n4sE"
"Masters Medspa","Irvine","2","Complete Care Medical Spa","63","4.9","0.89","https://www.google.com/maps/search/?api=1&query=Complete%20Care%20Medical%20Spa&query_place_id=ChIJ_dOw_bLd3IAR-rXNJPhTfM0"
"Masters Medspa","Irvine","3","Olive Irvine Medical Aesthetic Center","26","4.8","0.23","https://www.google.com/maps/search/?api=1&query=Olive%20Irvine%20Medical%20Aesthetic%20Center&query_place_id=ChIJEbpRo8fd3IAReLhaDcGa2RM"
"LA Queen Med Spa","Irvine","1","Masters Medspa","155","5.0","0.46","https://www.google.com/maps/search/?api=1&query=Masters%20Medspa&query_place_id=ChIJgWOB463d3IARHjX70ZRUtEQ"
"LA Queen Med Spa","Irvine","2","Newmedica Aesthetic Institute","46","4.3","0.79","https://www.google.com/maps/search/?api=1&query=Newmedica%20Aesthetic%20Institute&query_place_id=ChIJYUAvHFPp3IARE1EIDYBPe84"
"LA Queen Med Spa","Irvine","3","Olive Irvine Medical Aesthetic Center","26","4.8","0.61","https://www.google.com/maps/search/?api=1&query=Olive%20Irvine%20Medical%20Aesthetic%20Center&query_place_id=ChIJEbpRo8fd3IAReLhaDcGa2RM"
"Lux Medical OC","Irvine","1","Amoderm Cosmetic and Wellness Medical Center","690","4.9","0.05","https://www.google.com/maps/search/?api=1&query=Amoderm%20Cosmetic%20and%20Wellness%20Medical%20Center&query_place_id=ChIJ0Xyd82nd3IAR9uGj12YUz2c"
"Lux Medical OC","Irvine","2","Concierge Aesthetics® - Botox, Dysport, CoolPeel, Juvederm, Laser, Morpheus8, Restylane, Xeomin","223","4.9","0.15","https://www.google.com/maps/search/?api=1&query=Concierge%20Aesthetics%C2%AE%20-%20Botox%2C%20Dysport%2C%20CoolPeel%2C%20Juvederm%2C%20Laser%2C%20Morpheus8%2C%20Restylane%2C%20Xeomin&query_place_id=ChIJqTe8ka_d3IARlAo4xe__WRQ"
"Lux Medical OC","Irvine","3","Suncare Medspa-尔湾最好的医美中心 Botox 注射美容 溶脂注射 水光针 皮秒激光 热玛吉 超声刀提升 光子嫩肤 玻尿酸填充 抗衰老 洛杉矶FDA认证医疗美容 Irvine CA 橙县顶级医学美容诊所 推荐","113","4.9","0.14","https://www.google.com/maps/search/?api=1&query=Suncare%20Medspa-%E5%B0%94%E6%B9%BE%E6%9C%80%E5%A5%BD%E7%9A%84%E5%8C%BB%E7%BE%8E%E4%B8%AD%E5%BF%83%20Botox%20%E6%B3%A8%E5%B0%84%E7%BE%8E%E5%AE%B9%20%E6%BA%B6%E8%84%82%E6%B3%A8%E5%B0%84%20%E6%B0%B4%E5%85%89%E9%92%88%20%E7%9A%AE%E7%A7%92%E6%BF%80%E5%85%89%20%E7%83%AD%E7%8E%9B%E5%90%89%20%E8%B6%85%E5%A3%B0%E5%88%80%E6%8F%90%E5%8D%87%20%E5%85%89%E5%AD%90%E5%AB%A9%E8%82%A4%20%E7%8E%BB%E5%B0%BF%E9%85%B8%E5%A1%AB%E5%85%85%20%E6%8A%97%E8%A1%B0%E8%80%81%20%E6%B4%9B%E6%9D%89%E7%9F%B6FDA%E8%AE%A4%E8%AF%81%E5%8C%BB%E7%96%97%E7%BE%8E%E5%AE%B9%20Irvine%20CA%20%E6%A9%99%E5%8E%BF%E9%A1%B6%E7%BA%A7%E5%8C%BB%E5%AD%A6%E7%BE%8E%E5%AE%B9%E8%AF%8A%E6%89%80%20%E6%8E%A8%E8%8D%90&query_place_id=ChIJNUreAuHd3IARI1Hr-gBPsJs"
"Suncare Medspa-尔湾最好的医美中心 Botox 注射美容 溶脂注射 水光针 皮秒激光 热玛吉 超声刀提升 光子嫩肤 玻尿酸填充 抗衰老 洛杉矶FDA认证医疗美容 Irvine CA 橙县顶级医学美容诊所 推荐","Irvine","1","Amoderm Cosmetic and Wellness Medical Center","690","4.9","0.14","https://www.google.com/maps/search/?api=1&query=Amoderm%20Cosmetic%20and%20Wellness%20Medical%20Center&query_place_id=ChIJ0Xyd82nd3IAR9uGj12YUz2c"
"Suncare Medspa-尔湾最好的医美中心 Botox 注射美容 溶脂注射 水光针 皮秒激光 热玛吉 超声刀提升 光子嫩肤 玻尿酸填充 抗衰老 洛杉矶FDA认证医疗美容 Irvine CA 橙县顶级医学美容诊所 推荐","Irvine","2","Concierge Aesthetics® - Botox, Dysport, CoolPeel, Juvederm, Laser, Morpheus8, Restylane, Xeomin","223","4.9","0.01","https://www.google.com/maps/search/?api=1&query=Concierge%20Aesthetics%C2%AE%20-%20Botox%2C%20Dysport%2C%20CoolPeel%2C%20Juvederm%2C%20Laser%2C%20Morpheus8%2C%20Restylane%2C%20Xeomin&query_place_id=ChIJqTe8ka_d3IARlAo4xe__WRQ"
"Suncare Medspa-尔湾最好的医美中心 Botox 注射美容 溶脂注射 水光针 皮秒激光 热玛吉 超声刀提升 光子嫩肤 玻尿酸填充 抗衰老 洛杉矶FDA认证医疗美容 Irvine CA 橙县顶级医学美容诊所 推荐","Irvine","3","Lux Medical OC","99","4.9","0.14","https://www.google.com/maps/search/?api=1&query=Lux%20Medical%20OC&query_place_id=ChIJ3bUq4mnd3IARb4wKkpGGmV8"
"Deluxe Med Spa & Wellness","Irvine","1","BioSpa","410","4.9","0.89","https://www.google.com/maps/search/?api=1&query=BioSpa&query_place_id=ChIJif-B4Vre3IARn0BOG1z4sh0"
"Deluxe Med Spa & Wellness","Irvine","2","Beyond Beauty Medical Spa","221","5.0","0.37","https://www.google.com/maps/search/?api=1&query=Beyond%20Beauty%20Medical%20Spa&query_place_id=ChIJq6qa9KJp6oARVxADo4g50HY"
"Deluxe Med Spa & Wellness","Irvine","3","Dr HIFU Aesthetics","137","5.0","0.92","https://www.google.com/maps/search/?api=1&query=Dr%20HIFU%20Aesthetics&query_place_id=ChIJLVNgiXBUjQIRIPXargnnobg"
"Complete Care Medical Spa","Irvine","1","Masters Medspa","155","5.0","0.89","https://www.google.com/maps/search/?api=1&query=Masters%20Medspa&query_place_id=ChIJgWOB463d3IARHjX70ZRUtEQ"
"Complete Care Medical Spa","Irvine","2","South Coast Plastic Surgery","60","4.8","0.07","https://www.google.com/maps/search/?api=1&query=South%20Coast%20Plastic%20Surgery&query_place_id=ChIJq2nviKrd3IARJ6EBADW7eTw"
"Complete Care Medical Spa","Irvine","3","One Beauty Aesthetics - Irvine","43","4.8","0.57","https://www.google.com/maps/search/?api=1&query=One%20Beauty%20Aesthetics%20-%20Irvine&query_place_id=ChIJvWLAEEPd3IAR__sB1-RVdEI"
"Amoderm Cosmetic and Wellness Medical Center","Irvine","1","Concierge Aesthetics® - Botox, Dysport, CoolPeel, Juvederm, Laser, Morpheus8, Restylane, Xeomin","223","4.9","0.14","https://www.google.com/maps/search/?api=1&query=Concierge%20Aesthetics%C2%AE%20-%20Botox%2C%20Dysport%2C%20CoolPeel%2C%20Juvederm%2C%20Laser%2C%20Morpheus8%2C%20Restylane%2C%20Xeomin&query_place_id=ChIJqTe8ka_d3IARlAo4xe__WRQ"
"Amoderm Cosmetic and Wellness Medical Center","Irvine","2","Suncare Medspa-尔湾最好的医美中心 Botox 注射美容 溶脂注射 水光针 皮秒激光 热玛吉 超声刀提升 光子嫩肤 玻尿酸填充 抗衰老 洛杉矶FDA认证医疗美容 Irvine CA 橙县顶级医学美容诊所 推荐","113","4.9","0.14","https://www.google.com/maps/search/?api=1&query=Suncare%20Medspa-%E5%B0%94%E6%B9%BE%E6%9C%80%E5%A5%BD%E7%9A%84%E5%8C%BB%E7%BE%8E%E4%B8%AD%E5%BF%83%20Botox%20%E6%B3%A8%E5%B0%84%E7%BE%8E%E5%AE%B9%20%E6%BA%B6%E8%84%82%E6%B3%A8%E5%B0%84%20%E6%B0%B4%E5%85%89%E9%92%88%20%E7%9A%AE%E7%A7%92%E6%BF%80%E5%85%89%20%E7%83%AD%E7%8E%9B%E5%90%89%20%E8%B6%85%E5%A3%B0%E5%88%80%E6%8F%90%E5%8D%87%20%E5%85%89%E5%AD%90%E5%AB%A9%E8%82%A4%20%E7%8E%BB%E5%B0%BF%E9%85%B8%E5%A1%AB%E5%85%85%20%E6%8A%97%E8%A1%B0%E8%80%81%20%E6%B4%9B%E6%9D%89%E7%9F%B6FDA%E8%AE%A4%E8%AF%81%E5%8C%BB%E7%96%97%E7%BE%8E%E5%AE%B9%20Irvine%20CA%20%E6%A9%99%E5%8E%BF%E9%A1%B6%E7%BA%A7%E5%8C%BB%E5%AD%A6%E7%BE%8E%E5%AE%B9%E8%AF%8A%E6%89%80%20%E6%8E%A8%E8%8D%90&query_place_id=ChIJNUreAuHd3IARI1Hr-gBPsJs"
"Amoderm Cosmetic and Wellness Medical Center","Irvine","3","Lux Medical OC","99","4.9","0.05","https://www.google.com/maps/search/?api=1&query=Lux%20Medical%20OC&query_place_id=ChIJ3bUq4mnd3IARb4wKkpGGmV8"
"Supreme Beauty Life Spa / Supreme Skincare Aesthetics","Irvine","1","South Coast Plastic Surgery","60","4.8","2.39","https://www.google.com/maps/search/?api=1&query=South%20Coast%20Plastic%20Surgery&query_place_id=ChIJq2nviKrd3IARJ6EBADW7eTw"
"Supreme Beauty Life Spa / Supreme Skincare Aesthetics","Irvine","2","NuGlow Wellness Med Spa","29","4.9","1.42","https://www.google.com/maps/search/?api=1&query=NuGlow%20Wellness%20Med%20Spa&query_place_id=ChIJh7_mSdjd3IARkP8EQeLB0NY"
"Supreme Beauty Life Spa / Supreme Skincare Aesthetics","Irvine","3","Bloom Medical Aesthetics","16","3.8","0.09","https://www.google.com/maps/search/?api=1&query=Bloom%20Medical%20Aesthetics&query_place_id=ChIJm9EWJcDc3IARFVOT-SbSOA0"
"NuBella Med Spa","Irvine","1","Skinsation OC","112","4.9","0.3","https://www.google.com/maps/search/?api=1&query=Skinsation%20OC&query_place_id=ChIJC7Zm4qjf3IARHKvJGaXsi0g"
"NuBella Med Spa","Irvine","2","Skinspire Laser&Skin Clinic 久时美黛医美中心 - Irvine","86","4.9","0.67","https://www.google.com/maps/search/?api=1&query=Skinspire%20Laser%26Skin%20Clinic%20%E4%B9%85%E6%97%B6%E7%BE%8E%E9%BB%9B%E5%8C%BB%E7%BE%8E%E4%B8%AD%E5%BF%83%20-%20Irvine&query_place_id=ChIJb3SBIvAr3YARTm_1WVDGlZE"
"NuBella Med Spa","Irvine","3","LA Queen Med Spa","83","4.9","1.61","https://www.google.com/maps/search/?api=1&query=LA%20Queen%20Med%20Spa&query_place_id=ChIJ8QFWfqDd3IAR7gqxcx4n4sE"
"Concierge Aesthetics® - Botox, Dysport, CoolPeel, Juvederm, Laser, Morpheus8, Restylane, Xeomin","Irvine","1","Amoderm Cosmetic and Wellness Medical Center","690","4.9","0.14","https://www.google.com/maps/search/?api=1&query=Amoderm%20Cosmetic%20and%20Wellness%20Medical%20Center&query_place_id=ChIJ0Xyd82nd3IAR9uGj12YUz2c"
"Concierge Aesthetics® - Botox, Dysport, CoolPeel, Juvederm, Laser, Morpheus8, Restylane, Xeomin","Irvine","2","Suncare Medspa-尔湾最好的医美中心 Botox 注射美容 溶脂注射 水光针 皮秒激光 热玛吉 超声刀提升 光子嫩肤 玻尿酸填充 抗衰老 洛杉矶FDA认证医疗美容 Irvine CA 橙县顶级医学美容诊所 推荐","113","4.9","0.01","https://www.google.com/maps/search/?api=1&query=Suncare%20Medspa-%E5%B0%94%E6%B9%BE%E6%9C%80%E5%A5%BD%E7%9A%84%E5%8C%BB%E7%BE%8E%E4%B8%AD%E5%BF%83%20Botox%20%E6%B3%A8%E5%B0%84%E7%BE%8E%E5%AE%B9%20%E6%BA%B6%E8%84%82%E6%B3%A8%E5%B0%84%20%E6%B0%B4%E5%85%89%E9%92%88%20%E7%9A%AE%E7%A7%92%E6%BF%80%E5%85%89%20%E7%83%AD%E7%8E%9B%E5%90%89%20%E8%B6%85%E5%A3%B0%E5%88%80%E6%8F%90%E5%8D%87%20%E5%85%89%E5%AD%90%E5%AB%A9%E8%82%A4%20%E7%8E%BB%E5%B0%BF%E9%85%B8%E5%A1%AB%E5%85%85%20%E6%8A%97%E8%A1%B0%E8%80%81%20%E6%B4%9B%E6%9D%89%E7%9F%B6FDA%E8%AE%A4%E8%AF%81%E5%8C%BB%E7%96%97%E7%BE%8E%E5%AE%B9%20Irvine%20CA%20%E6%A9%99%E5%8E%BF%E9%A1%B6%E7%BA%A7%E5%8C%BB%E5%AD%A6%E7%BE%8E%E5%AE%B9%E8%AF%8A%E6%89%80%20%E6%8E%A8%E8%8D%90&query_place_id=ChIJNUreAuHd3IARI1Hr-gBPsJs"
"Concierge Aesthetics® - Botox, Dysport, CoolPeel, Juvederm, Laser, Morpheus8, Restylane, Xeomin","Irvine","3","Lux Medical OC","99","4.9","0.15","https://www.google.com/maps/search/?api=1&query=Lux%20Medical%20OC&query_place_id=ChIJ3bUq4mnd3IARb4wKkpGGmV8"
"Dr HIFU Aesthetics","Irvine","1","NakedMD Med Spa Newport Beach","1638","4.9","0.76","https://www.google.com/maps/search/?api=1&query=NakedMD%20Med%20Spa%20Newport%20Beach&query_place_id=ChIJmbn6_F7f3IARjeMK9NOGoFc"
"Dr HIFU Aesthetics","Irvine","2","BioSpa","410","4.9","0.18","https://www.google.com/maps/search/?api=1&query=BioSpa&query_place_id=ChIJif-B4Vre3IARn0BOG1z4sh0"
"Dr HIFU Aesthetics","Irvine","3","Forever Ageless Inc.","223","4.8","0.64","https://www.google.com/maps/search/?api=1&query=Forever%20Ageless%20Inc.&query_place_id=ChIJUTcbOlje3IARvpQyMPeRTuo"
"Enve California Aesthetics - Tustin","Tustin","1","Dream Med Spa","345","5.0","1.98","https://www.google.com/maps/search/?api=1&query=Dream%20Med%20Spa&query_place_id=ChIJFRm75oTb3IARlrAgMb4oJm0"
"Enve California Aesthetics - Tustin","Tustin","2","NuBella Med Spa","205","5.0","3.9","https://www.google.com/maps/search/?api=1&query=NuBella%20Med%20Spa&query_place_id=ChIJL_EjwCLd3IARAUtCEFswLSU"
"Enve California Aesthetics - Tustin","Tustin","3","Skinsation OC","112","4.9","4.0","https://www.google.com/maps/search/?api=1&query=Skinsation%20OC&query_place_id=ChIJC7Zm4qjf3IARHKvJGaXsi0g"
"Skinspire Laser&Skin Clinic 久时美黛医美中心 - Irvine","Irvine","1","NuBella Med Spa","205","5.0","0.67","https://www.google.com/maps/search/?api=1&query=NuBella%20Med%20Spa&query_place_id=ChIJL_EjwCLd3IARAUtCEFswLSU"
"Skinspire Laser&Skin Clinic 久时美黛医美中心 - Irvine","Irvine","2","Skinsation OC","112","4.9","0.38","https://www.google.com/maps/search/?api=1&query=Skinsation%20OC&query_place_id=ChIJC7Zm4qjf3IARHKvJGaXsi0g"
"Skinspire Laser&Skin Clinic 久时美黛医美中心 - Irvine","Irvine","3","La Luna Aesthetics","52","5.0","1.11","https://www.google.com/maps/search/?api=1&query=La%20Luna%20Aesthetics&query_place_id=ChIJK6IfnWzd3IAR08yhgg1lP40"
"South Coast Plastic Surgery","Irvine","1","Masters Medspa","155","5.0","0.91","https://www.google.com/maps/search/?api=1&query=Masters%20Medspa&query_place_id=ChIJgWOB463d3IARHjX70ZRUtEQ"
"South Coast Plastic Surgery","Irvine","2","Complete Care Medical Spa","63","4.9","0.07","https://www.google.com/maps/search/?api=1&query=Complete%20Care%20Medical%20Spa&query_place_id=ChIJ_dOw_bLd3IAR-rXNJPhTfM0"
"South Coast Plastic Surgery","Irvine","3","One Beauty Aesthetics - Irvine","43","4.8","0.5","https://www.google.com/maps/search/?api=1&query=One%20Beauty%20Aesthetics%20-%20Irvine&query_place_id=ChIJvWLAEEPd3IAR__sB1-RVdEI"
"Wave Plastic Surgery & Aesthetic Laser Center Costa Mesa","Costa Mesa","1","MeSO Medspa Newport Beach","341","4.8","1.71","https://www.google.com/maps/search/?api=1&query=MeSO%20Medspa%20Newport%20Beach&query_place_id=ChIJm7uRAYjf3IARG5HD1kp32TA"
"Wave Plastic Surgery & Aesthetic Laser Center Costa Mesa","Costa Mesa","2","Forever Ageless Inc.","223","4.8","1.7","https://www.google.com/maps/search/?api=1&query=Forever%20Ageless%20Inc.&query_place_id=ChIJUTcbOlje3IARvpQyMPeRTuo"
"Wave Plastic Surgery & Aesthetic Laser Center Costa Mesa","Costa Mesa","3","Grey Aesthetics","114","4.9","1.67","https://www.google.com/maps/search/?api=1&query=Grey%20Aesthetics&query_place_id=ChIJea9xFpVbM2cRB3LZn_y_WCY"
"New Look Skin Center","Irvine","1","Amoderm Cosmetic and Wellness Medical Center","690","4.9","1.23","https://www.google.com/maps/search/?api=1&query=Amoderm%20Cosmetic%20and%20Wellness%20Medical%20Center&query_place_id=ChIJ0Xyd82nd3IAR9uGj12YUz2c"
"New Look Skin Center","Irvine","2","Concierge Aesthetics® - Botox, Dysport, CoolPeel, Juvederm, Laser, Morpheus8, Restylane, Xeomin","223","4.9","1.09","https://www.google.com/maps/search/?api=1&query=Concierge%20Aesthetics%C2%AE%20-%20Botox%2C%20Dysport%2C%20CoolPeel%2C%20Juvederm%2C%20Laser%2C%20Morpheus8%2C%20Restylane%2C%20Xeomin&query_place_id=ChIJqTe8ka_d3IARlAo4xe__WRQ"
"New Look Skin Center","Irvine","3","Suncare Medspa-尔湾最好的医美中心 Botox 注射美容 溶脂注射 水光针 皮秒激光 热玛吉 超声刀提升 光子嫩肤 玻尿酸填充 抗衰老 洛杉矶FDA认证医疗美容 Irvine CA 橙县顶级医学美容诊所 推荐","113","4.9","1.1","https://www.google.com/maps/search/?api=1&query=Suncare%20Medspa-%E5%B0%94%E6%B9%BE%E6%9C%80%E5%A5%BD%E7%9A%84%E5%8C%BB%E7%BE%8E%E4%B8%AD%E5%BF%83%20Botox%20%E6%B3%A8%E5%B0%84%E7%BE%8E%E5%AE%B9%20%E6%BA%B6%E8%84%82%E6%B3%A8%E5%B0%84%20%E6%B0%B4%E5%85%89%E9%92%88%20%E7%9A%AE%E7%A7%92%E6%BF%80%E5%85%89%20%E7%83%AD%E7%8E%9B%E5%90%89%20%E8%B6%85%E5%A3%B0%E5%88%80%E6%8F%90%E5%8D%87%20%E5%85%89%E5%AD%90%E5%AB%A9%E8%82%A4%20%E7%8E%BB%E5%B0%BF%E9%85%B8%E5%A1%AB%E5%85%85%20%E6%8A%97%E8%A1%B0%E8%80%81%20%E6%B4%9B%E6%9D%89%E7%9F%B6FDA%E8%AE%A4%E8%AF%81%E5%8C%BB%E7%96%97%E7%BE%8E%E5%AE%B9%20Irvine%20CA%20%E6%A9%99%E5%8E%BF%E9%A1%B6%E7%BA%A7%E5%8C%BB%E5%AD%A6%E7%BE%8E%E5%AE%B9%E8%AF%8A%E6%89%80%20%E6%8E%A8%E8%8D%90&query_place_id=ChIJNUreAuHd3IARI1Hr-gBPsJs"
"Skin Medical Spa in San Diego | Skin Tightening | Cryo Fat Freezing | Lipo Cavitation","San Diego","1","SDBotox - Pacific Beach","784","4.9","1.32","https://www.google.com/maps/search/?api=1&query=SDBotox%20-%20Pacific%20Beach&query_place_id=ChIJVdWU0sYB3IARa0SbHLw5t9I"
"Skin Medical Spa in San Diego | Skin Tightening | Cryo Fat Freezing | Lipo Cavitation","San Diego","2","SlimmThicc Med Spa & Aesthetics","403","4.8","1.43","https://www.google.com/maps/search/?api=1&query=SlimmThicc%20Med%20Spa%20%26%20Aesthetics&query_place_id=ChIJHbQpq9MB3IARJiuylm85I2Y"
"Skin Medical Spa in San Diego | Skin Tightening | Cryo Fat Freezing | Lipo Cavitation","San Diego","3","Glowtox Aesthetics - Pacific Beach","202","5.0","2.17","https://www.google.com/maps/search/?api=1&query=Glowtox%20Aesthetics%20-%20Pacific%20Beach&query_place_id=ChIJNW6-ECoB3IARLUSslislnKM"
"Aesthetica Med Spa of San Diego","San Diego","1","The Laser Cafe Medical Spa","1355","5.0","0.7","https://www.google.com/maps/search/?api=1&query=The%20Laser%20Cafe%20Medical%20Spa&query_place_id=ChIJ49Oi1dxU2YARzyXeQgULShE"
"Aesthetica Med Spa of San Diego","San Diego","2","Gene Lee Skin Clinic","212","5.0","0.56","https://www.google.com/maps/search/?api=1&query=Gene%20Lee%20Skin%20Clinic&query_place_id=ChIJ3VAB3cFV2YARx37qnGzSwEw"
"Aesthetica Med Spa of San Diego","San Diego","3","Radiance Wellness","209","5.0","0.47","https://www.google.com/maps/search/?api=1&query=Radiance%20Wellness&query_place_id=ChIJjcnFG8ZU2YARTsXFXIBayi4"
"San Diego Aesthetics and Med Spa","La Mesa","1","Botoxie - North Park","478","4.9","5.92","https://www.google.com/maps/search/?api=1&query=Botoxie%20-%20North%20Park&query_place_id=ChIJCbN2PdlV2YARSdxaJoUV6CA"
"San Diego Aesthetics and Med Spa","La Mesa","2","Heavenly Aesthetics","173","5.0","6.19","https://www.google.com/maps/search/?api=1&query=Heavenly%20Aesthetics&query_place_id=ChIJGUxJzf_Lj4AR08t1VB4AYlA"
"San Diego Aesthetics and Med Spa","La Mesa","3","San Diego Cosmetic Laser Clinic","157","4.8","1.41","https://www.google.com/maps/search/?api=1&query=San%20Diego%20Cosmetic%20Laser%20Clinic&query_place_id=ChIJDSkiTotW2YAR9o6X2VI6Gx0"
"B Medical Spa and Wellness Center","San Diego","1","Avalon Laser | San Diego Botox Clinic","262","4.9","0.4","https://www.google.com/maps/search/?api=1&query=Avalon%20Laser%20%7C%20San%20Diego%20Botox%20Clinic&query_place_id=ChIJ6UoOClxT2YARB8ooOE-97PU"
"B Medical Spa and Wellness Center","San Diego","2","Radiance Wellness","209","5.0","0.13","https://www.google.com/maps/search/?api=1&query=Radiance%20Wellness&query_place_id=ChIJjcnFG8ZU2YARTsXFXIBayi4"
"B Medical Spa and Wellness Center","San Diego","3","Aesthetic Nurse Ashley | Aluma Medical","171","5.0","0.66","https://www.google.com/maps/search/?api=1&query=Aesthetic%20Nurse%20Ashley%20%7C%20Aluma%20Medical&query_place_id=ChIJpUv-ZeSr3oARxzL0BMlrZHc"
"Botoxie - North Park","San Diego","1","The Laser Cafe Medical Spa","1355","5.0","1.51","https://www.google.com/maps/search/?api=1&query=The%20Laser%20Cafe%20Medical%20Spa&query_place_id=ChIJ49Oi1dxU2YARzyXeQgULShE"
"Botoxie - North Park","San Diego","2","Citrus Aesthetics®","370","4.9","1.45","https://www.google.com/maps/search/?api=1&query=Citrus%20Aesthetics%C2%AE&query_place_id=ChIJoT4cml1V2YAR6AVp0crmC0M"
"Botoxie - North Park","San Diego","3","Heavenly Aesthetics","173","5.0","1.45","https://www.google.com/maps/search/?api=1&query=Heavenly%20Aesthetics&query_place_id=ChIJGUxJzf_Lj4AR08t1VB4AYlA"
"Revive Med Spa - Mission Valley","San Diego","1","SDBotox - Mission Valley","660","4.9","0.44","https://www.google.com/maps/search/?api=1&query=SDBotox%20-%20Mission%20Valley&query_place_id=ChIJmT-8Mj1V2YARMNgyfHXZihc"
"Revive Med Spa - Mission Valley","San Diego","2","Holden Timeless Beauty San Diego","402","4.9","0.62","https://www.google.com/maps/search/?api=1&query=Holden%20Timeless%20Beauty%20San%20Diego&query_place_id=ChIJ7Ze3GCNV2YARr7aSslsE614"
"Revive Med Spa - Mission Valley","San Diego","3","KQ Aesthetic Society","110","5.0","0.65","https://www.google.com/maps/search/?api=1&query=KQ%20Aesthetic%20Society&query_place_id=ChIJiTlIAUuBBqMRdbK3VDoDyog"
"Ageless & Beautiful Medical Spa","San Diego","1","The Laser Cafe Medical Spa","1355","5.0","0.09","https://www.google.com/maps/search/?api=1&query=The%20Laser%20Cafe%20Medical%20Spa&query_place_id=ChIJ49Oi1dxU2YARzyXeQgULShE"
"Ageless & Beautiful Medical Spa","San Diego","2","Gene Lee Skin Clinic","212","5.0","0.2","https://www.google.com/maps/search/?api=1&query=Gene%20Lee%20Skin%20Clinic&query_place_id=ChIJ3VAB3cFV2YARx37qnGzSwEw"
"Ageless & Beautiful Medical Spa","San Diego","3","Aesthetica Med Spa of San Diego","133","4.9","0.74","https://www.google.com/maps/search/?api=1&query=Aesthetica%20Med%20Spa%20of%20San%20Diego&query_place_id=ChIJKRiULyhV2YARvJ1rURXwXqI"
"SDBotox - Little Italy","San Diego","1","Avalon Laser | San Diego Botox Clinic","262","4.9","0.69","https://www.google.com/maps/search/?api=1&query=Avalon%20Laser%20%7C%20San%20Diego%20Botox%20Clinic&query_place_id=ChIJ6UoOClxT2YARB8ooOE-97PU"
"SDBotox - Little Italy","San Diego","2","Radiance Wellness","209","5.0","0.79","https://www.google.com/maps/search/?api=1&query=Radiance%20Wellness&query_place_id=ChIJjcnFG8ZU2YARTsXFXIBayi4"
"SDBotox - Little Italy","San Diego","3","Aesthetic Nurse Ashley | Aluma Medical","171","5.0","0.67","https://www.google.com/maps/search/?api=1&query=Aesthetic%20Nurse%20Ashley%20%7C%20Aluma%20Medical&query_place_id=ChIJpUv-ZeSr3oARxzL0BMlrZHc"
"Park Medspa Hillcrest","San Diego","1","The Laser Cafe Medical Spa","1355","5.0","0.51","https://www.google.com/maps/search/?api=1&query=The%20Laser%20Cafe%20Medical%20Spa&query_place_id=ChIJ49Oi1dxU2YARzyXeQgULShE"
"Park Medspa Hillcrest","San Diego","2","Gene Lee Skin Clinic","212","5.0","0.4","https://www.google.com/maps/search/?api=1&query=Gene%20Lee%20Skin%20Clinic&query_place_id=ChIJ3VAB3cFV2YARx37qnGzSwEw"
"Park Medspa Hillcrest","San Diego","3","B Medical Spa and Wellness Center","192","4.9","0.74","https://www.google.com/maps/search/?api=1&query=B%20Medical%20Spa%20and%20Wellness%20Center&query_place_id=ChIJw-VIlMdU2YARgpAJUS3Vnlw"
"South Coast MedSpa","San Diego","1","Coastal Medical & Cosmetic Dermatology","1236","4.9","1.02","https://www.google.com/maps/search/?api=1&query=Coastal%20Medical%20%26%20Cosmetic%20Dermatology&query_place_id=ChIJ-66Gp94G3IARS1TwFcuMEdo"
"South Coast MedSpa","San Diego","2","Atossa Medical Spa","367","4.9","0.35","https://www.google.com/maps/search/?api=1&query=Atossa%20Medical%20Spa&query_place_id=ChIJDY1ynJv724ARcQS2LGPUvtA"
"South Coast MedSpa","San Diego","3","La Jolla Cosmetic Medical Spa","224","4.9","1.05","https://www.google.com/maps/search/?api=1&query=La%20Jolla%20Cosmetic%20Medical%20Spa&query_place_id=ChIJNdWN_wYH3IARfSBJ4YvU0zg"
"SDBotox - Pacific Beach","San Diego","1","Skin Medical Spa in San Diego | Skin Tightening | Cryo Fat Freezing | Lipo Cavitation","421","4.9","1.32","https://www.google.com/maps/search/?api=1&query=Skin%20Medical%20Spa%20in%20San%20Diego%20%7C%20Skin%20Tightening%20%7C%20Cryo%20Fat%20Freezing%20%7C%20Lipo%20Cavitation&query_place_id=ChIJ0fkVj7wB3IARJm1vn7X8pR0"
"SDBotox - Pacific Beach","San Diego","2","SlimmThicc Med Spa & Aesthetics","403","4.8","0.11","https://www.google.com/maps/search/?api=1&query=SlimmThicc%20Med%20Spa%20%26%20Aesthetics&query_place_id=ChIJHbQpq9MB3IARJiuylm85I2Y"
"SDBotox - Pacific Beach","San Diego","3","Glowtox Aesthetics - Pacific Beach","202","5.0","0.85","https://www.google.com/maps/search/?api=1&query=Glowtox%20Aesthetics%20-%20Pacific%20Beach&query_place_id=ChIJNW6-ECoB3IARLUSslislnKM"
"SDIM & Spa | San Diego Integrative Medicine & Spa","San Diego","1","Laser Cliniqúe | San Diego's Premier Medical Spa","1066","4.9","9.7","https://www.google.com/maps/search/?api=1&query=Laser%20Cliniq%C3%BAe%20%7C%20San%20Diego's%20Premier%20Medical%20Spa&query_place_id=ChIJW8cQHa4H3IARpLRZJ9lskJU"
"SDIM & Spa | San Diego Integrative Medicine & Spa","San Diego","2","SDBotox - Sabre Springs","307","4.9","2.71","https://www.google.com/maps/search/?api=1&query=SDBotox%20-%20Sabre%20Springs&query_place_id=ChIJn3HDIrz524ARKUADFZCfvAg"
"SDIM & Spa | San Diego Integrative Medicine & Spa","San Diego","3","Coastal Medical Aesthetics","159","4.8","9.27","https://www.google.com/maps/search/?api=1&query=Coastal%20Medical%20Aesthetics&query_place_id=ChIJhz1hzJwI3IARmAAtTwU8VBg"
"ALOderma Med Spa","San Diego","1","SDBotox - Mission Valley","660","4.9","0.7","https://www.google.com/maps/search/?api=1&query=SDBotox%20-%20Mission%20Valley&query_place_id=ChIJmT-8Mj1V2YARMNgyfHXZihc"
"ALOderma Med Spa","San Diego","2","Holden Timeless Beauty San Diego","402","4.9","0.77","https://www.google.com/maps/search/?api=1&query=Holden%20Timeless%20Beauty%20San%20Diego&query_place_id=ChIJ7Ze3GCNV2YARr7aSslsE614"
"ALOderma Med Spa","San Diego","3","Citrus Aesthetics®","370","4.9","0.16","https://www.google.com/maps/search/?api=1&query=Citrus%20Aesthetics%C2%AE&query_place_id=ChIJoT4cml1V2YAR6AVp0crmC0M"
"Skyy Med Spa","San Diego","1","Avalon Laser | San Diego Botox Clinic","262","4.9","0.84","https://www.google.com/maps/search/?api=1&query=Avalon%20Laser%20%7C%20San%20Diego%20Botox%20Clinic&query_place_id=ChIJ6UoOClxT2YARB8ooOE-97PU"
"Skyy Med Spa","San Diego","2","Aesthetic Nurse Ashley | Aluma Medical","171","5.0","0.59","https://www.google.com/maps/search/?api=1&query=Aesthetic%20Nurse%20Ashley%20%7C%20Aluma%20Medical&query_place_id=ChIJpUv-ZeSr3oARxzL0BMlrZHc"
"Skyy Med Spa","San Diego","3","Vitality Aesthetics","102","5.0","0.22","https://www.google.com/maps/search/?api=1&query=Vitality%20Aesthetics&query_place_id=ChIJJ_EvHtwG3IARMnuo4zxWSFw"
"SDBotox - Mission Valley","San Diego","1","Revive Med Spa - Mission Valley","407","4.4","0.44","https://www.google.com/maps/search/?api=1&query=Revive%20Med%20Spa%20-%20Mission%20Valley&query_place_id=ChIJY9bxYTlV2YARMqq_VegTq-E"
"SDBotox - Mission Valley","San Diego","2","Holden Timeless Beauty San Diego","402","4.9","0.59","https://www.google.com/maps/search/?api=1&query=Holden%20Timeless%20Beauty%20San%20Diego&query_place_id=ChIJ7Ze3GCNV2YARr7aSslsE614"
"SDBotox - Mission Valley","San Diego","3","ALOderma Med Spa","207","4.8","0.7","https://www.google.com/maps/search/?api=1&query=ALOderma%20Med%20Spa&query_place_id=ChIJh6zGnS5V2YARbNL9c37pN7g"
"Radiance Wellness","San Diego","1","Avalon Laser | San Diego Botox Clinic","262","4.9","0.28","https://www.google.com/maps/search/?api=1&query=Avalon%20Laser%20%7C%20San%20Diego%20Botox%20Clinic&query_place_id=ChIJ6UoOClxT2YARB8ooOE-97PU"
"Radiance Wellness","San Diego","2","B Medical Spa and Wellness Center","192","4.9","0.13","https://www.google.com/maps/search/?api=1&query=B%20Medical%20Spa%20and%20Wellness%20Center&query_place_id=ChIJw-VIlMdU2YARgpAJUS3Vnlw"
"Radiance Wellness","San Diego","3","Aesthetic Nurse Ashley | Aluma Medical","171","5.0","0.53","https://www.google.com/maps/search/?api=1&query=Aesthetic%20Nurse%20Ashley%20%7C%20Aluma%20Medical&query_place_id=ChIJpUv-ZeSr3oARxzL0BMlrZHc"
"Lounge MedSpa Aesthetics and Wellness","San Diego","1","Coastal Medical & Cosmetic Dermatology","1236","4.9","4.0","https://www.google.com/maps/search/?api=1&query=Coastal%20Medical%20%26%20Cosmetic%20Dermatology&query_place_id=ChIJ-66Gp94G3IARS1TwFcuMEdo"
"Lounge MedSpa Aesthetics and Wellness","San Diego","2","Laser Cliniqúe | San Diego's Premier Medical Spa","1066","4.9","4.09","https://www.google.com/maps/search/?api=1&query=Laser%20Cliniq%C3%BAe%20%7C%20San%20Diego's%20Premier%20Medical%20Spa&query_place_id=ChIJW8cQHa4H3IARpLRZJ9lskJU"
"Lounge MedSpa Aesthetics and Wellness","San Diego","3","South Coast MedSpa","234","4.8","4.7","https://www.google.com/maps/search/?api=1&query=South%20Coast%20MedSpa&query_place_id=ChIJ9ULenxkH3IARMsX-k6SP3aI"
"Vitality Aesthetics","San Diego","1","SDBotox - Little Italy","431","4.9","0.79","https://www.google.com/maps/search/?api=1&query=SDBotox%20-%20Little%20Italy&query_place_id=ChIJIWCQGyJV2YARgr4KwXmCEZw"
"Vitality Aesthetics","San Diego","2","Avalon Laser | San Diego Botox Clinic","262","4.9","0.63","https://www.google.com/maps/search/?api=1&query=Avalon%20Laser%20%7C%20San%20Diego%20Botox%20Clinic&query_place_id=ChIJ6UoOClxT2YARB8ooOE-97PU"
"Vitality Aesthetics","San Diego","3","Aesthetic Nurse Ashley | Aluma Medical","171","5.0","0.37","https://www.google.com/maps/search/?api=1&query=Aesthetic%20Nurse%20Ashley%20%7C%20Aluma%20Medical&query_place_id=ChIJpUv-ZeSr3oARxzL0BMlrZHc"
"Avalon Laser | San Diego Botox Clinic","San Diego","1","Radiance Wellness","209","5.0","0.28","https://www.google.com/maps/search/?api=1&query=Radiance%20Wellness&query_place_id=ChIJjcnFG8ZU2YARTsXFXIBayi4"
"Avalon Laser | San Diego Botox Clinic","San Diego","2","B Medical Spa and Wellness Center","192","4.9","0.4","https://www.google.com/maps/search/?api=1&query=B%20Medical%20Spa%20and%20Wellness%20Center&query_place_id=ChIJw-VIlMdU2YARgpAJUS3Vnlw"
"Avalon Laser | San Diego Botox Clinic","San Diego","3","Aesthetic Nurse Ashley | Aluma Medical","171","5.0","0.26","https://www.google.com/maps/search/?api=1&query=Aesthetic%20Nurse%20Ashley%20%7C%20Aluma%20Medical&query_place_id=ChIJpUv-ZeSr3oARxzL0BMlrZHc"
"Gene Lee Skin Clinic","San Diego","1","The Laser Cafe Medical Spa","1355","5.0","0.15","https://www.google.com/maps/search/?api=1&query=The%20Laser%20Cafe%20Medical%20Spa&query_place_id=ChIJ49Oi1dxU2YARzyXeQgULShE"
"Gene Lee Skin Clinic","San Diego","2","B Medical Spa and Wellness Center","192","4.9","0.74","https://www.google.com/maps/search/?api=1&query=B%20Medical%20Spa%20and%20Wellness%20Center&query_place_id=ChIJw-VIlMdU2YARgpAJUS3Vnlw"
"Gene Lee Skin Clinic","San Diego","3","Aesthetica Med Spa of San Diego","133","4.9","0.56","https://www.google.com/maps/search/?api=1&query=Aesthetica%20Med%20Spa%20of%20San%20Diego&query_place_id=ChIJKRiULyhV2YARvJ1rURXwXqI"
"Laser Cliniqúe | San Diego's Premier Medical Spa","San Diego","1","Coastal Medical & Cosmetic Dermatology","1236","4.9","1.51","https://www.google.com/maps/search/?api=1&query=Coastal%20Medical%20%26%20Cosmetic%20Dermatology&query_place_id=ChIJ-66Gp94G3IARS1TwFcuMEdo"
"Laser Cliniqúe | San Diego's Premier Medical Spa","San Diego","2","Atossa Medical Spa","367","4.9","1.39","https://www.google.com/maps/search/?api=1&query=Atossa%20Medical%20Spa&query_place_id=ChIJDY1ynJv724ARcQS2LGPUvtA"
"Laser Cliniqúe | San Diego's Premier Medical Spa","San Diego","3","South Coast MedSpa","234","4.8","1.07","https://www.google.com/maps/search/?api=1&query=South%20Coast%20MedSpa&query_place_id=ChIJ9ULenxkH3IARMsX-k6SP3aI"
"San Diego Cosmetic Laser Clinic","San Diego","1","Botoxie - North Park","478","4.9","4.55","https://www.google.com/maps/search/?api=1&query=Botoxie%20-%20North%20Park&query_place_id=ChIJCbN2PdlV2YARSdxaJoUV6CA"
"San Diego Cosmetic Laser Clinic","San Diego","2","San Diego Aesthetics and Med Spa","419","5.0","1.41","https://www.google.com/maps/search/?api=1&query=San%20Diego%20Aesthetics%20and%20Med%20Spa&query_place_id=ChIJGQjkifRX2YARx5s2DJoA0Mw"
"San Diego Cosmetic Laser Clinic","San Diego","3","Heavenly Aesthetics","173","5.0","4.77","https://www.google.com/maps/search/?api=1&query=Heavenly%20Aesthetics&query_place_id=ChIJGUxJzf_Lj4AR08t1VB4AYlA"
"SlimmThicc Med Spa & Aesthetics","San Diego","1","SDBotox - Pacific Beach","784","4.9","0.11","https://www.google.com/maps/search/?api=1&query=SDBotox%20-%20Pacific%20Beach&query_place_id=ChIJVdWU0sYB3IARa0SbHLw5t9I"
"SlimmThicc Med Spa & Aesthetics","San Diego","2","Skin Medical Spa in San Diego | Skin Tightening | Cryo Fat Freezing | Lipo Cavitation","421","4.9","1.43","https://www.google.com/maps/search/?api=1&query=Skin%20Medical%20Spa%20in%20San%20Diego%20%7C%20Skin%20Tightening%20%7C%20Cryo%20Fat%20Freezing%20%7C%20Lipo%20Cavitation&query_place_id=ChIJ0fkVj7wB3IARJm1vn7X8pR0"
"SlimmThicc Med Spa & Aesthetics","San Diego","3","Glowtox Aesthetics - Pacific Beach","202","5.0","0.75","https://www.google.com/maps/search/?api=1&query=Glowtox%20Aesthetics%20-%20Pacific%20Beach&query_place_id=ChIJNW6-ECoB3IARLUSslislnKM"
"Domus Vitae | Gabriel Gonzalez, BSN, RN","San Diego","1","The Laser Cafe Medical Spa","1355","5.0","1.46","https://www.google.com/maps/search/?api=1&query=The%20Laser%20Cafe%20Medical%20Spa&query_place_id=ChIJ49Oi1dxU2YARzyXeQgULShE"
"Domus Vitae | Gabriel Gonzalez, BSN, RN","San Diego","2","Botoxie - North Park","478","4.9","0.06","https://www.google.com/maps/search/?api=1&query=Botoxie%20-%20North%20Park&query_place_id=ChIJCbN2PdlV2YARSdxaJoUV6CA"
"Domus Vitae | Gabriel Gonzalez, BSN, RN","San Diego","3","Citrus Aesthetics®","370","4.9","1.46","https://www.google.com/maps/search/?api=1&query=Citrus%20Aesthetics%C2%AE&query_place_id=ChIJoT4cml1V2YAR6AVp0crmC0M"
"Holden Timeless Beauty San Diego","San Diego","1","SDBotox - Mission Valley","660","4.9","0.59","https://www.google.com/maps/search/?api=1&query=SDBotox%20-%20Mission%20Valley&query_place_id=ChIJmT-8Mj1V2YARMNgyfHXZihc"
"Holden Timeless Beauty San Diego","San Diego","2","Revive Med Spa - Mission Valley","407","4.4","0.62","https://www.google.com/maps/search/?api=1&query=Revive%20Med%20Spa%20-%20Mission%20Valley&query_place_id=ChIJY9bxYTlV2YARMqq_VegTq-E"
"Holden Timeless Beauty San Diego","San Diego","3","ALOderma Med Spa","207","4.8","0.77","https://www.google.com/maps/search/?api=1&query=ALOderma%20Med%20Spa&query_place_id=ChIJh6zGnS5V2YARbNL9c37pN7g"
"Aesthetic Nurse Ashley | Aluma Medical","San Diego","1","Avalon Laser | San Diego Botox Clinic","262","4.9","0.26","https://www.google.com/maps/search/?api=1&query=Avalon%20Laser%20%7C%20San%20Diego%20Botox%20Clinic&query_place_id=ChIJ6UoOClxT2YARB8ooOE-97PU"
"Aesthetic Nurse Ashley | Aluma Medical","San Diego","2","Radiance Wellness","209","5.0","0.53","https://www.google.com/maps/search/?api=1&query=Radiance%20Wellness&query_place_id=ChIJjcnFG8ZU2YARTsXFXIBayi4"
"Aesthetic Nurse Ashley | Aluma Medical","San Diego","3","Skyy Med Spa","114","4.6","0.59","https://www.google.com/maps/search/?api=1&query=Skyy%20Med%20Spa&query_place_id=ChIJJXBiO9tV2YARQSfBEFIuuuk"
"Aesthetic Club","San Diego","1","The Laser Cafe Medical Spa","1355","5.0","1.46","https://www.google.com/maps/search/?api=1&query=The%20Laser%20Cafe%20Medical%20Spa&query_place_id=ChIJ49Oi1dxU2YARzyXeQgULShE"
"Aesthetic Club","San Diego","2","Botoxie - North Park","478","4.9","0.06","https://www.google.com/maps/search/?api=1&query=Botoxie%20-%20North%20Park&query_place_id=ChIJCbN2PdlV2YARSdxaJoUV6CA"
"Aesthetic Club","San Diego","3","Citrus Aesthetics®","370","4.9","1.46","https://www.google.com/maps/search/?api=1&query=Citrus%20Aesthetics%C2%AE&query_place_id=ChIJoT4cml1V2YAR6AVp0crmC0M"
"Citrus Aesthetics®","San Diego","1","SDBotox - Mission Valley","660","4.9","0.85","https://www.google.com/maps/search/?api=1&query=SDBotox%20-%20Mission%20Valley&query_place_id=ChIJmT-8Mj1V2YARMNgyfHXZihc"
"Citrus Aesthetics®","San Diego","2","Holden Timeless Beauty San Diego","402","4.9","0.87","https://www.google.com/maps/search/?api=1&query=Holden%20Timeless%20Beauty%20San%20Diego&query_place_id=ChIJ7Ze3GCNV2YARr7aSslsE614"
"Citrus Aesthetics®","San Diego","3","ALOderma Med Spa","207","4.8","0.16","https://www.google.com/maps/search/?api=1&query=ALOderma%20Med%20Spa&query_place_id=ChIJh6zGnS5V2YARbNL9c37pN7g"
"House of Aesthetix","San Diego","1","SDBotox - Mission Valley","660","4.9","0.78","https://www.google.com/maps/search/?api=1&query=SDBotox%20-%20Mission%20Valley&query_place_id=ChIJmT-8Mj1V2YARMNgyfHXZihc"
"House of Aesthetix","San Diego","2","Revive Med Spa - Mission Valley","407","4.4","0.9","https://www.google.com/maps/search/?api=1&query=Revive%20Med%20Spa%20-%20Mission%20Valley&query_place_id=ChIJY9bxYTlV2YARMqq_VegTq-E"
"House of Aesthetix","San Diego","3","Park Medspa Hillcrest","99","5.0","0.91","https://www.google.com/maps/search/?api=1&query=Park%20Medspa%20Hillcrest&query_place_id=ChIJcRcKuoCr3oARyXllclvogjY"
"Savannah Tadin Aesthetics","San Diego","1","The Laser Cafe Medical Spa","1355","5.0","1.46","https://www.google.com/maps/search/?api=1&query=The%20Laser%20Cafe%20Medical%20Spa&query_place_id=ChIJ49Oi1dxU2YARzyXeQgULShE"
"Savannah Tadin Aesthetics","San Diego","2","Botoxie - North Park","478","4.9","0.06","https://www.google.com/maps/search/?api=1&query=Botoxie%20-%20North%20Park&query_place_id=ChIJCbN2PdlV2YARSdxaJoUV6CA"
"Savannah Tadin Aesthetics","San Diego","3","Citrus Aesthetics®","370","4.9","1.46","https://www.google.com/maps/search/?api=1&query=Citrus%20Aesthetics%C2%AE&query_place_id=ChIJoT4cml1V2YAR6AVp0crmC0M"
"Coastal Medical Aesthetics","San Diego","1","Coastal Medical & Cosmetic Dermatology","1236","4.9","4.87","https://www.google.com/maps/search/?api=1&query=Coastal%20Medical%20%26%20Cosmetic%20Dermatology&query_place_id=ChIJ-66Gp94G3IARS1TwFcuMEdo"
"Coastal Medical Aesthetics","San Diego","2","Laser Cliniqúe | San Diego's Premier Medical Spa","1066","4.9","4.72","https://www.google.com/maps/search/?api=1&query=Laser%20Cliniq%C3%BAe%20%7C%20San%20Diego's%20Premier%20Medical%20Spa&query_place_id=ChIJW8cQHa4H3IARpLRZJ9lskJU"
"Coastal Medical Aesthetics","San Diego","3","South Coast MedSpa","234","4.8","5.47","https://www.google.com/maps/search/?api=1&query=South%20Coast%20MedSpa&query_place_id=ChIJ9ULenxkH3IARMsX-k6SP3aI"
"Beauty Energy Exchange Aesthetics and Wellness","San Diego","1","SDBotox - Little Italy","431","4.9","3.58","https://www.google.com/maps/search/?api=1&query=SDBotox%20-%20Little%20Italy&query_place_id=ChIJIWCQGyJV2YARgr4KwXmCEZw"
"Beauty Energy Exchange Aesthetics and Wellness","San Diego","2","Skyy Med Spa","114","4.6","4.19","https://www.google.com/maps/search/?api=1&query=Skyy%20Med%20Spa&query_place_id=ChIJJXBiO9tV2YARQSfBEFIuuuk"
"Beauty Energy Exchange Aesthetics and Wellness","San Diego","3","Vitality Aesthetics","102","5.0","4.21","https://www.google.com/maps/search/?api=1&query=Vitality%20Aesthetics&query_place_id=ChIJJ_EvHtwG3IARMnuo4zxWSFw"
"KQ Aesthetic Society","San Diego","1","SDBotox - Mission Valley","660","4.9","0.24","https://www.google.com/maps/search/?api=1&query=SDBotox%20-%20Mission%20Valley&query_place_id=ChIJmT-8Mj1V2YARMNgyfHXZihc"
"KQ Aesthetic Society","San Diego","2","Holden Timeless Beauty San Diego","402","4.9","0.55","https://www.google.com/maps/search/?api=1&query=Holden%20Timeless%20Beauty%20San%20Diego&query_place_id=ChIJ7Ze3GCNV2YARr7aSslsE614"
"KQ Aesthetic Society","San Diego","3","Citrus Aesthetics®","370","4.9","0.61","https://www.google.com/maps/search/?api=1&query=Citrus%20Aesthetics%C2%AE&query_place_id=ChIJoT4cml1V2YAR6AVp0crmC0M"
"Glowtox Aesthetics - Pacific Beach","San Diego","1","SDBotox - Pacific Beach","784","4.9","0.85","https://www.google.com/maps/search/?api=1&query=SDBotox%20-%20Pacific%20Beach&query_place_id=ChIJVdWU0sYB3IARa0SbHLw5t9I"
"Glowtox Aesthetics - Pacific Beach","San Diego","2","Skin Medical Spa in San Diego | Skin Tightening | Cryo Fat Freezing | Lipo Cavitation","421","4.9","2.17","https://www.google.com/maps/search/?api=1&query=Skin%20Medical%20Spa%20in%20San%20Diego%20%7C%20Skin%20Tightening%20%7C%20Cryo%20Fat%20Freezing%20%7C%20Lipo%20Cavitation&query_place_id=ChIJ0fkVj7wB3IARJm1vn7X8pR0"
"Glowtox Aesthetics - Pacific Beach","San Diego","3","SlimmThicc Med Spa & Aesthetics","403","4.8","0.75","https://www.google.com/maps/search/?api=1&query=SlimmThicc%20Med%20Spa%20%26%20Aesthetics&query_place_id=ChIJHbQpq9MB3IARJiuylm85I2Y"
"Heavenly Aesthetics","San Diego","1","SDBotox - Mission Valley","660","4.9","0.85","https://www.google.com/maps/search/?api=1&query=SDBotox%20-%20Mission%20Valley&query_place_id=ChIJmT-8Mj1V2YARMNgyfHXZihc"
"Heavenly Aesthetics","San Diego","2","Holden Timeless Beauty San Diego","402","4.9","0.87","https://www.google.com/maps/search/?api=1&query=Holden%20Timeless%20Beauty%20San%20Diego&query_place_id=ChIJ7Ze3GCNV2YARr7aSslsE614"
"Heavenly Aesthetics","San Diego","3","Citrus Aesthetics®","370","4.9","0.0","https://www.google.com/maps/search/?api=1&query=Citrus%20Aesthetics%C2%AE&query_place_id=ChIJoT4cml1V2YAR6AVp0crmC0M"
"La Jolla Cosmetic Medical Spa","La Jolla","1","Coastal Medical & Cosmetic Dermatology","1236","4.9","0.03","https://www.google.com/maps/search/?api=1&query=Coastal%20Medical%20%26%20Cosmetic%20Dermatology&query_place_id=ChIJ-66Gp94G3IARS1TwFcuMEdo"
"La Jolla Cosmetic Medical Spa","La Jolla","2","Atossa Medical Spa","367","4.9","0.91","https://www.google.com/maps/search/?api=1&query=Atossa%20Medical%20Spa&query_place_id=ChIJDY1ynJv724ARcQS2LGPUvtA"
"La Jolla Cosmetic Medical Spa","La Jolla","3","Brandish Clinic Facial & Skin Rejuvenation","57","4.7","0.91","https://www.google.com/maps/search/?api=1&query=Brandish%20Clinic%20Facial%20%26%20Skin%20Rejuvenation&query_place_id=ChIJ-7yhB84G3IARRQNUhxxfyG4"
"La Jolla Iconic Beauty Medspa","La Jolla","1","PRFCT Med Spa & Wellness","286","5.0","0.18","https://www.google.com/maps/search/?api=1&query=PRFCT%20Med%20Spa%20%26%20Wellness&query_place_id=ChIJ-cykzOQD3IARAFFaJzne-2M"
"La Jolla Iconic Beauty Medspa","La Jolla","2","Lilly Beauty Facial Spa | EMsculpt | Laser lipo | Botox","283","4.7","0.12","https://www.google.com/maps/search/?api=1&query=Lilly%20Beauty%20Facial%20Spa%20%7C%20EMsculpt%20%7C%20Laser%20lipo%20%7C%20Botox&query_place_id=ChIJfyTFg64D3IAR-cgendUbYdg"
"La Jolla Iconic Beauty Medspa","La Jolla","3","LA JOLLA SKIN STUDIO","67","4.9","0.19","https://www.google.com/maps/search/?api=1&query=LA%20JOLLA%20SKIN%20STUDIO&query_place_id=ChIJOwBiMjAD3IARaNJ4GUzsaXc"
"Atossa Medical Spa","La Jolla","1","Coastal Medical & Cosmetic Dermatology","1236","4.9","0.88","https://www.google.com/maps/search/?api=1&query=Coastal%20Medical%20%26%20Cosmetic%20Dermatology&query_place_id=ChIJ-66Gp94G3IARS1TwFcuMEdo"
"Atossa Medical Spa","La Jolla","2","South Coast MedSpa","234","4.8","0.35","https://www.google.com/maps/search/?api=1&query=South%20Coast%20MedSpa&query_place_id=ChIJ9ULenxkH3IARMsX-k6SP3aI"
"Atossa Medical Spa","La Jolla","3","La Jolla Cosmetic Medical Spa","224","4.9","0.91","https://www.google.com/maps/search/?api=1&query=La%20Jolla%20Cosmetic%20Medical%20Spa&query_place_id=ChIJNdWN_wYH3IARfSBJ4YvU0zg"
"SDBotox - La Jolla","La Jolla","1","PRFCT Med Spa & Wellness","286","5.0","0.24","https://www.google.com/maps/search/?api=1&query=PRFCT%20Med%20Spa%20%26%20Wellness&query_place_id=ChIJ-cykzOQD3IARAFFaJzne-2M"
"SDBotox - La Jolla","La Jolla","2","La Jolla Dermatology & Laser Surgery Center","187","4.8","0.17","https://www.google.com/maps/search/?api=1&query=La%20Jolla%20Dermatology%20%26%20Laser%20Surgery%20Center&query_place_id=ChIJ8YU55z8D3IARlP58ApMTJ_U"
"SDBotox - La Jolla","La Jolla","3","La Jolla Med Spa and Hair Transplant: Andrew F. Nasseri, MD, FACS","65","4.9","0.06","https://www.google.com/maps/search/?api=1&query=La%20Jolla%20Med%20Spa%20and%20Hair%20Transplant%3A%20Andrew%20F.%20Nasseri%2C%20MD%2C%20FACS&query_place_id=ChIJceUTiVkGkYAR8S6GWZUZM8E"
"La Jolla Cosmetic Medical Spa - Carlsbad","Carlsbad","1","Coastal Medical Aesthetics","159","4.8","9.21","https://www.google.com/maps/search/?api=1&query=Coastal%20Medical%20Aesthetics&query_place_id=ChIJhz1hzJwI3IARmAAtTwU8VBg"
"PRFCT Med Spa & Wellness","La Jolla","1","La Jolla Cosmetic Laser Clinic & Dermatology","1043","4.8","0.13","https://www.google.com/maps/search/?api=1&query=La%20Jolla%20Cosmetic%20Laser%20Clinic%20%26%20Dermatology&query_place_id=ChIJn6BxCeMD3IARG2ZH-kBoMpQ"
"PRFCT Med Spa & Wellness","La Jolla","2","Hormones + Wellness by SDBotox - La Jolla","82","4.8","0.11","https://www.google.com/maps/search/?api=1&query=Hormones%20%2B%20Wellness%20by%20SDBotox%20-%20La%20Jolla&query_place_id=ChIJz_hSwOQD3IAR8hfDi1mn6Fs"
"PRFCT Med Spa & Wellness","La Jolla","3","Royal Retreat Spa","41","5.0","0.15","https://www.google.com/maps/search/?api=1&query=Royal%20Retreat%20Spa&query_place_id=ChIJocD0YIMD3IARwaApg2w8kQ8"
"LA JOLLA SKIN STUDIO","La Jolla","1","La Jolla Cosmetic Laser Clinic & Dermatology","1043","4.8","0.17","https://www.google.com/maps/search/?api=1&query=La%20Jolla%20Cosmetic%20Laser%20Clinic%20%26%20Dermatology&query_place_id=ChIJn6BxCeMD3IARG2ZH-kBoMpQ"
"LA JOLLA SKIN STUDIO","La Jolla","2","Lilly Beauty Facial Spa | EMsculpt | Laser lipo | Botox","283","4.7","0.07","https://www.google.com/maps/search/?api=1&query=Lilly%20Beauty%20Facial%20Spa%20%7C%20EMsculpt%20%7C%20Laser%20lipo%20%7C%20Botox&query_place_id=ChIJfyTFg64D3IAR-cgendUbYdg"
"LA JOLLA SKIN STUDIO","La Jolla","3","Hormones + Wellness by SDBotox - La Jolla","82","4.8","0.19","https://www.google.com/maps/search/?api=1&query=Hormones%20%2B%20Wellness%20by%20SDBotox%20-%20La%20Jolla&query_place_id=ChIJz_hSwOQD3IAR8hfDi1mn6Fs"
"Hormones + Wellness by SDBotox - La Jolla","La Jolla","1","La Jolla Cosmetic Laser Clinic & Dermatology","1043","4.8","0.02","https://www.google.com/maps/search/?api=1&query=La%20Jolla%20Cosmetic%20Laser%20Clinic%20%26%20Dermatology&query_place_id=ChIJn6BxCeMD3IARG2ZH-kBoMpQ"
"Hormones + Wellness by SDBotox - La Jolla","La Jolla","2","PRFCT Med Spa & Wellness","286","5.0","0.11","https://www.google.com/maps/search/?api=1&query=PRFCT%20Med%20Spa%20%26%20Wellness&query_place_id=ChIJ-cykzOQD3IARAFFaJzne-2M"
"Hormones + Wellness by SDBotox - La Jolla","La Jolla","3","LA JOLLA SKIN STUDIO","67","4.9","0.19","https://www.google.com/maps/search/?api=1&query=LA%20JOLLA%20SKIN%20STUDIO&query_place_id=ChIJOwBiMjAD3IARaNJ4GUzsaXc"
"Lilly Beauty Facial Spa | EMsculpt | Laser lipo | Botox","La Jolla","1","La Jolla Iconic Beauty Medspa","85","5.0","0.12","https://www.google.com/maps/search/?api=1&query=La%20Jolla%20Iconic%20Beauty%20Medspa&query_place_id=ChIJEeKUCSsD3IARa4L5RecBcak"
"Lilly Beauty Facial Spa | EMsculpt | Laser lipo | Botox","La Jolla","2","LA JOLLA SKIN STUDIO","67","4.9","0.07","https://www.google.com/maps/search/?api=1&query=LA%20JOLLA%20SKIN%20STUDIO&query_place_id=ChIJOwBiMjAD3IARaNJ4GUzsaXc"
"Lilly Beauty Facial Spa | EMsculpt | Laser lipo | Botox","La Jolla","3","La Jolla Med Spa","48","5.0","0.13","https://www.google.com/maps/search/?api=1&query=La%20Jolla%20Med%20Spa&query_place_id=ChIJnSG_8joD3IAR5K4wg6yxs-Y"
"La Jolla Cosmetic Laser Clinic & Dermatology","La Jolla","1","PRFCT Med Spa & Wellness","286","5.0","0.13","https://www.google.com/maps/search/?api=1&query=PRFCT%20Med%20Spa%20%26%20Wellness&query_place_id=ChIJ-cykzOQD3IARAFFaJzne-2M"
"La Jolla Cosmetic Laser Clinic & Dermatology","La Jolla","2","Hormones + Wellness by SDBotox - La Jolla","82","4.8","0.02","https://www.google.com/maps/search/?api=1&query=Hormones%20%2B%20Wellness%20by%20SDBotox%20-%20La%20Jolla&query_place_id=ChIJz_hSwOQD3IAR8hfDi1mn6Fs"
"La Jolla Cosmetic Laser Clinic & Dermatology","La Jolla","3","LA JOLLA SKIN STUDIO","67","4.9","0.17","https://www.google.com/maps/search/?api=1&query=LA%20JOLLA%20SKIN%20STUDIO&query_place_id=ChIJOwBiMjAD3IARaNJ4GUzsaXc"
"Esthetix MD","La Jolla","1","Coastal Medical & Cosmetic Dermatology","1236","4.9","0.98","https://www.google.com/maps/search/?api=1&query=Coastal%20Medical%20%26%20Cosmetic%20Dermatology&query_place_id=ChIJ-66Gp94G3IARS1TwFcuMEdo"
"Esthetix MD","La Jolla","2","NakedMD Med Spa La Jolla","751","4.9","0.0","https://www.google.com/maps/search/?api=1&query=NakedMD%20Med%20Spa%20La%20Jolla&query_place_id=ChIJMYXoT6wH3IARw4OOnodf8gc"
"Esthetix MD","La Jolla","3","La Jolla Cosmetic Medical Spa","224","4.9","0.99","https://www.google.com/maps/search/?api=1&query=La%20Jolla%20Cosmetic%20Medical%20Spa&query_place_id=ChIJNdWN_wYH3IARfSBJ4YvU0zg"
"La Jolla Med Spa and Hair Transplant: Andrew F. Nasseri, MD, FACS","La Jolla","1","PRFCT Med Spa & Wellness","286","5.0","0.18","https://www.google.com/maps/search/?api=1&query=PRFCT%20Med%20Spa%20%26%20Wellness&query_place_id=ChIJ-cykzOQD3IARAFFaJzne-2M"
"La Jolla Med Spa and Hair Transplant: Andrew F. Nasseri, MD, FACS","La Jolla","2","La Jolla Dermatology & Laser Surgery Center","187","4.8","0.23","https://www.google.com/maps/search/?api=1&query=La%20Jolla%20Dermatology%20%26%20Laser%20Surgery%20Center&query_place_id=ChIJ8YU55z8D3IARlP58ApMTJ_U"
"La Jolla Med Spa and Hair Transplant: Andrew F. Nasseri, MD, FACS","La Jolla","3","SDBotox - La Jolla","105","4.9","0.06","https://www.google.com/maps/search/?api=1&query=SDBotox%20-%20La%20Jolla&query_place_id=ChIJO3nTkL4D3IARyPez1ctNaPk"
"La Jolla Dermatology & Laser Surgery Center","La Jolla","1","PRFCT Med Spa & Wellness","286","5.0","0.4","https://www.google.com/maps/search/?api=1&query=PRFCT%20Med%20Spa%20%26%20Wellness&query_place_id=ChIJ-cykzOQD3IARAFFaJzne-2M"
"La Jolla Dermatology & Laser Surgery Center","La Jolla","2","SDBotox - La Jolla","105","4.9","0.17","https://www.google.com/maps/search/?api=1&query=SDBotox%20-%20La%20Jolla&query_place_id=ChIJO3nTkL4D3IARyPez1ctNaPk"
"La Jolla Dermatology & Laser Surgery Center","La Jolla","3","La Jolla Med Spa and Hair Transplant: Andrew F. Nasseri, MD, FACS","65","4.9","0.23","https://www.google.com/maps/search/?api=1&query=La%20Jolla%20Med%20Spa%20and%20Hair%20Transplant%3A%20Andrew%20F.%20Nasseri%2C%20MD%2C%20FACS&query_place_id=ChIJceUTiVkGkYAR8S6GWZUZM8E"
"Parie Med Spa","Las Vegas","1","Flawless Medspa Las Vegas","248","4.5","1.12","https://www.google.com/maps/search/?api=1&query=Flawless%20Medspa%20Las%20Vegas&query_place_id=ChIJo6h67yjAyIARJKrkviQ1yiI"
"Parie Med Spa","Las Vegas","2","White Coat Aesthetics","228","4.9","2.36","https://www.google.com/maps/search/?api=1&query=White%20Coat%20Aesthetics&query_place_id=ChIJM5laQW_ByIARDn1R0JmnPgU"
"Parie Med Spa","Las Vegas","3","No Lines By Design","132","4.7","2.35","https://www.google.com/maps/search/?api=1&query=No%20Lines%20By%20Design&query_place_id=ChIJdc3LsJzqyIARe0Sn3EhI47c"
"The Med Spa","Las Vegas","1","Plastic Surgery Vegas","1063","5.0","1.22","https://www.google.com/maps/search/?api=1&query=Plastic%20Surgery%20Vegas&query_place_id=ChIJG_LKk4XHyIAROjzY0UaNtOI"
"The Med Spa","Las Vegas","2","NakedMD Med Spa Las Vegas","442","4.9","1.34","https://www.google.com/maps/search/?api=1&query=NakedMD%20Med%20Spa%20Las%20Vegas&query_place_id=ChIJ77IFdwLHyIAR2QcFc0EJxl8"
"The Med Spa","Las Vegas","3","Moderna Laser & Med Spa","289","4.8","1.58","https://www.google.com/maps/search/?api=1&query=Moderna%20Laser%20%26%20Med%20Spa&query_place_id=ChIJb3R0NJrHyIAR6YQ6FiIjI0Q"
"SKIN","Las Vegas","1","New U Natural Beauty","473","4.7","1.28","https://www.google.com/maps/search/?api=1&query=New%20U%20Natural%20Beauty&query_place_id=ChIJdVQ7rrbGyIARlj_fJUAIZ30"
"SKIN","Las Vegas","2","Kalologie | ARIA Resort | IV Therapy & More","427","4.9","1.73","https://www.google.com/maps/search/?api=1&query=Kalologie%20%7C%20ARIA%20Resort%20%7C%20IV%20Therapy%20%26%20More&query_place_id=ChIJiUX0j6jFyIARliwszXzHZKw"
"SKIN","Las Vegas","3","Ageless Las Vegas","183","4.9","1.77","https://www.google.com/maps/search/?api=1&query=Ageless%20Las%20Vegas&query_place_id=ChIJbSfleWa5yIAR2o0Mclz5gy0"
"Beauty Factory Medspa","Las Vegas","1","Novuskin Med Spa","2320","4.7","2.68","https://www.google.com/maps/search/?api=1&query=Novuskin%20Med%20Spa&query_place_id=ChIJM8xSBN3HyIARpjBpPhAMoiI"
"Beauty Factory Medspa","Las Vegas","2","NakedMD Med Spa Las Vegas","442","4.9","4.58","https://www.google.com/maps/search/?api=1&query=NakedMD%20Med%20Spa%20Las%20Vegas&query_place_id=ChIJ77IFdwLHyIAR2QcFc0EJxl8"
"Beauty Factory Medspa","Las Vegas","3","Moderna Laser & Med Spa","289","4.8","4.34","https://www.google.com/maps/search/?api=1&query=Moderna%20Laser%20%26%20Med%20Spa&query_place_id=ChIJb3R0NJrHyIAR6YQ6FiIjI0Q"
"Sculpt Spa","Las Vegas","1","Richards Cosmetic Surgery","937","4.9","1.36","https://www.google.com/maps/search/?api=1&query=Richards%20Cosmetic%20Surgery&query_place_id=ChIJQY-Jg67HyIARvJHMxrGgIwU"
"Sculpt Spa","Las Vegas","2","Archway Aesthetics","84","5.0","0.99","https://www.google.com/maps/search/?api=1&query=Archway%20Aesthetics&query_place_id=ChIJ04rpkTW_yIARz4wjD_9bFBk"
"Sculpt Spa","Las Vegas","3","New Life New Image Medical Spa","55","4.4","1.88","https://www.google.com/maps/search/?api=1&query=New%20Life%20New%20Image%20Medical%20Spa&query_place_id=ChIJh8rQGaq4yIARufWwN3XuQSQ"
"Moderna Laser & Med Spa","Las Vegas","1","Plastic Surgery Vegas","1063","5.0","0.74","https://www.google.com/maps/search/?api=1&query=Plastic%20Surgery%20Vegas&query_place_id=ChIJG_LKk4XHyIAROjzY0UaNtOI"
"Moderna Laser & Med Spa","Las Vegas","2","NakedMD Med Spa Las Vegas","442","4.9","0.6","https://www.google.com/maps/search/?api=1&query=NakedMD%20Med%20Spa%20Las%20Vegas&query_place_id=ChIJ77IFdwLHyIAR2QcFc0EJxl8"
"Moderna Laser & Med Spa","Las Vegas","3","The Med Spa","77","4.9","1.58","https://www.google.com/maps/search/?api=1&query=The%20Med%20Spa&query_place_id=ChIJQ94xVLe5yIAR40iE1hzXUyQ"
"BK Studio Med Spa","Abington","1","Restore Hyper Wellness","322","4.9","5.87","https://www.google.com/maps/search/?api=1&query=Restore%20Hyper%20Wellness&query_place_id=ChIJNb6vr4Vj44kReE15CzZfytU"
"All In One Laser","Newton","1","Four Seasons Hotel One Dalton Street, Boston","388","4.6","6.16","https://www.google.com/maps/search/?api=1&query=Four%20Seasons%20Hotel%20One%20Dalton%20Street%2C%20Boston&query_place_id=ChIJW0u45p1744kR3-G-c08U83Q"
"All In One Laser","Newton","2","GFaceMD Medical Spa, Wellesley","324","5.0","3.46","https://www.google.com/maps/search/?api=1&query=GFaceMD%20Medical%20Spa%2C%20Wellesley&query_place_id=ChIJbakCyCGC44kRiBo_dmzSKn0"
"All In One Laser","Newton","3","Sway Spa","262","4.8","5.62","https://www.google.com/maps/search/?api=1&query=Sway%20Spa&query_place_id=ChIJj-MaKQN644kRbsAPt4mAKWg"
"Esana Plastic Surgery Center & MedSpa","New Haven","1","Onyx Wellness & Aesthetics","40","5.0","3.48","https://www.google.com/maps/search/?api=1&query=Onyx%20Wellness%20%26%20Aesthetics&query_place_id=ChIJlU87EUh4kAsRfLXsMoit678"
"ELin Medical office","Beverly Hills","1","SKINnovative Medical Aesthetics","134","4.9","0.19","https://www.google.com/maps/search/?api=1&query=SKINnovative%20Medical%20Aesthetics&query_place_id=ChIJm_S0wtK7woARQ0jYD3ctR5w"
"ELin Medical office","Beverly Hills","2","Atelier Aesthetix","117","4.9","0.51","https://www.google.com/maps/search/?api=1&query=Atelier%20Aesthetix&query_place_id=ChIJ5Q9axB2uHkQR9Umf9Ie0HSE"
"ELin Medical office","Beverly Hills","3","LA Ageless Medical Aesthetics","97","5.0","0.19","https://www.google.com/maps/search/?api=1&query=LA%20Ageless%20Medical%20Aesthetics&query_place_id=ChIJWc-otZi7woAR9piKEpDm7T0"
"Four Seasons Hotel One Dalton Street, Boston","Boston","1","All In One Laser","412","5.0","6.16","https://www.google.com/maps/search/?api=1&query=All%20In%20One%20Laser&query_place_id=ChIJLcjSvA5444kRUXmwbWWDkcE"
"Four Seasons Hotel One Dalton Street, Boston","Boston","2","Sway Spa","262","4.8","0.57","https://www.google.com/maps/search/?api=1&query=Sway%20Spa&query_place_id=ChIJj-MaKQN644kRbsAPt4mAKWg"
"Four Seasons Hotel One Dalton Street, Boston","Boston","3","Restore Hyper Wellness","235","4.9","6.8","https://www.google.com/maps/search/?api=1&query=Restore%20Hyper%20Wellness&query_place_id=ChIJmw6-MRGD44kRNRmObW8-CCQ"
"Skin Rehab Beverly Hills","Beverly Hills","1","NakedMD Med Spa Beverly Hills","527","4.9","0.25","https://www.google.com/maps/search/?api=1&query=NakedMD%20Med%20Spa%20Beverly%20Hills&query_place_id=ChIJRYLC-M-5woART88mMxge7VU"
"Skin Rehab Beverly Hills","Beverly Hills","2","Modern Aesthetica","175","4.8","0.27","https://www.google.com/maps/search/?api=1&query=Modern%20Aesthetica&query_place_id=ChIJdWKrFNKkwoARybb8Dn9Jee4"
"Skin Rehab Beverly Hills","Beverly Hills","3","No Pain All Gain Med Spa - Beverly Hills","90","4.9","0.37","https://www.google.com/maps/search/?api=1&query=No%20Pain%20All%20Gain%20Med%20Spa%20-%20Beverly%20Hills&query_place_id=ChIJlakuea27woARLmDtMS6nhOY"
"Skinsation OC","Irvine","1","NuBella Med Spa","205","5.0","0.3","https://www.google.com/maps/search/?api=1&query=NuBella%20Med%20Spa&query_place_id=ChIJL_EjwCLd3IARAUtCEFswLSU"
"Skinsation OC","Irvine","2","Skinspire Laser&Skin Clinic 久时美黛医美中心 - Irvine","86","4.9","0.38","https://www.google.com/maps/search/?api=1&query=Skinspire%20Laser%26Skin%20Clinic%20%E4%B9%85%E6%97%B6%E7%BE%8E%E9%BB%9B%E5%8C%BB%E7%BE%8E%E4%B8%AD%E5%BF%83%20-%20Irvine&query_place_id=ChIJb3SBIvAr3YARTm_1WVDGlZE"
"Skinsation OC","Irvine","3","La Luna Aesthetics","52","5.0","1.49","https://www.google.com/maps/search/?api=1&query=La%20Luna%20Aesthetics&query_place_id=ChIJK6IfnWzd3IAR08yhgg1lP40"
"SDBotox - Sabre Springs","San Diego","1","Laser Cliniqúe | San Diego's Premier Medical Spa","1066","4.9","7.27","https://www.google.com/maps/search/?api=1&query=Laser%20Cliniq%C3%BAe%20%7C%20San%20Diego's%20Premier%20Medical%20Spa&query_place_id=ChIJW8cQHa4H3IARpLRZJ9lskJU"
"SDBotox - Sabre Springs","San Diego","2","South Coast MedSpa","234","4.8","8.23","https://www.google.com/maps/search/?api=1&query=South%20Coast%20MedSpa&query_place_id=ChIJ9ULenxkH3IARMsX-k6SP3aI"
"SDBotox - Sabre Springs","San Diego","3","Coastal Medical Aesthetics","159","4.8","7.87","https://www.google.com/maps/search/?api=1&query=Coastal%20Medical%20Aesthetics&query_place_id=ChIJhz1hzJwI3IARmAAtTwU8VBg"
"The Studio Med Spa","San Diego","1","Laser Cliniqúe | San Diego's Premier Medical Spa","1066","4.9","7.06","https://www.google.com/maps/search/?api=1&query=Laser%20Cliniq%C3%BAe%20%7C%20San%20Diego's%20Premier%20Medical%20Spa&query_place_id=ChIJW8cQHa4H3IARpLRZJ9lskJU"
"The Studio Med Spa","San Diego","2","SDBotox - Sabre Springs","307","4.9","1.19","https://www.google.com/maps/search/?api=1&query=SDBotox%20-%20Sabre%20Springs&query_place_id=ChIJn3HDIrz524ARKUADFZCfvAg"
"The Studio Med Spa","San Diego","3","South Coast MedSpa","234","4.8","8.08","https://www.google.com/maps/search/?api=1&query=South%20Coast%20MedSpa&query_place_id=ChIJ9ULenxkH3IARMsX-k6SP3aI"
"Plastic Surgery Vegas","Las Vegas","1","NakedMD Med Spa Las Vegas","442","4.9","0.17","https://www.google.com/maps/search/?api=1&query=NakedMD%20Med%20Spa%20Las%20Vegas&query_place_id=ChIJ77IFdwLHyIAR2QcFc0EJxl8"
"Plastic Surgery Vegas","Las Vegas","2","Moderna Laser & Med Spa","289","4.8","0.74","https://www.google.com/maps/search/?api=1&query=Moderna%20Laser%20%26%20Med%20Spa&query_place_id=ChIJb3R0NJrHyIAR6YQ6FiIjI0Q"
"Plastic Surgery Vegas","Las Vegas","3","The Med Spa","77","4.9","1.22","https://www.google.com/maps/search/?api=1&query=The%20Med%20Spa&query_place_id=ChIJQ94xVLe5yIAR40iE1hzXUyQ"
"4 Elements Spa LLC","Reno","1","Bonaldi Aesthetics","480","5.0","1.2","https://www.google.com/maps/search/?api=1&query=Bonaldi%20Aesthetics&query_place_id=ChIJEw5ql21AmYARoTk4nooqDqc"
"4 Elements Spa LLC","Reno","2","Avionce Aesthetics Medical Spa & Salon Suites","124","5.0","1.07","https://www.google.com/maps/search/?api=1&query=Avionce%20Aesthetics%20Medical%20Spa%20%26%20Salon%20Suites&query_place_id=ChIJ95GZVDAVmYARnXUuci2RMy8"
"4 Elements Spa LLC","Reno","3","Sierra Nevada Cosmetic and Laser Surgery: Dr. Kyle Yamamoto","105","5.0","0.16","https://www.google.com/maps/search/?api=1&query=Sierra%20Nevada%20Cosmetic%20and%20Laser%20Surgery%3A%20Dr.%20Kyle%20Yamamoto&query_place_id=ChIJxVY0S-pAmYARWiiAjsbGe60"
"Driftwood Esthetics","Reno","1","Bonaldi Aesthetics","480","5.0","0.71","https://www.google.com/maps/search/?api=1&query=Bonaldi%20Aesthetics&query_place_id=ChIJEw5ql21AmYARoTk4nooqDqc"
"Driftwood Esthetics","Reno","2","Posh Medical Spa","326","4.9","0.58","https://www.google.com/maps/search/?api=1&query=Posh%20Medical%20Spa&query_place_id=ChIJa2QqAPY_mYARM5DTpdrPN5U"
"Driftwood Esthetics","Reno","3","Renew MD Medical Spa","129","4.9","0.35","https://www.google.com/maps/search/?api=1&query=Renew%20MD%20Medical%20Spa&query_place_id=ChIJ1-bfgxQVmYARnkDozNG7IIo"
"Infuze Aesthetics & Wellness Center","Henderson","1","Remarkable Aesthetics","143","5.0","0.84","https://www.google.com/maps/search/?api=1&query=Remarkable%20Aesthetics&query_place_id=ChIJCSV4ILHRyIAR4Fr48pGo0q8"
"Infuze Aesthetics & Wellness Center","Henderson","2","Henderson Med Spa","48","4.9","0.81","https://www.google.com/maps/search/?api=1&query=Henderson%20Med%20Spa&query_place_id=ChIJuXR1vSXRyIARLFCdzc97uj4"
"Infuze Aesthetics & Wellness Center","Henderson","3","Amethyst Aesthetics","20","5.0","0.08","https://www.google.com/maps/search/?api=1&query=Amethyst%20Aesthetics&query_place_id=ChIJk0JVfRzRyIARK7YPvTLPq80"
"Spa Bella Medispa","Denver","1","The Luxe Room - South Denver","1385","5.0","0.1","https://www.google.com/maps/search/?api=1&query=The%20Luxe%20Room%20-%20South%20Denver&query_place_id=ChIJGWlFR6t_bIcRCBKJ4ASN95c"
"Spa Bella Medispa","Denver","2","ESSE Med Spa + PMU","308","4.9","0.3","https://www.google.com/maps/search/?api=1&query=ESSE%20Med%20Spa%20%2B%20PMU&query_place_id=ChIJSbCefK59bIcRYaa43zUN-kg"
"Spa Bella Medispa","Denver","3","Contour Collection","241","5.0","1.27","https://www.google.com/maps/search/?api=1&query=Contour%20Collection&query_place_id=ChIJJ8fMsHy6tAMRweeUEE_rC60"
"Skin Mix - Med Spa Denver","Denver","1","PREVA Aesthetics","614","4.8","0.61","https://www.google.com/maps/search/?api=1&query=PREVA%20Aesthetics&query_place_id=ChIJN8XzOe2Ha4cRO9q7FoEJvgM"
"Skin Mix - Med Spa Denver","Denver","2","RESTOR Medical Spa | LoHi","355","4.9","1.03","https://www.google.com/maps/search/?api=1&query=RESTOR%20Medical%20Spa%20%7C%20LoHi&query_place_id=ChIJxSJpAfJ5bIcRuxCKqvcRrOI"
"Skin Mix - Med Spa Denver","Denver","3","Laser Beauty Works","310","4.9","1.2","https://www.google.com/maps/search/?api=1&query=Laser%20Beauty%20Works&query_place_id=ChIJ0zvOmeB-bIcRnuNaAQRTCbE"
"Let's Face It Med Spa","Denver","1","RESTOR Medical Spa | Central Park","456","4.9","3.35","https://www.google.com/maps/search/?api=1&query=RESTOR%20Medical%20Spa%20%7C%20Central%20Park&query_place_id=ChIJw5it2n97bIcRXBgRELsiVdg"
"Let's Face It Med Spa","Denver","2","The Luxe Room - RiNo","117","4.9","4.91","https://www.google.com/maps/search/?api=1&query=The%20Luxe%20Room%20-%20RiNo&query_place_id=ChIJLRkUIEB5bIcR-qsRxOakyv8"
"Let's Face It Med Spa","Denver","3","Skin! Medical Aesthetics","107","4.8","5.4","https://www.google.com/maps/search/?api=1&query=Skin!%20Medical%20Aesthetics&query_place_id=ChIJwSdrSXR5bIcRaxx_PEYz_oQ"
"Facial Aesthetics - Cherry Creek","Denver","1","Aesthetic Surgery & Dermatology of Cherry Creek","518","4.8","0.55","https://www.google.com/maps/search/?api=1&query=Aesthetic%20Surgery%20%26%20Dermatology%20of%20Cherry%20Creek&query_place_id=ChIJFR5zB5V-bIcRd_vVaSUlQEk"
"Facial Aesthetics - Cherry Creek","Denver","2","OVME","402","4.9","0.14","https://www.google.com/maps/search/?api=1&query=OVME&query_place_id=ChIJ0Vvt7rF_bIcRgvfwPdVJpxI"
"Facial Aesthetics - Cherry Creek","Denver","3","La Fontaine Aesthetics","311","4.8","0.17","https://www.google.com/maps/search/?api=1&query=La%20Fontaine%20Aesthetics&query_place_id=ChIJVfxW85Z-bIcR3daV6eRWnkw"
"SLA Medical Spa","Centennial","1","Aviva Med Spa","225","5.0","2.4","https://www.google.com/maps/search/?api=1&query=Aviva%20Med%20Spa&query_place_id=ChIJ_6NZZc-FbIcR0EzDImfmhYg"
"SLA Medical Spa","Centennial","2","Ooh La La Med Spa","155","5.0","1.91","https://www.google.com/maps/search/?api=1&query=Ooh%20La%20La%20Med%20Spa&query_place_id=ChIJb1nmmKmFbIcR0tcuZYmjC8Q"
"SLA Medical Spa","Centennial","3","Elevation Med Spa","151","5.0","2.43","https://www.google.com/maps/search/?api=1&query=Elevation%20Med%20Spa&query_place_id=ChIJPU87wa2FbIcR5nesh-ed-mE"
"Gleam Medical Spa","Denver","1","Raval Facial Aesthetics","815","4.9","0.16","https://www.google.com/maps/search/?api=1&query=Raval%20Facial%20Aesthetics&query_place_id=ChIJIdNK1oN-bIcRU4Bsqk_sK0g"
"Gleam Medical Spa","Denver","2","Natura Med Spa & IV Bar - Denver","364","4.9","0.1","https://www.google.com/maps/search/?api=1&query=Natura%20Med%20Spa%20%26%20IV%20Bar%20-%20Denver&query_place_id=ChIJiwSNFll_bIcRAEFdWYIrmME"
"Gleam Medical Spa","Denver","3","Rejuvenate MedSpa","304","5.0","0.51","https://www.google.com/maps/search/?api=1&query=Rejuvenate%20MedSpa&query_place_id=ChIJEcUbdNl9bIcRq1TUsai96vo"
"Laser Beauty Works","Denver","1","VIVE Med Spa","586","4.9","1.21","https://www.google.com/maps/search/?api=1&query=VIVE%20Med%20Spa&query_place_id=ChIJkYnubS15bIcRXX-XXMPNIHs"
"Laser Beauty Works","Denver","2","RESTOR Medical Spa | LoHi","355","4.9","0.93","https://www.google.com/maps/search/?api=1&query=RESTOR%20Medical%20Spa%20%7C%20LoHi&query_place_id=ChIJxSJpAfJ5bIcRuxCKqvcRrOI"
"Laser Beauty Works","Denver","3","Cherry Medical","270","4.9","0.91","https://www.google.com/maps/search/?api=1&query=Cherry%20Medical&query_place_id=ChIJUdB7Nyp_bIcRvfX22TtB7qI"
"Clean Your Dirty Face","Boulder","1","Boulder Plastic Surgery","407","4.8","0.03","https://www.google.com/maps/search/?api=1&query=Boulder%20Plastic%20Surgery&query_place_id=ChIJTWWFr6Hua4cRS8NKcni7XZE"
"Clean Your Dirty Face","Boulder","2","Boulder Valley Plastic Surgery","168","4.9","1.0","https://www.google.com/maps/search/?api=1&query=Boulder%20Valley%20Plastic%20Surgery&query_place_id=ChIJLbRYw9Xta4cR9_CLofOgi8w"
"Clean Your Dirty Face","Boulder","3","Barris Laser & Skincare","132","4.9","0.45","https://www.google.com/maps/search/?api=1&query=Barris%20Laser%20%26%20Skincare&query_place_id=ChIJPWl3Jibsa4cRQdMtXQejSoI"
"Alchemy Face Bar","Boulder","1","Ideal Image Boulder","886","4.8","0.13","https://www.google.com/maps/search/?api=1&query=Ideal%20Image%20Boulder&query_place_id=ChIJud9TCb7ta4cRpmmE1qhBijs"
"Alchemy Face Bar","Boulder","2","Aura","168","4.8","0.1","https://www.google.com/maps/search/?api=1&query=Aura&query_place_id=ChIJRY1__NPta4cRaaGNyycEoOk"
"Alchemy Face Bar","Boulder","3","Boulder Valley Plastic Surgery","168","4.9","0.3","https://www.google.com/maps/search/?api=1&query=Boulder%20Valley%20Plastic%20Surgery&query_place_id=ChIJLbRYw9Xta4cR9_CLofOgi8w"
"Boulder Valley Plastic Surgery","Boulder","1","Ideal Image Boulder","886","4.8","0.42","https://www.google.com/maps/search/?api=1&query=Ideal%20Image%20Boulder&query_place_id=ChIJud9TCb7ta4cRpmmE1qhBijs"
"Boulder Valley Plastic Surgery","Boulder","2","Rinnova Skin & Body","362","4.9","0.56","https://www.google.com/maps/search/?api=1&query=Rinnova%20Skin%20%26%20Body&query_place_id=ChIJh1xfn3fua4cRvTmOJ3WX-4g"
"Boulder Valley Plastic Surgery","Boulder","3","Alchemy Face Bar","282","4.8","0.3","https://www.google.com/maps/search/?api=1&query=Alchemy%20Face%20Bar&query_place_id=ChIJHZhwICvsa4cRLcG79FzQQbE"
"Seattle Aesthetics","Seattle","1","Bellora Medical Aesthetics","252","4.8","0.31","https://www.google.com/maps/search/?api=1&query=Bellora%20Medical%20Aesthetics&query_place_id=ChIJmVZvZrJqkFQRccIVN4Q7q8s"
"Seattle Aesthetics","Seattle","2","Celsius","144","4.7","0.16","https://www.google.com/maps/search/?api=1&query=Celsius&query_place_id=ChIJG-gCJSMVkFQRKFda951UJYw"
"Seattle Aesthetics","Seattle","3","DERMASPACE","119","4.6","1.04","https://www.google.com/maps/search/?api=1&query=DERMASPACE&query_place_id=ChIJObbsOhMVkFQRrkesW-F9zgI"
"Coco Aesthetique","Seattle","1","Skin Synthesis Clinic & Spa","176","5.0","1.71","https://www.google.com/maps/search/?api=1&query=Skin%20Synthesis%20Clinic%20%26%20Spa&query_place_id=ChIJ45zXcahrkFQRgv-YVYclEtQ"
"Coco Aesthetique","Seattle","2","NuMe Aesthetics","170","4.9","0.52","https://www.google.com/maps/search/?api=1&query=NuMe%20Aesthetics&query_place_id=ChIJbdIvSsERkFQRyb-xmeDRd-o"
"Coco Aesthetique","Seattle","3","Skinlogic Med Spa","170","4.7","1.12","https://www.google.com/maps/search/?api=1&query=Skinlogic%20Med%20Spa&query_place_id=ChIJ14mi0xYUkFQRwje_iHPpIfI"
"Well Medical Arts","Seattle","1","Seattle Beauty","457","5.0","4.11","https://www.google.com/maps/search/?api=1&query=Seattle%20Beauty&query_place_id=ChIJLepPSY1BkFQRGvHZs4GRc5Q"
"Well Medical Arts","Seattle","2","Forever Young Aesthetics","215","5.0","3.33","https://www.google.com/maps/search/?api=1&query=Forever%20Young%20Aesthetics&query_place_id=ChIJLT7v6y9r6ycRpC3I0NN0RHw"
"Well Medical Arts","Seattle","3","Glow Medispa","186","4.9","2.96","https://www.google.com/maps/search/?api=1&query=Glow%20Medispa&query_place_id=ChIJa2_iT_1AkFQRZMdB3BHwVYo"
"NuMe Aesthetics","Seattle","1","Skin Synthesis Clinic & Spa","176","5.0","2.18","https://www.google.com/maps/search/?api=1&query=Skin%20Synthesis%20Clinic%20%26%20Spa&query_place_id=ChIJ45zXcahrkFQRgv-YVYclEtQ"
"NuMe Aesthetics","Seattle","2","Skinlogic Med Spa","170","4.7","1.61","https://www.google.com/maps/search/?api=1&query=Skinlogic%20Med%20Spa&query_place_id=ChIJ14mi0xYUkFQRwje_iHPpIfI"
"NuMe Aesthetics","Seattle","3","SkinSpirit Seattle - Green Lake","148","4.8","1.98","https://www.google.com/maps/search/?api=1&query=SkinSpirit%20Seattle%20-%20Green%20Lake&query_place_id=ChIJo3bE9CgVkFQRv9kdbSomUaU"
"Ellis Esthetics","Bellevue","1","Dermatology Arts","3751","4.8","0.33","https://www.google.com/maps/search/?api=1&query=Dermatology%20Arts&query_place_id=ChIJOarvvfNskFQRNAWRrUhPnP8"
"Ellis Esthetics","Bellevue","2","The Stern Center for Aesthetic Surgery","111","4.8","0.43","https://www.google.com/maps/search/?api=1&query=The%20Stern%20Center%20for%20Aesthetic%20Surgery&query_place_id=ChIJxWzRffNskFQR98fdRcG4ins"
"Ellis Esthetics","Bellevue","3","OrangeTwist Bellevue","30","4.6","0.16","https://www.google.com/maps/search/?api=1&query=OrangeTwist%20Bellevue&query_place_id=ChIJh7sEi_FskFQRdljgxtV2yiU"
"Restore Hyper Wellness","Kirkland","1","Refine, MD Northwest","153","4.9","0.39","https://www.google.com/maps/search/?api=1&query=Refine%2C%20MD%20Northwest&query_place_id=ChIJl90mdecSkFQRiVZ1ja74PT0"
"Restore Hyper Wellness","Kirkland","2","Newvue Dermatology Aesthetics Wellness","35","4.7","0.33","https://www.google.com/maps/search/?api=1&query=Newvue%20Dermatology%20Aesthetics%20Wellness&query_place_id=ChIJQ2vyc7cTkFQRNSoXLN7pNDM"
"Restore Hyper Wellness","Kirkland","3","EB Glow","34","5.0","0.0","https://www.google.com/maps/search/?api=1&query=EB%20Glow&query_place_id=ChIJ2UFNUdoTkFQRMg-TBGk7g_8"
"KOCO Medical Aesthetics","Woodinville","1","LaserAway Kirkland","319","4.4","3.44","https://www.google.com/maps/search/?api=1&query=LaserAway%20Kirkland&query_place_id=ChIJG2u1wG8VkFQR4n9VFGm687Q"
"KOCO Medical Aesthetics","Woodinville","2","Strother Dermatology Kirkland","134","3.6","3.3","https://www.google.com/maps/search/?api=1&query=Strother%20Dermatology%20Kirkland&query_place_id=ChIJrxgFfI8NkFQRxJqFYiQ40oY"
"KOCO Medical Aesthetics","Woodinville","3","TLC SKINCARE CLINIC","127","5.0","0.53","https://www.google.com/maps/search/?api=1&query=TLC%20SKINCARE%20CLINIC&query_place_id=ChIJw8fFY50OkFQR09yTOTj8HOo"
"Radiance Skin and Laser","Bothell","1","Aura Laser Skin Care","216","2.9","4.18","https://www.google.com/maps/search/?api=1&query=Aura%20Laser%20Skin%20Care&query_place_id=ChIJHzw1OAsSkFQRa7WOPbzyXMY"
"Radiance Skin and Laser","Bothell","2","TLC SKINCARE CLINIC","127","5.0","3.42","https://www.google.com/maps/search/?api=1&query=TLC%20SKINCARE%20CLINIC&query_place_id=ChIJw8fFY50OkFQR09yTOTj8HOo"
"Radiance Skin and Laser","Bothell","3","KOCO Medical Aesthetics","111","5.0","3.53","https://www.google.com/maps/search/?api=1&query=KOCO%20Medical%20Aesthetics&query_place_id=ChIJ_7Dj78kPkFQRB2XiFnPP7oQ"
"The Mint Facial Bar & Med Spa","Salt Lake City","1","Haus of Aesthetics Salt Lake City","519","4.8","1.39","https://www.google.com/maps/search/?api=1&query=Haus%20of%20Aesthetics%20Salt%20Lake%20City&query_place_id=ChIJq7IAAUz1UocR-AN5AbqiwHY"
"The Mint Facial Bar & Med Spa","Salt Lake City","2","LaserAway Salt Lake City","502","4.7","1.11","https://www.google.com/maps/search/?api=1&query=LaserAway%20Salt%20Lake%20City&query_place_id=ChIJ__2dhiH1UocRGly4ap6TSRE"
"The Mint Facial Bar & Med Spa","Salt Lake City","3","Nuance Aesthetics","419","5.0","0.44","https://www.google.com/maps/search/?api=1&query=Nuance%20Aesthetics&query_place_id=ChIJubk5QWP1UocRy_q_Q10ee1c"
"Dr. John Laura","Newport Beach","1","DermFx","345","4.9","0.32","https://www.google.com/maps/search/?api=1&query=DermFx&query_place_id=ChIJvwbI5fjf3IARPSqyFmq6Uqs"
"Dr. John Laura","Newport Beach","2","South Coast MedSpa","309","4.7","0.1","https://www.google.com/maps/search/?api=1&query=South%20Coast%20MedSpa&query_place_id=ChIJDweEhQcg3YARcAw1ddaO2a8"
"Dr. John Laura","Newport Beach","3","The Treatment Skin Boutique Newport Beach","65","5.0","0.45","https://www.google.com/maps/search/?api=1&query=The%20Treatment%20Skin%20Boutique%20Newport%20Beach&query_place_id=ChIJKfCigJUh3YARR5Qn3sL6fBI"
"CosmetiCare Plastic Surgery Newport Beach & Med Spa","Corona Del Mar","1","Stefani Kappel MD","223","4.8","0.82","https://www.google.com/maps/search/?api=1&query=Stefani%20Kappel%20MD&query_place_id=ChIJ8dTWDo_g3IARXlhLGNE2eg4"
"CosmetiCare Plastic Surgery Newport Beach & Med Spa","Corona Del Mar","2","Beverly Hills Rejuvenation Center - Newport Beach","151","4.7","0.81","https://www.google.com/maps/search/?api=1&query=Beverly%20Hills%20Rejuvenation%20Center%20-%20Newport%20Beach&query_place_id=ChIJQ_nA9Irg3IARWMvpzvJY4Cs"
"CosmetiCare Plastic Surgery Newport Beach & Med Spa","Corona Del Mar","3","Celine Med Spa","48","4.9","0.15","https://www.google.com/maps/search/?api=1&query=Celine%20Med%20Spa&query_place_id=ChIJYzLQZtnh3IARM_bPcRBJVb4"
"Dream Med Spa","Tustin","1","Enve California Aesthetics - Tustin","132","5.0","1.98","https://www.google.com/maps/search/?api=1&query=Enve%20California%20Aesthetics%20-%20Tustin&query_place_id=ChIJt4GnxufZ3IARiaQ2IAq68Cs"
"Dream Med Spa","Tustin","2","Supreme Beauty Life Spa / Supreme Skincare Aesthetics","79","4.9","2.54","https://www.google.com/maps/search/?api=1&query=Supreme%20Beauty%20Life%20Spa%20%2F%20Supreme%20Skincare%20Aesthetics&query_place_id=ChIJ5ev8bOvd3IARPs2wjS_Gjzk"
"Dream Med Spa","Tustin","3","NuGlow Wellness Med Spa","29","4.9","1.74","https://www.google.com/maps/search/?api=1&query=NuGlow%20Wellness%20Med%20Spa&query_place_id=ChIJh7_mSdjd3IARkP8EQeLB0NY"
"VociMedSpa","Charlotte","1","Aesthetic Surgery of Charlotte","412","5.0","2.33","https://www.google.com/maps/search/?api=1&query=Aesthetic%20Surgery%20of%20Charlotte&query_place_id=ChIJuWJhusenVogRbkMaeyvWNlM"
"VociMedSpa","Charlotte","2","The Modern Aesthetic","388","4.9","0.46","https://www.google.com/maps/search/?api=1&query=The%20Modern%20Aesthetic&query_place_id=ChIJXd-CbRYnVIgRwxCkJ_w1OV8"
"VociMedSpa","Charlotte","3","Sona MedSpa of Charlotte - Ballantyne","384","4.6","0.3","https://www.google.com/maps/search/?api=1&query=Sona%20MedSpa%20of%20Charlotte%20-%20Ballantyne&query_place_id=ChIJ5_KRxVidVogRFOjIqZtjuZ4"
"FANOUS MEDSPA - Charlotte","Charlotte","1","Aesthetica Med Spa","325","5.0","1.81","https://www.google.com/maps/search/?api=1&query=Aesthetica%20Med%20Spa&query_place_id=ChIJ20I7AUGaVogR61ggvv0O2ZY"
"FANOUS MEDSPA - Charlotte","Charlotte","2","Skin By Shara Aesthetics","197","4.9","5.45","https://www.google.com/maps/search/?api=1&query=Skin%20By%20Shara%20Aesthetics&query_place_id=ChIJt55A-3CfVogR8w-IrYXmJy8"
"FANOUS MEDSPA - Charlotte","Charlotte","3","Med Boutique - Aesthetic Injectables","167","4.9","5.53","https://www.google.com/maps/search/?api=1&query=Med%20Boutique%20-%20Aesthetic%20Injectables&query_place_id=ChIJl3WNHi-dVogRG_Qd3FgERCY"
"Cherry Creek Med Spa","Denver","1","Aesthetic Surgery & Dermatology of Cherry Creek","518","4.8","0.12","https://www.google.com/maps/search/?api=1&query=Aesthetic%20Surgery%20%26%20Dermatology%20of%20Cherry%20Creek&query_place_id=ChIJFR5zB5V-bIcRd_vVaSUlQEk"
"Cherry Creek Med Spa","Denver","2","Denver Botox: GATTONI Medical Aesthetics","261","5.0","0.29","https://www.google.com/maps/search/?api=1&query=Denver%20Botox%3A%20GATTONI%20Medical%20Aesthetics&query_place_id=ChIJHV7X-sR_bIcR1QfRvdzWeRI"
"Cherry Creek Med Spa","Denver","3","VITAHL Medical Aesthetics","237","4.8","0.31","https://www.google.com/maps/search/?api=1&query=VITAHL%20Medical%20Aesthetics&query_place_id=ChIJ_____8J4bIcR5ePTI-um5Lg"
"Allure Med Spa","Denver","1","Facial Aesthetics - Cherry Creek","518","4.8","1.54","https://www.google.com/maps/search/?api=1&query=Facial%20Aesthetics%20-%20Cherry%20Creek&query_place_id=ChIJJcqFmhx8bIcRsGUDCuOVpl0"
"Allure Med Spa","Denver","2","OVME","402","4.9","1.68","https://www.google.com/maps/search/?api=1&query=OVME&query_place_id=ChIJ0Vvt7rF_bIcRgvfwPdVJpxI"
"Allure Med Spa","Denver","3","Highline Aesthetics Denver","122","5.0","0.7","https://www.google.com/maps/search/?api=1&query=Highline%20Aesthetics%20Denver&query_place_id=ChIJmyES_rqHa4cR4WIA9Czul94"
"The Laser Cafe Medical Spa","San Diego","1","Gene Lee Skin Clinic","212","5.0","0.15","https://www.google.com/maps/search/?api=1&query=Gene%20Lee%20Skin%20Clinic&query_place_id=ChIJ3VAB3cFV2YARx37qnGzSwEw"
"The Laser Cafe Medical Spa","San Diego","2","B Medical Spa and Wellness Center","192","4.9","0.88","https://www.google.com/maps/search/?api=1&query=B%20Medical%20Spa%20and%20Wellness%20Center&query_place_id=ChIJw-VIlMdU2YARgpAJUS3Vnlw"
"The Laser Cafe Medical Spa","San Diego","3","Aesthetica Med Spa of San Diego","133","4.9","0.7","https://www.google.com/maps/search/?api=1&query=Aesthetica%20Med%20Spa%20of%20San%20Diego&query_place_id=ChIJKRiULyhV2YARvJ1rURXwXqI"
"Raval Facial Aesthetics","Denver","1","Gleam Medical Spa","635","4.9","0.16","https://www.google.com/maps/search/?api=1&query=Gleam%20Medical%20Spa&query_place_id=ChIJGZDRInGGbIcRelajnVIuo90"
"Raval Facial Aesthetics","Denver","2","Natura Med Spa & IV Bar - Denver","364","4.9","0.14","https://www.google.com/maps/search/?api=1&query=Natura%20Med%20Spa%20%26%20IV%20Bar%20-%20Denver&query_place_id=ChIJiwSNFll_bIcRAEFdWYIrmME"
"Raval Facial Aesthetics","Denver","3","Rejuvenate MedSpa","304","5.0","0.49","https://www.google.com/maps/search/?api=1&query=Rejuvenate%20MedSpa&query_place_id=ChIJEcUbdNl9bIcRq1TUsai96vo"
"Jon 'Ric Medical Spa and Wellness Center","Charlotte","1","H/K/B Cosmetic Surgery","470","5.0","1.41","https://www.google.com/maps/search/?api=1&query=H%2FK%2FB%20Cosmetic%20Surgery&query_place_id=ChIJOfLU32meVogRSZFxlQwYVo0"
"Jon 'Ric Medical Spa and Wellness Center","Charlotte","2","Skin Pharm","422","5.0","0.28","https://www.google.com/maps/search/?api=1&query=Skin%20Pharm&query_place_id=ChIJm5e_a2afVogRKKHuMGMuXdA"
"Jon 'Ric Medical Spa and Wellness Center","Charlotte","3","Evolve Medical Associates","247","5.0","1.42","https://www.google.com/maps/search/?api=1&query=Evolve%20Medical%20Associates&query_place_id=ChIJ31rgPmieVogRW9GScPJ3jag"
"Skin Pharm","Raleigh","1","Synergy Face + Body | Inside The Beltline","347","4.8","0.56","https://www.google.com/maps/search/?api=1&query=Synergy%20Face%20%2B%20Body%20%7C%20Inside%20The%20Beltline&query_place_id=ChIJY0uLGgH2rIkR-okiq5Jq2-Y"
"Skin Pharm","Raleigh","2","BeautyCo","329","4.9","0.6","https://www.google.com/maps/search/?api=1&query=BeautyCo&query_place_id=ChIJ__9vLov3rIkRzJdVKKvfEQY"
"Skin Pharm","Raleigh","3","Nourish Skin and Wellness","115","5.0","1.44","https://www.google.com/maps/search/?api=1&query=Nourish%20Skin%20and%20Wellness&query_place_id=ChIJNSBXFwD7rIkRu3KgbRTYXzk"
"Onus IV Therapy + Longevity: Highlands Ranch","Highlands Ranch","1","Aspen Family Care & Aspen Medical Aesthetics","738","4.5","0.12","https://www.google.com/maps/search/?api=1&query=Aspen%20Family%20Care%20%26%20Aspen%20Medical%20Aesthetics&query_place_id=ChIJkzLzTYGDbIcRMGiCmvjbNrQ"
"Onus IV Therapy + Longevity: Highlands Ranch","Highlands Ranch","2","Perspire Sauna Studio","110","4.7","0.29","https://www.google.com/maps/search/?api=1&query=Perspire%20Sauna%20Studio&query_place_id=ChIJU5N8iG6DbIcRS1QTMhB_ALc"
"Onus IV Therapy + Longevity: Highlands Ranch","Highlands Ranch","3","Rajeunir Medical Spa","84","5.0","1.5","https://www.google.com/maps/search/?api=1&query=Rajeunir%20Medical%20Spa&query_place_id=ChIJlekiWC2DbIcRPNFZ-BKu9DQ"
"Elevation Med Spa","Lone Tree","1","DejaVu Med Spa","312","5.0","1.11","https://www.google.com/maps/search/?api=1&query=DejaVu%20Med%20Spa&query_place_id=ChIJtS0o7ByFbIcRLbuT7ZmizqI"
"Elevation Med Spa","Lone Tree","2","Elite Medical & Aesthetics","290","5.0","0.04","https://www.google.com/maps/search/?api=1&query=Elite%20Medical%20%26%20Aesthetics&query_place_id=ChIJF3wMtdyDbIcRa2wTYMVDjUk"
"Elevation Med Spa","Lone Tree","3","Park Meadows Aesthetics","103","5.0","1.33","https://www.google.com/maps/search/?api=1&query=Park%20Meadows%20Aesthetics&query_place_id=ChIJX9xZEAyFbIcRsFrcUqDLyjE"
"Fulcrum Aesthetics and Surgery","Chicago","1","SpaDerma","759","4.9","0.11","https://www.google.com/maps/search/?api=1&query=SpaDerma&query_place_id=ChIJ11yvObXTD4gRrpntat6lKMU"
"Fulcrum Aesthetics and Surgery","Chicago","2","ImageLab Med Spa","500","4.9","0.75","https://www.google.com/maps/search/?api=1&query=ImageLab%20Med%20Spa&query_place_id=ChIJaWOP0o3TD4gRCjvZr5RggFI"
"Fulcrum Aesthetics and Surgery","Chicago","3","Elite Chicago Spa","157","4.8","1.01","https://www.google.com/maps/search/?api=1&query=Elite%20Chicago%20Spa&query_place_id=ChIJcd34eqjTD4gRnyI7sBipJQM"
"Chapter Aesthetic Studio","Chicago","1","SpaDerma","718","4.9","0.47","https://www.google.com/maps/search/?api=1&query=SpaDerma&query_place_id=ChIJUcbdQ9ksDogRJz6zAv8vhw4"
"Chapter Aesthetic Studio","Chicago","2","Aesthetica by Dr. Adam","232","4.9","0.38","https://www.google.com/maps/search/?api=1&query=Aesthetica%20by%20Dr.%20Adam&query_place_id=ChIJnd6KUQktDogRoQ1zMcWDDF4"
"Chapter Aesthetic Studio","Chicago","3","VITAHL Medical Aesthetics","110","4.8","0.55","https://www.google.com/maps/search/?api=1&query=VITAHL%20Medical%20Aesthetics&query_place_id=ChIJm6NR1tgsDogRgL9viwB2COY"
"ImageLab Med Spa","Chicago","1","SpaDerma","759","4.9","0.84","https://www.google.com/maps/search/?api=1&query=SpaDerma&query_place_id=ChIJ11yvObXTD4gRrpntat6lKMU"
"ImageLab Med Spa","Chicago","2","Fulcrum Aesthetics and Surgery","220","4.9","0.75","https://www.google.com/maps/search/?api=1&query=Fulcrum%20Aesthetics%20and%20Surgery&query_place_id=ChIJVcY9jbjTD4gRL3tCt319uCQ"
"ImageLab Med Spa","Chicago","3","Elite Chicago Spa","157","4.8","1.1","https://www.google.com/maps/search/?api=1&query=Elite%20Chicago%20Spa&query_place_id=ChIJcd34eqjTD4gRnyI7sBipJQM"
"Lush Laser & Aesthetics Microneedling Laser Hair Removal","Naperville","1","VIO Med Spa","244","4.8","1.04","https://www.google.com/maps/search/?api=1&query=VIO%20Med%20Spa&query_place_id=ChIJzxWDaEH3DogRlz3irLzo8SM"
"Lush Laser & Aesthetics Microneedling Laser Hair Removal","Naperville","2","Naperville Health & Wellness Clinic","168","4.9","1.64","https://www.google.com/maps/search/?api=1&query=Naperville%20Health%20%26%20Wellness%20Clinic&query_place_id=ChIJrcemD933DogR91x2qHJGx-s"
"Lush Laser & Aesthetics Microneedling Laser Hair Removal","Naperville","3","Suburban Healthcare Laser Aesthetics & Medspa","61","4.7","1.1","https://www.google.com/maps/search/?api=1&query=Suburban%20Healthcare%20Laser%20Aesthetics%20%26%20Medspa&query_place_id=ChIJX650vnH1DogRqBXPYaU8-Ao"
"Skin Pharm","Arlington","1","NM Aesthetics | Wellness","623","5.0","0.26","https://www.google.com/maps/search/?api=1&query=NM%20Aesthetics%20%7C%20Wellness&query_place_id=ChIJL-OQ8hGzt4kR2RkEQR5afug"
"Skin Pharm","Arlington","2","Azure Dream Spa","514","4.7","0.12","https://www.google.com/maps/search/?api=1&query=Azure%20Dream%20Spa&query_place_id=ChIJTxbNNIi2t4kRIzHaANwXo58"
"Skin Pharm","Arlington","3","Vishka Skincare MedSpa","371","4.7","0.11","https://www.google.com/maps/search/?api=1&query=Vishka%20Skincare%20MedSpa&query_place_id=ChIJ6yWB5ZG2t4kR3Jx0Xvctdus"
"Newvue Plastic Surgery","Bellevue","1","SkinSpirit Bellevue","241","4.7","0.48","https://www.google.com/maps/search/?api=1&query=SkinSpirit%20Bellevue&query_place_id=ChIJR0-iH31skFQRcrS14w9flUA"
"Newvue Plastic Surgery","Bellevue","2","NewSkin MedSpa | Plastic Surgery","143","4.9","0.52","https://www.google.com/maps/search/?api=1&query=NewSkin%20MedSpa%20%7C%20Plastic%20Surgery&query_place_id=ChIJeWRho8ZtkFQRj0jnugk7fMk"
"Newvue Plastic Surgery","Bellevue","3","Lévy Aesthetics","136","4.8","0.0","https://www.google.com/maps/search/?api=1&query=L%C3%A9vy%20Aesthetics&query_place_id=ChIJG9hnUeJtkFQR06PYT4emCNI"
"The Pham Aesthetics","Taylorsville","1","Beauty Lab + Laser Med Spa | Murray","3650","4.9","3.86","https://www.google.com/maps/search/?api=1&query=Beauty%20Lab%20%2B%20Laser%20Med%20Spa%20%7C%20Murray&query_place_id=ChIJJTzDs8qJUocRCauA3eB6U8k"
"The Pham Aesthetics","Taylorsville","2","Rise Rejuvenation Center","500","5.0","3.93","https://www.google.com/maps/search/?api=1&query=Rise%20Rejuvenation%20Center&query_place_id=ChIJyYLsMEtjUocRu4KQXTVW3AM"
"The Pham Aesthetics","Taylorsville","3","Imago Medical Spa","472","5.0","3.31","https://www.google.com/maps/search/?api=1&query=Imago%20Medical%20Spa&query_place_id=ChIJTSRYq6WLUocR8qzYCxVRFIM"
"Archway Aesthetics","Las Vegas","1","Richards Cosmetic Surgery","937","4.9","0.53","https://www.google.com/maps/search/?api=1&query=Richards%20Cosmetic%20Surgery&query_place_id=ChIJQY-Jg67HyIARvJHMxrGgIwU"
"Archway Aesthetics","Las Vegas","2","Las Vegas Aesthetics®","218","4.9","2.16","https://www.google.com/maps/search/?api=1&query=Las%20Vegas%20Aesthetics%C2%AE&query_place_id=ChIJCRNG-57AyIAR0ACtLU_xCwk"
"Archway Aesthetics","Las Vegas","3","Sculpt Spa","196","4.9","0.99","https://www.google.com/maps/search/?api=1&query=Sculpt%20Spa&query_place_id=ChIJU2t1b1m5yIAR2kHlbbxsmqg"
"Med Spa","Charlotte","1","Ageless Remedies SouthPark","708","4.8","0.45","https://www.google.com/maps/search/?api=1&query=Ageless%20Remedies%20SouthPark&query_place_id=ChIJC-UTuj2eVogRkBthbdG3XH4"
"Med Spa","Charlotte","2","Carolina Facial Plastics","617","4.9","0.35","https://www.google.com/maps/search/?api=1&query=Carolina%20Facial%20Plastics&query_place_id=ChIJx_AlrxaeVogR8bRbMniXpos"
"Med Spa","Charlotte","3","Infinity MedSpa and Wellness","600","4.9","0.29","https://www.google.com/maps/search/?api=1&query=Infinity%20MedSpa%20and%20Wellness&query_place_id=ChIJHQrMMxSeVogRhW21QWOsTSo"
"Blue Water Spa Brier Creek","Raleigh","1","BodyLase Raleigh","1112","4.9","6.7","https://www.google.com/maps/search/?api=1&query=BodyLase%20Raleigh&query_place_id=ChIJK9phh7_3rIkRKZkrTMFXeUo"
"Blue Water Spa Brier Creek","Raleigh","2","Regenesis MD","323","4.9","6.19","https://www.google.com/maps/search/?api=1&query=Regenesis%20MD&query_place_id=ChIJ9QNYLov3rIkRS-322sRro0g"
"Blue Water Spa Brier Creek","Raleigh","3","Aesthetics by Eileen","263","4.9","6.46","https://www.google.com/maps/search/?api=1&query=Aesthetics%20by%20Eileen&query_place_id=ChIJN7-wO3vwrIkRIf1ecY8SMlc"
"Skin Sense A Day Spa","Raleigh","1","Blossüm Aesthetics Co. Med Spa","324","4.9","1.28","https://www.google.com/maps/search/?api=1&query=Bloss%C3%BCm%20Aesthetics%20Co.%20Med%20Spa&query_place_id=ChIJrRWM7gjzrIkRoLmd16qXVlY"
"Skin Sense A Day Spa","Raleigh","2","The Aesthetics Lounge & Spa","128","5.0","1.03","https://www.google.com/maps/search/?api=1&query=The%20Aesthetics%20Lounge%20%26%20Spa&query_place_id=ChIJ5xdLtNNZrIkRbxHdXd8S9E8"
"Skin Sense A Day Spa","Raleigh","3","Injectables by Dr. V","122","5.0","0.09","https://www.google.com/maps/search/?api=1&query=Injectables%20by%20Dr.%20V&query_place_id=ChIJ31mTw0hYrIkRRWZJci9TQag"
"Cosmetique Aesthetics and Surgical Center","Culver City","1","JASI Skin + Wellness Med Spa","291","5.0","1.85","https://www.google.com/maps/search/?api=1&query=JASI%20Skin%20%2B%20Wellness%20Med%20Spa&query_place_id=ChIJPTaTiWelwoAR23ifCkWI5gs"
"Cosmetique Aesthetics and Surgical Center","Culver City","2","SKINnovative Medical Aesthetics","134","4.9","3.11","https://www.google.com/maps/search/?api=1&query=SKINnovative%20Medical%20Aesthetics&query_place_id=ChIJm_S0wtK7woARQ0jYD3ctR5w"
"Cosmetique Aesthetics and Surgical Center","Culver City","3","Skinbiotic Med Spa","100","4.9","2.5","https://www.google.com/maps/search/?api=1&query=Skinbiotic%20Med%20Spa&query_place_id=ChIJgQJp2XS7woARcI2Ic73N92M"
"Better Med Spa & Wellness","Chicago","1","SpaDerma","870","4.9","0.58","https://www.google.com/maps/search/?api=1&query=SpaDerma&query_place_id=ChIJxVWBtR_TD4gRPFv7tzp5Gyc"
"Better Med Spa & Wellness","Chicago","2","Old Town Med Spa (Lincoln Park)","411","4.9","0.21","https://www.google.com/maps/search/?api=1&query=Old%20Town%20Med%20Spa%20(Lincoln%20Park)&query_place_id=ChIJG3luVBDTD4gRwy0I4SUbrJQ"
"Better Med Spa & Wellness","Chicago","3","Shot Bar MedSpa","319","5.0","0.55","https://www.google.com/maps/search/?api=1&query=Shot%20Bar%20MedSpa&query_place_id=ChIJDZh_iN3TD4gRxeAlwORvtHw"
"JanigaMDs Plastic Surgery and Cosmetic Center","Reno","1","Murphy Plastic Surgery & Medical Spa","208","4.8","0.71","https://www.google.com/maps/search/?api=1&query=Murphy%20Plastic%20Surgery%20%26%20Medical%20Spa&query_place_id=ChIJLQEFGx0VmYARnAuEDSVJZag"
"JanigaMDs Plastic Surgery and Cosmetic Center","Reno","2","Reno Sparks MedSpa","49","4.4","1.66","https://www.google.com/maps/search/?api=1&query=Reno%20Sparks%20MedSpa&query_place_id=ChIJ5SF1RPQTmYARXAAoMq9aIu0"
"JanigaMDs Plastic Surgery and Cosmetic Center","Reno","3","Magnetic Aesthetics","37","5.0","1.73","https://www.google.com/maps/search/?api=1&query=Magnetic%20Aesthetics&query_place_id=ChIJGW97HcsVmYARnjF654IhHSw"
"Timeless MedSpa","Denver","1","Adore Aesthetix","320","5.0","0.0","https://www.google.com/maps/search/?api=1&query=Adore%20Aesthetix&query_place_id=ChIJPQKtt1Z-bIcRCicW34JZ0NY"
"Timeless MedSpa","Denver","2","Contour Collection","241","5.0","0.89","https://www.google.com/maps/search/?api=1&query=Contour%20Collection&query_place_id=ChIJJ8fMsHy6tAMRweeUEE_rC60"
"Timeless MedSpa","Denver","3","Spa Bella Medispa","119","4.6","1.99","https://www.google.com/maps/search/?api=1&query=Spa%20Bella%20Medispa&query_place_id=ChIJjacJVXR-bIcRDApEJdbR9Sc"
"GLO30 Charlotte Park Road","Charlotte","1","H/K/B Cosmetic Surgery","470","5.0","1.64","https://www.google.com/maps/search/?api=1&query=H%2FK%2FB%20Cosmetic%20Surgery&query_place_id=ChIJOfLU32meVogRSZFxlQwYVo0"
"GLO30 Charlotte Park Road","Charlotte","2","Skin Pharm","422","5.0","0.5","https://www.google.com/maps/search/?api=1&query=Skin%20Pharm&query_place_id=ChIJm5e_a2afVogRKKHuMGMuXdA"
"GLO30 Charlotte Park Road","Charlotte","3","Evolve Medical Associates","247","5.0","1.66","https://www.google.com/maps/search/?api=1&query=Evolve%20Medical%20Associates&query_place_id=ChIJ31rgPmieVogRW9GScPJ3jag"
"Seoule K-Beauty Skin Lab","San Diego","1","Revive Med Spa - Mission Valley","407","4.4","3.5","https://www.google.com/maps/search/?api=1&query=Revive%20Med%20Spa%20-%20Mission%20Valley&query_place_id=ChIJY9bxYTlV2YARMqq_VegTq-E"
"Seoule K-Beauty Skin Lab","San Diego","2","Holden Timeless Beauty San Diego","402","4.9","3.3","https://www.google.com/maps/search/?api=1&query=Holden%20Timeless%20Beauty%20San%20Diego&query_place_id=ChIJ7Ze3GCNV2YARr7aSslsE614"
"Seoule K-Beauty Skin Lab","San Diego","3","Beauty & Body Medlounge","213","4.7","0.58","https://www.google.com/maps/search/?api=1&query=Beauty%20%26%20Body%20Medlounge&query_place_id=ChIJDYViiN1U2YARCrgjI_T1lFY"
"Total Body Aesthetic","Los Angeles","1","Cosmetique Aesthetics and Surgical Center","301","5.0","3.87","https://www.google.com/maps/search/?api=1&query=Cosmetique%20Aesthetics%20and%20Surgical%20Center&query_place_id=ChIJo3fXlDq6woARl0tKqPqmhXg"
"Total Body Aesthetic","Los Angeles","2","JASI Skin + Wellness Med Spa","291","5.0","5.03","https://www.google.com/maps/search/?api=1&query=JASI%20Skin%20%2B%20Wellness%20Med%20Spa&query_place_id=ChIJPTaTiWelwoAR23ifCkWI5gs"
"Total Body Aesthetic","Los Angeles","3","SkinCeuticals SkinLab Santa Monica by Cavendish Clinic","160","4.9","5.68","https://www.google.com/maps/search/?api=1&query=SkinCeuticals%20SkinLab%20Santa%20Monica%20by%20Cavendish%20Clinic&query_place_id=ChIJLdS8Dru7woARjiz3haI_UbM"
"Trilogy Medical Center","Salt Lake City","1","Holladay Dermatology & Aesthetics","477","4.9","1.03","https://www.google.com/maps/search/?api=1&query=Holladay%20Dermatology%20%26%20Aesthetics&query_place_id=ChIJ6TKGsPFhUocR8kQTxFskiKc"
"Trilogy Medical Center","Salt Lake City","2","RO Aesthetics","257","4.9","0.0","https://www.google.com/maps/search/?api=1&query=RO%20Aesthetics&query_place_id=ChIJ04W-s8yJUocR6JYDcy42vAg"
"Trilogy Medical Center","Salt Lake City","3","Spruce Aesthetics + Infusion Bar","164","5.0","0.63","https://www.google.com/maps/search/?api=1&query=Spruce%20Aesthetics%20%2B%20Infusion%20Bar&query_place_id=ChIJ3acs2DlhUocR0V-v4L6TFQ0"
"Pasadena Cosmetic Surgery Center","Pasadena","1","Comprehensive Dermatology Center of Pasadena","1066","4.9","0.11","https://www.google.com/maps/search/?api=1&query=Comprehensive%20Dermatology%20Center%20of%20Pasadena&query_place_id=ChIJM8X4THzDwoAR35vaHwVFErY"
"Pasadena Cosmetic Surgery Center","Pasadena","2","YokoMD","244","4.8","0.22","https://www.google.com/maps/search/?api=1&query=YokoMD&query_place_id=ChIJo_o_vDTd3IARYZTfskuZ9tE"
"Pasadena Cosmetic Surgery Center","Pasadena","3","Skin Deep Laser Medspa","111","4.9","0.14","https://www.google.com/maps/search/?api=1&query=Skin%20Deep%20Laser%20Medspa&query_place_id=ChIJ-_mXn3vDwoARi4wPSL46XRg"
"Regenerate Medical Concierge","Henderson","1","Ideal Image Henderson","890","4.7","0.69","https://www.google.com/maps/search/?api=1&query=Ideal%20Image%20Henderson&query_place_id=ChIJR7Z-jNrRyIARUydsH26LmNI"
"Regenerate Medical Concierge","Henderson","2","LaserAway Henderson","741","4.9","0.14","https://www.google.com/maps/search/?api=1&query=LaserAway%20Henderson&query_place_id=ChIJ2SRJIjbRyIARTmbuASiEiFo"
"Regenerate Medical Concierge","Henderson","3","NakedMD Med Spa Henderson","485","5.0","0.46","https://www.google.com/maps/search/?api=1&query=NakedMD%20Med%20Spa%20Henderson&query_place_id=ChIJ2Yl6mYLRyIARQZ5BAfCutrg"
"Newport Beach Dermatology and Plastic Surgery","Newport Beach","1","Muguet Aesthetics","70","4.9","0.27","https://www.google.com/maps/search/?api=1&query=Muguet%20Aesthetics&query_place_id=ChIJM5wDMaHh3IAR-GCJuJmkGTM"
"Newport Beach Dermatology and Plastic Surgery","Newport Beach","2","W Med Spa","40","5.0","0.07","https://www.google.com/maps/search/?api=1&query=W%20Med%20Spa&query_place_id=ChIJQ30X-G7h3IARmf8Inm82Xkc"
"Newport Beach Dermatology and Plastic Surgery","Newport Beach","3","VIP Aesthetics","33","5.0","0.21","https://www.google.com/maps/search/?api=1&query=VIP%20Aesthetics&query_place_id=ChIJ-2i6tgPh3IARz2QaZ0vFlGs"
"Clarity Dermatology","Boulder","1","Ideal Image Boulder","886","4.8","0.99","https://www.google.com/maps/search/?api=1&query=Ideal%20Image%20Boulder&query_place_id=ChIJud9TCb7ta4cRpmmE1qhBijs"
"Clarity Dermatology","Boulder","2","Vasu Skin Solutions","322","5.0","1.07","https://www.google.com/maps/search/?api=1&query=Vasu%20Skin%20Solutions&query_place_id=ChIJsQGADbfta4cRVYk33P-mZf0"
"Clarity Dermatology","Boulder","3","Alchemy Face Bar","282","4.8","1.11","https://www.google.com/maps/search/?api=1&query=Alchemy%20Face%20Bar&query_place_id=ChIJHZhwICvsa4cRLcG79FzQQbE"
"Vitality Queen Anne | Vitality Medispa","Seattle","1","Bellora Medical Aesthetics","252","4.8","1.48","https://www.google.com/maps/search/?api=1&query=Bellora%20Medical%20Aesthetics&query_place_id=ChIJmVZvZrJqkFQRccIVN4Q7q8s"
"Vitality Queen Anne | Vitality Medispa","Seattle","2","Celsius","144","4.7","1.08","https://www.google.com/maps/search/?api=1&query=Celsius&query_place_id=ChIJG-gCJSMVkFQRKFda951UJYw"
"Vitality Queen Anne | Vitality Medispa","Seattle","3","Seattle Aesthetics","69","4.9","1.24","https://www.google.com/maps/search/?api=1&query=Seattle%20Aesthetics&query_place_id=ChIJY_bUvloVkFQRe5TYEHW_4I4"
"Larrabee Aesthetics","Kirkland","1","Northwest Face & Body","519","4.7","0.91","https://www.google.com/maps/search/?api=1&query=Northwest%20Face%20%26%20Body&query_place_id=ChIJs0qcdSwTkFQRoAvd-JyebGE"
"Larrabee Aesthetics","Kirkland","2","Liebertz Plastic Surgery at Yarrow Bay","143","5.0","0.69","https://www.google.com/maps/search/?api=1&query=Liebertz%20Plastic%20Surgery%20at%20Yarrow%20Bay&query_place_id=ChIJgyZwzCwTkFQR6y7JCCZ20Eo"
"Larrabee Aesthetics","Kirkland","3","Ellis Esthetics","91","4.9","1.4","https://www.google.com/maps/search/?api=1&query=Ellis%20Esthetics&query_place_id=ChIJPR9KO-5skFQRGSor3r3FVPA"
"Rivé Plastic Surgery","Reno","1","Restore Hyper Wellness","178","4.8","1.99","https://www.google.com/maps/search/?api=1&query=Restore%20Hyper%20Wellness&query_place_id=ChIJp4O-q0pHmYARvmTkaFHwqdg"
"Rivé Plastic Surgery","Reno","2","Aesthetics MedSpa","167","5.0","1.78","https://www.google.com/maps/search/?api=1&query=Aesthetics%20MedSpa&query_place_id=ChIJi97BkWFAmYARPr3EdzGDqCM"
"Rivé Plastic Surgery","Reno","3","Avionce Aesthetics Medical Spa & Salon Suites","124","5.0","2.48","https://www.google.com/maps/search/?api=1&query=Avionce%20Aesthetics%20Medical%20Spa%20%26%20Salon%20Suites&query_place_id=ChIJ95GZVDAVmYARnXUuci2RMy8"
"Smoke and Honey Aesthetics","Reno","1","The Beauty & Wellness Collective by Injection Gal","406","4.9","0.59","https://www.google.com/maps/search/?api=1&query=The%20Beauty%20%26%20Wellness%20Collective%20by%20Injection%20Gal&query_place_id=ChIJw9XRB8g_mYAReKRzVLDKyxQ"
"Smoke and Honey Aesthetics","Reno","2","Ritual Aesthetics and Wellness","159","5.0","0.68","https://www.google.com/maps/search/?api=1&query=Ritual%20Aesthetics%20and%20Wellness&query_place_id=ChIJwxfLEH4_mYAR0fbUYbbiDGI"
"Smoke and Honey Aesthetics","Reno","3","Renew MD Medical Spa","129","4.9","1.17","https://www.google.com/maps/search/?api=1&query=Renew%20MD%20Medical%20Spa&query_place_id=ChIJ1-bfgxQVmYARnkDozNG7IIo"
"VELA","Charlotte","1","Capizzi, MD Cosmetic Surgery & Med Spa in Charlotte NC","640","4.8","0.72","https://www.google.com/maps/search/?api=1&query=Capizzi%2C%20MD%20Cosmetic%20Surgery%20%26%20Med%20Spa%20in%20Charlotte%20NC&query_place_id=ChIJO5zbbfSfVogRTR9SVuqdjHE"
"VELA","Charlotte","2","Skin By Blair","515","5.0","0.4","https://www.google.com/maps/search/?api=1&query=Skin%20By%20Blair&query_place_id=ChIJRx14-2afVogRUWqocKaPFaQ"
"VELA","Charlotte","3","OVME","441","4.8","0.28","https://www.google.com/maps/search/?api=1&query=OVME&query_place_id=ChIJvfJ0hDSfVogR1scLNvT2iww"
"Kalologie | ARIA Resort | IV Therapy & More","Las Vegas","1","New U Natural Beauty","473","4.7","2.36","https://www.google.com/maps/search/?api=1&query=New%20U%20Natural%20Beauty&query_place_id=ChIJdVQ7rrbGyIARlj_fJUAIZ30"
"Kalologie | ARIA Resort | IV Therapy & More","Las Vegas","2","Ageless Las Vegas","183","4.9","0.55","https://www.google.com/maps/search/?api=1&query=Ageless%20Las%20Vegas&query_place_id=ChIJbSfleWa5yIAR2o0Mclz5gy0"
"Kalologie | ARIA Resort | IV Therapy & More","Las Vegas","3","SKIN","96","4.9","1.73","https://www.google.com/maps/search/?api=1&query=SKIN&query_place_id=ChIJp1uKXK_HyIARnkEr2PptJKM"
"V Facial Beauty LLC","Kirkland","1","SkinSpirit Kirkland (Totem Lake)","235","4.9","1.52","https://www.google.com/maps/search/?api=1&query=SkinSpirit%20Kirkland%20(Totem%20Lake)&query_place_id=ChIJS-1HIWgNkFQRa375pnWDZP8"
"V Facial Beauty LLC","Kirkland","2","Aura Laser Skin Care","216","2.9","0.86","https://www.google.com/maps/search/?api=1&query=Aura%20Laser%20Skin%20Care&query_place_id=ChIJHzw1OAsSkFQRa7WOPbzyXMY"
"V Facial Beauty LLC","Kirkland","3","Strother Dermatology Kirkland","134","3.6","1.51","https://www.google.com/maps/search/?api=1&query=Strother%20Dermatology%20Kirkland&query_place_id=ChIJrxgFfI8NkFQRxJqFYiQ40oY"
"TLC SKINCARE CLINIC","Woodinville","1","LaserAway Kirkland","319","4.4","2.94","https://www.google.com/maps/search/?api=1&query=LaserAway%20Kirkland&query_place_id=ChIJG2u1wG8VkFQR4n9VFGm687Q"
"TLC SKINCARE CLINIC","Woodinville","2","Strother Dermatology Kirkland","134","3.6","2.79","https://www.google.com/maps/search/?api=1&query=Strother%20Dermatology%20Kirkland&query_place_id=ChIJrxgFfI8NkFQRxJqFYiQ40oY"
"TLC SKINCARE CLINIC","Woodinville","3","KOCO Medical Aesthetics","111","5.0","0.53","https://www.google.com/maps/search/?api=1&query=KOCO%20Medical%20Aesthetics&query_place_id=ChIJ_7Dj78kPkFQRB2XiFnPP7oQ"
"Elysian Med Spa & Wellness","Las Vegas","1","Advanced Aesthetics","2508","4.9","1.22","https://www.google.com/maps/search/?api=1&query=Advanced%20Aesthetics&query_place_id=ChIJxR4xV-fAyIARyfOhs6O0OZA"
"Elysian Med Spa & Wellness","Las Vegas","2","The Look Med Spa","440","4.9","1.21","https://www.google.com/maps/search/?api=1&query=The%20Look%20Med%20Spa&query_place_id=ChIJXWTijY3ByIAR-07ZnMzjGj0"
"Elysian Med Spa & Wellness","Las Vegas","3","Chic la Vie","429","4.8","1.24","https://www.google.com/maps/search/?api=1&query=Chic%20la%20Vie&query_place_id=ChIJeSAqB2S_yIARsAiphLf2SLs"
"Portica Body & Face","Salt Lake City","1","Elase Medical Spa - Sugarhouse","1532","4.9","1.96","https://www.google.com/maps/search/?api=1&query=Elase%20Medical%20Spa%20-%20Sugarhouse&query_place_id=ChIJhcWcrqaKUocR3tvP2eCIP7Y"
"Portica Body & Face","Salt Lake City","2","Alchemy Medical Aesthetics","271","5.0","1.42","https://www.google.com/maps/search/?api=1&query=Alchemy%20Medical%20Aesthetics&query_place_id=ChIJpxeu0wFhUocR9S7nlVX2Ano"
"Portica Body & Face","Salt Lake City","3","SkinSpirit Salt Lake City","197","5.0","1.91","https://www.google.com/maps/search/?api=1&query=SkinSpirit%20Salt%20Lake%20City&query_place_id=ChIJ6eRydbCLUocRYZImo4rBMiU"
"Simply Tox","Salt Lake City","1","Elase Medical Spa - Sugarhouse","1532","4.9","2.31","https://www.google.com/maps/search/?api=1&query=Elase%20Medical%20Spa%20-%20Sugarhouse&query_place_id=ChIJhcWcrqaKUocR3tvP2eCIP7Y"
"Simply Tox","Salt Lake City","2","Trilogy Medical Center","504","4.8","2.31","https://www.google.com/maps/search/?api=1&query=Trilogy%20Medical%20Center&query_place_id=ChIJybPy39KJUocR7JPBEjCKXu4"
"Simply Tox","Salt Lake City","3","Imago Medical Spa","472","5.0","1.41","https://www.google.com/maps/search/?api=1&query=Imago%20Medical%20Spa&query_place_id=ChIJTSRYq6WLUocR8qzYCxVRFIM"
"Holladay Dermatology & Aesthetics","Holladay","1","Modern SLC Injections & Aesthetics","844","5.0","0.84","https://www.google.com/maps/search/?api=1&query=Modern%20SLC%20Injections%20%26%20Aesthetics&query_place_id=ChIJJ6Zv-LphUocR-7tkjztxEeU"
"Holladay Dermatology & Aesthetics","Holladay","2","Spruce Aesthetics + Infusion Bar","164","5.0","0.93","https://www.google.com/maps/search/?api=1&query=Spruce%20Aesthetics%20%2B%20Infusion%20Bar&query_place_id=ChIJ3acs2DlhUocR0V-v4L6TFQ0"
"Holladay Dermatology & Aesthetics","Holladay","3","Medical Spa and Wellness by Michelle NP","98","4.8","0.71","https://www.google.com/maps/search/?api=1&query=Medical%20Spa%20and%20Wellness%20by%20Michelle%20NP&query_place_id=ChIJC9duhydiUocRThAj5oAYU9g"
"22 Spa MD","Cottonwood Heights","1","Beauty Lab + Laser Med Spa | Murray","3650","4.9","2.3","https://www.google.com/maps/search/?api=1&query=Beauty%20Lab%20%2B%20Laser%20Med%20Spa%20%7C%20Murray&query_place_id=ChIJJTzDs8qJUocRCauA3eB6U8k"
"22 Spa MD","Cottonwood Heights","2","Rise Rejuvenation Center","500","5.0","1.89","https://www.google.com/maps/search/?api=1&query=Rise%20Rejuvenation%20Center&query_place_id=ChIJyYLsMEtjUocRu4KQXTVW3AM"
"22 Spa MD","Cottonwood Heights","3","Saltz Plastic Surgery & Saltz Spa Vitoria","278","4.9","1.56","https://www.google.com/maps/search/?api=1&query=Saltz%20Plastic%20Surgery%20%26%20Saltz%20Spa%20Vitoria&query_place_id=ChIJm44LwhViUocRkWjqVvNDnOg"
"Novuskin Med Spa","Las Vegas","1","Plastic Surgery Vegas","1063","5.0","2.11","https://www.google.com/maps/search/?api=1&query=Plastic%20Surgery%20Vegas&query_place_id=ChIJG_LKk4XHyIAROjzY0UaNtOI"
"Novuskin Med Spa","Las Vegas","2","NakedMD Med Spa Las Vegas","442","4.9","1.98","https://www.google.com/maps/search/?api=1&query=NakedMD%20Med%20Spa%20Las%20Vegas&query_place_id=ChIJ77IFdwLHyIAR2QcFc0EJxl8"
"Novuskin Med Spa","Las Vegas","3","Moderna Laser & Med Spa","289","4.8","1.93","https://www.google.com/maps/search/?api=1&query=Moderna%20Laser%20%26%20Med%20Spa&query_place_id=ChIJb3R0NJrHyIAR6YQ6FiIjI0Q"
"Liv Aesthetics & Wellness - Botox, med spa, Integrative medicine","South Jordan","1","Maven Medical Arts","463","5.0","3.95","https://www.google.com/maps/search/?api=1&query=Maven%20Medical%20Arts&query_place_id=ChIJ3yYCWJyHUocRNvELZ3CJWvA"
"Liv Aesthetics & Wellness - Botox, med spa, Integrative medicine","South Jordan","2","The Pham Aesthetics","407","5.0","6.03","https://www.google.com/maps/search/?api=1&query=The%20Pham%20Aesthetics&query_place_id=ChIJ5ZEdXUeLUocRnT-Vqb1Gcj8"
"Liv Aesthetics & Wellness - Botox, med spa, Integrative medicine","South Jordan","3","Gallery of Aesthetics Medical Spa","335","4.9","0.98","https://www.google.com/maps/search/?api=1&query=Gallery%20of%20Aesthetics%20Medical%20Spa&query_place_id=ChIJ_683b8aHUocRib3JFTKnWvo"
"APEX Performance & Aesthetics","Sandy","1","Maven Medical Arts","463","5.0","1.33","https://www.google.com/maps/search/?api=1&query=Maven%20Medical%20Arts&query_place_id=ChIJ3yYCWJyHUocRNvELZ3CJWvA"
"APEX Performance & Aesthetics","Sandy","2","Gallery of Aesthetics Medical Spa","335","4.9","4.08","https://www.google.com/maps/search/?api=1&query=Gallery%20of%20Aesthetics%20Medical%20Spa&query_place_id=ChIJ_683b8aHUocRib3JFTKnWvo"
"APEX Performance & Aesthetics","Sandy","3","SLC Med Spa","256","4.7","1.48","https://www.google.com/maps/search/?api=1&query=SLC%20Med%20Spa&query_place_id=ChIJR0mfqBlgUocR311sbONNkBA"
"Stephanie Singer, DO","Park City","1","Saltz Plastic Surgery & Saltz Spa Vitoria","317","4.9","0.0","https://www.google.com/maps/search/?api=1&query=Saltz%20Plastic%20Surgery%20%26%20Saltz%20Spa%20Vitoria&query_place_id=ChIJE9YYcV1tUocRWoEK0N4nv6A"
"Stephanie Singer, DO","Park City","2","MDSkin Lounge and MDSkin Bar","122","4.8","0.2","https://www.google.com/maps/search/?api=1&query=MDSkin%20Lounge%20and%20MDSkin%20Bar&query_place_id=ChIJXXYqHtNtUocRyv8-NTIJdo0"
"Stephanie Singer, DO","Park City","3","Park City Medesthetix","68","4.8","0.0","https://www.google.com/maps/search/?api=1&query=Park%20City%20Medesthetix&query_place_id=ChIJBQsxjHVsUocRBIwZbu8-9DY"
"Wasatch Back Beauty Lab","Heber City","1","Utah Facial Plastics - Heber","164","5.0","1.9","https://www.google.com/maps/search/?api=1&query=Utah%20Facial%20Plastics%20-%20Heber&query_place_id=ChIJPzdwGkELUocRvWYXIkR7Da0"
"Wasatch Back Beauty Lab","Heber City","2","Spa Montage Deer Valley","93","4.5","9.44","https://www.google.com/maps/search/?api=1&query=Spa%20Montage%20Deer%20Valley&query_place_id=ChIJxbyzteJyUocRLftql5-1qGA"
"Wasatch Back Beauty Lab","Heber City","3","Elle Aesthetics Heber","56","5.0","0.29","https://www.google.com/maps/search/?api=1&query=Elle%20Aesthetics%20Heber&query_place_id=ChIJa5vG7YL1TYcRKWtimFYeR40"
"The Dermatology House","Park City","1","Vyla Aesthetics","322","5.0","0.05","https://www.google.com/maps/search/?api=1&query=Vyla%20Aesthetics&query_place_id=ChIJdZZ7HEhrUocR0ovxGrJXN0w"
"The Dermatology House","Park City","2","TheGoodSkin","60","5.0","0.06","https://www.google.com/maps/search/?api=1&query=TheGoodSkin&query_place_id=ChIJJ8q1hiltUocRylmbzNUKWaY"
"The Dermatology House","Park City","3","WELLnEST Park City, Dr. Giselle M. Batcheller","57","4.9","0.06","https://www.google.com/maps/search/?api=1&query=WELLnEST%20Park%20City%2C%20Dr.%20Giselle%20M.%20Batcheller&query_place_id=ChIJrVrE9A1tUocReNE6Fzr-R6g"
"Volure","Los Angeles","1","Skin 22","627","4.9","0.63","https://www.google.com/maps/search/?api=1&query=Skin%2022&query_place_id=ChIJ7yFq9jW5woAR4lQ4TRQ3sDQ"
"Volure","Los Angeles","2","Skinsation LA","352","4.9","0.22","https://www.google.com/maps/search/?api=1&query=Skinsation%20LA&query_place_id=ChIJ0a6m-Zm5woARTSn62s-fy1g"
"Volure","Los Angeles","3","Skin Verse Medical Spa","230","4.8","0.64","https://www.google.com/maps/search/?api=1&query=Skin%20Verse%20Medical%20Spa&query_place_id=ChIJnfLGEf-5woARleae0sV9rac"
"Atelier Aesthetix","Beverly Hills","1","SMOOTH SKIN LOUNGE","606","4.9","0.42","https://www.google.com/maps/search/?api=1&query=SMOOTH%20SKIN%20LOUNGE&query_place_id=ChIJ77EHmAK9woARtWU1yYx__dM"
"Atelier Aesthetix","Beverly Hills","2","Beverly Wilshire Aesthetics Beverly Hills Medical Spa","135","5.0","0.27","https://www.google.com/maps/search/?api=1&query=Beverly%20Wilshire%20Aesthetics%20Beverly%20Hills%20Medical%20Spa&query_place_id=ChIJRXmaci25woARzVigGETaXic"
"Atelier Aesthetix","Beverly Hills","3","No Pain All Gain Med Spa - Beverly Hills","90","4.9","0.36","https://www.google.com/maps/search/?api=1&query=No%20Pain%20All%20Gain%20Med%20Spa%20-%20Beverly%20Hills&query_place_id=ChIJlakuea27woARLmDtMS6nhOY"
"Park City Dermatology - Park City","Park City","1","Saltz Plastic Surgery & Saltz Spa Vitoria","317","4.9","2.17","https://www.google.com/maps/search/?api=1&query=Saltz%20Plastic%20Surgery%20%26%20Saltz%20Spa%20Vitoria&query_place_id=ChIJE9YYcV1tUocRWoEK0N4nv6A"
"Park City Dermatology - Park City","Park City","2","MDSkin Lounge and MDSkin Bar","122","4.8","1.98","https://www.google.com/maps/search/?api=1&query=MDSkin%20Lounge%20and%20MDSkin%20Bar&query_place_id=ChIJXXYqHtNtUocRyv8-NTIJdo0"
"Park City Dermatology - Park City","Park City","3","4Ever Young Med Spa & Wellness Center - Park City","39","4.9","1.85","https://www.google.com/maps/search/?api=1&query=4Ever%20Young%20Med%20Spa%20%26%20Wellness%20Center%20-%20Park%20City&query_place_id=ChIJ5XLvc6dtUocRO4DJrqxa0KA"
"ilLumin8skin","Salt Lake City","1","Elase Medical Spa - Sugarhouse","1532","4.9","1.99","https://www.google.com/maps/search/?api=1&query=Elase%20Medical%20Spa%20-%20Sugarhouse&query_place_id=ChIJhcWcrqaKUocR3tvP2eCIP7Y"
"ilLumin8skin","Salt Lake City","2","Alchemy Medical Aesthetics","271","5.0","1.42","https://www.google.com/maps/search/?api=1&query=Alchemy%20Medical%20Aesthetics&query_place_id=ChIJpxeu0wFhUocR9S7nlVX2Ano"
"ilLumin8skin","Salt Lake City","3","SkinSpirit Salt Lake City","197","5.0","1.94","https://www.google.com/maps/search/?api=1&query=SkinSpirit%20Salt%20Lake%20City&query_place_id=ChIJ6eRydbCLUocRYZImo4rBMiU"
"Spruce Aesthetics + Infusion Bar","Holladay","1","Modern SLC Injections & Aesthetics","844","5.0","1.01","https://www.google.com/maps/search/?api=1&query=Modern%20SLC%20Injections%20%26%20Aesthetics&query_place_id=ChIJJ6Zv-LphUocR-7tkjztxEeU"
"Spruce Aesthetics + Infusion Bar","Holladay","2","Trilogy Medical Center","504","4.8","0.63","https://www.google.com/maps/search/?api=1&query=Trilogy%20Medical%20Center&query_place_id=ChIJybPy39KJUocR7JPBEjCKXu4"
"Spruce Aesthetics + Infusion Bar","Holladay","3","Holladay Dermatology & Aesthetics","477","4.9","0.93","https://www.google.com/maps/search/?api=1&query=Holladay%20Dermatology%20%26%20Aesthetics&query_place_id=ChIJ6TKGsPFhUocR8kQTxFskiKc"
"Medical Spa and Wellness by Michelle NP","Holladay","1","Modern SLC Injections & Aesthetics","844","5.0","0.14","https://www.google.com/maps/search/?api=1&query=Modern%20SLC%20Injections%20%26%20Aesthetics&query_place_id=ChIJJ6Zv-LphUocR-7tkjztxEeU"
"Medical Spa and Wellness by Michelle NP","Holladay","2","Holladay Dermatology & Aesthetics","477","4.9","0.71","https://www.google.com/maps/search/?api=1&query=Holladay%20Dermatology%20%26%20Aesthetics&query_place_id=ChIJ6TKGsPFhUocR8kQTxFskiKc"
"Medical Spa and Wellness by Michelle NP","Holladay","3","Spruce Aesthetics + Infusion Bar","164","5.0","0.98","https://www.google.com/maps/search/?api=1&query=Spruce%20Aesthetics%20%2B%20Infusion%20Bar&query_place_id=ChIJ3acs2DlhUocR0V-v4L6TFQ0"
"Rise Rejuvenation Center","Murray","1","Beauty Lab + Laser Med Spa | Murray","3650","4.9","0.63","https://www.google.com/maps/search/?api=1&query=Beauty%20Lab%20%2B%20Laser%20Med%20Spa%20%7C%20Murray&query_place_id=ChIJJTzDs8qJUocRCauA3eB6U8k"
"Rise Rejuvenation Center","Murray","2","22 Spa MD","282","4.9","1.89","https://www.google.com/maps/search/?api=1&query=22%20Spa%20MD&query_place_id=ChIJc9zy8zpjUocRDdHqP5-x6ME"
"Rise Rejuvenation Center","Murray","3","Saltz Plastic Surgery & Saltz Spa Vitoria","278","4.9","1.8","https://www.google.com/maps/search/?api=1&query=Saltz%20Plastic%20Surgery%20%26%20Saltz%20Spa%20Vitoria&query_place_id=ChIJm44LwhViUocRkWjqVvNDnOg"
"Esthetics by Emi Med Spa","Cottonwood Heights","1","Beauty Lab + Laser Med Spa | Murray","3650","4.9","2.44","https://www.google.com/maps/search/?api=1&query=Beauty%20Lab%20%2B%20Laser%20Med%20Spa%20%7C%20Murray&query_place_id=ChIJJTzDs8qJUocRCauA3eB6U8k"
"Esthetics by Emi Med Spa","Cottonwood Heights","2","Rise Rejuvenation Center","500","5.0","1.97","https://www.google.com/maps/search/?api=1&query=Rise%20Rejuvenation%20Center&query_place_id=ChIJyYLsMEtjUocRu4KQXTVW3AM"
"Esthetics by Emi Med Spa","Cottonwood Heights","3","22 Spa MD","282","4.9","0.28","https://www.google.com/maps/search/?api=1&query=22%20Spa%20MD&query_place_id=ChIJc9zy8zpjUocRDdHqP5-x6ME"
"Divine Skin Aesthetics | Laser Skincare","Salt Lake City","1","Trilogy Medical Center","504","4.8","0.05","https://www.google.com/maps/search/?api=1&query=Trilogy%20Medical%20Center&query_place_id=ChIJybPy39KJUocR7JPBEjCKXu4"
"Divine Skin Aesthetics | Laser Skincare","Salt Lake City","2","Holladay Dermatology & Aesthetics","477","4.9","0.99","https://www.google.com/maps/search/?api=1&query=Holladay%20Dermatology%20%26%20Aesthetics&query_place_id=ChIJ6TKGsPFhUocR8kQTxFskiKc"
"Divine Skin Aesthetics | Laser Skincare","Salt Lake City","3","RO Aesthetics","257","4.9","0.05","https://www.google.com/maps/search/?api=1&query=RO%20Aesthetics&query_place_id=ChIJ04W-s8yJUocR6JYDcy42vAg"
"Maven Medical Arts","Draper","1","Gallery of Aesthetics Medical Spa","335","4.9","4.46","https://www.google.com/maps/search/?api=1&query=Gallery%20of%20Aesthetics%20Medical%20Spa&query_place_id=ChIJ_683b8aHUocRib3JFTKnWvo"
"Maven Medical Arts","Draper","2","SLC Med Spa","256","4.7","0.97","https://www.google.com/maps/search/?api=1&query=SLC%20Med%20Spa&query_place_id=ChIJR0mfqBlgUocR311sbONNkBA"
"Maven Medical Arts","Draper","3","Liv Aesthetics & Wellness - Botox, med spa, Integrative medicine","209","5.0","3.95","https://www.google.com/maps/search/?api=1&query=Liv%20Aesthetics%20%26%20Wellness%20-%20Botox%2C%20med%20spa%2C%20Integrative%20medicine&query_place_id=ChIJI9NMXEmHUocRaKF1sKO-OJQ"
"Gallery of Aesthetics Medical Spa","South Jordan","1","Rise Rejuvenation Center","500","5.0","7.03","https://www.google.com/maps/search/?api=1&query=Rise%20Rejuvenation%20Center&query_place_id=ChIJyYLsMEtjUocRu4KQXTVW3AM"
"Gallery of Aesthetics Medical Spa","South Jordan","2","Maven Medical Arts","463","5.0","4.46","https://www.google.com/maps/search/?api=1&query=Maven%20Medical%20Arts&query_place_id=ChIJ3yYCWJyHUocRNvELZ3CJWvA"
"Gallery of Aesthetics Medical Spa","South Jordan","3","The Pham Aesthetics","407","5.0","6.33","https://www.google.com/maps/search/?api=1&query=The%20Pham%20Aesthetics&query_place_id=ChIJ5ZEdXUeLUocRnT-Vqb1Gcj8"
"Nouvelle Aesthetics and Wellness","Cottonwood Heights","1","Beauty Lab + Laser Med Spa | Murray","3650","4.9","2.64","https://www.google.com/maps/search/?api=1&query=Beauty%20Lab%20%2B%20Laser%20Med%20Spa%20%7C%20Murray&query_place_id=ChIJJTzDs8qJUocRCauA3eB6U8k"
"Nouvelle Aesthetics and Wellness","Cottonwood Heights","2","Rise Rejuvenation Center","500","5.0","2.16","https://www.google.com/maps/search/?api=1&query=Rise%20Rejuvenation%20Center&query_place_id=ChIJyYLsMEtjUocRu4KQXTVW3AM"
"Nouvelle Aesthetics and Wellness","Cottonwood Heights","3","22 Spa MD","282","4.9","0.5","https://www.google.com/maps/search/?api=1&query=22%20Spa%20MD&query_place_id=ChIJc9zy8zpjUocRDdHqP5-x6ME"
"Re:Lune - Medical Aesthetics and Wellness","Los Angeles","1","Wave Plastic Surgery & Aesthetic Laser Center Los Angeles","438","4.8","0.64","https://www.google.com/maps/search/?api=1&query=Wave%20Plastic%20Surgery%20%26%20Aesthetic%20Laser%20Center%20Los%20Angeles&query_place_id=ChIJN3tFRnzHwoARm_FRTw3Yuds"
"Re:Lune - Medical Aesthetics and Wellness","Los Angeles","2","Line Plastic Surgery Center","387","4.8","0.69","https://www.google.com/maps/search/?api=1&query=Line%20Plastic%20Surgery%20Center&query_place_id=ChIJN3tFRnzHwoARHvM2mtH0yWk"
"Re:Lune - Medical Aesthetics and Wellness","Los Angeles","3","Deluxe Cosmetic Center","345","4.8","0.68","https://www.google.com/maps/search/?api=1&query=Deluxe%20Cosmetic%20Center&query_place_id=ChIJG9nPM6HHwoARqCC5R15AYcI"
"Restore Med Clinic","Newport Beach","1","Amy Berisha Aesthetics Med Spa","164","5.0","0.0","https://www.google.com/maps/search/?api=1&query=Amy%20Berisha%20Aesthetics%20Med%20Spa&query_place_id=ChIJAQAUT4ng3IARX7K3ZzLFjOU"
"Restore Med Clinic","Newport Beach","2","BioRevive Med & Wellness Spa","108","5.0","0.0","https://www.google.com/maps/search/?api=1&query=BioRevive%20Med%20%26%20Wellness%20Spa&query_place_id=ChIJfSZaGqUh3YARXHk4TN9QpJg"
"Restore Med Clinic","Newport Beach","3","The Retreat Wellness + Aesthetics","63","4.9","0.0","https://www.google.com/maps/search/?api=1&query=The%20Retreat%20Wellness%20%2B%20Aesthetics&query_place_id=ChIJZWyWfivf3IARJaYq4nImiNk"
"Aère Aesthetics","Beverly Hills","1","BevMed LA","115","5.0","0.01","https://www.google.com/maps/search/?api=1&query=BevMed%20LA&query_place_id=ChIJhw5aE4-5woARydsfkETZ8i4"
"Aère Aesthetics","Beverly Hills","2","VS Med Spas","88","4.9","0.03","https://www.google.com/maps/search/?api=1&query=VS%20Med%20Spas&query_place_id=ChIJaePukcKlwoARoBsxS-n5yHM"
"Aère Aesthetics","Beverly Hills","3","BH Aesthetic Medical Company","12","5.0","0.03","https://www.google.com/maps/search/?api=1&query=BH%20Aesthetic%20Medical%20Company&query_place_id=ChIJk0N1Yhi7woARsC38NcQGznA"
"Murphy Plastic Surgery & Medical Spa","Reno","1","JanigaMDs Plastic Surgery and Cosmetic Center","381","4.8","0.71","https://www.google.com/maps/search/?api=1&query=JanigaMDs%20Plastic%20Surgery%20and%20Cosmetic%20Center&query_place_id=ChIJVVVVVSU-mYAR0bsjgKvN8_g"
"Murphy Plastic Surgery & Medical Spa","Reno","2","Reno Sparks MedSpa","49","4.4","1.03","https://www.google.com/maps/search/?api=1&query=Reno%20Sparks%20MedSpa&query_place_id=ChIJ5SF1RPQTmYARXAAoMq9aIu0"
"Murphy Plastic Surgery & Medical Spa","Reno","3","Magnetic Aesthetics","37","5.0","2.31","https://www.google.com/maps/search/?api=1&query=Magnetic%20Aesthetics&query_place_id=ChIJGW97HcsVmYARnjF654IhHSw"
"The Luxe Room - RiNo","Denver","1","PREVA Aesthetics","614","4.8","1.98","https://www.google.com/maps/search/?api=1&query=PREVA%20Aesthetics&query_place_id=ChIJN8XzOe2Ha4cRO9q7FoEJvgM"
"The Luxe Room - RiNo","Denver","2","Injector 5280","208","5.0","2.48","https://www.google.com/maps/search/?api=1&query=Injector%205280&query_place_id=ChIJRSoDRJd4bIcRIhBlKWIX1sA"
"The Luxe Room - RiNo","Denver","3","Selective Aesthetics","122","5.0","2.05","https://www.google.com/maps/search/?api=1&query=Selective%20Aesthetics&query_place_id=ChIJwwa_eRvWHaIRvMoW4lYnzEI"
"M.A DREAM SKIN","Pasadena","1","TIA MEDSPA Pasadena","172","5.0","1.51","https://www.google.com/maps/search/?api=1&query=TIA%20MEDSPA%20Pasadena&query_place_id=ChIJXxkYdnTbwoARixf6zIn_EL0"
"M.A DREAM SKIN","Pasadena","2","ami/skin","127","4.8","0.02","https://www.google.com/maps/search/?api=1&query=ami%2Fskin&query_place_id=ChIJAXLQuojdwoAR4yJFCgbWrM0"
"M.A DREAM SKIN","Pasadena","3","Le Reve Med Spa","61","4.9","1.34","https://www.google.com/maps/search/?api=1&query=Le%20Reve%20Med%20Spa&query_place_id=ChIJDX-CNFDDwoARyDViBV5k-hc"
"Beauty & Body Medlounge","San Diego","1","Revive Med Spa - Mission Valley","407","4.4","3.08","https://www.google.com/maps/search/?api=1&query=Revive%20Med%20Spa%20-%20Mission%20Valley&query_place_id=ChIJY9bxYTlV2YARMqq_VegTq-E"
"Beauty & Body Medlounge","San Diego","2","Holden Timeless Beauty San Diego","402","4.9","2.82","https://www.google.com/maps/search/?api=1&query=Holden%20Timeless%20Beauty%20San%20Diego&query_place_id=ChIJ7Ze3GCNV2YARr7aSslsE614"
"Beauty & Body Medlounge","San Diego","3","Seoule K-Beauty Skin Lab","92","4.9","0.58","https://www.google.com/maps/search/?api=1&query=Seoule%20K-Beauty%20Skin%20Lab&query_place_id=ChIJE08KllHi7SARxrR6osuFbL8"
"Coastal Medical & Cosmetic Dermatology","La Jolla","1","Atossa Medical Spa","367","4.9","0.88","https://www.google.com/maps/search/?api=1&query=Atossa%20Medical%20Spa&query_place_id=ChIJDY1ynJv724ARcQS2LGPUvtA"
"Coastal Medical & Cosmetic Dermatology","La Jolla","2","La Jolla Cosmetic Medical Spa","224","4.9","0.03","https://www.google.com/maps/search/?api=1&query=La%20Jolla%20Cosmetic%20Medical%20Spa&query_place_id=ChIJNdWN_wYH3IARfSBJ4YvU0zg"
"Coastal Medical & Cosmetic Dermatology","La Jolla","3","Brandish Clinic Facial & Skin Rejuvenation","57","4.7","0.9","https://www.google.com/maps/search/?api=1&query=Brandish%20Clinic%20Facial%20%26%20Skin%20Rejuvenation&query_place_id=ChIJ-7yhB84G3IARRQNUhxxfyG4"
"Hydrate IV Bar","Highlands Ranch","1","Highlands Spa","169","4.9","0.02","https://www.google.com/maps/search/?api=1&query=Highlands%20Spa&query_place_id=ChIJWW97hOuDbIcRBLwDo5J-qRA"
"Hydrate IV Bar","Highlands Ranch","2","Zivel - Performance & Recovery Highlands Ranch","130","4.9","0.26","https://www.google.com/maps/search/?api=1&query=Zivel%20-%20Performance%20%26%20Recovery%20Highlands%20Ranch&query_place_id=ChIJWfZHnFKDbIcRkP0dRbgJ9cA"
"Hydrate IV Bar","Highlands Ranch","3","Facial Aesthetics - Highlands Ranch","73","4.9","0.46","https://www.google.com/maps/search/?api=1&query=Facial%20Aesthetics%20-%20Highlands%20Ranch&query_place_id=ChIJzY-7xRCDbIcR6-P2jIzgZ5M"
"Sadowski Aesthetics & Laser","Seattle","1","Allure Esthetic - Dr. Javad Sajan - Best Plastic Surgeon in Seattle","1092","4.8","0.74","https://www.google.com/maps/search/?api=1&query=Allure%20Esthetic%20-%20Dr.%20Javad%20Sajan%20-%20Best%20Plastic%20Surgeon%20in%20Seattle&query_place_id=ChIJSxiQhNNckFQRmyifHywhsTs"
"Sadowski Aesthetics & Laser","Seattle","2","Seattle Plastic Surgery","286","4.8","0.74","https://www.google.com/maps/search/?api=1&query=Seattle%20Plastic%20Surgery&query_place_id=ChIJaa0lachqkFQRDXpAaHhgQfY"
"Sadowski Aesthetics & Laser","Seattle","3","Element MedSpa","66","4.9","0.36","https://www.google.com/maps/search/?api=1&query=Element%20MedSpa&query_place_id=ChIJmd74W_prkFQRnwcM8RMH0ls"
"Eastside Aesthetics by Lena","Redmond","1","Serenity Rejuvenation Center: Dr. Stephen O'Connell","384","4.6","1.13","https://www.google.com/maps/search/?api=1&query=Serenity%20Rejuvenation%20Center%3A%20Dr.%20Stephen%20O'Connell&query_place_id=ChIJBy8IBUpskFQRtdRlCTIOTe0"
"Eastside Aesthetics by Lena","Redmond","2","Deluxe Beaute Spa Bellevue","209","4.7","0.78","https://www.google.com/maps/search/?api=1&query=Deluxe%20Beaute%20Spa%20Bellevue&query_place_id=ChIJJVorMq1tkFQRwZz90vQ03_o"
"Eastside Aesthetics by Lena","Redmond","3","Bellevue Anti-Aging Medical Clinic","169","4.9","0.83","https://www.google.com/maps/search/?api=1&query=Bellevue%20Anti-Aging%20Medical%20Clinic&query_place_id=ChIJ1yFAvWJtkFQRx8O1BA0bbqk"
"OVME","Charlotte","1","Providence Plastic Surgery & Skin Center","644","4.9","0.26","https://www.google.com/maps/search/?api=1&query=Providence%20Plastic%20Surgery%20%26%20Skin%20Center&query_place_id=ChIJA-yVjwkoVIgR4j-jXwvHoQo"
"OVME","Charlotte","2","Beck Aesthetic Surgery - Dr. Joel Beck","200","4.9","0.36","https://www.google.com/maps/search/?api=1&query=Beck%20Aesthetic%20Surgery%20-%20Dr.%20Joel%20Beck&query_place_id=ChIJn_o2wlclVIgRlLfy-pvjc24"
"OVME","Charlotte","3","Essential Aesthetics and Laser","142","4.9","1.74","https://www.google.com/maps/search/?api=1&query=Essential%20Aesthetics%20and%20Laser&query_place_id=ChIJ6d0e9AIoVIgRzK3XeaxhCCg"
"Stefani Kappel MD","Corona Del Mar","1","PCH MedSpa","421","4.8","0.4","https://www.google.com/maps/search/?api=1&query=PCH%20MedSpa&query_place_id=ChIJg3jf5O_h3IARFf0cwO3dZQU"
"Stefani Kappel MD","Corona Del Mar","2","Beverly Hills Rejuvenation Center - Newport Beach","151","4.7","0.01","https://www.google.com/maps/search/?api=1&query=Beverly%20Hills%20Rejuvenation%20Center%20-%20Newport%20Beach&query_place_id=ChIJQ_nA9Irg3IARWMvpzvJY4Cs"
"Stefani Kappel MD","Corona Del Mar","3","Alchemy 43 Newport Beach","44","4.5","0.08","https://www.google.com/maps/search/?api=1&query=Alchemy%2043%20Newport%20Beach&query_place_id=ChIJkWhiMPvh3IAR_bICkXikKDc"
"Charlotte Spa & Esthetics","Charlotte","1","Allure Medical","271","4.5","2.22","https://www.google.com/maps/search/?api=1&query=Allure%20Medical&query_place_id=ChIJVY68w6QhVIgR-v0xnVRlf9M"
"Charlotte Spa & Esthetics","Charlotte","2","Femme Medspa","69","5.0","2.33","https://www.google.com/maps/search/?api=1&query=Femme%20Medspa&query_place_id=ChIJyaF8o4CfVogRLk0kG99J418"
"Charlotte Spa & Esthetics","Charlotte","3","Valencia Voci Medical Aesthetics & Wellness","69","5.0","2.56","https://www.google.com/maps/search/?api=1&query=Valencia%20Voci%20Medical%20Aesthetics%20%26%20Wellness&query_place_id=ChIJrYJrl-KfVogRfUM6hJ_D-T8"
"Replenish Health Spa","Raleigh","1","Synergy Face + Body | Inside The Beltline","347","4.8","0.67","https://www.google.com/maps/search/?api=1&query=Synergy%20Face%20%2B%20Body%20%7C%20Inside%20The%20Beltline&query_place_id=ChIJY0uLGgH2rIkR-okiq5Jq2-Y"
"Replenish Health Spa","Raleigh","2","BeautyCo","329","4.9","0.41","https://www.google.com/maps/search/?api=1&query=BeautyCo&query_place_id=ChIJ__9vLov3rIkRzJdVKKvfEQY"
"Replenish Health Spa","Raleigh","3","Skin Pharm","110","5.0","0.22","https://www.google.com/maps/search/?api=1&query=Skin%20Pharm&query_place_id=ChIJX_6Xs6RZrIkRxtG6Z8KPeEI"
"YokoMD","Pasadena","1","Comprehensive Dermatology Center of Pasadena","1066","4.9","0.32","https://www.google.com/maps/search/?api=1&query=Comprehensive%20Dermatology%20Center%20of%20Pasadena&query_place_id=ChIJM8X4THzDwoAR35vaHwVFErY"
"YokoMD","Pasadena","2","Skin Deep Laser Medspa","111","4.9","0.18","https://www.google.com/maps/search/?api=1&query=Skin%20Deep%20Laser%20Medspa&query_place_id=ChIJ-_mXn3vDwoARi4wPSL46XRg"
"YokoMD","Pasadena","3","Pasadena Cosmetic Surgery Center","61","4.6","0.22","https://www.google.com/maps/search/?api=1&query=Pasadena%20Cosmetic%20Surgery%20Center&query_place_id=ChIJ4xD0l33DwoARGzEL5Bpk6L8"
"bluepoint medical spa","Las Vegas","1","Flawless Medspa Las Vegas","248","4.5","2.51","https://www.google.com/maps/search/?api=1&query=Flawless%20Medspa%20Las%20Vegas&query_place_id=ChIJo6h67yjAyIARJKrkviQ1yiI"
"bluepoint medical spa","Las Vegas","2","White Coat Aesthetics","228","4.9","1.22","https://www.google.com/maps/search/?api=1&query=White%20Coat%20Aesthetics&query_place_id=ChIJM5laQW_ByIARDn1R0JmnPgU"
"bluepoint medical spa","Las Vegas","3","No Lines By Design","132","4.7","1.26","https://www.google.com/maps/search/?api=1&query=No%20Lines%20By%20Design&query_place_id=ChIJdc3LsJzqyIARe0Sn3EhI47c"
"Utah Facial Plastics - Heber","Heber City","1","Wasatch Back Beauty Lab","169","5.0","1.9","https://www.google.com/maps/search/?api=1&query=Wasatch%20Back%20Beauty%20Lab&query_place_id=ChIJ1e4g_-P1TYcRvntg4laQHlI"
"Utah Facial Plastics - Heber","Heber City","2","Spa Montage Deer Valley","93","4.5","8.09","https://www.google.com/maps/search/?api=1&query=Spa%20Montage%20Deer%20Valley&query_place_id=ChIJxbyzteJyUocRLftql5-1qGA"
"Utah Facial Plastics - Heber","Heber City","3","Elle Aesthetics Heber","56","5.0","1.61","https://www.google.com/maps/search/?api=1&query=Elle%20Aesthetics%20Heber&query_place_id=ChIJa5vG7YL1TYcRKWtimFYeR40"
"Saltz Plastic Surgery & Saltz Spa Vitoria","Salt Lake City","1","Modern SLC Injections & Aesthetics","844","5.0","1.57","https://www.google.com/maps/search/?api=1&query=Modern%20SLC%20Injections%20%26%20Aesthetics&query_place_id=ChIJJ6Zv-LphUocR-7tkjztxEeU"
"Saltz Plastic Surgery & Saltz Spa Vitoria","Salt Lake City","2","Holladay Dermatology & Aesthetics","477","4.9","1.57","https://www.google.com/maps/search/?api=1&query=Holladay%20Dermatology%20%26%20Aesthetics&query_place_id=ChIJ6TKGsPFhUocR8kQTxFskiKc"
"Saltz Plastic Surgery & Saltz Spa Vitoria","Salt Lake City","3","22 Spa MD","282","4.9","1.56","https://www.google.com/maps/search/?api=1&query=22%20Spa%20MD&query_place_id=ChIJc9zy8zpjUocRDdHqP5-x6ME"
"Skin By Shara Aesthetics","Charlotte","1","Skin Pharm","422","5.0","1.74","https://www.google.com/maps/search/?api=1&query=Skin%20Pharm&query_place_id=ChIJm5e_a2afVogRKKHuMGMuXdA"
"Skin By Shara Aesthetics","Charlotte","2","GLO30 Charlotte Park Road","168","5.0","1.96","https://www.google.com/maps/search/?api=1&query=GLO30%20Charlotte%20Park%20Road&query_place_id=ChIJa-kJBO-fVogRB4_zULzbFnU"
"Skin By Shara Aesthetics","Charlotte","3","Jon 'Ric Medical Spa and Wellness Center","94","5.0","1.91","https://www.google.com/maps/search/?api=1&query=Jon%20'Ric%20Medical%20Spa%20and%20Wellness%20Center&query_place_id=ChIJt5dGc1SeVogR4yWTPf98-Ic"
"Sona MedSpa of Charlotte - Ballantyne","Charlotte","1","VociMedSpa","422","4.7","0.3","https://www.google.com/maps/search/?api=1&query=VociMedSpa&query_place_id=ChIJbwMHhV6dVogREzr8i1dO5KI"
"Sona MedSpa of Charlotte - Ballantyne","Charlotte","2","The Modern Aesthetic","388","4.9","0.18","https://www.google.com/maps/search/?api=1&query=The%20Modern%20Aesthetic&query_place_id=ChIJXd-CbRYnVIgRwxCkJ_w1OV8"
"Sona MedSpa of Charlotte - Ballantyne","Charlotte","3","M2 Medical Spa and Wellness","218","4.8","0.28","https://www.google.com/maps/search/?api=1&query=M2%20Medical%20Spa%20and%20Wellness&query_place_id=ChIJF1CSj1mdVogRqHX440wkaxY"
"Skin By Blair","Charlotte","1","Capizzi, MD Cosmetic Surgery & Med Spa in Charlotte NC","640","4.8","0.32","https://www.google.com/maps/search/?api=1&query=Capizzi%2C%20MD%20Cosmetic%20Surgery%20%26%20Med%20Spa%20in%20Charlotte%20NC&query_place_id=ChIJO5zbbfSfVogRTR9SVuqdjHE"
"Skin By Blair","Charlotte","2","OVME","441","4.8","0.4","https://www.google.com/maps/search/?api=1&query=OVME&query_place_id=ChIJvfJ0hDSfVogR1scLNvT2iww"
"Skin By Blair","Charlotte","3","VELA","183","5.0","0.4","https://www.google.com/maps/search/?api=1&query=VELA&query_place_id=ChIJ-X0S3UIfVIgRWmNgtJR-vZU"
"JASI Skin + Wellness Med Spa","Los Angeles","1","Cosmetique Aesthetics and Surgical Center","301","5.0","1.85","https://www.google.com/maps/search/?api=1&query=Cosmetique%20Aesthetics%20and%20Surgical%20Center&query_place_id=ChIJo3fXlDq6woARl0tKqPqmhXg"
"JASI Skin + Wellness Med Spa","Los Angeles","2","Harmony Aesthetics Center","255","5.0","1.85","https://www.google.com/maps/search/?api=1&query=Harmony%20Aesthetics%20Center&query_place_id=ChIJWwdYPhe7woARkSaoSSG1hlU"
"JASI Skin + Wellness Med Spa","Los Angeles","3","Skinbiotic Med Spa","100","4.9","1.54","https://www.google.com/maps/search/?api=1&query=Skinbiotic%20Med%20Spa&query_place_id=ChIJgQJp2XS7woARcI2Ic73N92M"
"PCH MedSpa","Corona Del Mar","1","Stefani Kappel MD","223","4.8","0.4","https://www.google.com/maps/search/?api=1&query=Stefani%20Kappel%20MD&query_place_id=ChIJ8dTWDo_g3IARXlhLGNE2eg4"
"PCH MedSpa","Corona Del Mar","2","Beverly Hills Rejuvenation Center - Newport Beach","151","4.7","0.4","https://www.google.com/maps/search/?api=1&query=Beverly%20Hills%20Rejuvenation%20Center%20-%20Newport%20Beach&query_place_id=ChIJQ_nA9Irg3IARWMvpzvJY4Cs"
"PCH MedSpa","Corona Del Mar","3","Alchemy 43 Newport Beach","44","4.5","0.39","https://www.google.com/maps/search/?api=1&query=Alchemy%2043%20Newport%20Beach&query_place_id=ChIJkWhiMPvh3IAR_bICkXikKDc"
"Royâ Medspa: Aesthetics and Wellness","Rocky Hill","1","Restore Hyper Wellness","235","4.8","9.61","https://www.google.com/maps/search/?api=1&query=Restore%20Hyper%20Wellness&query_place_id=ChIJJz8FzBmr54kRG5sXBzUU2eM"
"Avi Aesthetics Medical Spa","Charlotte","1","Aesthetic Surgery of Charlotte","412","5.0","0.78","https://www.google.com/maps/search/?api=1&query=Aesthetic%20Surgery%20of%20Charlotte&query_place_id=ChIJuWJhusenVogRbkMaeyvWNlM"
"Avi Aesthetics Medical Spa","Charlotte","2","4Ever Young Med Spa & Wellness Center - Charlotte Carmel Village","206","5.0","0.33","https://www.google.com/maps/search/?api=1&query=4Ever%20Young%20Med%20Spa%20%26%20Wellness%20Center%20-%20Charlotte%20Carmel%20Village&query_place_id=ChIJ0SMNP3ydVogRR4Po8sIUMoQ"
"Avi Aesthetics Medical Spa","Charlotte","3","Courtney Moseley - The Plastic PA","187","5.0","0.78","https://www.google.com/maps/search/?api=1&query=Courtney%20Moseley%20-%20The%20Plastic%20PA&query_place_id=ChIJC-I13C4nVIgR1h-IuxIYZTs"
"Essential Aesthetics and Laser","Charlotte","1","Providence Plastic Surgery & Skin Center","644","4.9","1.69","https://www.google.com/maps/search/?api=1&query=Providence%20Plastic%20Surgery%20%26%20Skin%20Center&query_place_id=ChIJA-yVjwkoVIgR4j-jXwvHoQo"
"Essential Aesthetics and Laser","Charlotte","2","The Modern Aesthetic","388","4.9","1.51","https://www.google.com/maps/search/?api=1&query=The%20Modern%20Aesthetic&query_place_id=ChIJXd-CbRYnVIgRwxCkJ_w1OV8"
"Essential Aesthetics and Laser","Charlotte","3","Sona MedSpa of Charlotte - Ballantyne","384","4.6","1.65","https://www.google.com/maps/search/?api=1&query=Sona%20MedSpa%20of%20Charlotte%20-%20Ballantyne&query_place_id=ChIJ5_KRxVidVogRFOjIqZtjuZ4"
"Courtney Moseley - The Plastic PA","Charlotte","1","Aesthetic Surgery of Charlotte","412","5.0","0.0","https://www.google.com/maps/search/?api=1&query=Aesthetic%20Surgery%20of%20Charlotte&query_place_id=ChIJuWJhusenVogRbkMaeyvWNlM"
"Courtney Moseley - The Plastic PA","Charlotte","2","4Ever Young Med Spa & Wellness Center - Charlotte Carmel Village","206","5.0","0.46","https://www.google.com/maps/search/?api=1&query=4Ever%20Young%20Med%20Spa%20%26%20Wellness%20Center%20-%20Charlotte%20Carmel%20Village&query_place_id=ChIJ0SMNP3ydVogRR4Po8sIUMoQ"
"Courtney Moseley - The Plastic PA","Charlotte","3","Cool Renewal Med Spa","131","4.7","0.42","https://www.google.com/maps/search/?api=1&query=Cool%20Renewal%20Med%20Spa&query_place_id=ChIJA-TsK6idVogRZNMFWdDRGKs"
"Providence Plastic Surgery & Skin Center","Charlotte","1","Beck Aesthetic Surgery - Dr. Joel Beck","200","4.9","0.12","https://www.google.com/maps/search/?api=1&query=Beck%20Aesthetic%20Surgery%20-%20Dr.%20Joel%20Beck&query_place_id=ChIJn_o2wlclVIgRlLfy-pvjc24"
"Providence Plastic Surgery & Skin Center","Charlotte","2","OVME","177","4.8","0.26","https://www.google.com/maps/search/?api=1&query=OVME&query_place_id=ChIJ9YEChbknVIgRp9cPx2pXepU"
"Providence Plastic Surgery & Skin Center","Charlotte","3","Essential Aesthetics and Laser","142","4.9","1.69","https://www.google.com/maps/search/?api=1&query=Essential%20Aesthetics%20and%20Laser&query_place_id=ChIJ6d0e9AIoVIgRzK3XeaxhCCg"
"FACE Lab","Matthews","1","Providence Plastic Surgery & Skin Center","644","4.9","5.03","https://www.google.com/maps/search/?api=1&query=Providence%20Plastic%20Surgery%20%26%20Skin%20Center&query_place_id=ChIJA-yVjwkoVIgR4j-jXwvHoQo"
"FACE Lab","Matthews","2","Beck Aesthetic Surgery - Dr. Joel Beck","200","4.9","4.94","https://www.google.com/maps/search/?api=1&query=Beck%20Aesthetic%20Surgery%20-%20Dr.%20Joel%20Beck&query_place_id=ChIJn_o2wlclVIgRlLfy-pvjc24"
"FACE Lab","Matthews","3","OVME","177","4.8","5.07","https://www.google.com/maps/search/?api=1&query=OVME&query_place_id=ChIJ9YEChbknVIgRp9cPx2pXepU"
"Nuance Facial Plastics - Dr. Summit Kundaria","Charlotte","1","Charlotte Skin and Laser","1421","4.8","0.08","https://www.google.com/maps/search/?api=1&query=Charlotte%20Skin%20and%20Laser&query_place_id=ChIJycaGvfGfVogRBBJsia9Hljo"
"Nuance Facial Plastics - Dr. Summit Kundaria","Charlotte","2","CLT Aesthetics","113","5.0","0.65","https://www.google.com/maps/search/?api=1&query=CLT%20Aesthetics&query_place_id=ChIJA5rWVF6fVogRLVtMdVZvBe8"
"Nuance Facial Plastics - Dr. Summit Kundaria","Charlotte","3","Valencia Voci Medical Aesthetics & Wellness","69","5.0","0.88","https://www.google.com/maps/search/?api=1&query=Valencia%20Voci%20Medical%20Aesthetics%20%26%20Wellness&query_place_id=ChIJrYJrl-KfVogRfUM6hJ_D-T8"
"Drip IV Wellness & MedSpa","Charlotte","1","Charlotte Skin and Laser","1421","4.8","2.87","https://www.google.com/maps/search/?api=1&query=Charlotte%20Skin%20and%20Laser&query_place_id=ChIJycaGvfGfVogRBBJsia9Hljo"
"Drip IV Wellness & MedSpa","Charlotte","2","CLT Aesthetics","113","5.0","2.73","https://www.google.com/maps/search/?api=1&query=CLT%20Aesthetics&query_place_id=ChIJA5rWVF6fVogRLVtMdVZvBe8"
"Drip IV Wellness & MedSpa","Charlotte","3","Nuance Facial Plastics - Dr. Summit Kundaria","74","4.9","2.79","https://www.google.com/maps/search/?api=1&query=Nuance%20Facial%20Plastics%20-%20Dr.%20Summit%20Kundaria&query_place_id=ChIJcT3RBn0gVIgRyVKYopHHDIE"
"Skin Pharm","Charlotte","1","H/K/B Cosmetic Surgery","470","5.0","1.24","https://www.google.com/maps/search/?api=1&query=H%2FK%2FB%20Cosmetic%20Surgery&query_place_id=ChIJOfLU32meVogRSZFxlQwYVo0"
"Skin Pharm","Charlotte","2","Evolve Medical Associates","247","5.0","1.23","https://www.google.com/maps/search/?api=1&query=Evolve%20Medical%20Associates&query_place_id=ChIJ31rgPmieVogRW9GScPJ3jag"
"Skin Pharm","Charlotte","3","GLO30 Charlotte Park Road","168","5.0","0.5","https://www.google.com/maps/search/?api=1&query=GLO30%20Charlotte%20Park%20Road&query_place_id=ChIJa-kJBO-fVogRB4_zULzbFnU"
"Peachy Charlotte South End","Charlotte","1","Capizzi, MD Cosmetic Surgery & Med Spa in Charlotte NC","640","4.8","0.77","https://www.google.com/maps/search/?api=1&query=Capizzi%2C%20MD%20Cosmetic%20Surgery%20%26%20Med%20Spa%20in%20Charlotte%20NC&query_place_id=ChIJO5zbbfSfVogRTR9SVuqdjHE"
"Peachy Charlotte South End","Charlotte","2","Skin By Blair","515","5.0","0.5","https://www.google.com/maps/search/?api=1&query=Skin%20By%20Blair&query_place_id=ChIJRx14-2afVogRUWqocKaPFaQ"
"Peachy Charlotte South End","Charlotte","3","OVME","441","4.8","0.1","https://www.google.com/maps/search/?api=1&query=OVME&query_place_id=ChIJvfJ0hDSfVogR1scLNvT2iww"
"Ballantyne Plastic Surgery","Charlotte","1","4Ever Young Med Spa & Wellness Center - Charlotte Carmel Village","206","5.0","2.19","https://www.google.com/maps/search/?api=1&query=4Ever%20Young%20Med%20Spa%20%26%20Wellness%20Center%20-%20Charlotte%20Carmel%20Village&query_place_id=ChIJ0SMNP3ydVogRR4Po8sIUMoQ"
"Ballantyne Plastic Surgery","Charlotte","2","Cool Renewal Med Spa","131","4.7","2.21","https://www.google.com/maps/search/?api=1&query=Cool%20Renewal%20Med%20Spa&query_place_id=ChIJA-TsK6idVogRZNMFWdDRGKs"
"Ballantyne Plastic Surgery","Charlotte","3","Avi Aesthetics Medical Spa","67","5.0","2.01","https://www.google.com/maps/search/?api=1&query=Avi%20Aesthetics%20Medical%20Spa&query_place_id=ChIJm3epnhOdVogRJnR9Ut-8SZY"
"Beck Aesthetic Surgery - Dr. Joel Beck","Charlotte","1","Providence Plastic Surgery & Skin Center","644","4.9","0.12","https://www.google.com/maps/search/?api=1&query=Providence%20Plastic%20Surgery%20%26%20Skin%20Center&query_place_id=ChIJA-yVjwkoVIgR4j-jXwvHoQo"
"Beck Aesthetic Surgery - Dr. Joel Beck","Charlotte","2","OVME","177","4.8","0.36","https://www.google.com/maps/search/?api=1&query=OVME&query_place_id=ChIJ9YEChbknVIgRp9cPx2pXepU"
"Beck Aesthetic Surgery - Dr. Joel Beck","Charlotte","3","Essential Aesthetics and Laser","142","4.9","1.76","https://www.google.com/maps/search/?api=1&query=Essential%20Aesthetics%20and%20Laser&query_place_id=ChIJ6d0e9AIoVIgRzK3XeaxhCCg"
"H/K/B Cosmetic Surgery","Charlotte","1","Carolina Facial Plastics","617","4.9","0.78","https://www.google.com/maps/search/?api=1&query=Carolina%20Facial%20Plastics&query_place_id=ChIJx_AlrxaeVogR8bRbMniXpos"
"H/K/B Cosmetic Surgery","Charlotte","2","Infinity MedSpa and Wellness","600","4.9","0.73","https://www.google.com/maps/search/?api=1&query=Infinity%20MedSpa%20and%20Wellness&query_place_id=ChIJHQrMMxSeVogRhW21QWOsTSo"
"H/K/B Cosmetic Surgery","Charlotte","3","Med Spa","458","4.3","0.47","https://www.google.com/maps/search/?api=1&query=Med%20Spa&query_place_id=ChIJVVVVURWeVogRdkvFa3Sw6PM"
"Cool Renewal Med Spa","Charlotte","1","Aesthetic Surgery of Charlotte","412","5.0","0.42","https://www.google.com/maps/search/?api=1&query=Aesthetic%20Surgery%20of%20Charlotte&query_place_id=ChIJuWJhusenVogRbkMaeyvWNlM"
"Cool Renewal Med Spa","Charlotte","2","4Ever Young Med Spa & Wellness Center - Charlotte Carmel Village","206","5.0","0.04","https://www.google.com/maps/search/?api=1&query=4Ever%20Young%20Med%20Spa%20%26%20Wellness%20Center%20-%20Charlotte%20Carmel%20Village&query_place_id=ChIJ0SMNP3ydVogRR4Po8sIUMoQ"
"Cool Renewal Med Spa","Charlotte","3","Courtney Moseley - The Plastic PA","187","5.0","0.42","https://www.google.com/maps/search/?api=1&query=Courtney%20Moseley%20-%20The%20Plastic%20PA&query_place_id=ChIJC-I13C4nVIgR1h-IuxIYZTs"
"Lorena Luca MED + SPA - RALEIGH","Raleigh","1","Prime MD Aesthetics + Wellness","346","5.0","0.33","https://www.google.com/maps/search/?api=1&query=Prime%20MD%20Aesthetics%20%2B%20Wellness&query_place_id=ChIJMU_sX3D6rIkRejtRL7WsJW0"
"Lorena Luca MED + SPA - RALEIGH","Raleigh","2","Carlino Aesthetics","244","4.9","2.92","https://www.google.com/maps/search/?api=1&query=Carlino%20Aesthetics&query_place_id=ChIJzUN-fz71rIkRpYmMvYTQC8U"
"Lorena Luca MED + SPA - RALEIGH","Raleigh","3","Hello Beautiful Boutique Medspa","135","5.0","1.38","https://www.google.com/maps/search/?api=1&query=Hello%20Beautiful%20Boutique%20Medspa&query_place_id=ChIJsYOrFjtfrIkR_N-l2Hj5Vjw"
"Awaken IV Therapy - Boulder","Boulder","1","Boulder Valley Laser & Cosmetic","118","4.7","2.17","https://www.google.com/maps/search/?api=1&query=Boulder%20Valley%20Laser%20%26%20Cosmetic&query_place_id=ChIJ9xsQTO_ta4cRAhdFqjiEbnk"
"Awaken IV Therapy - Boulder","Boulder","2","Clarity Dermatology","106","4.7","2.05","https://www.google.com/maps/search/?api=1&query=Clarity%20Dermatology&query_place_id=ChIJ1WMk5a3ta4cRLEkh28I7uU4"
"Awaken IV Therapy - Boulder","Boulder","3","Highline Aesthetics","105","5.0","1.1","https://www.google.com/maps/search/?api=1&query=Highline%20Aesthetics&query_place_id=ChIJGcEYS3zva4cRzvgB7WuGFME"
"LeMuse Health & Medical Aesthetics","Kirkland","1","LaserAway Kirkland","319","4.4","0.33","https://www.google.com/maps/search/?api=1&query=LaserAway%20Kirkland&query_place_id=ChIJG2u1wG8VkFQR4n9VFGm687Q"
"LeMuse Health & Medical Aesthetics","Kirkland","2","SkinSpirit Kirkland (Totem Lake)","235","4.9","0.36","https://www.google.com/maps/search/?api=1&query=SkinSpirit%20Kirkland%20(Totem%20Lake)&query_place_id=ChIJS-1HIWgNkFQRa375pnWDZP8"
"LeMuse Health & Medical Aesthetics","Kirkland","3","Aura Laser Skin Care","216","2.9","1.26","https://www.google.com/maps/search/?api=1&query=Aura%20Laser%20Skin%20Care&query_place_id=ChIJHzw1OAsSkFQRa7WOPbzyXMY"
"RIVKIN Aesthetics","Los Angeles","1","West Empire Aesthetics","367","5.0","0.02","https://www.google.com/maps/search/?api=1&query=West%20Empire%20Aesthetics&query_place_id=ChIJJ1XaLRy7woARL6ADbLaLPKs"
"RIVKIN Aesthetics","Los Angeles","2","Kian Aesthetic Institute","363","5.0","0.74","https://www.google.com/maps/search/?api=1&query=Kian%20Aesthetic%20Institute&query_place_id=ChIJKejX2WC7woARg29KU_wdJ2A"
"RIVKIN Aesthetics","Los Angeles","3","Harmony Aesthetics Center","255","5.0","0.62","https://www.google.com/maps/search/?api=1&query=Harmony%20Aesthetics%20Center&query_place_id=ChIJWwdYPhe7woARkSaoSSG1hlU"
"Santosha Aesthetics, Inc.","Beverly Hills","1","Skin 22","627","4.9","0.16","https://www.google.com/maps/search/?api=1&query=Skin%2022&query_place_id=ChIJ7yFq9jW5woAR4lQ4TRQ3sDQ"
"Santosha Aesthetics, Inc.","Beverly Hills","2","NakedMD Med Spa Beverly Hills","527","4.9","0.23","https://www.google.com/maps/search/?api=1&query=NakedMD%20Med%20Spa%20Beverly%20Hills&query_place_id=ChIJRYLC-M-5woART88mMxge7VU"
"Santosha Aesthetics, Inc.","Beverly Hills","3","Skin Verse Medical Spa","230","4.8","0.17","https://www.google.com/maps/search/?api=1&query=Skin%20Verse%20Medical%20Spa&query_place_id=ChIJnfLGEf-5woARleae0sV9rac"
"Ava MD","Santa Monica","1","NakedMD Med Spa Santa Monica","482","4.9","0.58","https://www.google.com/maps/search/?api=1&query=NakedMD%20Med%20Spa%20Santa%20Monica&query_place_id=ChIJj9wJhgC7woARIYF39Dti9ck"
"Ava MD","Santa Monica","2","Dr. Tanya Kormeili: Derm & Rejuvenation Institute of Santa Monica","325","4.9","0.63","https://www.google.com/maps/search/?api=1&query=Dr.%20Tanya%20Kormeili%3A%20Derm%20%26%20Rejuvenation%20Institute%20of%20Santa%20Monica&query_place_id=ChIJXynot8qkwoARyS9nJ2YE5lA"
"Ava MD","Santa Monica","3","The Pimple Place®","147","4.8","0.57","https://www.google.com/maps/search/?api=1&query=The%20Pimple%20Place%C2%AE&query_place_id=ChIJFzEiqei7woAR9cjFzIelB1s"
"Nourish Skin and Wellness","Raleigh","1","Synergy Face + Body | Inside The Beltline","347","4.8","1.26","https://www.google.com/maps/search/?api=1&query=Synergy%20Face%20%2B%20Body%20%7C%20Inside%20The%20Beltline&query_place_id=ChIJY0uLGgH2rIkR-okiq5Jq2-Y"
"Nourish Skin and Wellness","Raleigh","2","JP MED SPA","235","4.9","0.92","https://www.google.com/maps/search/?api=1&query=JP%20MED%20SPA&query_place_id=ChIJvS0um1ZZrIkRV5DWrWJTmd8"
"Nourish Skin and Wellness","Raleigh","3","Skin Pharm","110","5.0","1.44","https://www.google.com/maps/search/?api=1&query=Skin%20Pharm&query_place_id=ChIJX_6Xs6RZrIkRxtG6Z8KPeEI"
