"name","city","state","zip","phone","website","instagram","email","email_source","google_review_count","google_star_rating","address","gbp_url","categories","top_competitor_1_name","top_competitor_1_reviews","top_competitor_1_stars","top_competitor_1_distance","top_competitor_2_name","top_competitor_2_reviews","top_competitor_2_stars","top_competitor_2_distance","top_competitor_3_name","top_competitor_3_reviews","top_competitor_3_stars","top_competitor_3_distance","notes","call_status","call_attempts","last_attempted"
"Lisse Aesthetics","Dallas","Texas","75231","(469) 264-5162","https://www.lisseaesthetics.com/","","info@lisseaesthetics.com","contact_page","155","5.0","10300 N Central Expy #115, Dallas, TX 75231","https://www.google.com/maps/search/?api=1&query=Lisse%20Aesthetics&query_place_id=ChIJ2S5HowcupmwREps5rpigD5A","Medical spa","NakedMD Med Spa Dallas","582","4.9","2.01","OMNI SCULPT MD: Med Spa","463","5.0","0.21","AYA Medical Spa Dallas - University Park","139","5.0","2.8","","not_called","0",""
"Bare Aesthetics Dallas","Dallas","Texas","75219","(214) 980-4371","http://www.bareaestheticsdallas.com/","","","","125","5.0","3300 Oak Lawn Ave #106, Dallas, TX 75219","https://www.google.com/maps/search/?api=1&query=Bare%20Aesthetics%20Dallas&query_place_id=ChIJB4JKwjufToYRKJVN9-9lZ10","Medical spa","It's A Secret Med Spa","574","4.6","0.77","Lemmon Avenue Plastic Surgery and Laser Center","444","4.9","0.76","OVME","250","4.8","0.53","","not_called","0",""
"Bella MedSpa - Dallas MedSpa","Dallas","Texas","75208","(972) 762-4636","http://www.bellamedspadfw.com/","","","","508","4.8","412 S Llewellyn Ave #150, Dallas, TX 75208","https://www.google.com/maps/search/?api=1&query=Bella%20MedSpa%20-%20Dallas%20MedSpa&query_place_id=ChIJhXBDi2OZToYReAfRqIZuXdM","Medical spa","Calypso Aesthetic Lab","203","5.0","3.77","VIV Wellness","111","5.0","3.42","Dallas Aesthetic Studio","110","5.0","2.98","","not_called","0",""
"It's A Secret Med Spa","Dallas","Texas","75204","(469) 789-0004","https://secretmedspa.com/dallas-tx/","","","","574","4.6","2935 Blackburn St Suite 100, Dallas, TX 75204","https://www.google.com/maps/search/?api=1&query=It's%20A%20Secret%20Med%20Spa&query_place_id=ChIJsSzHhjGZToYRNTzakPv8gq8","Medical spa; Facial spa","Lemmon Avenue Plastic Surgery and Laser Center","444","4.9","0.25","OVME","250","4.8","0.72","SkinSpirit West Village Dallas","150","4.9","0.11","","not_called","0",""
"Calypso Aesthetic Lab","Dallas","Texas","75226","(832) 622-6294","http://www.calypsoaestheticlab.com/","","calypsoaestheticlab@gmail.com","contact_page","203","5.0","1526 S Good Latimer Expy Suite 100, Dallas, TX 75226","https://www.google.com/maps/search/?api=1&query=Calypso%20Aesthetic%20Lab&query_place_id=ChIJTTvaCtqdToYRYdiL9GnoJuk","Medical spa; Facial spa; Skin care clinic","Mara's Med Spa","603","4.8","1.61","Lemmon Avenue Plastic Surgery and Laser Center","444","4.9","2.03","The Science of Beauty","201","5.0","1.44","","not_called","0",""
"Aurum Health","Dallas","Texas","75206","(214) 865-7800","http://www.aurumhealth.com/","","info@aurum.health","contact_page","244","4.9","4300 N Central Expy #110, Dallas, TX 75206","https://www.google.com/maps/search/?api=1&query=Aurum%20Health&query_place_id=ChIJD8LET6GZToYRSleYd2kkdPw","Medical spa; Tanning salon","UPKEEP Med Spa","887","4.9","0.34","It's A Secret Med Spa","574","4.6","0.79","OVME","250","4.8","0.79","","not_called","0",""
"Lily Aesthetics & Wellness","Dallas","Texas","75254","(972) 503-5459","https://www.lilymedspa.com/?utm_source=google&utm_medium=organic&utm_campaign=gbp-website","","info@lilymedspa.com","contact_page","166","4.8","14785 Preston Rd #175, Dallas, TX 75254","https://www.google.com/maps/search/?api=1&query=Lily%20Aesthetics%20%26%20Wellness&query_place_id=ChIJx9w0IBAhTIYRINvY5qzWl68","Medical spa","NakedMD Med Spa Dallas","582","4.9","3.22","SkinSpaMED","421","4.9","1.35","Rejuve Med Spa","302","4.8","3.6","","not_called","0",""
"Medical Aesthetics of North Dallas","Plano","Texas","75024","(214) 577-1777","https://northdallasmedspa.com/?utm_source=GMBSocialClimb&utm_medium=MedicalAestheticsofNorthDallas","","","","153","4.9","6541 Preston Rd STE 300, Plano, TX 75024","https://www.google.com/maps/search/?api=1&query=Medical%20Aesthetics%20of%20North%20Dallas&query_place_id=ChIJjbdK20wiTIYR0nqdZPir3lw","Skin care clinic; Laser hair removal service; Medical spa","U Med Spa","1165","4.9","1.72","It's A Secret Med Spa","380","4.8","2.0","OVME","160","4.7","2.05","","not_called","0",""
"Total Med Solutions","Dallas","Texas","75209","(214) 522-2887","https://totalmedsolutions.com/","","","","343","4.8","5610 Lemmon Ave # D, Dallas, TX 75209","https://www.google.com/maps/search/?api=1&query=Total%20Med%20Solutions&query_place_id=ChIJqacCkQWfToYR4EUy8H6hEBk","Medical spa","ZO Skin Centre","486","4.9","1.45","Well Labs+ Medspa Dallas","359","4.9","1.55","CULT Aesthetics","352","4.9","0.89","","not_called","0",""
"Modern Medical Spa","Dallas","Texas","75240","(972) 331-7727","http://www.modernmedicalspa.com/","","","","109","4.9","5422 Alpha Rd, Dallas, TX 75240","https://www.google.com/maps/search/?api=1&query=Modern%20Medical%20Spa&query_place_id=ChIJF_RQA0whTIYR_TmA6mrTZ2w","Medical spa","NakedMD Med Spa Dallas","582","4.9","3.03","OMNI SCULPT MD: Med Spa","463","5.0","4.03","SkinSpaMED","421","4.9","0.13","","not_called","0",""
"Skin Spa New York North Station","Boston","Massachusetts","02114","(617) 936-3362","https://skinspanewyork.com/pages/north-station-spa?utm_source=google&utm_medium=organic&utm_campaign=google-business-profile-north-station","","info@skinspanewyork.com","contact_page","231","4.9","105 Canal St, Boston, MA 02114","https://www.google.com/maps/search/?api=1&query=Skin%20Spa%20New%20York%20North%20Station&query_place_id=ChIJt9-1WaNx44kRW_oKLlcxNv4","Medical spa; Facial spa; Laser hair removal service; Massage spa; Skin care clinic; Spa","Skin Spa New York - Back Bay","381","4.8","1.64","Restore Hyper Wellness","188","4.9","2.13","Skin Laundry - Arsenal Yards","174","4.7","5.06","","not_called","0",""
"Rejuve Med Spa","Dallas","Texas","75252","(972) 265-1590","https://www.rejuvemedspa.com/?utm_source=google&utm_medium=organic&utm_campaign=gbp","","salilgandhi@gmail.com","contact_page","302","4.8","18220 Preston Rd, Dallas, TX 75252","https://www.google.com/maps/search/?api=1&query=Rejuve%20Med%20Spa&query_place_id=ChIJrTEvDMwjTIYRD16bpXaOzH8","Medical spa; Skin care clinic; Tattoo removal service; Weight loss service; Wellness center","Metamorph Med Spa","467","5.0","0.87","Uplift Medspa Health & Wellness","144","5.0","1.07","Princess Med Spa","121","4.9","1.03","","not_called","0",""
"Mara's Med Spa","Dallas","Texas","75201","(469) 730-3333","https://www.marasmedspa.com/","","uptown@marasmedspa.com","contact_page","603","4.8","2222 McKinney Ave Unit 120, Dallas, TX 75201","https://www.google.com/maps/search/?api=1&query=Mara's%20Med%20Spa&query_place_id=ChIJVTgC-i-ZToYRnhM8bs_V0V8","Medical spa","It's A Secret Med Spa","574","4.6","1.05","Lemmon Avenue Plastic Surgery and Laser Center","444","4.9","0.8","SkinSpirit West Village Dallas","150","4.9","1.01","","not_called","0",""
"InjectCo MedSpa Dallas","Dallas","Texas","75204","(214) 216-1033","https://injectco.com/services/med-spa-dallas-tx/?utm_source=google&utm_medium=organic&utm_campaign=gbp-dallas","","hello@injectco.com","contact_page","141","5.0","2520 N Carroll Ave, Dallas, TX 75204","https://www.google.com/maps/search/?api=1&query=InjectCo%20MedSpa%20Dallas&query_place_id=ChIJSWOzaeifToYRvJrkXYkPrAQ","Medical spa; Facial spa; Hair replacement service; Women's health clinic; Skin care clinic; Weight loss service; Wellness center","UPKEEP Med Spa","887","4.9","0.7","It's A Secret Med Spa","574","4.6","0.43","Lemmon Avenue Plastic Surgery and Laser Center","444","4.9","0.64","","not_called","0",""
"CULT Aesthetics","Dallas","Texas","75219","(469) 720-1086","https://www.cultaesthetics.com/dallas/","","","","352","4.9","4525 Lemmon Ave Suite 240, Dallas, TX 75219","https://www.google.com/maps/search/?api=1&query=CULT%20Aesthetics&query_place_id=ChIJFX32ikGZToYRsMJi8wiyMQo","Medical spa; Skin care clinic","ZO Skin Centre","486","4.9","0.75","Total Med Solutions","343","4.8","0.89","OVME","250","4.8","0.82","","not_called","0",""
"Dallas Aesthetic Studio","Dallas","Texas","75202","(469) 442-9792","https://tericawright.glossgenius.com/services","","","","110","5.0","701 Commerce St Suite, Dallas, TX 75202","https://www.google.com/maps/search/?api=1&query=Dallas%20Aesthetic%20Studio&query_place_id=ChIJs2Doe-iZToYR1KHKTP18mUQ","Skin care clinic; Medical spa","Mara's Med Spa","603","4.8","1.04","Lemmon Avenue Plastic Surgery and Laser Center","444","4.9","1.83","Calypso Aesthetic Lab","203","5.0","1.35","","not_called","0",""
"VIV Wellness","Dallas","Texas","75219","(972) 803-3957","http://vivwellness.com/","","info@vivwellness.com","contact_page","111","5.0","2401 Victory Park Ln Suite 110, Dallas, TX 75219","https://www.google.com/maps/search/?api=1&query=VIV%20Wellness&query_place_id=ChIJ53d-3qSZToYRbwVvERiF6kc","Medical spa; Doctor; Facial spa; Laser hair removal service; Medical clinic; Weight loss service; Wellness center","Mara's Med Spa","603","4.8","0.59","Lemmon Avenue Plastic Surgery and Laser Center","444","4.9","1.36","SkinSpirit West Village Dallas","150","4.9","1.56","","not_called","0",""
"Ember Medical Spa","Dallas","Texas","75205","(469) 518-8195","https://embermedspadallas.com/","","info@embermedspadallas.com","contact_page","94","5.0","6607 Hillcrest Ave #200, Dallas, TX 75205","https://www.google.com/maps/search/?api=1&query=Ember%20Medical%20Spa&query_place_id=ChIJDZziHwGfToYREmevhjNwp1E","Medical spa","UPKEEP Med Spa","887","4.9","2.01","ZO Skin Centre","486","4.9","2.0","Sanjiva Medical Spa","246","5.0","1.73","","not_called","0",""
"Timeless Beauty Med Spa","Dallas","Texas","75208","(682) 816-7279","https://www.timelessbeautytx.com/","","","","77","4.8","111 W Davis St Suite 160, Loft 13, Dallas, TX 75208","https://www.google.com/maps/search/?api=1&query=Timeless%20Beauty%20Med%20Spa&query_place_id=ChIJy8UePcc5TIYRp0Pg4Pe05v0","Medical spa; Facial spa; Skin care clinic; Spa; Wellness program","Bella MedSpa - Dallas MedSpa","508","4.8","0.76","Calypso Aesthetic Lab","203","5.0","3.02","VIV Wellness","111","5.0","2.72","","not_called","0",""
"SkinSpaMED","Dallas","Texas","75240","(972) 392-3895","http://skinspamed.com/","","Marie@skinspamed.com","contact_page","421","4.9","5330 Alpha Rd #100, Dallas, TX 75240","https://www.google.com/maps/search/?api=1&query=SkinSpaMED&query_place_id=ChIJw2ZFgt4gTIYRESSpN1nY-2I","Medical spa; Laser hair removal service","NakedMD Med Spa Dallas","582","4.9","3.15","OMNI SCULPT MD: Med Spa","463","5.0","4.12","Lily Aesthetics & Wellness","166","4.8","1.35","","not_called","0",""
"UPKEEP Med Spa","Dallas","Texas","75206","(833) 875-3377","https://www.upkeepmedspa.com/","","info@upkeepmedspa.com","contact_page","887","4.9","5207 Bonita Ave, Dallas, TX 75206","https://www.google.com/maps/search/?api=1&query=UPKEEP%20Med%20Spa&query_place_id=ChIJAR_dnRWfToYR5ElZ5LxdzTg","Medical spa; Facial spa; Laser hair removal service; Skin care clinic; Tattoo removal service","It's A Secret Med Spa","574","4.6","1.05","OVME","250","4.8","1.13","Aurum Health","244","4.9","0.34","","not_called","0",""
"It's A Secret Med Spa","Fort Worth","Texas","76107","(817) 385-4814","https://secretmedspa.com/fort-worth-tx/","","","","308","4.7","2917 Crockett St, Fort Worth, TX 76107","https://www.google.com/maps/search/?api=1&query=It's%20A%20Secret%20Med%20Spa&query_place_id=ChIJ_wc3yzRzToYRKgq7xXuE7x8","Medical spa; Facial spa","Fort Worth Plastic Surgery","1067","4.9","1.12","Vitalyc Medspa","383","4.9","1.58","Hanami Medspa: Elaine Phuah, DO, MBA, FACOI","254","4.9","1.28","","not_called","0",""
"Aesteem Aesthetics","Dallas","Texas","75206","(945) 319-6690","https://aesteemaesthetics.com/?utm_source=google&utm_medium=organic&utm_campaign=gbp","","","","124","4.9","One Energy Square, 4925 Greenville Ave Suite 550, Dallas, TX 75206","https://www.google.com/maps/search/?api=1&query=Aesteem%20Aesthetics&query_place_id=ChIJc3LePqqfToYRi0-ymVcKBpM","Medical spa; Beauty school; Facial spa","UPKEEP Med Spa","887","4.9","2.08","Aurum Health","244","4.9","2.27","AYA Medical Spa Dallas - University Park","139","5.0","1.02","","not_called","0",""
"The Retreat Medical Spa","Fort Worth","Texas","76104","(817) 887-9956","http://theretreatmedspa.com/","","info@mclaughlinmd.com","contact_page","73","4.9","1200 W Magnolia Ave Suite #100, Fort Worth, TX 76104","https://www.google.com/maps/search/?api=1&query=The%20Retreat%20Medical%20Spa&query_place_id=ChIJ94-PS3ZxToYRedfv9s5S-BU","Medical spa; Facial spa; Hair replacement service; Laser hair removal service; Plastic surgery clinic; Skin care clinic; Waxing hair removal service","Fort Worth Plastic Surgery","1067","4.9","0.74","Hanami Medspa: Elaine Phuah, DO, MBA, FACOI","254","4.9","0.52","Youthful Magnolia","145","5.0","0.31","","not_called","0",""
"Sanjiva Medical Spa","Dallas","Texas","75209","(469) 336-6769","https://sanjivamedspa.com/","","Hello@Sanjivamedspa.com","contact_page","246","5.0","5633 W Lovers Ln, Dallas, TX 75209","https://www.google.com/maps/search/?api=1&query=Sanjiva%20Medical%20Spa&query_place_id=ChIJNRZQOFefToYRoAIyBbPcbXI","Medical spa; Facial spa; Health and beauty shop; Laser hair removal service; Plastic surgery clinic; Skin care clinic; Spa; Weight loss service; Wellness center","Well Labs+ Medspa Dallas","359","4.9","0.49","CULT Aesthetics","352","4.9","2.22","Total Med Solutions","343","4.8","1.63","","not_called","0",""
"Kalos Medical Spa at Kirby Plastic Surgery","Fort Worth","Texas","76109","(817) 292-4200","https://www.kalosmedicalspa.com/?utm_source=google&utm_medium=local","","","","351","5.0","5075 Edwards Ranch Rd, Fort Worth, TX 76109","https://www.google.com/maps/search/?api=1&query=Kalos%20Medical%20Spa%20at%20Kirby%20Plastic%20Surgery&query_place_id=ChIJp14MFC5zToYRdaad_Mu9UII","Medical spa; Facial spa; Laser hair removal service; Plastic surgeon; Skin care clinic","Beverly Hills Rejuvenation Center","198","4.7","1.55","OrangeTwist","120","4.8","1.18","InjectCo MedSpa Fort Worth","100","5.0","1.46","","not_called","0",""
"Youthful Magnolia","Fort Worth","Texas","76104","(682) 261-7757","https://youthfulmagnolia.com/","","info@youthfulmagnolia.com","contact_page","145","5.0","1307 8th Ave #404, Fort Worth, TX 76104","https://www.google.com/maps/search/?api=1&query=Youthful%20Magnolia&query_place_id=ChIJKfBVkXVxToYRQoOEfRo5a2Q","Medical spa; Wellness center","Fort Worth Plastic Surgery","1067","4.9","0.52","Hanami Medspa: Elaine Phuah, DO, MBA, FACOI","254","4.9","0.41","The Retreat Medical Spa","73","4.9","0.31","","not_called","0",""
"Heyday Skincare Seaport","Boston","Massachusetts","02210","(617) 843-8336","https://www.heydayskincare.com/","","hello@heydayskincare.com","contact_page","162","4.8","41 Northern Ave, Boston, MA 02210","https://www.google.com/maps/search/?api=1&query=Heyday%20Skincare%20Seaport&query_place_id=ChIJkSqjqllx44kRFYMKs8dNSTw","Facial spa; Beautician; Day spa; Skin care clinic; Spa","Skin Spa New York - Back Bay","381","4.8","1.92","Skin Spa New York North Station","231","4.9","1.05","Restore Hyper Wellness","188","4.9","3.17","","not_called","0",""
"Bougie Aesthetics","Fort Worth","Texas","76102","(817) 229-0014","https://www.bougieaesthetics.net/","","Hero@1.2x-4-7-2.avif","contact_page","111","4.8","500 W 7th St Suite 1714, Fort Worth, TX 76102","https://www.google.com/maps/search/?api=1&query=Bougie%20Aesthetics&query_place_id=ChIJWXF8qTPZTYYROcA-rVQYU-8","Medical spa; Plastic surgery clinic; Skin care clinic; Wellness center","Hanami Medspa: Elaine Phuah, DO, MBA, FACOI","254","4.9","1.21","Tina Torres Cosmetics","135","4.9","0.66","Skin Beauty Med Spa","79","5.0","1.13","","not_called","0",""
"The Science of Beauty","Dallas","Texas","75204","(214) 272-9240","https://www.thescienceofbeauty.co/","","Info@thescienceofbeautydallas.com","contact_page","201","5.0","4101 Bryan St #100, Dallas, TX 75204","https://www.google.com/maps/search/?api=1&query=The%20Science%20of%20Beauty&query_place_id=ChIJlRYFrG-ZToYR8Q7o9DDXScI","Medical spa","It's A Secret Med Spa","574","4.6","1.01","Lemmon Avenue Plastic Surgery and Laser Center","444","4.9","0.99","SkinSpirit West Village Dallas","150","4.9","1.1","","not_called","0",""
"H2 Wellness & MedSpa","Fort Worth","Texas","76114","(817) 241-2485","https://h2medspa.com/","","info@h2medspa.com","contact_page","76","5.0","4900 White Settlement Rd, Fort Worth, TX 76114","https://www.google.com/maps/search/?api=1&query=H2%20Wellness%20%26%20MedSpa&query_place_id=ChIJsV5GO7p1ToYR7xeCJi-Zz7Y","Medical spa","It's A Secret Med Spa","308","4.7","2.29","Beverly Hills Rejuvenation Center","198","4.7","2.0","InjectCo MedSpa Fort Worth","100","5.0","2.03","","not_called","0",""
"KAYO Aesthetics","Fort Worth","Texas","76109","(817) 717-5117","https://kayoaesthetics.com/?utm_source=GBP","","shyanne@kayoaesthetics.com","contact_page","62","4.9","5924 Convair Dr ste 444 room 6, Fort Worth, TX 76109","https://www.google.com/maps/search/?api=1&query=KAYO%20Aesthetics&query_place_id=ChIJ9wE4czZzToYRdtsPRjlOJyw","Medical spa","SKINTECH SPA - Fort Worth","745","4.6","0.47","A Nurses Touch Skin Care & Med Spa","604","4.9","0.61","Kalos Medical Spa at Kirby Plastic Surgery","351","5.0","1.24","","not_called","0",""
"Restore Hyper Wellness","South Portland","Maine","04106","(207) 250-4444","http://www.restore.com/locations/me-south-portland-me001?utm_source=gmb&utm_medium=Yext&y_source=1_Njg4NzM3MDItNzE1LWxvY2F0aW9uLndlYnNpdGU%3D","","frontdeskME001@restore.com","contact_page","156","4.9","100 Gorham Rd, South Portland, ME 04106","https://www.google.com/maps/search/?api=1&query=Restore%20Hyper%20Wellness&query_place_id=ChIJo2-8v0SZskwRn_qIPO20EpM","Medical spa; IV therapy service; Wellness center","","0","0.0","0.0","","0","0.0","0.0","","0","0.0","0.0","","not_called","0",""
"R&R Aesthetics & Wellness","Fort Worth","Texas","76140","(817) 662-2550","http://www.rrawellness.com/","","office@rrawellness.com","contact_page","105","5.0","6440 Rendon Bloodworth Rd, Fort Worth, TX 76140","https://www.google.com/maps/search/?api=1&query=R%26R%20Aesthetics%20%26%20Wellness&query_place_id=ChIJeQ-KaWNnToYRbzuZPUj-RII","Medical spa; Facial spa; Hair replacement service; Laser hair removal service; Skin care clinic; Weight loss service; Wellness center","","0","0.0","0.0","","0","0.0","0.0","","0","0.0","0.0","","not_called","0",""
"Restore Hyper Wellness","Mt Kisco","New York","10549","(845) 871-2503","https://www.restore.com/locations/ny-mt-kisco-ny006?utm_source=gmb&utm_medium=Yext&y_source=1_MzE2Mjk4OTYtNzE1LWxvY2F0aW9uLndlYnNpdGU%3D","","frontdeskNY006@restore.com","contact_page","362","4.9","195 N Bedford Rd Suite 8, Mt Kisco, NY 10549","https://www.google.com/maps/search/?api=1&query=Restore%20Hyper%20Wellness&query_place_id=ChIJjf_06M67wokRGYv3A3H56dY","Medical spa; IV therapy service; Wellness center","","0","0.0","0.0","","0","0.0","0.0","","0","0.0","0.0","","not_called","0",""
"Restore Hyper Wellness","Westport","Connecticut","06880","(203) 557-0644","https://www.restore.com/locations/ct-westport-ct001?utm_source=gmb&utm_medium=Yext&y_source=1_MzE2Mjk4MzctNzE1LWxvY2F0aW9uLndlYnNpdGU%3D","","frontdeskCT001@restore.com","contact_page","240","4.9","877 Post Rd E, Westport, CT 06880","https://www.google.com/maps/search/?api=1&query=Restore%20Hyper%20Wellness&query_place_id=ChIJ_xtc_wUb6IkRN-dCf-Jbm5E","Medical spa; IV therapy service; Wellness center","Lil Brit of Wax and Facials","42","5.0","7.99","","0","0.0","0.0","","0","0.0","0.0","","not_called","0",""
"Dallas Pro Aesthetics","Dallas","Texas","75240","(945) 312-1585","https://dallasproaesthetics.com/","","info@dallasproaesthetics.com","contact_page","60","4.9","Located inside of Image Studios, 13846 Dallas Pkwy Ste 150 Suite 127, Dallas, TX 75240","https://www.google.com/maps/search/?api=1&query=Dallas%20Pro%20Aesthetics&query_place_id=ChIJI8SOhKYhTIYRK0cwbea5tbs","Facial spa","NakedMD Med Spa Dallas","582","4.9","3.44","OMNI SCULPT MD: Med Spa","463","5.0","4.42","SkinSpaMED","421","4.9","0.3","","not_called","0",""
"Cosmetic And Laser Center Botox Clinic","Boston","Massachusetts","02210","(617) 904-3660","http://www.1bostonlaser.com/","","appointments@330congress.com","contact_page","158","4.5","330 Congress St, Boston, MA 02210","https://www.google.com/maps/search/?api=1&query=Cosmetic%20And%20Laser%20Center%20Botox%20Clinic&query_place_id=ChIJJ3sC_H9w44kRiU40_00ZRv0","Medical spa; Hair removal service; Hair replacement service; Laser hair removal service; Skin care clinic; Tattoo removal service","Skin Spa New York - Back Bay","381","4.8","1.79","Skin Spa New York North Station","231","4.9","1.11","Restore Hyper Wellness","188","4.9","3.23","","not_called","0",""
"Snug Aesthetics","Fort Worth","Texas","76164","(682) 269-5313","https://snugaesthetics.myaestheticrecord.com/online-booking","","","","197","5.0","2100 N Main St Suite 115, Fort Worth, TX 76164","https://www.google.com/maps/search/?api=1&query=Snug%20Aesthetics&query_place_id=ChIJne2QU053ToYRVvWjwnrTy78","Medical spa","It's A Secret Med Spa","308","4.7","2.35","Tina Torres Cosmetics","135","4.9","3.01","Bougie Aesthetics","111","4.8","2.35","","not_called","0",""
"InjectCo MedSpa Fort Worth","Fort Worth","Texas","76107","(817) 285-5254","https://injectco.com/services/med-spa-fort-worth-tx/?utm_source=google&utm_medium=organic&utm_campaign=gbp-fort-worth","","hello@injectco.com","contact_page","100","5.0","INSIDE MATTISON AVE SUITES, 4701 West Fwy Suite 152, Fort Worth, TX 76107","https://www.google.com/maps/search/?api=1&query=InjectCo%20MedSpa%20Fort%20Worth&query_place_id=ChIJY52k0mpzToYR9XV5Bfj-quM","Medical spa; Facial spa; Hair replacement service; Men's health physician; Women's health clinic; Skin care clinic; Weight loss service; Wellness center","Vitalyc Medspa","383","4.9","1.58","Kalos Medical Spa at Kirby Plastic Surgery","351","5.0","1.46","Beverly Hills Rejuvenation Center","198","4.7","0.14","","not_called","0",""
"Skin Care Fort Worth","Fort Worth","Texas","76116","(817) 738-9268","http://www.skincarefortworth.com/","","irenepjdstaff@gmail.com","contact_page","69","4.8","6010 Curzon Ave, Fort Worth, TX 76116","https://www.google.com/maps/search/?api=1&query=Skin%20Care%20Fort%20Worth&query_place_id=ChIJy09I1RhzToYRZyR5rcvbgxc","Medical spa; Skin care clinic","Kalos Medical Spa at Kirby Plastic Surgery","351","5.0","1.6","Beverly Hills Rejuvenation Center","198","4.7","1.49","OrangeTwist","120","4.8","2.2","","not_called","0",""
"Vitalyc Medspa","Fort Worth","Texas","76107","(817) 670-3283","https://www.vitalyc.com/locations/fort-worth/?utm_source=google&utm_medium=organic&utm_campaign=google+business+profile","","","","383","4.9","1604 S University Dr Suite D501, Fort Worth, TX 76107","https://www.google.com/maps/search/?api=1&query=Vitalyc%20Medspa&query_place_id=ChIJRf3MEfRzToYR5MtfLITGIXY","Medical spa","Fort Worth Plastic Surgery","1067","4.9","1.05","Hanami Medspa: Elaine Phuah, DO, MBA, FACOI","254","4.9","1.28","Beverly Hills Rejuvenation Center","198","4.7","1.47","","not_called","0",""
"SKINTECH SPA - Fort Worth","Fort Worth","Texas","76109","(817) 968-5538","https://www.skintech-spa.com/location/fort-worth?utm_source=google&utm_medium=organic&utm_campaign=gbp","","info@skintech-spa.com","contact_page","745","4.6","6100 Southwest Blvd # 100, Fort Worth, TX 76109","https://www.google.com/maps/search/?api=1&query=SKINTECH%20SPA%20-%20Fort%20Worth&query_place_id=ChIJbbejSVZtToYRABT0etPH5-E","Medical spa; Facial spa; Health spa; Spa","A Nurses Touch Skin Care & Med Spa","604","4.9","0.18","Kalos Medical Spa at Kirby Plastic Surgery","351","5.0","1.59","OrangeTwist","120","4.8","0.47","","not_called","0",""
"Hanami Medspa: Elaine Phuah, DO, MBA, FACOI","Fort Worth","Texas","76104","(817) 808-8938","https://www.hanamimedspa.com/?utm_source=gmb_auth","","","","254","4.9","800 8th Ave Suite 508, Fort Worth, TX 76104","https://www.google.com/maps/search/?api=1&query=Hanami%20Medspa%3A%20Elaine%20Phuah%2C%20DO%2C%20MBA%2C%20FACOI&query_place_id=ChIJh6xb-nJxToYRl0sDgOMiOcw","Medical spa","Fort Worth Plastic Surgery","1067","4.9","0.27","Youthful Magnolia","145","5.0","0.41","The Retreat Medical Spa","73","4.9","0.52","","not_called","0",""
"Geneva Med Spa","Frisco","Texas","75034","(469) 403-8883","http://genevamedspa.com/","","info@genevamedspa.com","contact_page","116","5.0","3535 Victory Group Way Suite 505, Frisco, TX 75034","https://www.google.com/maps/search/?api=1&query=Geneva%20Med%20Spa&query_place_id=ChIJqQxmNhQ7TIYRCm-noRxlOs4","Medical spa; Day spa; Facial spa; Laser hair removal service; Permanent make-up clinic; Skin care clinic","Starwood Med Spa","658","4.9","1.54","Modern Skin Med Spa","112","5.0","1.07","Dallas Medicine & Aesthetics","111","4.9","1.51","","not_called","0",""
"Fort Worth Plastic Surgery","Fort Worth","Texas","76104","(817) 810-0770","https://www.fortworthplasticsurgery.com/?utm_source=google&utm_medium=organic&utm_campaign=gbp&utm_term=Fort-Worth-Plastic-Surgery&MedSpa-Fort-Worth&utm_content=website","","info@fwpsc.com","contact_page","1067","4.9","800 12th Ave # 100, Fort Worth, TX 76104","https://www.google.com/maps/search/?api=1&query=Fort%20Worth%20Plastic%20Surgery&query_place_id=ChIJN_KWUnxxToYRHRG-7_D-ta0","Medical spa; Plastic surgeon","Hanami Medspa: Elaine Phuah, DO, MBA, FACOI","254","4.9","0.27","Youthful Magnolia","145","5.0","0.52","The Retreat Medical Spa","73","4.9","0.74","","not_called","0",""
"A Nurses Touch Skin Care & Med Spa","Fort Worth","Texas","76109","(682) 200-3278","http://anursestouchfortworth.com/","","anursestouchfortworth@gmail.com","contact_page","604","4.9","4255 Bryant Irvin Rd Ste 211, Fort Worth, TX 76109","https://www.google.com/maps/search/?api=1&query=A%20Nurses%20Touch%20Skin%20Care%20%26%20Med%20Spa&query_place_id=ChIJq-aKIIFyToYRC3FDx_Vc1jU","Medical spa; Day spa; Electrolysis hair removal service; Facial spa; Hair removal service; Permanent make-up clinic; Skin care clinic","SKINTECH SPA - Fort Worth","745","4.6","0.18","Kalos Medical Spa at Kirby Plastic Surgery","351","5.0","1.63","OrangeTwist","120","4.8","0.58","","not_called","0",""
"OrangeTwist","Fort Worth","Texas","76109","(817) 717-6753","https://orangetwist.com/center/fort-worth/","","","","120","4.8","5925 Convair Dr Suite 545, Fort Worth, TX 76109","https://www.google.com/maps/search/?api=1&query=OrangeTwist&query_place_id=ChIJhYMt6q1zToYRNp11544wayE","Medical spa; Facial spa; Skin care clinic; Weight loss service; Wellness center","SKINTECH SPA - Fort Worth","745","4.6","0.47","A Nurses Touch Skin Care & Med Spa","604","4.9","0.58","Kalos Medical Spa at Kirby Plastic Surgery","351","5.0","1.18","","not_called","0",""
"Magnetic Aesthetics","Frisco","Texas","75034","(469) 503-2017","https://magneticaesthetics.glossgenius.com/","","info@magneticaestheticstx.com","contact_page","77","5.0","4770 Eldorado Pkwy STE 250, Frisco, TX 75034","https://www.google.com/maps/search/?api=1&query=Magnetic%20Aesthetics&query_place_id=ChIJ5xh--4M5TIYRyPxYWrtWEHk","Medical spa","Hush MedSpa","334","4.9","0.74","FINETUNE Med Spa - Frisco","210","5.0","1.46","BUTEX Medical Spa and Laser Treatment","188","5.0","0.3","","not_called","0",""
"FINETUNE Med Spa - Frisco","Frisco","Texas","75034","(945) 348-5090","https://finetunemedspa.com/?utm_source=google&utm_medium=organic&utm_campaign=gbp&utm_term=FINETUNE-Med-Spa-Frisco&utm_content=website","","infoFTW@finetunemedspa.com","contact_page","210","5.0","4350 Main St #145, Frisco, TX 75034","https://www.google.com/maps/search/?api=1&query=FINETUNE%20Med%20Spa%20-%20Frisco&query_place_id=ChIJa9dvEBU7TIYRNwEE9A33p8w","Medical spa; Doctor; Military hospital; Wellness center","Hush MedSpa","334","4.9","0.72","BUTEX Medical Spa and Laser Treatment","188","5.0","1.36","It's A Secret Med Spa","152","4.5","1.47","","not_called","0",""
"Hush MedSpa","Frisco","Texas","75033","(214) 220-0102","https://www.hushmedspa.com/","","info@hushmedspa.com","contact_page","334","4.9","4645 Avon Ln Building 1; Suite 190B, Frisco, TX 75033","https://www.google.com/maps/search/?api=1&query=Hush%20MedSpa&query_place_id=ChIJ5Yn6otg5TIYRRDMOxUm7IQc","Medical spa; Facial spa; Wellness center","FINETUNE Med Spa - Frisco","210","5.0","0.72","BUTEX Medical Spa and Laser Treatment","188","5.0","0.64","Magnetic Aesthetics","77","5.0","0.74","","not_called","0",""
"Beautiful Aesthetics","Frisco","Texas","75036","(214) 618-0264","https://beautifulaesthetics.com/","","hello@beautifulaesthetics.com","contact_page","97","5.0","400 Stonebrook Pkwy Suite 104, Frisco, TX 75036","https://www.google.com/maps/search/?api=1&query=Beautiful%20Aesthetics&query_place_id=ChIJZfEIy_A7TIYRWSoY9YneiIc","Medical spa; Facial spa; Health and beauty shop; Laser hair removal service; Medical clinic; Skin care clinic; Spa; Weight loss service; Wellness center","SkinChic Aesthetics","238","5.0","0.06","FINETUNE Med Spa - Frisco","210","5.0","2.35","Med Spa Studios & Genesis Hyperbaric","81","4.9","1.35","","not_called","0",""
"Tina Torres Cosmetics","Fort Worth","Texas","76104","(817) 646-6446","https://linktr.ee/tinatorrescosmetics","","","","135","4.9","209 S Jennings Ave, Fort Worth, TX 76104","https://www.google.com/maps/search/?api=1&query=Tina%20Torres%20Cosmetics&query_place_id=ChIJxwt82kdzToYRizTFX0vGphU","Medical spa; Skin care clinic","Bougie Aesthetics","111","4.8","0.66","Skin Beauty Med Spa","79","5.0","0.48","The Retreat Medical Spa","73","4.9","0.93","","not_called","0",""
"Modern Skin Med Spa","Frisco","Texas","75034","(469) 962-2165","https://themodernskin.com/?utm_source=gmb&utm_medium=clicks","","","","112","5.0","6560 John Hickman Pkwy Suite 300, Frisco, TX 75034","https://www.google.com/maps/search/?api=1&query=Modern%20Skin%20Med%20Spa&query_place_id=ChIJ-2aoFkg9TIYRnU3grVS6MTM","Medical spa; Facial spa; Hair replacement service; Spa; Wellness program","Starwood Med Spa","658","4.9","0.54","Le Beau Visage Medical Spa","286","4.9","1.31","Geneva Med Spa","116","5.0","1.07","","not_called","0",""
"Blu Magnolia Aesthetics","Fort Worth","Texas","76177","(817) 471-7635","https://blumagnoliaaesthetics.com/","","","","125","5.0","3418 N Tarrant Pkwy, Fort Worth, TX 76177","https://www.google.com/maps/search/?api=1&query=Blu%20Magnolia%20Aesthetics&query_place_id=ChIJ7fOOLurZTYYRKyU-XpokgZc","Medical spa","Snug Aesthetics","197","5.0","8.1","Skinique Med Spa & Wellness","107","4.5","0.34","Cloud9 Med Spa","100","5.0","3.8","","not_called","0",""
"SkinChic Aesthetics","Frisco","Texas","75036","(469) 214-2814","https://skinchicdallas.com/?utm_source=GBP","","info@skinchicdallas.com","contact_page","238","5.0","400 Stonebrook Pkwy #801, Frisco, TX 75036","https://www.google.com/maps/search/?api=1&query=SkinChic%20Aesthetics&query_place_id=ChIJS-RORUQ7TIYRULnHS8ILJIY","Medical spa","FINETUNE Med Spa - Frisco","210","5.0","2.36","Beautiful Aesthetics","97","5.0","0.06","Med Spa Studios & Genesis Hyperbaric","81","4.9","1.4","","not_called","0",""
"Med Spa Studios & Genesis Hyperbaric","Frisco","Texas","75036","(214) 619-5000","https://medspastudios.com/","","hello@medspastudios.com","contact_page","81","4.9","255 Lebanon Rd #220, Frisco, TX 75036","https://www.google.com/maps/search/?api=1&query=Med%20Spa%20Studios%20%26%20Genesis%20Hyperbaric&query_place_id=ChIJvyPXS9ggTIYRRZ4hWRuzADA","Medical spa","SkinChic Aesthetics","238","5.0","1.4","Geneva Med Spa","116","5.0","3.07","Beautiful Aesthetics","97","5.0","1.35","","not_called","0",""
"Dallas Medicine & Aesthetics","Frisco","Texas","75034","(214) 623-6742","http://dallasmedaesthetics.com/","","info@dallasmedaesthetics.com","contact_page","111","4.9","7777 Warren Pkwy #138, Frisco, TX 75034","https://www.google.com/maps/search/?api=1&query=Dallas%20Medicine%20%26%20Aesthetics&query_place_id=ChIJo5ZsySmZToYRh51RyI8Z8RE","Medical spa; Medical clinic","Starwood Med Spa","658","4.9","1.28","Le Beau Visage Medical Spa","286","4.9","0.67","Purple Basil Medspa","163","5.0","1.01","","not_called","0",""
"Starwood Med Spa","Frisco","Texas","75034","(214) 705-0400","https://starwoodmedspa.com/","","info@starwoodmedspa.com","contact_page","658","4.9","6950 Lebanon Rd #105, Frisco, TX 75034","https://www.google.com/maps/search/?api=1&query=Starwood%20Med%20Spa&query_place_id=ChIJhaGNQns8TIYRsl2pep3beSI","Medical spa; Facial spa; Health and beauty shop; Health consultant; Laser hair removal service; Skin care clinic; Tattoo removal service; Weight loss service","Le Beau Visage Medical Spa","286","4.9","1.41","Modern Skin Med Spa","112","5.0","0.54","Dallas Medicine & Aesthetics","111","4.9","1.28","","not_called","0",""
"Le Beau Visage Medical Spa","Frisco","Texas","75034","(214) 705-7676","https://lebeauvisagemedicalspa.com/?utm_source=gbp&utm_medium=organic","","","","286","4.9","3685 Preston Rd #129, Frisco, TX 75034","https://www.google.com/maps/search/?api=1&query=Le%20Beau%20Visage%20Medical%20Spa&query_place_id=ChIJkdUxAfE8TIYRrlKxyWbiSHQ","Medical spa; Medical clinic; Skin care clinic","Purple Basil Medspa","163","5.0","0.37","Starwood Med Spa","158","4.9","1.22","Dallas Medicine & Aesthetics","111","4.9","0.67","","not_called","0",""
"Amazon Aesthetics and Laser","Frisco","Texas","75034","(214) 296-4064","https://www.amazonaesthetics.com/","","info@amazonaesthetics.com","contact_page","105","5.0","7000 Parkwood Blvd #D300, Frisco, TX 75034","https://www.google.com/maps/search/?api=1&query=Amazon%20Aesthetics%20and%20Laser&query_place_id=ChIJcdAbiwcvTIYRXYsdZps_wkM","Medical spa; Facial spa; Skin care clinic; Spa","Starwood Med Spa","658","4.9","0.93","Purple Basil Medspa","163","5.0","1.95","It's A Secret Med Spa","152","4.5","0.94","","not_called","0",""
"Skin Beauty Med Spa","Fort Worth","Texas","76104","(817) 367-9057","http://www.skinbeautymedspa.com/","","info@skinbeautymedspa.com","contact_page","79","5.0","804 S Main St Ste 200, Fort Worth, TX 76104","https://www.google.com/maps/search/?api=1&query=Skin%20Beauty%20Med%20Spa&query_place_id=ChIJMUW46pVxToYRt1cgDSTAmN8","Skin care clinic","Hanami Medspa: Elaine Phuah, DO, MBA, FACOI","254","4.9","1.06","Tina Torres Cosmetics","135","4.9","0.48","The Retreat Medical Spa","73","4.9","0.79","","not_called","0",""
"Just Injected","Dallas","Texas","75235","(469) 317-0555","https://www.justinjected.com/","","justinelewis@justinjected.com","contact_page","203","5.0","2515 Inwood Rd Suite 201 Unit 402, Dallas, TX 75235","https://www.google.com/maps/search/?api=1&query=Just%20Injected&query_place_id=ChIJ3fCwLo2dToYRSoT13-xuLUM","Medical spa; Skin care clinic","ZO Skin Centre","486","4.9","2.0","CULT Aesthetics","352","4.9","1.27","Total Med Solutions","343","4.8","0.82","","not_called","0",""
"Cloud9 Med Spa","Fort Worth","Texas","76244","(972) 897-2355","https://cloudninemedspadfw.com/","","cloudninemedspa@gmail.com","contact_page","100","5.0","11751 Alta Vista Rd #303, Fort Worth, TX 76244","https://www.google.com/maps/search/?api=1&query=Cloud9%20Med%20Spa&query_place_id=ChIJZUE_F2fZTYYRSZL3wfLbbf4","Medical spa","Blu Magnolia Aesthetics","125","5.0","3.8","Skinique Med Spa & Wellness","107","4.5","3.78","Texas Med Group","53","4.9","4.72","","not_called","0",""
"Skinique Med Spa & Wellness","Fort Worth","Texas","76177","(817) 484-0300","http://www.skiniquemedspa.com/","","info@skiniquemedspa.com","contact_page","107","4.5","3160 N Tarrant Pkwy #404, Fort Worth, TX 76177","https://www.google.com/maps/search/?api=1&query=Skinique%20Med%20Spa%20%26%20Wellness&query_place_id=ChIJz_ihVPfYTYYR8HUz7fK5Xs4","Medical spa; Facial spa; Laser hair removal service; Weight loss service; Wellness center","Snug Aesthetics","197","5.0","8.18","Blu Magnolia Aesthetics","125","5.0","0.34","Cloud9 Med Spa","100","5.0","3.78","","not_called","0",""
"It's A Secret Med Spa","Frisco","Texas","75034","(469) 200-8850","https://secretmedspa.com/frisco-tx/","","","","152","4.5","6947 Main St, Frisco, TX 75034","https://www.google.com/maps/search/?api=1&query=It's%20A%20Secret%20Med%20Spa&query_place_id=ChIJ7aFaHdw9TIYR4wkSvcL68U4","Medical spa","Starwood Med Spa","658","4.9","1.86","Hush MedSpa","334","4.9","1.59","FINETUNE Med Spa - Frisco","210","5.0","1.47","","not_called","0",""
"Contour Med Spa","Frisco","Texas","75034","","http://contourmedspatexas.com/","","contourmedspatexas@gmail.com","contact_page","88","4.9","4040 Legacy Dr Suite 101, Frisco, TX 75034","https://www.google.com/maps/search/?api=1&query=Contour%20Med%20Spa&query_place_id=ChIJ4ckm3mU7TIYR1uZXtHzOs2E","Medical spa","Starwood Med Spa","658","4.9","1.05","Geneva Med Spa","116","5.0","0.48","Modern Skin Med Spa","112","5.0","0.62","","not_called","0",""
"Lemmon Avenue Plastic Surgery and Laser Center","Dallas","Texas","75204","(214) 702-0707","http://www.lemmonavenueplasticsurgery.com/","","info@lemmonavenuedallas.com","contact_page","444","4.9","2801 Lemmon Ave # 300, Dallas, TX 75204","https://www.google.com/maps/search/?api=1&query=Lemmon%20Avenue%20Plastic%20Surgery%20and%20Laser%20Center&query_place_id=ChIJN_OiSCuZToYRc0N9LjtYaP4","Medical spa; Facial spa; Laser hair removal service; Plastic surgery clinic; Skin care clinic","It's A Secret Med Spa","574","4.6","0.25","SkinSpirit West Village Dallas","150","4.9","0.23","InjectCo MedSpa Dallas","141","5.0","0.64","","not_called","0",""
"Alchemy 43 Dallas-Lakewood","Dallas","Texas","75214","(866) 778-0043","https://alchemy43.com/","","","","111","4.9","6465 E Mockingbird Ln Ste 420, Dallas, TX 75214","https://www.google.com/maps/search/?api=1&query=Alchemy%2043%20Dallas-Lakewood&query_place_id=ChIJ2Y6CJTGfToYRTtU0BzMYPaY","Medical spa","UPKEEP Med Spa","887","4.9","2.18","Aurum Health","244","4.9","2.5","AYA Medical Spa Dallas - University Park","139","5.0","2.27","","not_called","0",""
"Jewell Aesthetics","Dallas","Texas","75248","(903) 644-1407","https://jewellaesthetics.com/","","","","122","5.0","6009 Belt Line Rd #142, Dallas, TX 75248","https://www.google.com/maps/search/?api=1&query=Jewell%20Aesthetics&query_place_id=ChIJR7_XdLBmNK8RFoXY666EQbo","Medical spa","NakedMD Med Spa Dallas","582","4.9","3.44","SkinSpaMED","421","4.9","1.7","Rejuve Med Spa","302","4.8","3.24","","not_called","0",""
"Renew Beauty Med Spa","Frisco","TX","75034","(214) 433-8871","http://www.renewbeautymedspa.com/","","info@renewbeautymedspa.com","contact_page","75","4.5","Located In: Stonebriar Centre, 2601 Preston Rd #1062, Frisco, TX 75034","https://www.google.com/maps/search/?api=1&query=Renew%20Beauty%20Med%20Spa&query_place_id=ChIJi_XXMYM9TIYRfzqJ9uek_3M","Medical spa; Facial spa","It's A Secret Med Spa","380","4.8","0.76","Le Beau Visage Medical Spa","286","4.9","0.74","Purple Basil Medspa","163","5.0","1.09","","not_called","0",""
"OVME","Dallas","Texas","75219","(972) 402-6863","https://ovme.com/pages/turtle-creek-dallas-tx","","","","250","4.8","3888 Oak Lawn Ave #108, Dallas, TX 75219","https://www.google.com/maps/search/?api=1&query=OVME&query_place_id=ChIJW8NOn-mfToYRou8QHdl_Iu8","Medical spa; Laser hair removal service","It's A Secret Med Spa","574","4.6","0.72","ZO Skin Centre","486","4.9","0.34","SkinSpirit West Village Dallas","150","4.9","0.66","","not_called","0",""
"ZO Skin Centre","Dallas","Texas","75219","(214) 579-9073","https://dallasskincentre.com/","","","","486","4.9","4252 A Oak Lawn Ave, Dallas, TX 75219","https://www.google.com/maps/search/?api=1&query=ZO%20Skin%20Centre&query_place_id=ChIJA3qOWNueToYRuvNFDhfiYsg","Medical spa; Facial spa; Laser hair removal service; Medical Center; Skin care clinic","CULT Aesthetics","352","4.9","0.75","OVME","250","4.8","0.34","Aurum Health","244","4.9","0.86","","not_called","0",""
"Skin Hub Med Spa and Salon","Frisco","Texas","75036","(945) 216-1621","https://skinhubmedspa.com/","","services@skinhubmedspa.com","contact_page","69","4.9","2727 Main St ste 650, Frisco, TX 75036","https://www.google.com/maps/search/?api=1&query=Skin%20Hub%20Med%20Spa%20and%20Salon&query_place_id=ChIJ6_Dfnfs7TIYRuS9wJQOdqoY","Spa; Facial spa; Hair removal service; Laser hair removal service","Hush MedSpa","334","4.9","1.44","SkinChic Aesthetics","238","5.0","1.38","FINETUNE Med Spa - Frisco","210","5.0","0.99","","not_called","0",""
"AestheticFX","Frisco","Texas","75033","(469) 469-8954","https://aestheticfx.com/","","info@aestheticfx.com","contact_page","69","4.9","12021 Dallas Pkwy Suite 600, Room 210, Frisco, TX 75033","https://www.google.com/maps/search/?api=1&query=AestheticFX&query_place_id=ChIJ23MsJBw5TIYRNBYllrY8m_M","Medical spa; Doctor","Hush MedSpa","334","4.9","0.97","FINETUNE Med Spa - Frisco","210","5.0","1.69","BUTEX Medical Spa and Laser Treatment","188","5.0","0.36","","not_called","0",""
"MEDSPA 33","Plano","Texas","75074","(469) 953-3812","https://www.medspa33.com/","","info@medspa33.com","contact_page","71","5.0","525 Shiloh Rd Suite 2500, Plano, TX 75074","https://www.google.com/maps/search/?api=1&query=MEDSPA%2033&query_place_id=ChIJWZngp5oZTIYRSD8tsHSgKqM","Medical spa","Metamorph Med Spa","467","5.0","6.96","Plano Plastic Spa","74","4.9","6.16","Themedspabyrayray","64","4.8","4.28","","not_called","0",""
"Princess Med Spa","Plano","Texas","75093","(214) 468-4829","https://princess-medspa.com/","","","","121","4.9","1312 Village Creek Dr STE 800, Plano, TX 75093","https://www.google.com/maps/search/?api=1&query=Princess%20Med%20Spa&query_place_id=ChIJ__8vCLEjTIYR5iIUmzBxEFY","Medical spa","Metamorph Med Spa","467","5.0","0.84","Rejuve Med Spa","302","4.8","1.03","Uplift Medspa Health & Wellness","144","5.0","0.17","","not_called","0",""
"Uplift Medspa Health & Wellness","Plano","Texas","75093","(972) 665-8664","http://upliftmedspa.com/","","erika@upliftmedspa.com","contact_page","144","5.0","5136 Village Creek Dr #502, Plano, TX 75093","https://www.google.com/maps/search/?api=1&query=Uplift%20Medspa%20Health%20%26%20Wellness&query_place_id=ChIJOaosxx0hTIYRwgghz8vKkVQ","Medical spa","Metamorph Med Spa","467","5.0","0.99","Rejuve Med Spa","302","4.8","1.07","Princess Med Spa","121","4.9","0.17","","not_called","0",""
"It's A Secret Med Spa","Plano","Texas","75024","(469) 786-5874","https://secretmedspa.com/plano-tx/","","","","380","4.8","8232 Preston Rd Suite 115, Plano, TX 75024","https://www.google.com/maps/search/?api=1&query=It's%20A%20Secret%20Med%20Spa&query_place_id=ChIJAQCQZ8M8TIYR76vlNNqSr9U","Medical spa","Skin Pharm","180","5.0","1.12","Starwood Med Spa","158","4.9","0.12","Aesthetic Collective Plano","114","5.0","1.19","","not_called","0",""
"Beverly Hills Rejuvenation Center","Fort Worth","Texas","76107","(817) 377-4600","https://bhrcdallas.com/","","","","198","4.7","4601 West Fwy #216, Fort Worth, TX 76107","https://www.google.com/maps/search/?api=1&query=Beverly%20Hills%20Rejuvenation%20Center&query_place_id=ChIJq19dokZzToYRhpLzfU31xSs","Medical spa; Health spa; Laser hair removal service; Wellness center","Vitalyc Medspa","383","4.9","1.47","Kalos Medical Spa at Kirby Plastic Surgery","351","5.0","1.55","InjectCo MedSpa Fort Worth","100","5.0","0.14","","not_called","0",""
"Novuskin Med Spa Frisco","Frisco","Texas","75035","(972) 970-2630","https://www.novuskin.com/med-spa-frisco/","","","","1072","4.7","16100 State Hwy 121 bldg b 220, Frisco, TX 75035","https://www.google.com/maps/search/?api=1&query=Novuskin%20Med%20Spa%20Frisco&query_place_id=ChIJvblMkfoXTIYR8YwyLghqRW8","Medical spa; Laser hair removal service; Skin care clinic; Weight loss service; Wellness center; Wellness program","SKIN Med Spa & Laser","351","4.6","0.77","Elite Derma Med Spa","139","4.9","2.82","Venus Medical Aesthetics - Med Spa McKinney","118","5.0","2.53","","not_called","0",""
"U Med Spa","Plano","Texas","75024","(972) 636-6299","https://umedspa.com/","","contact@umedspa.com","contact_page","1165","4.9","5717 Legacy Dr Suite 170, Plano, TX 75024","https://www.google.com/maps/search/?api=1&query=U%20Med%20Spa&query_place_id=ChIJz-wOVbE8TIYROmo0LS8t3Ms","Medical spa; Facial spa","It's A Secret Med Spa","380","4.8","1.23","Skin Pharm","180","5.0","0.45","OVME","160","4.7","0.37","","not_called","0",""
"Metamorph Med Spa","Plano","Texas","75093","(972) 519-3134","https://www.metamorphmedspa.com/","","metamorphmedspa@gmail.com","contact_page","467","5.0","960 Ohio Dr Suite 200, Plano, TX 75093","https://www.google.com/maps/search/?api=1&query=Metamorph%20Med%20Spa&query_place_id=ChIJXSQ8-eIjTIYRAIZoiBgLKsw","Medical spa; Health spa; Skin care clinic; Weight loss service; Wellness center","Rejuve Med Spa","302","4.8","0.87","Uplift Medspa Health & Wellness","144","5.0","0.99","Princess Med Spa","121","4.9","0.84","","not_called","0",""
"Purple Basil Medspa","Frisco","Texas","75035","(469) 361-0315","http://www.purplebasilmedspa.com/","","","","163","5.0","9300 John Hickman Pkwy Suite 901, Frisco, TX 75035","https://www.google.com/maps/search/?api=1&query=Purple%20Basil%20Medspa&query_place_id=ChIJgbog1Y49TIYRVQKTsKs1KMg","Medical spa; Facial spa; Laser hair removal service; Skin care clinic; Wellness center","Starwood Med Spa","658","4.9","1.45","Le Beau Visage Medical Spa","286","4.9","0.37","Modern Skin Med Spa","112","5.0","1.48","","not_called","0",""
"Starwood Med Spa","Plano","Texas","75024","(214) 705-0400","https://starwoodmedspa.com/starwood-plano-med-spa/","","info@starwoodmedspa.com","contact_page","158","4.9","8404 Preston Rd #208, Plano, TX 75024","https://www.google.com/maps/search/?api=1&query=Starwood%20Med%20Spa&query_place_id=ChIJWx6gFj09TIYR9tExGmtztDI","Medical spa; Health and beauty shop; Health consultant; Laser hair removal service; Skin care clinic; Tattoo removal service; Weight loss service","It's A Secret Med Spa","380","4.8","0.12","Le Beau Visage Medical Spa","286","4.9","1.22","Skin Pharm","180","5.0","1.18","","not_called","0",""
"NovaDerm Med Spa","Plano","Texas","75093","(972) 654-2414","https://novadermllc.com/","","info@novadermllc.com","contact_page","81","5.0","4909 W Park Blvd Suite 157, Room 14, Plano, TX 75093","https://www.google.com/maps/search/?api=1&query=NovaDerm%20Med%20Spa&query_place_id=ChIJ6UzFZt45TIYRe-QGKHriGqA","Medical spa","SkinSpirit Plano","292","4.9","0.19","Princess Med Spa","121","4.9","1.1","Revived Aesthetics","113","5.0","0.44","","not_called","0",""
"InjectCo MedSpa Plano","Plano","Texas","75093","(972) 430-9297","https://injectco.com/services/med-spa-plano-tx/?utm_source=google&utm_medium=organic&utm_campaign=gbp-plano","","Hello@injectco.com","contact_page","80","4.9","Inside of Phenix Suites of Willow Bend, 5964 W Parker Rd Suite 107, Plano, TX 75093","https://www.google.com/maps/search/?api=1&query=InjectCo%20MedSpa%20Plano&query_place_id=ChIJr6p6KFQjTIYRu1N9Gw-6hO0","Medical spa; Facial spa; Hair replacement service; Women's health clinic; Skin care clinic; Weight loss service; Wellness center","Spavia Day Spa - West Plano","934","4.8","0.96","Total Med Solutions","910","4.8","0.78","Vitalize Medical Spa","94","4.8","0.47","","not_called","0",""
"S Glowic MedSpa","Plano","Texas","75024","(817) 258-1879","https://www.sglowic.com/","","sglowic@gmail.com","contact_page","60","4.9","8308 Preston Rd Suite 224, Plano, TX 75024","https://www.google.com/maps/search/?api=1&query=S%20Glowic%20MedSpa&query_place_id=ChIJ1xAhuqM9TIYR_Uz8tbd-_Nc","Medical spa; Facial spa; Laser hair removal service; Skin care clinic; Tattoo removal service; Teeth whitening service","It's A Secret Med Spa","380","4.8","0.07","Skin Pharm","180","5.0","1.19","Starwood Med Spa","158","4.9","0.07","","not_called","0",""
"Element Medical Aesthetics","McKinney","Texas","75070","(972) 275-6167","https://www.elementmedicalaesthetics.com/","","katie@elementmedicalaesthetics.com","contact_page","61","5.0","Inside Image Salon Suites, 7951 Collin McKinney Pkwy apt 1500 Unit 114, McKinney, TX 75070","https://www.google.com/maps/search/?api=1&query=Element%20Medical%20Aesthetics&query_place_id=ChIJD47GTxoXTIYREejSLEXJPfs","Medical spa; Skin care clinic; Weight loss service","Novuskin Med Spa Frisco","1072","4.7","1.31","SKIN Med Spa & Laser","351","4.6","0.69","Elite Derma Med Spa","139","4.9","1.57","","not_called","0",""
"Themedspabyrayray","Plano","Texas","75023","(682) 521-6752","https://linktr.ee/rayrayspa","","","","64","4.8","6200 Chase Oaks Blvd #101, Plano, TX 75023","https://www.google.com/maps/search/?api=1&query=Themedspabyrayray&query_place_id=ChIJn3mn9kQpTIYRHg6ibibhCgA","Medical spa; Medical clinic","Novuskin Med Spa Frisco","1072","4.7","5.11","Plano Plastic Spa","74","4.9","5.09","MEDSPA 33","71","5.0","4.28","","not_called","0",""
"VIO Med Spa","McKinney","Texas","75070","(945) 280-4846","https://www.viomedspa.com/locations/mckinney","","casalinda@viomedspa.com","contact_page","93","4.8","2110 Eldorado Pkwy STE 106, McKinney, TX 75070","https://www.google.com/maps/search/?api=1&query=VIO%20Med%20Spa&query_place_id=ChIJb8LmSVoTTIYRItzrYamU5T0","Medical spa; Facial spa; Health and beauty shop; Skin care clinic","BeauxMD Medical Aesthetics","288","5.0","2.43","Nova Headspa & Medspa","168","5.0","1.86","Starwood Med Spa","144","4.8","1.47","","not_called","0",""
"WEIMEI MED SPA & ANTI-AGING CENTER","Plano","Texas","75024","(469) 609-9800","https://weimeimedspa.com/","","info@weimeimedspa.com","contact_page","63","5.0","4666 McDermott Rd STE 200, Plano, TX 75024","https://www.google.com/maps/search/?api=1&query=WEIMEI%20MED%20SPA%20%26%20ANTI-AGING%20CENTER&query_place_id=ChIJOYqb4tY9TIYRBtyDAucBHsg","Medical spa; Skin care clinic; Wellness center","It's A Secret Med Spa","380","4.8","0.66","Le Beau Visage Medical Spa","286","4.9","1.37","Purple Basil Medspa","163","5.0","1.49","","not_called","0",""
"L’AMOUR MEDSPA","McKinney","Texas","75070","(903) 990-9215","http://www.lamourmedspa.net/","","NISREEN@LAMOURMEDSPA.NET","contact_page","104","5.0","3721 S Stonebridge Dr Unit 403, McKinney, TX 75070","https://www.google.com/maps/search/?api=1&query=L%E2%80%99AMOUR%20MEDSPA&query_place_id=ChIJKRNeIskVTIYR8T5PdP7EwmM","Medical spa; Beautician; Beauty salon; Facial spa; Laser hair removal service; Skin care clinic; Spa","My Sunshine Beauty MedSpa","194","4.9","0.3","Lotus Skin Studio","123","4.9","0.3","Venus Medical Aesthetics - Med Spa McKinney","118","5.0","0.55","","not_called","0",""
"OMNI SCULPT MD: Med Spa","Dallas","TX","75231","(214) 988-9188","https://www.omnisculptmd.com/?utm_source=GMB&utm_medium=organic&utm_campaign=gbp-practice","","","","463","5.0","10440 N US, 75 N Central Expy 1000 Suite # 124, Dallas, TX 75231","https://www.google.com/maps/search/?api=1&query=OMNI%20SCULPT%20MD%3A%20Med%20Spa&query_place_id=ChIJeXuQkfShToYRv2GPVWSAB98","Medical spa; Laser hair removal service; Plastic surgery clinic; Skin care clinic; Weight loss service","NakedMD Med Spa Dallas","582","4.9","1.81","Lisse Aesthetics","155","5.0","0.21","AYA Medical Spa Dallas - University Park","139","5.0","2.99","","not_called","0",""
"SKIN Med Spa & Laser","McKinney","Texas","75070","(214) 935-9697","http://skinmedspas.com/","","","","351","4.6","8951 Collin McKinney Pkwy STE 1202, McKinney, TX 75070","https://www.google.com/maps/search/?api=1&query=SKIN%20Med%20Spa%20%26%20Laser&query_place_id=ChIJoclYD2wXTIYR0HQFbJEQvRA","Medical spa","Novuskin Med Spa Frisco","1072","4.7","0.77","My Sunshine Beauty MedSpa","194","4.9","2.25","Venus Medical Aesthetics - Med Spa McKinney","118","5.0","1.81","","not_called","0",""
"Venus Medical Aesthetics - Med Spa McKinney","McKinney","Texas","75070","(469) 885-8860","https://www.venusmedicalaesthetics.com/","","info@venusmedicalaesthetics.com","contact_page","118","5.0","4041 S Custer Rd Ste 2120, McKinney, TX 75070","https://www.google.com/maps/search/?api=1&query=Venus%20Medical%20Aesthetics%20-%20Med%20Spa%20McKinney&query_place_id=ChIJV2urNgUXTIYRbUACPB2qAfY","Medical spa; Skin care clinic","My Sunshine Beauty MedSpa","194","4.9","0.44","Lotus Skin Studio","123","4.9","0.44","Aneva Skin","108","5.0","1.26","","not_called","0",""
"Aesthetic Collective Plano","Plano","Texas","75024","(469) 829-2975","http://www.ac-plano.com/","","info@ac-plano.com","contact_page","114","5.0","7800 Dallas Pkwy #100, Plano, TX 75024","https://www.google.com/maps/search/?api=1&query=Aesthetic%20Collective%20Plano&query_place_id=ChIJk5TsklQ9TIYRswr4u3qnXd0","Medical spa","U Med Spa","1165","4.9","0.39","It's A Secret Med Spa","380","4.8","1.19","Skin Pharm","180","5.0","0.09","","not_called","0",""
"Hartwater Aesthetics","McKinney","Texas","75071","(469) 757-7870","http://hartwateraesthetics.com/","","","","107","4.9","7200 W University Dr Suite 110, McKinney, TX 75071","https://www.google.com/maps/search/?api=1&query=Hartwater%20Aesthetics&query_place_id=ChIJyTULhJQVTIYRri1RtAri5nc","Medical spa; Skin care clinic","Aneva Skin","108","5.0","2.97","Revive Primary Care & Med Spa - McKinney","64","4.6","1.96","Immortal Med Spa","56","5.0","1.46","","not_called","0",""
"LAH Wellness Center","McKinney","Texas","75071","(469) 678-4458","https://www.lahwellnesscenter.com/","","info@lahwellnesscenter.com","contact_page","98","5.0","1400 Coit Rd Suite 601, McKinney, TX 75071","https://www.google.com/maps/search/?api=1&query=LAH%20Wellness%20Center&query_place_id=ChIJy5ayRtw_TIYROQ3MsAuOXKY","Medical spa; Esthetics service; Skin care clinic; Weight loss service; Wellness center","Aneva Skin","108","5.0","3.7","Hartwater Aesthetics","107","4.9","3.21","RejuvedermMD Aesthetic Center - McKinney","54","4.9","2.67","","not_called","0",""
"Elite Derma Med Spa","McKinney","Texas","75070","(214) 856-4085","https://elitederma.com/?utm_source=google&utm_medium=organic&utm_campaign=gbp","","wellness@elitederma.com","contact_page","139","4.9","5850 Collin McKinney Pkwy #504, McKinney, TX 75070","https://www.google.com/maps/search/?api=1&query=Elite%20Derma%20Med%20Spa&query_place_id=ChIJMc4mAic9TIYRv2WZLkfhoKY","Medical spa","SKIN Med Spa & Laser","351","4.6","2.26","Starwood Med Spa","144","4.8","1.92","L’AMOUR MEDSPA","104","5.0","2.44","","not_called","0",""
"It's A Secret Med Spa - Austin","Austin","Texas","78758","(512) 256-8608","https://secretmedspa.com/austin-tx/","","","","347","4.8","3001 Palm Way Suite 146, Austin, TX 78758","https://www.google.com/maps/search/?api=1&query=It's%20A%20Secret%20Med%20Spa%20-%20Austin&query_place_id=ChIJFfAFAgrNRIYRM0_L1xQNq0o","Medical spa","Devenir Aesthetics","713","5.0","3.2","ULALA Med Spa","248","5.0","3.42","W Aesthetics -","135","4.9","4.97","","not_called","0",""
"Beaux MedSpa","Austin","Texas","78746","(512) 428-5438","https://beauxmedspa.com/","","info@beauxmedspa.com","contact_page","144","4.8","6317 Bee Caves Rd #260, Austin, TX 78746","https://www.google.com/maps/search/?api=1&query=Beaux%20MedSpa&query_place_id=ChIJo_5yGxg1W4YR8dZJCLBbvro","Medical spa; Facial spa; Laser hair removal service; Skin care clinic; Tattoo removal service","Fresh Aesthetics","220","5.0","1.02","Austin Med Spa","202","4.9","4.43","Aesthetica Med Spa","168","4.8","0.9","","not_called","0",""
"BUTEX Medical Spa and Laser Treatment","Frisco","Texas","75034","(469) 432-0868","https://butexmedspa.com/","","","","188","5.0","11445 Dallas Pkwy 250, Suite 43, Frisco, TX 75034","https://www.google.com/maps/search/?api=1&query=BUTEX%20Medical%20Spa%20and%20Laser%20Treatment&query_place_id=ChIJo133yeQ5TIYRIh6seUqNpss","Medical spa","Hush MedSpa","334","4.9","0.64","FINETUNE Med Spa - Frisco","210","5.0","1.36","Magnetic Aesthetics","77","5.0","0.3","","not_called","0",""
"Aneva Skin","McKinney","Texas","75072","(469) 796-8129","http://anevaskin.com/","","orders@anevaskin.com","contact_page","108","5.0","2751 S Stonebridge Dr STE 2, McKinney, TX 75072","https://www.google.com/maps/search/?api=1&query=Aneva%20Skin&query_place_id=ChIJKTtDF7cXTIYROtmVh_TdfAc","Medical spa; Facial spa; Skin care clinic","My Sunshine Beauty MedSpa","194","4.9","0.9","Lotus Skin Studio","123","4.9","0.9","Venus Medical Aesthetics - Med Spa McKinney","118","5.0","1.26","","not_called","0",""
"Revived Aesthetics","Plano","Texas","75093","(214) 885-7131","https://www.revived-aesthetics.com/","","","","113","5.0","1805 Preston Rd Ste 102, Plano, TX 75093","https://www.google.com/maps/search/?api=1&query=Revived%20Aesthetics&query_place_id=ChIJ5w1A2k0jTIYRpk1ug7WFY04","Medical spa","SkinSpirit Plano","292","4.9","0.47","Uplift Medspa Health & Wellness","144","5.0","0.76","Princess Med Spa","121","4.9","0.68","","not_called","0",""
"Devenir Aesthetics","Austin","Texas","78759","(512) 477-3778","http://www.deveniratx.com/","","info@deveniratx.com","contact_page","713","5.0","3807 Spicewood Springs Rd #201, Austin, TX 78759","https://www.google.com/maps/search/?api=1&query=Devenir%20Aesthetics&query_place_id=ChIJF23mqg3LRIYRNpM99O5tpLU","Medical spa; Laser hair removal service; Skin care clinic","It's A Secret Med Spa - Austin","347","4.8","3.2","Skin Envy Austin- Central","335","5.0","3.47","ULALA Med Spa","248","5.0","1.74","","not_called","0",""
"W Aesthetics -","Austin","Texas","78756","","https://www.waestheticsatx.com/","","waestheticsatx@gmail.com","contact_page","135","4.9","1519 W Koenig Ln, Austin, TX 78756","https://www.google.com/maps/search/?api=1&query=W%20Aesthetics%20-&query_place_id=ChIJb4j1DR_LRIYRhrFwp4KWCbo","Medical spa; Skin care clinic","Devenir Aesthetics","713","5.0","2.45","Wild and Beautiful Natural Aesthetics","536","5.0","2.03","NakedMD Med Spa Austin","405","4.9","1.82","","not_called","0",""
"Plano Plastic Spa","Plano","Texas","75093","(972) 599-2900","https://planoplasticspa.com/?utm_source=google&utm_medium=gbp&utm_campaign=gmb","","","","74","4.9","4100 W 15th St STE 106, Plano, TX 75093","https://www.google.com/maps/search/?api=1&query=Plano%20Plastic%20Spa&query_place_id=ChIJ238AKWgiTIYR3OGSqt5xWkg","Medical spa","Metamorph Med Spa","467","5.0","0.94","Revived Aesthetics","113","5.0","1.6","NovaDerm Med Spa","81","5.0","1.54","","not_called","0",""
"Fresh Aesthetics","Austin","Texas","78746","(737) 381-1735","https://westlakefreshaesthetics.com/","","","","220","5.0","1101 S Capital of Texas Hwy Building F, Suite 150, Austin, TX 78746","https://www.google.com/maps/search/?api=1&query=Fresh%20Aesthetics&query_place_id=ChIJLVZwSR9LW4YR-hXvEFknrN0","Medical spa","Austin Med Spa","202","4.9","3.63","Aesthetica Med Spa","168","4.8","1.69","Beaux MedSpa","144","4.8","1.02","","not_called","0",""
"Starwood Med Spa","McKinney","Texas","75070","(214) 705-0400","https://starwoodmedspa.com/starwood-med-spa-mckinney/","","info@starwoodmedspa.com","contact_page","144","4.8","4275 Highlands Dr, McKinney, TX 75070","https://www.google.com/maps/search/?api=1&query=Starwood%20Med%20Spa&query_place_id=ChIJh-2AY6kWTIYRmFMXwBEp0M4","Medical spa; Facial spa; Health and beauty shop; Laser hair removal service; Spa; Tattoo removal service; Weight loss service","Nova Headspa & Medspa","168","5.0","2.41","Elite Derma Med Spa","139","4.9","1.92","Aneva Skin","108","5.0","3.01","","not_called","0",""
"Texas Laser and Aesthetics Medspa","Austin","Texas","78745","(512) 850-8438","http://www.texaslasermedspa.com/","","services@texaslaseracademy.com","contact_page","245","4.9","4534 West Gate Blvd Ste 108, Austin, TX 78745","https://www.google.com/maps/search/?api=1&query=Texas%20Laser%20and%20Aesthetics%20Medspa&query_place_id=ChIJ0VwcmTJLW4YRpJpmLjs3UIM","Medical spa","Skin Envy Austin- South","1113","4.9","1.8","The Injection Room -","165","4.8","2.45","SDBotox - Austin","151","4.9","2.59","","not_called","0",""
"Wild and Beautiful Natural Aesthetics","Austin","Texas","78705","(512) 579-0899","https://www.wildandbeautifulaustin.com/?utm_source=GMBmain&utm_medium=organic","","info@wildandbeautifulaustin.com","contact_page","536","5.0","500 W 38th St, Austin, TX 78705","https://www.google.com/maps/search/?api=1&query=Wild%20and%20Beautiful%20Natural%20Aesthetics&query_place_id=ChIJ73h8su_LRIYR1Gm47UbmnZE","Medical spa; Beauty salon; Skin care clinic","NakedMD Med Spa Austin","405","4.9","0.88","Skin Envy Austin- Central","335","5.0","0.89","Refine Aesthetics","279","5.0","1.81","","not_called","0",""
"Elite Medical + Longevity | Comprehensive Wellness and Aesthetics","Austin","Texas","78759","(512) 772-6862","https://www.elitemedicalandlongevity.com/","","vip@elitemedicalandlongevity.com","contact_page","109","5.0","8400 N Mopac Expy Suite 304, Austin, TX 78759","https://www.google.com/maps/search/?api=1&query=Elite%20Medical%20%2B%20Longevity%20%7C%20Comprehensive%20Wellness%20and%20Aesthetics&query_place_id=ChIJ34opbW_LRIYRDGp6oOrtZ6M","Medical spa; Plastic surgery clinic","Devenir Aesthetics","713","5.0","0.7","It's A Secret Med Spa - Austin","347","4.8","2.51","Skin Envy Austin- Central","335","5.0","3.94","","not_called","0",""
"Austin Med Spa","Austin","Texas","78703","(512) 479-9997","http://austinmedspa.com/","","austinmedspa@gmail.com","contact_page","202","4.9","1611 W 6th St, Austin, TX 78703","https://www.google.com/maps/search/?api=1&query=Austin%20Med%20Spa&query_place_id=ChIJ0UfRBEC1RIYRueYNY9HpgbQ","Medical spa; Laser hair removal service","Refine Aesthetics","279","5.0","0.98","Rejuvenate Austin","222","4.8","0.32","SkinSpirit Austin","194","4.9","0.66","","not_called","0",""
"The Injection Room -","Austin","Texas","78704","(512) 330-4535","https://www.theinjectionroom.com/","","infoaustin@theinjectionroom.com","contact_page","165","4.8","3801 S Congress Ave Suite 101, Austin, TX 78704","https://www.google.com/maps/search/?api=1&query=The%20Injection%20Room%20-&query_place_id=ChIJMSyV1h21RIYRjKdgum-x2E4","Medical spa","Texas Laser and Aesthetics Medspa","245","4.9","2.45","SkinSpirit Austin","194","4.9","3.07","SDBotox - Austin","151","4.9","1.73","","not_called","0",""
"SDBotox - Austin","Austin","Texas","78704","(512) 886-7137","https://www.sdbotoxaustin.com/?utm_source=GMBlisting&utm_medium=organic&utm_campaign=gmb","","","","151","4.9","1705 S Lamar Blvd, Austin, TX 78704","https://www.google.com/maps/search/?api=1&query=SDBotox%20-%20Austin&query_place_id=ChIJfz0hdwq1RIYR3rWNI691ru8","Medical spa; Facial spa; Laser hair removal service; Weight loss service","Rejuvenate Austin","222","4.8","1.54","Austin Med Spa","202","4.9","1.71","SkinSpirit Austin","194","4.9","1.47","","not_called","0",""
"Aesthetica Med Spa","Austin","Texas","78746","(512) 899-2639","https://www.amedspa.com/?utm_source=GMB&utm_medium=organic","","","","168","4.8","500 N Capital of Texas Hwy Building 6, Suite 100, Austin, TX 78746","https://www.google.com/maps/search/?api=1&query=Aesthetica%20Med%20Spa&query_place_id=ChIJmbZxmDpLW4YRNmhQNrLPn88","Medical spa; Dermatologist; Doctor; Facial spa; Skin care clinic","Fresh Aesthetics","220","5.0","1.69","Austin Med Spa","202","4.9","4.5","Beaux MedSpa","144","4.8","0.9","","not_called","0",""
"ATX Aesthetics","Austin","Texas","78704","(737) 351-2946","https://www.atxaesthetician.com/","","atxaesthetics.medspa@gmail.com","contact_page","108","5.0","3801 S 1st St, Austin, TX 78704","https://www.google.com/maps/search/?api=1&query=ATX%20Aesthetics&query_place_id=ChIJ55zP0HxNW4YRQeSaXJxH6RE","Medical spa","Skin Envy Austin- South","1113","4.9","3.0","Texas Laser and Aesthetics Medspa","245","4.9","2.08","SkinSpirit Austin","194","4.9","2.94","","not_called","0",""
"Rejuvenate Austin","Austin","Texas","78703","(512) 923-1071","https://www.rejuvenateaustin.com/?utm_source=GBP","","hello@rejuvenateaustin.com","contact_page","222","4.8","1301 W 5th St #100, Austin, TX 78703","https://www.google.com/maps/search/?api=1&query=Rejuvenate%20Austin&query_place_id=ChIJb8T6p5dKW4YRm04Re1H3LRY","Medical spa; Skin care clinic","Refine Aesthetics","279","5.0","0.83","Austin Med Spa","202","4.9","0.32","SkinSpirit Austin","194","4.9","0.34","","not_called","0",""
"Refine Aesthetics","Austin","Texas","78701","(512) 572-1240","https://refineaesthetics.com/","","","","279","5.0","713 W 14th St suite 100, Austin, TX 78701","https://www.google.com/maps/search/?api=1&query=Refine%20Aesthetics&query_place_id=ChIJnSIx9ga1RIYRm3hYxBfMXUk","Medical spa; Laser hair removal service; Skin care clinic; Weight loss service","Peachy East Austin","440","4.9","1.58","Rejuvenate Austin","222","4.8","0.83","Austin Med Spa","202","4.9","0.98","","not_called","0",""
"Austin Aesthetic Atelier - Medical Spa + Wellness","Austin","Texas","78730","(512) 643-6430","https://austinaestheticatelier.com/","","hi@austinaestheticatelier.com","contact_page","191","5.0","10815 Ranch to Market Rd 2222 Bldg 3C STE 101, Austin, TX 78730","https://www.google.com/maps/search/?api=1&query=Austin%20Aesthetic%20Atelier%20-%20Medical%20Spa%20%2B%20Wellness&query_place_id=ChIJX6tblTQzW4YRR3O8KjiTbP8","Medical spa","Devenir Aesthetics","713","5.0","6.18","Aesthetica Med Spa","168","4.8","6.03","Glo Med Spa Austin","121","4.7","4.81","","not_called","0",""
"Pink Aesthetics MEDSPA","Austin","Texas","78753","(512) 483-1555","https://pink-aesthetics.com/","","","","111","5.0","8101 Cameron Rd Suite 103, Austin, TX 78753","https://www.google.com/maps/search/?api=1&query=Pink%20Aesthetics%20MEDSPA&query_place_id=ChIJH9abq5HJRIYRL0d2IZBQgmA","Medical spa","Wild and Beautiful Natural Aesthetics","536","5.0","4.01","Skin Envy Austin- Central","335","5.0","3.85","VIO Med Spa","265","4.8","2.97","","not_called","0",""
"VIO Med Spa","Austin","Texas","78723","(512) 900-1051","https://www.viomedspa.com/locations/mueller","","casalinda@viomedspa.com","contact_page","265","4.8","1900 Aldrich St #120, Austin, TX 78723","https://www.google.com/maps/search/?api=1&query=VIO%20Med%20Spa&query_place_id=ChIJmak4vQy1RIYReYMnqbTIiP0","Medical spa; Facial spa; Health and beauty shop; Health spa; Skin care clinic; Spa; Weight loss service; Wellness center","Wild and Beautiful Natural Aesthetics","536","5.0","1.92","Peachy East Austin","440","4.9","2.82","NakedMD Med Spa Austin","405","4.9","2.75","","not_called","0",""
"Peachy East Austin","Austin","Texas","78702","(512) 691-5704","https://peachystudio.com/","","hello@peachystudio.com","contact_page","440","4.9","1401 E 5th St. Suite 103, Austin, TX 78702","https://www.google.com/maps/search/?api=1&query=Peachy%20East%20Austin&query_place_id=ChIJ_Q4jkZ61RIYRCbbrC_3ZSgU","Skin care clinic","Refine Aesthetics","279","5.0","1.58","Rejuvenate Austin","222","4.8","1.99","SkinSpirit Austin","194","4.9","1.66","","not_called","0",""
"Face By Leyla","Austin","Texas","78702","(737) 258-8004","http://facebyleyla.com/","","contact@facebyleyla.com","contact_page","116","4.9","500 San Marcos St Suite 208, Austin, TX 78702","https://www.google.com/maps/search/?api=1&query=Face%20By%20Leyla&query_place_id=ChIJGx4y_fK1RIYR0aJqwHCYZIc","Medical spa","Peachy East Austin","440","4.9","0.34","Refine Aesthetics","279","5.0","1.26","Rejuvenate Austin","222","4.8","1.66","","not_called","0",""
"BeauxMD Medical Aesthetics","McKinney","Texas","75069","(972) 818-5807","https://www.beauxmd.com/?utm_source=GMBlisting&utm_medium=organic&utm_campaign=gmb","","","","288","5.0","260 Davis St Suite 600, McKinney, TX 75069","https://www.google.com/maps/search/?api=1&query=BeauxMD%20Medical%20Aesthetics&query_place_id=ChIJHY7zAWETTIYRIXgVsmj8B8Q","Medical spa; Doctor; Laser hair removal service","Nova Headspa & Medspa","168","5.0","2.25","Starwood Med Spa","144","4.8","3.8","VIO Med Spa","93","4.8","2.43","","not_called","0",""
"ULALA Med Spa","Austin","Texas","78757","(512) 431-6512","http://ulalamedspa.com/","","admin@ulalamedspa.com","contact_page","248","5.0","1722 W Anderson Ln., Austin, TX 78757","https://www.google.com/maps/search/?api=1&query=ULALA%20Med%20Spa&query_place_id=ChIJxwO-Yi3LRIYRjC9U9YwzKVQ","Medical spa","Devenir Aesthetics","713","5.0","1.74","Skin Envy Austin- Central","335","5.0","2.88","W Aesthetics -","135","4.9","1.59","","not_called","0",""
"Raven Med Spa","Plano","Texas","75093","(214) 480-4330","https://ravenmedspa.com/","","","","100","5.0","5813 Preston Rd C-565, Plano, TX 75093","https://www.google.com/maps/search/?api=1&query=Raven%20Med%20Spa&query_place_id=ChIJo3-mB2MjTIYRrK_0nuqGshA","Medical spa","SkinSpirit Plano","292","4.9","1.55","Medical Aesthetics of North Dallas","153","4.9","0.61","NovaDerm Med Spa","81","5.0","1.67","","not_called","0",""
"ABL Medical Spa & Wellness Clinic MD","Round Rock","Texas","78664","(512) 721-0274","https://ablmedspa.com/","","","","108","4.9","500 E Palm Valley Blvd, Round Rock, TX 78664","https://www.google.com/maps/search/?api=1&query=ABL%20Medical%20Spa%20%26%20Wellness%20Clinic%20MD&query_place_id=ChIJMYAMbi7RRIYRvvdEJcokD3A","Medical spa; Facial spa; Laser hair removal service; Weight loss service","Allure Laser & Day Spa","283","4.9","0.81","Smooth Aesthetics","250","5.0","0.61","Ginger Allure MedSpa","191","4.9","0.74","","not_called","0",""
"Glo Med Spa Austin","Austin","Texas","78750","(512) 336-7546","https://www.glomedspaaustin.com/?utm_source=google&utm_medium=organic&utm_campaign=gbp","","info.glomedspaaustin@gmail.com","contact_page","121","4.7","9801 Anderson Mill Rd #120, Austin, TX 78750","https://www.google.com/maps/search/?api=1&query=Glo%20Med%20Spa%20Austin&query_place_id=ChIJiVaE7ObMRIYR1snEJe-Iw30","Medical spa; Facial spa; Skin care clinic; Tattoo removal service; Waxing hair removal service; Weight loss service; Wellness center","It's A Secret Med Spa - Austin","347","4.8","5.41","Austin Aesthetic Atelier - Medical Spa + Wellness","191","5.0","4.81","Elite Medical + Longevity | Comprehensive Wellness and Aesthetics","109","5.0","6.08","","not_called","0",""
"Organica Aesthetics","Round Rock","Texas","78664","(830) 612-0062","http://organicaaesthetics.com/","","info@latinotype.com","contact_page","78","4.8","109 E Main St, Round Rock, TX 78664","https://www.google.com/maps/search/?api=1&query=Organica%20Aesthetics&query_place_id=ChIJ1S6xlistW4YRWYIDcDZ18wo","Medical spa; Boutique; Ear piercing service; Facial spa; IV therapy service; Lymph drainage therapist; Skin care clinic; Waxing hair removal service; Wellness center","Smooth Aesthetics","250","5.0","0.18","Ginger Allure MedSpa","191","4.9","0.34","Beauty Intelligence","44","4.9","0.26","","not_called","0",""
"Ginger Allure MedSpa","Round Rock","Texas","78664","(512) 709-0161","https://www.gingerallure.com/","","manager@gingerallure.com","contact_page","191","4.9","607 E Main St, Round Rock, TX 78664","https://www.google.com/maps/search/?api=1&query=Ginger%20Allure%20MedSpa&query_place_id=ChIJMQJXhavRRIYRIkwJHW5O5Gw","Medical spa; Facial spa; Plastic surgery clinic; Skin care clinic","Smooth Aesthetics","250","5.0","0.38","Organica Aesthetics","78","4.8","0.34","Aria Skin Studio","22","5.0","0.32","","not_called","0",""
"Transform Austin Med Spa","Austin","Texas","78730","(512) 600-7537","https://www.transformaustinmedspa.com/","","","","91","5.0","11404 Ranch to Market Rd 2222, Austin, TX 78730","https://www.google.com/maps/search/?api=1&query=Transform%20Austin%20Med%20Spa&query_place_id=ChIJSS08I-wzW4YROXgR_NFpgdc","Medical spa","Devenir Aesthetics","713","5.0","6.63","Austin Aesthetic Atelier - Medical Spa + Wellness","191","5.0","0.64","Aesthetica Med Spa","168","4.8","6.66","","not_called","0",""
"Radiant Beauty & Health West Hartford","West Hartford","Connecticut","06107","(914) 559-7693","https://radiantbeautyandhealth.com/","","%20info@radiantbeautyandhealth.com","contact_page","155","4.5","41 N Main St Suite 304, West Hartford, CT 06107","https://www.google.com/maps/search/?api=1&query=Radiant%20Beauty%20%26%20Health%20West%20Hartford&query_place_id=ChIJa8bXNjat54kREgEKacMzm5A","Medical spa","Samara MedSpa Avon","391","4.8","7.11","Restore Hyper Wellness","235","4.8","1.44","Jackie La Croix","173","5.0","7.82","","not_called","0",""
"Austin Luxury Medspa","West Lake Hills","Texas","78746","(512) 271-4727","http://austinluxurymedspa.com/","","","","89","5.0","4407 Bee Caves Rd Building 1, Suite 113, West Lake Hills, TX 78746","https://www.google.com/maps/search/?api=1&query=Austin%20Luxury%20Medspa&query_place_id=ChIJq440_-1LW4YRgODOoAdPQMI","Medical spa; Facial spa; Weight loss service","Fresh Aesthetics","220","5.0","0.57","Austin Med Spa","202","4.9","3.08","Aesthetica Med Spa","168","4.8","1.82","","not_called","0",""
"San Antonio Med Spa - Alamo Heights","Alamo Heights","Texas","78209","(210) 446-6263","https://samedspa.com/","","info@samedspa.com","contact_page","91","5.0","4400 Broadway # 105, Alamo Heights, TX 78209","https://www.google.com/maps/search/?api=1&query=San%20Antonio%20Med%20Spa%20-%20Alamo%20Heights&query_place_id=ChIJQZQvxIn1XIYRvM0YdShnAnQ","Medical spa; Skin care clinic; Wellness center","MEDICTECH SPA - MED SPA","521","4.9","2.76","Khronos MedSpa & Laser","481","5.0","2.1","DermaTouch RN","334","4.9","2.71","","not_called","0",""
"It's A Secret Med Spa","San Antonio","Texas","78257","(210) 742-8902","https://secretmedspa.com/san-antonio-tx/","","","","277","4.8","19739 I-10 Suite #108, San Antonio, TX 78257","https://www.google.com/maps/search/?api=1&query=It's%20A%20Secret%20Med%20Spa&query_place_id=ChIJ5RBQioRlXIYRZhzytxHhVmc","Medical spa; Day spa; Facial spa; Spa","Jovem Medspa","553","4.9","2.71","Cutella Medical Spa","415","5.0","1.2","San Antonio Med Spa","227","4.9","1.73","","not_called","0",""
"San Antonio Med Spa","San Antonio","Texas","78257","(210) 446-6263","https://samedspa.com/?utm_source=google&utm_medium=organic&utm_campaign=gbp","","info@samedspa.com","contact_page","227","4.9","22015 I-10 Suite 204, San Antonio, TX 78257","https://www.google.com/maps/search/?api=1&query=San%20Antonio%20Med%20Spa&query_place_id=ChIJYfu_N7plXIYRlSm2AEbWn88","Medical spa; Skin care clinic; Wellness center","Jovem Medspa","553","4.9","0.98","Cutella Medical Spa","415","5.0","2.92","Jules Aesthetics & Wellness","408","5.0","5.9","","not_called","0",""
"Khronos MedSpa & Laser","San Antonio","Texas","78212","(210) 842-7758","http://www.khronosmedspa.com/","","info@khronosmedspa.com","contact_page","481","5.0","2119 McCullough Ave, San Antonio, TX 78212","https://www.google.com/maps/search/?api=1&query=Khronos%20MedSpa%20%26%20Laser&query_place_id=ChIJkTaRGUGLXIYR5-h_7VDWNMQ","Medical spa","The Injection Room - South Flores","485","4.8","2.54","DermaTouch RN","334","4.9","0.71","The Heights Plastic Surgery Med Spa","173","4.9","4.16","","not_called","0",""
"Skin Envy Austin- Central","Austin","Texas","78756","(512) 520-8070","https://skinenvyaustin.com/","","","","335","5.0","4408 Burnet Rd, Austin, TX 78756","https://www.google.com/maps/search/?api=1&query=Skin%20Envy%20Austin-%20Central&query_place_id=ChIJKZwRB2PLRIYRT4yFdMowmME","Medical spa","Wild and Beautiful Natural Aesthetics","536","5.0","0.89","NakedMD Med Spa Austin","405","4.9","0.58","Refine Aesthetics","279","5.0","2.56","","not_called","0",""
"Ageless Beauty Medspa","San Antonio","Texas","78258","(210) 951-9915","http://agelessbeautysa.com/","","info@agelessbeautysa.com","contact_page","65","4.9","18720 Stone Oak Pkwy Suite 160, San Antonio, TX 78258","https://www.google.com/maps/search/?api=1&query=Ageless%20Beauty%20Medspa&query_place_id=ChIJ01ElHrfzXIYRSZyBYwaaw3Q","Medical spa; Beauty salon","Esthetica Medspa San Antonio","1065","4.7","1.24","Magnolia Medical & Aesthetics","256","4.8","1.08","NakedMD Med Spa San Antonio","222","4.9","0.85","","not_called","0",""
"Chan Ramos MedSpa","Round Rock","Texas","78665","(512) 766-8707","https://chanramos.com/?utm_source=google&utm_medium=organic&utm_campaign=gbp_website","","","","90","5.0","1101 Satellite View #402, Round Rock, TX 78665","https://www.google.com/maps/search/?api=1&query=Chan%20Ramos%20MedSpa&query_place_id=ChIJibAkNp0zW4YRiiDjIlXfKdQ","Medical spa; Laser hair removal service; Medical clinic; Weight loss service","Allure Laser & Day Spa","283","4.9","3.51","ABL Medical Spa & Wellness Clinic MD","108","4.9","3.23","Vibrant Med Spa","93","5.0","0.01","","not_called","0",""
"Radiance San Antonio","San Antonio","Texas","78213","(210) 804-0772","https://www.radiancesanantonio.com/","","","","137","4.8","1624 Lockhill Selma Rd, San Antonio, TX 78213","https://www.google.com/maps/search/?api=1&query=Radiance%20San%20Antonio&query_place_id=ChIJ5-7eJnX1XIYRFqehjBnN5sc","Medical spa; Day spa; Spa; Wellness center","Nova Aesthetics","1074","4.9","1.52","The Skin Elite","347","4.9","0.28","Anew You Medical Aesthetics and Total Wellness Center","234","4.1","3.14","","not_called","0",""
"Skin Envy Austin- South","Austin","Texas","78745","(512) 443-3000","http://skinenvyaustin.com/","","","","1113","4.9","2500 W William Cannon Dr STE 601, Austin, TX 78745","https://www.google.com/maps/search/?api=1&query=Skin%20Envy%20Austin-%20South&query_place_id=ChIJ4y9vfmFLW4YR0xwvgu9SY4s","Medical spa; Cosmetics industry; Cosmetics store; Health and beauty shop; Nurse practitioner; Skin care clinic","Texas Laser and Aesthetics Medspa","245","4.9","1.8","The Injection Room -","165","4.8","3.21","SDBotox - Austin","151","4.9","4.1","","not_called","0",""
"Jovem Medspa","San Antonio","Texas","78257","(210) 900-3945","https://jovemmedspa.com/","","","","553","4.9","The Boardwalk, 23535 W Interstate 10 Frontage Rd Suite 3003, San Antonio, TX 78257","https://www.google.com/maps/search/?api=1&query=Jovem%20Medspa&query_place_id=ChIJoWcBxvVlXIYRviTLWQVTvA8","Medical spa; Health spa; Plastic surgeon; Wellness center","Cutella Medical Spa","415","5.0","3.89","Jules Aesthetics & Wellness","408","5.0","6.74","It's A Secret Med Spa","277","4.8","2.71","","not_called","0",""
"Beauty Wise Med Spa & Wellness","San Antonio","Texas","78258","(210) 290-9444","https://beautywisesa.com/","","info@beautywisesa.com","contact_page","87","4.5","700 E Sonterra Blvd #207, San Antonio, TX 78258","https://www.google.com/maps/search/?api=1&query=Beauty%20Wise%20Med%20Spa%20%26%20Wellness&query_place_id=ChIJFSsPUSJjXIYRz3DXDEw-vQU","Medical spa","Esthetica Medspa San Antonio","1065","4.7","1.62","Magnolia Medical & Aesthetics","256","4.8","1.05","NakedMD Med Spa San Antonio","222","4.9","0.41","","not_called","0",""
"Vibrant Med Spa","Round Rock","Texas","78665","(512) 716-3900","http://www.vibrantmedspa.com/","","","","93","5.0","1101 Satellite View #502, Round Rock, TX 78665","https://www.google.com/maps/search/?api=1&query=Vibrant%20Med%20Spa&query_place_id=ChIJtc4NK13RRIYRNL_48kdari4","Medical spa; Laser hair removal service; Skin care clinic","Allure Laser & Day Spa","283","4.9","3.51","ABL Medical Spa & Wellness Clinic MD","108","4.9","3.22","Chan Ramos MedSpa","90","5.0","0.01","","not_called","0",""
"Perfect Touch Med Spa LLC","San Antonio","Texas","78230","(210) 737-3328","https://www.perfecttouchmedspa.com/","","","","108","4.8","11815 Frontage Rd Unit 102, San Antonio, TX 78230","https://www.google.com/maps/search/?api=1&query=Perfect%20Touch%20Med%20Spa%20LLC&query_place_id=ChIJm0AeBt1mXIYRKVsYpKYr8Lo","Medical spa; Day spa; Facial spa; Laser hair removal service; Skin care clinic; Weight loss service","Stadia Medical Spa","1200","4.9","1.76","Spa Black","416","4.6","3.34","The Skin Elite","347","4.9","4.09","","not_called","0",""
"Radiant Heights Med Spa","San Antonio","Texas","78209","(210) 549-6880","http://www.radiantheightsmedspa.com/?utm_source=GBP","","kelley@radiantheightsmedspa.com","contact_page","192","5.0","1860 Nacogdoches Rd, San Antonio, TX 78209","https://www.google.com/maps/search/?api=1&query=Radiant%20Heights%20Med%20Spa&query_place_id=ChIJwzrKZ-v1XIYRmHp6XhHLuQ8","Medical spa; Laser hair removal service; Weight loss service","Nova Aesthetics","1074","4.9","3.06","MEDICTECH SPA - MED SPA","521","4.9","0.58","The Skin Elite","347","4.9","4.23","","not_called","0",""
"Haus Of Aesthetics Med Spa LLC","San Antonio","Texas","78240","(210) 405-6567","http://www.hausofaesthetics.us/","","admin@hausofaesthetics.us","contact_page","128","5.0","5440 Babcock Rd #130, San Antonio, TX 78240","https://www.google.com/maps/search/?api=1&query=Haus%20Of%20Aesthetics%20Med%20Spa%20LLC&query_place_id=ChIJTTCYxGllXIYRx-pAhIpu37o","Medical spa; Health spa","Stadia Medical Spa","1200","4.9","0.81","Spa Black","416","4.6","1.05","The Skin Elite","347","4.9","4.5","","not_called","0",""
"The Lotus | Aesthetics And Wellness","Helotes","Texas","78023","(210) 774-2850","http://www.thelotusmedspa.com/","","info@thelotusmedspa.com","contact_page","427","5.0","14743 Old Bandera Rd Bldg 11, Unit 101, Helotes, TX 78023","https://www.google.com/maps/search/?api=1&query=The%20Lotus%20%7C%20Aesthetics%20And%20Wellness&query_place_id=ChIJY_MBh41oXIYR6B5RcQwvRBw","Medical spa","Cutella Medical Spa","415","5.0","6.08","It's A Secret Med Spa","277","4.8","5.84","Schön Medical Aesthetics","140","5.0","3.16","","not_called","0",""
"Toxins at Tiffany's Med Spa","San Antonio","Texas","78257","(210) 529-8558","http://www.portraitcare.com/providers/tiffany-rosenberg","","","","181","5.0","5811 Worth Pkwy Building 103 / Suite 206, San Antonio, TX 78257","https://www.google.com/maps/search/?api=1&query=Toxins%20at%20Tiffany's%20Med%20Spa&query_place_id=ChIJIWkEDthlXIYRGmONhkZtukc","Medical spa; Skin care clinic","Cutella Medical Spa","415","5.0","0.24","Jules Aesthetics & Wellness","408","5.0","3.57","It's A Secret Med Spa","277","4.8","1.03","","not_called","0",""
"Schön Medical Aesthetics","San Antonio","Texas","78254","(210) 455-1071","http://schonaesthetics.com/","","","","140","5.0","9910 W Loop 1604 N STE 128, San Antonio, TX 78254","https://www.google.com/maps/search/?api=1&query=Sch%C3%B6n%20Medical%20Aesthetics&query_place_id=ChIJD13BMvhpXIYRpiY7sbqWmjo","Medical spa; Facial spa; Skin care clinic","Stadia Medical Spa","1200","4.9","5.3","The Lotus | Aesthetics And Wellness","427","5.0","3.16","Reveille Botox and Beyond","133","5.0","0.07","","not_called","0",""
"Nova Aesthetics","San Antonio","Texas","78216","(210) 348-9164","https://novaaesthetics.com/?utm_source=google&utm_medium=local&utm_campaign=sanantonio-practice-webiste","","Info@NovaAesthetics.com","contact_page","1074","4.9","6483 Blanco Rd, San Antonio, TX 78216","https://www.google.com/maps/search/?api=1&query=Nova%20Aesthetics&query_place_id=ChIJx_Tb2t9fXIYRahXoMqq3EqI","Medical spa; Wellness center","MEDICTECH SPA - MED SPA","521","4.9","2.48","The Skin Elite","347","4.9","1.38","Radiant Heights Med Spa","192","5.0","3.06","","not_called","0",""
"Allure Laser & Day Spa","Round Rock","Texas","78681","(512) 388-5656","https://allurelaserdayspa.com/","","","","283","4.9","1311 Chisholm Trail Rd STE 203, Round Rock, TX 78681","https://www.google.com/maps/search/?api=1&query=Allure%20Laser%20%26%20Day%20Spa&query_place_id=ChIJW-I2dI7RRIYR9b6gOM4UKPY","Day spa; Laser hair removal service; Massage spa; Plastic surgery clinic; Skin care clinic; Spa","Westlake Dermatology & Cosmetic Surgery - Round Rock","340","4.1","0.93","Smooth Aesthetics","250","5.0","0.96","ABL Medical Spa & Wellness Clinic MD","108","4.9","0.81","","not_called","0",""
"Jules Aesthetics & Wellness","San Antonio","Texas","78231","(210) 622-2334","https://www.julesmedspa.com/?utm_source=google&utm_medium=organic&utm_campaign=gbp-listing","","contact@thejulesco.com","contact_page","408","5.0","3010 Napier Pk Suite 102, San Antonio, TX 78231","https://www.google.com/maps/search/?api=1&query=Jules%20Aesthetics%20%26%20Wellness&query_place_id=ChIJH5dRZSBhXIYR-tGzsA7jvN8","Medical spa","Esthetica Medspa San Antonio","1065","4.7","1.96","Anew You Medical Aesthetics and Total Wellness Center","234","4.1","1.89","Believe Aesthetics & Wellness","149","5.0","2.05","","not_called","0",""
"Esthetica Medspa San Antonio","San Antonio","Texas","78258","(210) 319-2900","https://www.estheticamedspa.com/?utm_source=google&utm_medium=business_manager&utm_campaign=san_antonio","","","","1065","4.7","1205 N Loop 1604 W Suite 232, San Antonio, TX 78258","https://www.google.com/maps/search/?api=1&query=Esthetica%20Medspa%20San%20Antonio&query_place_id=ChIJt66jjiBiXIYR7wWuiysa0BI","Medical spa; Facial spa; Laser hair removal service; Medical Center; Medical clinic; Skin care clinic","Jules Aesthetics & Wellness","408","5.0","1.96","Magnolia Medical & Aesthetics","256","4.8","1.32","Lumyn Medspa","111","4.9","1.16","","not_called","0",""
"Anew You Medical Aesthetics and Total Wellness Center","San Antonio","Texas","78230","(210) 688-4850","http://anewyousa.com/","","Info@anewyousa.com","contact_page","234","4.1","14602 Huebner Rd #100, San Antonio, TX 78230","https://www.google.com/maps/search/?api=1&query=Anew%20You%20Medical%20Aesthetics%20and%20Total%20Wellness%20Center&query_place_id=ChIJ4eI-aRdhXIYRYwPkYvmeIps","Doctor; Medical spa; Weight loss service; Wellness center","Jules Aesthetics & Wellness","408","5.0","1.89","The Skin Elite","347","4.9","3.3","Believe Aesthetics & Wellness","149","5.0","1.91","","not_called","0",""
"Magnolia Medical & Aesthetics","San Antonio","Texas","78258","(210) 600-3335","https://www.magnoliamedskin.com/","","info@magnoliamedskin.com","contact_page","256","4.8","19141 Stone Oak Pkwy #504, San Antonio, TX 78258","https://www.google.com/maps/search/?api=1&query=Magnolia%20Medical%20%26%20Aesthetics&query_place_id=ChIJTSfTb2djXIYRPYkQnTOQmYA","Medical spa; Facial spa; Laser hair removal service; Medical clinic; Plastic surgery clinic; Skin care clinic; Store; Tattoo removal service; Weight loss service","Esthetica Medspa San Antonio","1065","4.7","1.32","NakedMD Med Spa San Antonio","222","4.9","1.23","Lumyn Medspa","111","4.9","1.03","","not_called","0",""
"VanityMD Luxury Aesthetics Medspa","Atlanta","Georgia","30326","(404) 855-5580","http://www.vanitymd.com/","","Contact@VanityMD.com","contact_page","117","5.0","3390 Peachtree Rd NE Ste 101, Atlanta, GA 30326","https://www.google.com/maps/search/?api=1&query=VanityMD%20Luxury%20Aesthetics%20Medspa&query_place_id=ChIJQZefEtcN9YgR18GKmSt3J4s","Medical spa","Ecobel Med Spa","412","4.8","0.88","NYAH Med Spa","323","4.4","0.8","SkinSpirit Buckhead","146","4.9","0.54","","not_called","0",""
"Stadia Medical Spa","San Antonio","Texas","78240","(210) 881-6270","http://www.stadiamedspa.com/","","","","1200","4.9","21 Spurs Ln Unit 110, San Antonio, TX 78240","https://www.google.com/maps/search/?api=1&query=Stadia%20Medical%20Spa&query_place_id=ChIJyQVZIkJnXIYRqlvaKUJ1p_8","Medical spa","Spa Black","416","4.6","1.73","The Skin Elite","347","4.9","4.28","Anew You Medical Aesthetics and Total Wellness Center","234","4.1","4.18","","not_called","0",""
"Muse Atlanta Skin Health & Aesthetics","Atlanta","Georgia","30307","(404) 254-4642","https://www.museatl.com/","","hello@museatl.com","contact_page","178","5.0","99 Krog St NE Ste C400, Atlanta, GA 30307","https://www.google.com/maps/search/?api=1&query=Muse%20Atlanta%20Skin%20Health%20%26%20Aesthetics&query_place_id=ChIJkxXCLtgF9YgRdQS0tI-qz_g","Skin care clinic; Medical spa","4Ever Young Med Spa & Wellness Center - Atlanta Midtown","1167","5.0","2.38","BLUE Med Center & Spa","417","4.9","2.0","AYA Medical Spa Colony Square - Midtown","211","4.8","2.43","","not_called","0",""
"ALCÔVE AESTHETICS","Atlanta","Georgia","30342","(770) 697-7779","https://www.thealcoveaesthetics.com/","","info@thealcoveaesthetics.com","contact_page","159","5.0","4600 Roswell Rd Suite B130, Atlanta, GA 30342","https://www.google.com/maps/search/?api=1&query=ALC%C3%94VE%20AESTHETICS&query_place_id=ChIJr5-8hzsP9YgRrCenRe9ErSU","Medical spa","Derm Clinic M.D.","302","5.0","1.51","SkynBar","286","5.0","1.4","Slater Aesthetics & Anti-Aging","232","4.9","0.44","","not_called","0",""
"Ecobel Med Spa","Atlanta","Georgia","30305","(404) 960-0812","http://www.ecobelmedspa.com/","","info@ecobelmedspa.wpenginepowered.com","contact_page","412","4.8","3033 Maple Dr NE, Atlanta, GA 30305","https://www.google.com/maps/search/?api=1&query=Ecobel%20Med%20Spa&query_place_id=ChIJsxT5sWgP9YgRA-I95wHd5GI","Medical spa","OVME","464","4.7","0.32","Skin Pharm","323","5.0","0.21","Viva MD","129","5.0","0.19","","not_called","0",""
"ELLEMES Medical Spa","Atlanta","Georgia","30342","(470) 222-6581","https://ellemesmedspa.com/?utm_source=google&utm_medium=organic&utm_campaign=google_business_profile","","info@ellemesmedspa.com","contact_page","414","4.9","5505 Peachtree Dunwoody Rd NE Suite 630, Atlanta, GA 30342","https://www.google.com/maps/search/?api=1&query=ELLEMES%20Medical%20Spa&query_place_id=ChIJMY_l6dcJ9YgRYn5y8bg16dM","Medical spa; Day spa; Laser hair removal service; Skin care clinic; Spa","WIFH","378","4.9","1.19","CULT Aesthetics","292","5.0","0.85","AYA Medical Spa Northside - Sandy Springs","71","4.9","0.31","","not_called","0",""
"Museo Medical Aesthetics","San Antonio","Texas","78254","(210) 774-3917","https://www.museosa.com/","","","","66","5.0","6626 W Loop 1604 N Suite 105, San Antonio, TX 78254","https://www.google.com/maps/search/?api=1&query=Museo%20Medical%20Aesthetics&query_place_id=ChIJR6DBpW1DXIYRsT3rd9jUgHo","Medical spa; Skin care clinic; Wellness center","Stadia Medical Spa","1200","4.9","6.71","The Lotus | Aesthetics And Wellness","427","5.0","5.46","Schön Medical Aesthetics","140","5.0","2.65","","not_called","0",""
"Peachy Atlanta Midtown","Atlanta","Georgia","30318","(404) 850-6080","https://peachystudio.com/","","hello@peachystudio.com","contact_page","105","5.0","660 11th St NW Suite 3A, Atlanta, GA 30318","https://www.google.com/maps/search/?api=1&query=Peachy%20Atlanta%20Midtown&query_place_id=ChIJL3s4q78F9YgRRQ-YtFTvaMA","Skin care clinic","4Ever Young Med Spa & Wellness Center - Atlanta Midtown","1167","5.0","1.21","BLUE Med Center & Spa","417","4.9","1.62","AYA Medical Spa Colony Square - Midtown","211","4.8","1.58","","not_called","0",""
"Lumyn Medspa","San Antonio","Texas","78258","(210) 888-1020","https://lumynmedspa.com/?utm_source=google&utm_medium=organic&utm_campaign=gbp","","","","111","4.9","18730 Stone Oak Pkwy Suite 106, San Antonio, TX 78258","https://www.google.com/maps/search/?api=1&query=Lumyn%20Medspa&query_place_id=ChIJFar8aSRjXIYRst4peuOKxBc","Medical spa; Laser hair removal service; Skin care clinic; Weight loss service","Esthetica Medspa San Antonio","1065","4.7","1.16","Magnolia Medical & Aesthetics","256","4.8","1.03","NakedMD Med Spa San Antonio","222","4.9","0.91","","not_called","0",""
"AYA Medical Spa Colony Square - Midtown","Atlanta","Georgia","30309","(470) 968-6035","https://ayaskin.com/locations/colony-square-medspa?utm_source=googlemybusiness&utm_medium=organic&utm_campaign=georgia-colony-square","","","","211","4.8","145 15th St NE Suite 103, Atlanta, GA 30309","https://www.google.com/maps/search/?api=1&query=AYA%20Medical%20Spa%20Colony%20Square%20-%20Midtown&query_place_id=ChIJuTJDltIF9YgReJ4c3BRu5jo","Medical spa; Dermatologist; Facial spa; Laser hair removal service; Skin care clinic","4Ever Young Med Spa & Wellness Center - Atlanta Midtown","1167","5.0","0.41","BLUE Med Center & Spa","417","4.9","0.45","Peachy Atlanta Midtown","105","5.0","1.58","","not_called","0",""
"Chin Up! Aesthetics Atlanta","Atlanta","Georgia","30339","(770) 274-4220","https://chinupaesthetics.com/best-medspa-in-smyrna-vinings-ga/?utm_source=gbp&utm_medium=atlanta&utm_campaign=website+link","","","","134","5.0","2255 Cumberland Pkwy SE Building 1200, Suite 110, Atlanta, GA 30339","https://www.google.com/maps/search/?api=1&query=Chin%20Up!%20Aesthetics%20Atlanta&query_place_id=ChIJB7Ly7n0R9YgR-dRgiiw69IY","Medical spa; Facial spa; Laser hair removal service; Skin care clinic","dermani MEDSPA® Vinings","447","4.9","0.98","Buckhead Facial Plastic Surgery: Theresa M. Jarmuz, MD","292","4.8","3.14","Amerejuve MedSpa Marietta, GA - Laser Hair Removal, CoolSculpting, Botox & Facials","122","4.5","3.79","","not_called","0",""
"Blue Divine Aesthetics","Atlanta","Georgia","30305","(404) 467-4232","https://www.bluedivine.com/?utm_source=google&utm_medium=organic&utm_campaign=google_business_profile","","contact@bluedivine.com","contact_page","328","4.6","107 W Paces Ferry Rd NW, Atlanta, GA 30305","https://www.google.com/maps/search/?api=1&query=Blue%20Divine%20Aesthetics&query_place_id=ChIJE_EaM48F9YgR1arRiFD0tiE","Medical spa; Beauty salon; Facial spa; Health and beauty shop; Laser hair removal service; Skin care clinic; Spa","OVME","464","4.7","0.47","Artisan Beauté - Buckhead","412","4.9","0.24","Slim Studio FACE & BODY","196","4.8","0.17","","not_called","0",""
"MEDICTECH SPA - MED SPA","San Antonio","Texas","78209","(210) 972-8685","https://www.medictechspa.com/","","","","521","4.9","7959 Broadway suite 400, San Antonio, TX 78209","https://www.google.com/maps/search/?api=1&query=MEDICTECH%20SPA%20-%20MED%20SPA&query_place_id=ChIJz5bMzFVlXIYR8CmO1u6ov2I","Medical spa; Day spa","Nova Aesthetics","1074","4.9","2.48","The Skin Elite","347","4.9","3.68","Radiant Heights Med Spa","192","5.0","0.58","","not_called","0",""
"Bella Medspa","Atlanta","Georgia","30305","(678) 908-3491","https://bellamedspaatl.com/","","bella@bellamedspaatl.com","contact_page","148","4.4","3216 Paces Ferry Pl NW, Atlanta, GA 30305","https://www.google.com/maps/search/?api=1&query=Bella%20Medspa&query_place_id=ChIJn1WpWxQP9YgRjl26U3CwDqI","Medical spa; Beauty product supplier; Laser hair removal service; Skin care clinic","OVME","464","4.7","0.39","Artisan Beauté - Buckhead","412","4.9","0.18","Blue Divine Aesthetics","328","4.6","0.1","","not_called","0",""
"OVME","Atlanta","Georgia","30305","(770) 504-6000","https://ovme.com/pages/buckhead-atlanta-ga","","","","464","4.7","3167 Peachtree Rd NE Suite G, Atlanta, GA 30305","https://www.google.com/maps/search/?api=1&query=OVME&query_place_id=ChIJpaSPuYwF9YgRNdwMAf8gaag","Medical spa; Laser hair removal service","Artisan Beauté - Buckhead","412","4.9","0.23","Skin Pharm","323","5.0","0.16","Viva MD","129","5.0","0.13","","not_called","0",""
"Age-less Weigh-less","Woburn","Massachusetts","01801","(781) 491-9294","http://www.ageweighless.com/","","info@ageweighless.com","contact_page","601","5.0","300 Tradecenter Dr #4790, Woburn, MA 01801","https://www.google.com/maps/search/?api=1&query=Age-less%20Weigh-less&query_place_id=ChIJ98w5HxR144kR28sAmXiyPR0","Medical spa; Facial spa; Hair replacement service; Health spa; Laser hair removal service; Weight loss service; Wellness center","VIO Med Spa - Burlington","429","4.9","2.73","Restore Hyper Wellness","417","4.9","6.54","Sono Bello Boston","266","4.0","0.0","","not_called","0",""
"Balanced Aesthetics + Wellness","Atlanta","Georgia","30319","(470) 226-2390","https://balancedaestheticsmedspa.com/","","info@balancedaestheticsmedspa.com%20","contact_page","492","5.0","1350 Dresden Dr NE #1006, Atlanta, GA 30319","https://www.google.com/maps/search/?api=1&query=Balanced%20Aesthetics%20%2B%20Wellness&query_place_id=ChIJj5gJNO8F9YgR3o03kysplYo","Medical spa; Endocrinologist; Holistic medicine practitioner; Skin care clinic; Weight loss service; Wellness center","The Ageless Center","480","4.5","2.47","Ecobel Med Spa","412","4.8","2.66","NYAH Med Spa","323","4.4","2.63","","not_called","0",""
"dermani MEDSPA® Buckhead","Atlanta","Georgia","30305","(770) 847-8230","https://dermanimedspa.com/buckhead-atlanta-ga/","","buckhead@dermanimedspa.com","contact_page","414","4.7","2900 Peachtree Rd #111, Atlanta, GA 30305","https://www.google.com/maps/search/?api=1&query=dermani%20MEDSPA%C2%AE%20Buckhead&query_place_id=ChIJO2nwaPUF9YgRc3EfkcahrqA","Medical spa; Facial spa; Laser hair removal service","Artisan Beauté - Buckhead","412","4.9","0.52","Blue Divine Aesthetics","328","4.6","0.53","A Bless Beauty Medspa and Clinic","60","5.0","0.13","","not_called","0",""
"BLUE Med Center & Spa","Atlanta","Georgia","30309","(678) 590-5864","https://lumivita.com/location/midtown","","","","417","4.9","190 10th St NE, Atlanta, GA 30309","https://www.google.com/maps/search/?api=1&query=BLUE%20Med%20Center%20%26%20Spa&query_place_id=ChIJHZx-I0IE9YgRni9jd9SWfcg","Medical spa","4Ever Young Med Spa & Wellness Center - Atlanta Midtown","1167","5.0","0.45","AYA Medical Spa Colony Square - Midtown","211","4.8","0.45","Muse Atlanta Skin Health & Aesthetics","178","5.0","2.0","","not_called","0",""
"dermani MEDSPA® North Buckhead","Atlanta","Georgia","30342","(404) 383-1015","https://dermanimedspa.com/north-buckhead-chastain-ga/","","northbuckhead@dermanimedspa.com","contact_page","112","4.9","4920 Roswell Rd #19, Atlanta, GA 30342","https://www.google.com/maps/search/?api=1&query=dermani%20MEDSPA%C2%AE%20North%20Buckhead&query_place_id=ChIJf2HTfNcP9YgRxtrXEOcxoBM","Medical spa; Facial spa; Laser hair removal service","Charette Cosmetics Medical Spa - Atlanta","2480","4.9","1.64","Slater Aesthetics & Anti-Aging","232","4.9","0.17","LUX Med Spa","170","4.8","0.48","","not_called","0",""
"NYAH Med Spa","Atlanta","Georgia","30305","(770) 838-7112","https://www.nyahmedspa.com/","","nyahmedspa3@gmail.com","contact_page","323","4.4","3565 Piedmont Rd NE bldg 2 suite 520, Atlanta, GA 30305","https://www.google.com/maps/search/?api=1&query=NYAH%20Med%20Spa&query_place_id=ChIJL0Tr9fQF9YgRyQPbXukrqa8","Medical spa; Facial spa; Laser hair removal service; Skin care clinic","Derm Clinic M.D.","302","5.0","0.48","SkynBar","286","5.0","0.61","Slim Studio FACE & BODY","196","4.8","0.68","","not_called","0",""
"Buckhead Facial Plastic Surgery: Theresa M. Jarmuz, MD","Atlanta","Georgia","30327","(404) 233-3937","https://www.buckheadfacial.com/?utm_source=Google&utm_medium=local&utm_campaign=atlanta-practice-website","","","","292","4.8","1218 W Paces Ferry Rd NW UNIT 108, Atlanta, GA 30327","https://www.google.com/maps/search/?api=1&query=Buckhead%20Facial%20Plastic%20Surgery%3A%20Theresa%20M.%20Jarmuz%2C%20MD&query_place_id=ChIJ5dn1BvgP9YgRMz_cYLgFXK4","Medical spa; Laser hair removal service; Plastic surgery clinic; Skin care clinic; Vascular surgeon","dermani MEDSPA® Vinings","447","4.9","2.52","Blue Divine Aesthetics","328","4.6","2.56","Bella Medspa","148","4.4","2.64","","not_called","0",""
"AYA Medical Spa Buckhead","Atlanta","Georgia","30305","(404) 445-1688","https://ayaskin.com/locations/buckhead-medspa?utm_source=googlemybusiness&utm_medium=organic&utm_campaign=georgia-buckhead","","","","111","4.9","371 East Paces Ferry Rd NE, Atlanta, GA 30305","https://www.google.com/maps/search/?api=1&query=AYA%20Medical%20Spa%20Buckhead&query_place_id=ChIJQbZOhCAF9YgRK9iEVTUxe6s","Medical spa; Facial spa; Laser hair removal service; Skin care clinic","OVME","464","4.7","0.13","Skin Pharm","323","5.0","0.03","Viva MD","129","5.0","0.09","","not_called","0",""
"Cutella Medical Spa","San Antonio","Texas","78257","(210) 201-5090","https://www.cutellamedspa.com/?utm_source=google&utm_medium=organic&utm_campaign=gbp","","","","415","5.0","5822 Worth Pkwy #115, San Antonio, TX 78257","https://www.google.com/maps/search/?api=1&query=Cutella%20Medical%20Spa&query_place_id=ChIJR0h_0W5lXIYRI2BegPQQisw","Medical spa; Medical clinic; Skin care clinic; Spa; Weight loss service; Wellness center","Jules Aesthetics & Wellness","408","5.0","3.52","It's A Secret Med Spa","277","4.8","1.2","San Antonio Med Spa","227","4.9","2.92","","not_called","0",""
"Skin Pharm","Atlanta","Georgia","30305","(404) 314-4545","https://skinpharm.com/","","hello@skinpharm.com","contact_page","323","5.0","371 East Paces Ferry Rd NE #825, Atlanta, GA 30305","https://www.google.com/maps/search/?api=1&query=Skin%20Pharm&query_place_id=ChIJcRhgPWEF9YgR_St2rnaTxAY","Medical spa; Health and beauty shop; Skin care clinic","OVME","464","4.7","0.16","Viva MD","129","5.0","0.1","AYA Medical Spa Buckhead","111","4.9","0.03","","not_called","0",""
"Artisan Beauté - Buckhead","Atlanta","Georgia","30305","(770) 637-2919","https://artisanplasticsurgery.com/","","","","412","4.9","3150 Roswell Rd Suite B-1, Atlanta, GA 30305","https://www.google.com/maps/search/?api=1&query=Artisan%20Beaut%C3%A9%20-%20Buckhead&query_place_id=ChIJ9zQ0EzsF9YgRnOHGmMkcnQE","Medical spa; Plastic surgery clinic; Skin care clinic","OVME","464","4.7","0.23","Blue Divine Aesthetics","328","4.6","0.24","Slim Studio FACE & BODY","196","4.8","0.15","","not_called","0",""
"Flawless Skin Boutique Med Spa - Fillers - Skin Tightening","Atlanta","Georgia","30305","(678) 263-2777","https://flawless-skin-boutique.com/","","clientconcierge@flawless-skin-boutique.com","contact_page","121","5.0","110 E Andrews Dr NW Ste 203, Atlanta, GA 30305","https://www.google.com/maps/search/?api=1&query=Flawless%20Skin%20Boutique%20Med%20Spa%20-%20Fillers%20-%20Skin%20Tightening&query_place_id=ChIJ9z7PTFcF9YgRd1xM2y7PxY8","Skin care clinic; Specialized clinic","OVME","464","4.7","0.42","Artisan Beauté - Buckhead","412","4.9","0.21","Blue Divine Aesthetics","328","4.6","0.11","","not_called","0",""
"4Ever Young Med Spa & Wellness Center - Atlanta Midtown","Atlanta","Georgia","30309","(470) 943-4448","https://4everyoungantiaging.com/","","info@4everyoungjohnscreek.com","contact_page","1167","5.0","1080 W Peachtree St NW unit 5, Atlanta, GA 30309","https://www.google.com/maps/search/?api=1&query=4Ever%20Young%20Med%20Spa%20%26%20Wellness%20Center%20-%20Atlanta%20Midtown&query_place_id=ChIJbXmEZoMF9YgRWkatsCKRd5Y","Medical spa; Facial spa; Health spa; Laser hair removal service; Skin care clinic; Wellness center","BLUE Med Center & Spa","417","4.9","0.45","AYA Medical Spa Colony Square - Midtown","211","4.8","0.41","Peachy Atlanta Midtown","105","5.0","1.21","","not_called","0",""
"Skinship | Atlanta Skincare and Medical Aesthetics","Atlanta","Georgia","30305","(404) 939-7822","https://skinshipaesthetics.com/","","danielle@skinshipaesthetics.com","contact_page","65","5.0","480 East Paces Ferry Rd NE Suite 9, Atlanta, GA 30305","https://www.google.com/maps/search/?api=1&query=Skinship%20%7C%20Atlanta%20Skincare%20and%20Medical%20Aesthetics&query_place_id=ChIJkxRZf-0MMUMRruL9UB9K8yg","Medical spa","OVME","464","4.7","0.24","Ecobel Med Spa","412","4.8","0.08","Skin Pharm","323","5.0","0.15","","not_called","0",""
"Skin Social Medical Spa","Sandy Springs","Georgia","30328","(470) 823-7842","http://skinsocialspa.com/","","info@skinsocialspa.com","contact_page","665","5.0","5840 Roswell Rd #900, Sandy Springs, GA 30328","https://www.google.com/maps/search/?api=1&query=Skin%20Social%20Medical%20Spa&query_place_id=ChIJ2fD7oc3RyIARoCY5v2X7vvk","Medical spa","Charette Cosmetics Medical Spa - Atlanta","2480","4.9","0.11","dermani MEDSPA® Sandy Springs","289","4.6","0.26","Fresh Faces by Rebecca","234","5.0","0.82","","not_called","0",""
"LumiVita Buckhead","Atlanta","Georgia","30305","(404) 869-7722","https://lumivita.com/location/buckhead","","","","582","4.9","2385 Peachtree Rd A3A, Atlanta, GA 30305","https://www.google.com/maps/search/?api=1&query=LumiVita%20Buckhead&query_place_id=ChIJg5pAd6MF9YgRulptp8eiepI","Medical spa; Facial spa; Hair removal service; Massage spa; Wellness center; Waxing hair removal service; Weight loss service; Wellness program","dermani MEDSPA® Buckhead","414","4.7","1.0","Truffles Aesthetics","130","4.9","0.37","Regenerative MedSpa of Buckhead","76","4.9","0.66","","not_called","0",""
"dermani MEDSPA® Sandy Springs","Atlanta","Georgia","30328","(770) 884-4934","https://dermanimedspa.com/sandy-springs-ga/","","info@dermanimedspa.com","contact_page","289","4.6","5950 Roswell Rd, Atlanta, GA 30328","https://www.google.com/maps/search/?api=1&query=dermani%20MEDSPA%C2%AE%20Sandy%20Springs&query_place_id=ChIJ3_uT1ZMO9YgRqQp-CXGDaDU","Medical spa; Facial spa; Laser hair removal service","Charette Cosmetics Medical Spa - Atlanta","2480","4.9","0.35","Skin Social Medical Spa","665","5.0","0.26","Fresh Faces by Rebecca","234","5.0","0.58","","not_called","0",""
"Marimad Luxury Spa","Sandy Springs","GA","30328","(404) 600-4032","http://www.marimadluxuryspa.com/","","info@marimadluxuryspa.com","contact_page","73","4.9","6427 Roswell Rd Suite E Back of the building, 2nd floor, Sandy Springs, GA 30328","https://www.google.com/maps/search/?api=1&query=Marimad%20Luxury%20Spa&query_place_id=ChIJfSlRTaEP9YgRGpTest07d8M","Facial spa; Spa; Sauna","Fresh Faces by Rebecca","234","5.0","0.3","Vrai Aesthetics and Concierge","153","5.0","0.54","Pure Bliss Med Spa","122","4.9","0.23","","not_called","0",""
"Maha MedSpa beauty","","","","(470) 351-8060","","","","","76","5.0","","https://www.google.com/maps/search/?api=1&query=Maha%20MedSpa%20beauty&query_place_id=ChIJ2UQeFEwP9YgRXkz0cBnNtT0","Medical spa; Service establishment; Laser hair removal service","","0","0.0","0.0","","0","0.0","0.0","","0","0.0","0.0","","not_called","0",""
"A Bless Beauty Medspa and Clinic","Atlanta","Georgia","30305","(404) 513-5625","https://ablessbeauty.com/?utm_source=google&utm_medium=organic&utm_campaign=google_my_business","","","","60","5.0","2955 Pharr Ct S Northwest, Atlanta, GA 30305","https://www.google.com/maps/search/?api=1&query=A%20Bless%20Beauty%20Medspa%20and%20Clinic&query_place_id=ChIJ0foLY9kF9YgRxqWcDuqUqCo","Medical spa; Day spa; Facial spa; Laser hair removal service; Skin care clinic; Weight loss service; Wellness center","dermani MEDSPA® Buckhead","414","4.7","0.13","Artisan Beauté - Buckhead","412","4.9","0.45","Blue Divine Aesthetics","328","4.6","0.41","","not_called","0",""
"Fresh Faces by Rebecca","Atlanta","Georgia","30328","(404) 683-5555","https://www.freshfacesbyrebecca.com/","","FRESHFACESBYREBECCA@GMAIL.COM","contact_page","234","5.0","333 Sandy Springs Cir #218, Atlanta, GA 30328","https://www.google.com/maps/search/?api=1&query=Fresh%20Faces%20by%20Rebecca&query_place_id=ChIJkSgsczUF9YgRmFTABs1TlUg","Medical spa","dermani MEDSPA® Sandy Springs","289","4.6","0.58","Pure Bliss Med Spa","122","4.9","0.16","Marimad Luxury Spa","73","4.9","0.3","","not_called","0",""
"The Ageless Center","Atlanta","Georgia","30324","(404) 666-9495","https://www.theagelesscenter.com/","","","","480","4.5","2770 Lenox Rd NE, Atlanta, GA 30324","https://www.google.com/maps/search/?api=1&query=The%20Ageless%20Center&query_place_id=ChIJMfxHNeIF9YgRgyZb4lnnZIg","Medical spa; Facial spa; Laser hair removal service; Skin care clinic","Ecobel Med Spa","412","4.8","0.99","Skin Pharm","323","5.0","1.18","Viva MD","129","5.0","1.18","","not_called","0",""
"AYA Medical Spa Northside - Sandy Springs","Sandy Springs","Georgia","30319","(678) 730-2070","https://ayaskin.com/locations/northside-medspa?utm_source=googlemybusiness&utm_medium=organic&utm_campaign=georgia-northside","","","","71","4.9","975 Johnson Ferry Rd NE UNIT 120, Sandy Springs, GA 30319","https://www.google.com/maps/search/?api=1&query=AYA%20Medical%20Spa%20Northside%20-%20Sandy%20Springs&query_place_id=ChIJf4x8X8sO9YgR2EpxLRp2rNE","Medical spa; Laser hair removal service; Skin care clinic","ELLEMES Medical Spa","414","4.9","0.31","Lifespring Antiaging & Aesthetic Medicine","324","4.2","0.93","CULT Aesthetics","292","5.0","0.63","","not_called","0",""
"Truffles Aesthetics","Atlanta","Georgia","30309","(770) 460-2000","http://www.trufflesaesthetics.com/","","","","130","4.9","2233 Peachtree Rd suite k, Atlanta, GA 30309","https://www.google.com/maps/search/?api=1&query=Truffles%20Aesthetics&query_place_id=ChIJq6raCaYF9YgRzYsAqNsjtt8","Medical spa; Day spa; Facial spa; Health spa; Laser hair removal service; Skin care clinic; Tattoo removal service","LumiVita Buckhead","582","4.9","0.37","dermani MEDSPA® Buckhead","414","4.7","1.36","Regenerative MedSpa of Buckhead","76","4.9","0.3","","not_called","0",""
"Vrai Aesthetics and Concierge","Sandy Springs","Georgia","30328","(678) 884-0090","https://www.vraiatl.com/","","","","153","5.0","6690 Roswell Rd #510, Sandy Springs, GA 30328","https://www.google.com/maps/search/?api=1&query=Vrai%20Aesthetics%20and%20Concierge&query_place_id=ChIJTYHhuXMF9YgRaNxLVDqvd5Y","Medical spa","Fresh Faces by Rebecca","234","5.0","0.81","SubRosa Medspa","151","5.0","0.93","Pure Bliss Med Spa","122","4.9","0.77","","not_called","0",""
"Pure Bliss Med Spa","Sandy Springs","Georgia","30328","(678) 515-3653","https://www.pureblissmedicalspa.com/?utm_source=gmb_auth","","","","122","4.9","6309 Roswell Rd #2G, Sandy Springs, GA 30328","https://www.google.com/maps/search/?api=1&query=Pure%20Bliss%20Med%20Spa&query_place_id=ChIJh_wFpZkO9YgRlmqfHXFkpCg","Medical spa; Facial spa; Laser hair removal service; Massage spa; Skin care clinic; Spa; Waxing hair removal service","dermani MEDSPA® Sandy Springs","289","4.6","0.66","Fresh Faces by Rebecca","234","5.0","0.16","Marimad Luxury Spa","73","4.9","0.23","","not_called","0",""
"The DRIPBaR Foxboro","Foxborough","Massachusetts","02035","(508) 368-4388","https://foxboro.thedripbar.com/","","ivy.barre@thedripbar.com","contact_page","86","5.0","10 Foxborough Blvd, Foxborough, MA 02035","https://www.google.com/maps/search/?api=1&query=The%20DRIPBaR%20Foxboro&query_place_id=ChIJT3x-3atj5IkRVV0uISarkdI","Medical spa; IV therapy service; Weight loss service; Wellness center","","0","0.0","0.0","","0","0.0","0.0","","0","0.0","0.0","","not_called","0",""
"Allure Aesthetic Center | Med Spa, Botox, Laser, Tattoo Removal, P Shot Alpharetta","Alpharetta","Georgia","30004","(770) 988-5559","https://www.alluremedspa.com/","","","","311","4.9","2500 Abbey Ct, Alpharetta, GA 30004","https://www.google.com/maps/search/?api=1&query=Allure%20Aesthetic%20Center%20%7C%20Med%20Spa%2C%20Botox%2C%20Laser%2C%20Tattoo%20Removal%2C%20P%20Shot%20Alpharetta&query_place_id=ChIJr8c5iXV09YgRWbqsaq7v7CI","Medical spa; Beauty salon; Facial spa; Laser hair removal service; Skin care clinic; Tattoo removal service; Weight loss service","Youthtopia Med Spa","467","4.8","3.37","Contoura Medspa","168","5.0","3.38","Grace Aesthetics + Wellness","81","5.0","3.03","","not_called","0",""
"Charette Cosmetics Medical Spa - Atlanta","Atlanta","Georgia","30328","(404) 430-4378","https://charettecosmetics.com/atlanta/?utm_source=google&utm_medium=organic&utm_campaign=GBPAtlanta","","customerservice@charettecosmetics.com","contact_page","2480","4.9","201 Allen Rd NE STE 302, Atlanta, GA 30328","https://www.google.com/maps/search/?api=1&query=Charette%20Cosmetics%20Medical%20Spa%20-%20Atlanta&query_place_id=ChIJzcsoAwEP9YgR-VmmGtV2rUc","Medical spa; Day spa; Facial spa; Laser hair removal service; Skin care clinic; Spa; Tattoo removal service; Weight loss service; Wellness program","Skin Social Medical Spa","665","5.0","0.11","dermani MEDSPA® Sandy Springs","289","4.6","0.35","Fresh Faces by Rebecca","234","5.0","0.93","","not_called","0",""
"CULT Aesthetics","Atlanta","Georgia","30328","(678) 812-2212","https://www.cultaesthetics.com/atlanta/","","","","292","5.0","1 Concourse Pkwy Suite 620, Atlanta, GA 30328","https://www.google.com/maps/search/?api=1&query=CULT%20Aesthetics&query_place_id=ChIJD7N-SRMJ9YgRnA78N2jqV-k","Medical spa; Skin care clinic","WIFH","378","4.9","0.38","Lifespring Antiaging & Aesthetic Medicine","324","4.2","0.57","The Atlanta Aesthetician ""Aesthetics of Atlanta","71","4.5","0.49","","not_called","0",""
"SubRosa Medspa","Sandy Springs","Georgia","30328","(678) 404-7995","https://subrosamedspa.com/?utm_source=google&utm_medium=local&utm_campaign=1&utm_content=primary","","","","151","5.0","6600 Alastair Dr Suite 300, Sandy Springs, GA 30328","https://www.google.com/maps/search/?api=1&query=SubRosa%20Medspa&query_place_id=ChIJJyu9rAQP9YgRIS4IEAlcP5Y","Medical spa; Esthetics service; Facial spa; Laser hair removal service; Medical office; Skin care clinic","Lifespring Antiaging & Aesthetic Medicine","324","4.2","1.08","Vrai Aesthetics and Concierge","153","5.0","0.93","Pure Bliss Med Spa","122","4.9","0.95","","not_called","0",""
"WIFH","Sandy Springs","Georgia","30328","(404) 800-9832","https://www.wifh.com/?utm_campaign=gmb","","","","378","4.9","6115 Peachtree Dunwoody Rd NE #200, Sandy Springs, GA 30328","https://www.google.com/maps/search/?api=1&query=WIFH&query_place_id=ChIJW3waLUwJ9YgRITtSHNm79_U","Medical spa","Lifespring Antiaging & Aesthetic Medicine","324","4.2","0.69","CULT Aesthetics","292","5.0","0.38","The Atlanta Aesthetician ""Aesthetics of Atlanta","71","4.5","0.18","","not_called","0",""
"Glitz and Glam Aesthetic","Alpharetta","Georgia","30009","(470) 493-9994","https://glitzandglamaesthetic.com/","","inquire@glitzandglamaesthetic.com","contact_page","67","5.0","2410 Old Milton Pkwy Ste A, Alpharetta, GA 30009","https://www.google.com/maps/search/?api=1&query=Glitz%20and%20Glam%20Aesthetic&query_place_id=ChIJg4L3qJmX9YgRHaQ2fExQCto","Medical spa; Facial spa; Laser hair removal service; Skin care clinic; Weight loss service","Youthtopia Med Spa","467","4.8","0.6","AYA Medical Spa Avalon - Alpharetta","220","4.9","0.57","SHINE Medical Aesthetics","154","5.0","0.41","","not_called","0",""
"Windward Healthcare and Aesthetics","Alpharetta","Georgia","30005","(678) 566-3030","https://www.windwardhealthcare.com/","","","","115","4.9","3225 North Point Pkwy Suite 101, Alpharetta, GA 30005","https://www.google.com/maps/search/?api=1&query=Windward%20Healthcare%20and%20Aesthetics&query_place_id=ChIJ86IeSqt19YgRhpJ9jUFyNF0","Medical spa; Wellness center","AYA Medical Spa Avalon - Alpharetta","220","4.9","1.03","NXTGEN BODIES MD MedSpa & Wellness","132","4.9","0.42","Palma Aesthetics","27","5.0","0.91","","not_called","0",""
"Medical Spa - Laser Hair Removal, Injections, PRP, Chemical Peels, Microneedling, IV Hydration & More in Alpharetta, Georgia","Alpharetta","Georgia","30005","(470) 867-9780","http://www.sadeskinco.com/","","","","92","5.0","6780 Jamestown Dr, Alpharetta, GA 30005","https://www.google.com/maps/search/?api=1&query=Medical%20Spa%20-%20Laser%20Hair%20Removal%2C%20Injections%2C%20PRP%2C%20Chemical%20Peels%2C%20Microneedling%2C%20IV%20Hydration%20%26%20More%20in%20Alpharetta%2C%20Georgia&query_place_id=ChIJ7b88XwB19YgREZad3A9-f64","Medical spa","Cosmo Med Spa & Salon","725","4.7","2.81","Windward Healthcare and Aesthetics","115","4.9","2.43","SafiraMD Medical Aesthetics & Wellness Center","36","4.9","0.88","","not_called","0",""
"Free Spirit Aesthetics and Wellness","Alpharetta","Georgia","30022","(770) 641-8014","https://fsaesthetics.com/","","","","134","5.0","8465 Holcomb Bridge Rd #410, Alpharetta, GA 30022","https://www.google.com/maps/search/?api=1&query=Free%20Spirit%20Aesthetics%20and%20Wellness&query_place_id=ChIJB4fQs0AL9YgR1wEx2YlnMnU","Medical spa; Skin care clinic","dermani MEDSPA® Alpharetta","269","4.8","4.12","Skin Pharm","154","5.0","5.51","OVME","138","4.8","5.6","","not_called","0",""
"Cosmo Med Spa & Salon","Alpharetta","Georgia","30022","(678) 829-7722","https://www.cosmomedspaatl.com/?utm_source=google&utm_medium=wix_google_business_profile&utm_campaign=11774587126577550291","","cosmomedspansalon@gmail.com","contact_page","725","4.7","11550 Jones Bridge Rd #6, Alpharetta, GA 30022","https://www.google.com/maps/search/?api=1&query=Cosmo%20Med%20Spa%20%26%20Salon&query_place_id=ChIJVekYUeKe9YgRenwCvh9GLQk","Medical spa; Laser hair removal service; Skin care clinic; Weight loss service","NXTGEN BODIES MD MedSpa & Wellness","132","4.9","3.03","Windward Healthcare and Aesthetics","115","4.9","2.79","Medical Spa - Laser Hair Removal, Injections, PRP, Chemical Peels, Microneedling, IV Hydration & More in Alpharetta, Georgia","92","5.0","2.81","","not_called","0",""
"OVME","Alpharetta","Georgia","30009","(470) 289-6863","https://ovme.com/pages/atwater-alpharetta-ga","","","","138","4.8","2685 Old Milton Pkwy Bldg 200, Suite 120, Alpharetta, GA 30009","https://www.google.com/maps/search/?api=1&query=OVME&query_place_id=ChIJNUG28iZ19YgRdhe8k6BCvmw","Medical spa; Laser hair removal service","AYA Medical Spa Avalon - Alpharetta","220","4.9","0.21","SHINE Medical Aesthetics","154","5.0","0.08","Skin Pharm","154","5.0","0.09","","not_called","0",""
"AYA Medical Spa Avalon - Alpharetta","Alpharetta","Georgia","30009","(678) 496-7613","https://ayaskin.com/locations/avalon-medspa?utm_source=googlemybusiness&utm_medium=organic&utm_campaign=georgia-avalon","","","","220","4.9","2130 Avalon Blvd, Alpharetta, GA 30009","https://www.google.com/maps/search/?api=1&query=AYA%20Medical%20Spa%20Avalon%20-%20Alpharetta&query_place_id=ChIJF0pAcIR19YgRm-GECNMMyvA","Medical spa; Facial spa; Laser hair removal service; Skin care clinic","SHINE Medical Aesthetics","154","5.0","0.19","Skin Pharm","154","5.0","0.27","OVME","138","4.8","0.21","","not_called","0",""
"Youthtopia Med Spa","Alpharetta","Georgia","30009","(770) 637-0428","http://youthtopiamedspa.com/","","info@youthtopiamedspa.com","contact_page","467","4.8","33 Teasley St Ste 115, Alpharetta, GA 30009","https://www.google.com/maps/search/?api=1&query=Youthtopia%20Med%20Spa&query_place_id=ChIJVzgJ0jSe9YgR0AukYZ27qo4","Medical spa","First Body","314","5.0","0.19","Contoura Medspa","168","5.0","0.82","Grace Aesthetics + Wellness","81","5.0","0.86","","not_called","0",""
"Skin Pharm","Alpharetta","Georgia","30009","(470) 286-4899","https://skinpharm.com/alpharetta","","hello@skinpharm.com","contact_page","154","5.0","100 Kimball Pl STE 570, Alpharetta, GA 30009","https://www.google.com/maps/search/?api=1&query=Skin%20Pharm&query_place_id=ChIJRxdQ9y119YgRA1Hcjo88csE","Medical spa; Skin care clinic","AYA Medical Spa Avalon - Alpharetta","220","4.9","0.27","SHINE Medical Aesthetics","154","5.0","0.17","OVME","138","4.8","0.09","","not_called","0",""
"Vie Riche","Alpharetta","Georgia","30009","(770) 558-2807","https://vieriche.com/","","hello@vieriche.com","contact_page","73","4.9","4105 Lake St, Alpharetta, GA 30009","https://www.google.com/maps/search/?api=1&query=Vie%20Riche&query_place_id=ChIJL2V4ZBd19YgRFMrvEy0SoHE","Medical spa; Facial spa; Weight loss service","dermani MEDSPA® Alpharetta","269","4.8","0.9","Skin Pharm","154","5.0","0.83","SHINE Medical Aesthetics","154","5.0","0.95","","not_called","0",""
"First Body","Alpharetta","Georgia","30009","(770) 769-2649","https://firstbodywellnesscenter.com/?utm_source=google&utm_medium=organic&utm_campaign=gbp","","seo.loginuser@growth99.com","contact_page","314","5.0","100 N Main St Suite 330, Alpharetta, GA 30009","https://www.google.com/maps/search/?api=1&query=First%20Body&query_place_id=ChIJe3vPb7119YgRPEB5VQqNmeg","Medical spa; Facial spa; Laser hair removal service; Skin care clinic; Weight loss service","Youthtopia Med Spa","467","4.8","0.19","Contoura Medspa","168","5.0","0.68","SHINE Medical Aesthetics","154","5.0","0.96","","not_called","0",""
"Contoura Medspa","Alpharetta","Georgia","30009","(770) 250-6000","https://contouramedspa.com/","","info@contouramedspa.com","contact_page","168","5.0","488 N Main St Ste 107, Alpharetta, GA 30009","https://www.google.com/maps/search/?api=1&query=Contoura%20Medspa&query_place_id=ChIJuRCzOEp19YgR8NtRiAqrCl4","Medical spa; Facial spa; Spa","Youthtopia Med Spa","467","4.8","0.82","First Body","314","5.0","0.68","Glitz and Glam Aesthetic","67","5.0","1.25","","not_called","0",""
"Ferrara Medical Aesthetics","Marietta","Georgia","30068","(678) 653-8285","https://ferraramedicalaesthetics.com/","","Info@FerraraMedicalAesthetics.com","contact_page","149","5.0","1000 Johnson Ferry Rd building e suite 125, Marietta, GA 30068","https://www.google.com/maps/search/?api=1&query=Ferrara%20Medical%20Aesthetics&query_place_id=ChIJo8J-894N9YgRtZHZvfynwX4","Medical spa; Skin care clinic; Weight loss service","OPAL Aesthetics - East Cobb","557","5.0","0.43","OVME","251","4.9","1.1","dermani MEDSPA® East Cobb","173","4.9","0.48","","not_called","0",""
"Regenerative MedSpa of Buckhead","Atlanta","Georgia","30309","(404) 816-8557","https://www.regenmedspabuckhead.com/","","","","76","4.9","2061 Peachtree Rd NE Suite 250, Atlanta, GA 30309","https://www.google.com/maps/search/?api=1&query=Regenerative%20MedSpa%20of%20Buckhead&query_place_id=ChIJ60GYmuIF9YgRBcg0S2_roes","Medical spa","LumiVita Buckhead","582","4.9","0.66","dermani MEDSPA® Buckhead","414","4.7","1.65","AYA Medical Spa Colony Square - Midtown","211","4.8","1.67","","not_called","0",""
"dermani MEDSPA® Alpharetta","Alpharetta","Georgia","30022","(404) 885-8701","https://dermanimedspa.com/alpharetta-ga/","","info@dermanimedspa.com","contact_page","269","4.8","6480 North Point Pkwy #1100a, Alpharetta, GA 30022","https://www.google.com/maps/search/?api=1&query=dermani%20MEDSPA%C2%AE%20Alpharetta&query_place_id=ChIJma_vIdx19YgRy_TCkCalx4k","Medical spa; Facial spa; Hair removal service; Laser hair removal service","Skin Pharm","154","5.0","1.72","SHINE Medical Aesthetics","154","5.0","1.85","OVME","138","4.8","1.79","","not_called","0",""
"Lifespring Antiaging & Aesthetic Medicine","Atlanta","Georgia","30328","(404) 812-0211","http://www.lifespringantiaging.com/","","info@email.com","contact_page","324","4.2","750 Hammond Dr Bldg 6, Suite 200, Atlanta, GA 30328","https://www.google.com/maps/search/?api=1&query=Lifespring%20Antiaging%20%26%20Aesthetic%20Medicine&query_place_id=ChIJx6zWnfUF9YgRM4ub9mkZ9J8","Medical spa; Laser hair removal service; Skin care clinic","WIFH","378","4.9","0.69","CULT Aesthetics","292","5.0","0.57","The Atlanta Aesthetician ""Aesthetics of Atlanta","71","4.5","0.62","","not_called","0",""
"Amada Med Spa","Marietta","Georgia","30068","(678) 530-5547","https://amadamedspa.net/","","amadamedspa@gmail.com","contact_page","88","4.8","133 Johnson Ferry Rd Suite B, Marietta, GA 30068","https://www.google.com/maps/search/?api=1&query=Amada%20Med%20Spa&query_place_id=ChIJfxrX83UN9YgRC1vhpkc-f2A","Medical spa; Laser hair removal service; Permanent make-up clinic; Skin care clinic; Spa","OPAL Aesthetics - East Cobb","557","5.0","1.77","dermani MEDSPA® East Cobb","173","4.9","1.78","Atlanta MediSpa & Surgery Center - East Cobb","167","4.8","2.07","","not_called","0",""
"New You Aesthetic","Marietta","Georgia","30064","(770) 558-9773","https://newyouaesthetic.com/","","ecom-swiper@11.css","contact_page","422","5.0","3951 Mary Eliza Trace NW #100, Marietta, GA 30064","https://www.google.com/maps/search/?api=1&query=New%20You%20Aesthetic&query_place_id=ChIJ0Ya5u8s59YgRSArZKz6j5QY","Medical spa","Marietta Plastic Surgery","1038","4.9","6.62","Refinery21 Studio","302","5.0","5.21","Signature Image Atlanta","115","4.9","2.96","","not_called","0",""
"Nazra Aesthetics","Marietta","Georgia","30062","(404) 403-0100","https://www.nazraaesthetics.com/","","Info@nazraaesthetics.com","contact_page","219","4.9","4347 Shallowford Rd, Marietta, GA 30062","https://www.google.com/maps/search/?api=1&query=Nazra%20Aesthetics&query_place_id=ChIJQRBtdtMN9YgRLzExL9YaCzM","Medical spa; Skin care clinic","OVME","251","4.9","3.28","Atlanta MediSpa & Surgery Center - East Cobb","167","4.8","3.3","Marietta's Best Medspa, Anti Aging & Regenerative Medicine: Modern Beauty Oasis","132","5.0","0.73","","not_called","0",""
"Omni Medspa - Marietta","Marietta","Georgia","30068","(678) 653-8696","https://theomnispa.com/","","info@theomnispa.com","contact_page","127","5.0","4880 Lower Roswell Rd Suite 635, Marietta, GA 30068","https://www.google.com/maps/search/?api=1&query=Omni%20Medspa%20-%20Marietta&query_place_id=ChIJm1KatzcN9YgRZboM_cWHtRA","Medical spa; Facial spa; Laser hair removal service; Medical clinic; Skin care clinic; Weight loss service; Wellness center","OPAL Aesthetics - East Cobb","557","5.0","0.97","OVME","251","4.9","1.56","dermani MEDSPA® East Cobb","173","4.9","1.01","","not_called","0",""
"Elevate Medical Spa","Nashville","Tennessee","37209","(615) 425-6340","https://www.elevatemedispa.com/","","info@elevatemedispa.com","contact_page","72","5.0","6110 Robertson Ave #102, Nashville, TN 37209","https://www.google.com/maps/search/?api=1&query=Elevate%20Medical%20Spa&query_place_id=ChIJ0XXVck5hZIgRxq70dkYadOg","Medical spa; Beauty salon; Facial spa; Health spa; Plastic surgery clinic; Skin care clinic","ElaMar Nashville","647","5.0","1.92","Hi, Finch","406","5.0","1.23","SLK Aesthetic Medicine","349","4.9","1.12","","not_called","0",""
"NSI Wellness | Aesthetics","Nashville","Tennessee","37203","(615) 431-3724","http://tolmanmedical.com/","","Dakota@tolmanmedical.com","contact_page","364","4.9","118 30th Ave N, Nashville, TN 37203","https://www.google.com/maps/search/?api=1&query=NSI%20Wellness%20%7C%20Aesthetics&query_place_id=ChIJm32TiUpdZIgRzwMVLS49MRc","Medical spa; Esthetics service; Facial spa; Medical clinic; Skin care clinic; Sports medicine clinic; Waxing hair removal service; Weight loss service; Wellness center","ElaMar Nashville","647","5.0","1.27","NakedMD Med Spa Nashville","629","4.8","0.81","Skin Pharm","509","5.0","1.4","","not_called","0",""
"Grace Aesthetics + Wellness","Alpharetta","Georgia","30009","(770) 755-1505","https://gracewellnessspa.com/","","dkream@monarchteams.com","contact_page","81","5.0","11780 Northfall Ln, Alpharetta, GA 30009","https://www.google.com/maps/search/?api=1&query=Grace%20Aesthetics%20%2B%20Wellness&query_place_id=ChIJ9StlAaef9YgRypSyZvcG0BM","Medical spa; Day spa; Doctor; Facial spa; Laser hair removal service; Skin care clinic; Spa","Youthtopia Med Spa","467","4.8","0.86","First Body","314","5.0","1.05","Vie Riche","73","4.9","1.28","","not_called","0",""
"LUX Med Spa","Atlanta","Georgia","30342","(404) 465-1234","https://buckheadplasticsurgery.com/lux-med-spa/","","","","170","4.8","4684 Roswell Rd NE UNIT A1, Atlanta, GA 30342","https://www.google.com/maps/search/?api=1&query=LUX%20Med%20Spa&query_place_id=ChIJTSB_hxkP9YgRIL88df0hwQU","Medical spa; Skin care clinic","Derm Clinic M.D.","302","5.0","1.65","SkynBar","286","5.0","1.54","Slater Aesthetics & Anti-Aging","232","4.9","0.3","","not_called","0",""
"Debora K Brazilian Aesthetic Center","Marietta","Georgia","30062","(404) 514-0858","http://www.deborakbrazilianaesthetic.com/","","info@your-company.com","contact_page","79","4.9","2211 Roswell Rd suite 158, Marietta, GA 30062","https://www.google.com/maps/search/?api=1&query=Debora%20K%20Brazilian%20Aesthetic%20Center&query_place_id=ChIJWUG6JaIT9YgRTY1hIIlM9i8","Laser hair removal service; Facial spa; Lymph drainage therapist; Medical spa; Weight loss service","4Ever Young Med Spa & Wellness Center - Marietta","310","4.9","2.78","OVME","251","4.9","3.58","Pele Aesthetics","93","4.9","1.53","","not_called","0",""
"ElaMar Nashville","Nashville","Tennessee","37209","(615) 235-9225","https://elamarskin.com/locations/elamar-nashville-tn/","","nashville@elamarskin.com","contact_page","647","5.0","4101 Charlotte Ave Suite G100, Nashville, TN 37209","https://www.google.com/maps/search/?api=1&query=ElaMar%20Nashville&query_place_id=ChIJzWRlxBZhZIgRF5Byvi9iFng","Medical spa; Facial spa; Skin care clinic","Hi, Finch","406","5.0","1.05","NSI Wellness | Aesthetics","364","4.9","1.27","SLK Aesthetic Medicine","349","4.9","1.15","","not_called","0",""
"Signature Image Atlanta","Marietta","Georgia","30064","(678) 224-7868","http://www.signatureimageatlanta.com/","","","","115","4.9","410 Villa Rica Way SW, Marietta, GA 30064","https://www.google.com/maps/search/?api=1&query=Signature%20Image%20Atlanta&query_place_id=ChIJubcbD9Q99YgR3g7qwy8jf-U","Medical spa; Day spa; Facial spa; Health spa; Skin care clinic; Weight loss service; Wellness center","Marietta Plastic Surgery","1038","4.9","4.46","New You Aesthetic","422","5.0","2.96","Refinery21 Studio","302","5.0","2.57","","not_called","0",""
"SHINE Medical Aesthetics","Alpharetta","Georgia","30009","(470) 470-9986","https://shinemedstudios.com/","","","","154","5.0","2710 Old Milton Pkwy Suite 150, Alpharetta, GA 30009","https://www.google.com/maps/search/?api=1&query=SHINE%20Medical%20Aesthetics&query_place_id=ChIJP9Umupx19YgRMGt3V5jpuyU","Medical spa; Facial spa; Laser hair removal service; Skin care clinic; Weight loss service","AYA Medical Spa Avalon - Alpharetta","220","4.9","0.19","Skin Pharm","154","5.0","0.17","OVME","138","4.8","0.08","","not_called","0",""
"Radianté Spa Nashville","Nashville","Tennessee","37204","(615) 239-0094","https://radiantespa.com/?utm_source=google&utm_medium=localsearch&utm_campaign=gmb","","","","95","5.0","437 E Iris Dr, Nashville, TN 37204","https://www.google.com/maps/search/?api=1&query=Radiant%C3%A9%20Spa%20Nashville&query_place_id=ChIJTTET5t5nZIgRlAjzhr1swjk","Medical spa; Skin care clinic","Melrose Aesthetics","198","5.0","1.26","Anastacia Aesthetics","101","4.9","1.89","Nashville Skin Society","74","5.0","2.03","","not_called","0",""
"Skin MB","Nashville","Tennessee","37215","(615) 891-2881","http://www.skinmb.com/","","info@skinmb.com","contact_page","231","5.0","2225 Bandywood Dr, Nashville, TN 37215","https://www.google.com/maps/search/?api=1&query=Skin%20MB&query_place_id=ChIJW7GWu3VkZIgRHbjYNyUBYnE","Medical spa; Skin care clinic; Spa","Skin Pharm","509","5.0","1.73","OVME","284","4.8","0.06","Complexion Nashville","234","4.9","2.39","","not_called","0",""
"The Aesthetics Club Nashville - By Nash Injections by Hannah","Nashville","Tennessee","37208","(615) 669-6112","https://www.theaestheticsclubnashville.com/","","info@injectionsbyhannah.com","contact_page","275","5.0","500 Madison St APT 107, Nashville, TN 37208","https://www.google.com/maps/search/?api=1&query=The%20Aesthetics%20Club%20Nashville%20-%20By%20Nash%20Injections%20by%20Hannah&query_place_id=ChIJk9rBNFdjZIgR8V60YBdCHNc","Medical spa; Spa","NakedMD Med Spa Nashville","629","4.8","1.74","Toxxology®","131","5.0","0.65","Reflection Aesthetics Co","120","5.0","0.13","","not_called","0",""
"The Natural Look MedSpa","Nashville","Tennessee","37203","(615) 321-5005","http://www.thenaturallook.net/","","info@thenaturallook.net","contact_page","68","5.0","1916 Patterson St #100, Nashville, TN 37203","https://www.google.com/maps/search/?api=1&query=The%20Natural%20Look%20MedSpa&query_place_id=ChIJrTZcAsBmZIgRImnYJL62F4o","Medical spa; Facial spa; Laser hair removal service; Permanent make-up clinic; Skin care clinic","NakedMD Med Spa Nashville","629","4.8","0.26","NSI Wellness | Aesthetics","364","4.9","1.05","The Aesthetics Club Nashville - By Nash Injections by Hannah","275","5.0","1.53","","not_called","0",""
"Nashville Skin Society","Nashville","Tennessee","37211","(615) 866-8653","https://nashvilleskinsociety.com/","","nashvilleskinsociety@gmail.com","contact_page","74","5.0","3708 Nolensville Pk D, Nashville, TN 37211","https://www.google.com/maps/search/?api=1&query=Nashville%20Skin%20Society&query_place_id=ChIJy84X0NtvZIgRxMeDlaODkQ4","Medical spa; Skin care clinic","Sunday Skin","233","4.9","4.15","Melrose Aesthetics","198","5.0","3.29","Anastacia Aesthetics","101","4.9","3.71","","not_called","0",""
"Canvas Skin","Nashville","Tennessee","37220","(615) 630-2994","https://www.canvas-skin.co/","","hello@canvas-skin.co","contact_page","477","5.0","5548 Franklin Pike STE 201, Nashville, TN 37220","https://www.google.com/maps/search/?api=1&query=Canvas%20Skin&query_place_id=ChIJ4ckF1gF7ZIgR1nPVbSU6cJc","Medical spa; Skin care clinic","Sunday Skin","233","4.9","0.64","R3 Anti Aging & Medspa","223","4.9","0.51","Stages Skin Studio","64","5.0","0.62","","not_called","0",""
"Toxxology®","Nashville","Tennessee","37207","(615) 436-8699","https://www.toxxology.com/?utm_source=google&utm_medium=organic&utm_campaign=gbp","","service@toxxology.com","contact_page","131","5.0","2473 Marine Dr, Nashville, TN 37207","https://www.google.com/maps/search/?api=1&query=Toxxology%C2%AE&query_place_id=ChIJPzMDQ41xZIgR2lpZANGEzQU","Medical spa; Skin care clinic; Wellness center","NakedMD Med Spa Nashville","629","4.8","2.36","The Aesthetics Club Nashville - By Nash Injections by Hannah","275","5.0","0.65","Reflection Aesthetics Co","120","5.0","0.52","","not_called","0",""
"AmaChi MedSpa","Marietta","Georgia","30008","(770) 285-1776","http://www.amachimedspa.com/","","info@amachimedspa.com","contact_page","107","4.8","2285 Asquith Ave SW #200, Marietta, GA 30008","https://www.google.com/maps/search/?api=1&query=AmaChi%20MedSpa&query_place_id=ChIJ-XpNU0k99YgRCaSiv-fkFeY","Medical spa; Facial spa; Plastic surgeon; Skin care clinic; Weight loss service","New You Aesthetic","422","5.0","7.57","Refinery21 Studio","302","5.0","6.49","Chin Up! Aesthetics Atlanta","134","5.0","8.08","","not_called","0",""
"Skin Pharm","Nashville","Tennessee","37212","(615) 582-6726","https://skinpharm.com/nashville","","hello@skinpharm.com","contact_page","509","5.0","2416 21st Ave S STE 201, Nashville, TN 37212","https://www.google.com/maps/search/?api=1&query=Skin%20Pharm&query_place_id=ChIJb7Mkf9xjZIgRjcvP84efD3Q","Medical spa; Health and beauty shop; Skin care clinic","NSI Wellness | Aesthetics","364","4.9","1.4","Complexion Nashville","234","4.9","1.27","Elan Skin & Laser Med Spa of Nashville","206","4.7","1.28","","not_called","0",""
"Complexion Nashville","Nashville","Tennessee","37203","(615) 757-8060","http://www.complexionnashville.com/","","info@complexionnashville.com","contact_page","234","4.9","3417 Murphy Rd, Nashville, TN 37203","https://www.google.com/maps/search/?api=1&query=Complexion%20Nashville&query_place_id=ChIJVR3_m-xnZIgRPyTstBUCiPE","Medical spa; Facial spa; Skin care clinic","ElaMar Nashville","647","5.0","1.23","NakedMD Med Spa Nashville","629","4.8","1.31","Skin Pharm","509","5.0","1.27","","not_called","0",""
"OVME","Nashville","Tennessee","37215","(615) 270-5888","https://ovme.com/pages/green-hills-nashville-tn","","","","284","4.8","4017 Hillsboro Pike #310, Nashville, TN 37215","https://www.google.com/maps/search/?api=1&query=OVME&query_place_id=ChIJz6Fq-x5lZIgRDlDP7SRM7jU","Medical spa; Laser hair removal service","Skin Pharm","509","5.0","1.77","Complexion Nashville","234","4.9","2.45","Skin MB","231","5.0","0.06","","not_called","0",""
"Misty Med Spa & Skin Rx","Marietta","Georgia","30062","(678) 890-0577","https://www.mistymedspa.com/","","info@mistymedspa.com","contact_page","94","5.0","1505 Johnson Ferry Rd 175 Suite 175, Marietta, GA 30062","https://www.google.com/maps/search/?api=1&query=Misty%20Med%20Spa%20%26%20Skin%20Rx&query_place_id=ChIJvyZBIVQN9YgR80aRgxGfYU8","Medical spa; Dermatologist; Plastic surgery clinic; Skin care clinic","OVME","251","4.9","0.42","dermani MEDSPA® East Cobb","173","4.9","0.9","Atlanta MediSpa & Surgery Center - East Cobb","167","4.8","0.56","","not_called","0",""
"Skinsations Med Spa","Marietta","Georgia","30067","(678) 401-6164","https://skinsations.care/","","support@skinsations.care","contact_page","360","4.8","1275 Powers Ferry Rd #220, Marietta, GA 30067","https://www.google.com/maps/search/?api=1&query=Skinsations%20Med%20Spa&query_place_id=ChIJRUvqLAcR9YgRjQXLLhIyQMs","Medical spa; Facial spa; Laser hair removal service; Skin care clinic","Amerejuve MedSpa Marietta, GA - Laser Hair Removal, CoolSculpting, Botox & Facials","122","4.5","0.7","Pele Aesthetics","93","4.9","3.06","Aqua Medical Spa - Marietta","63","5.0","1.57","","not_called","0",""
"4Ever Young Med Spa & Wellness Center - Marietta","Marietta","Georgia","30066","(470) 740-6847","https://4everyoungantiaging.com/marietta-sprayberry-square/?utm_source=gbp&utm_medium=organic&utm_campaign=gbp-marietta-sprayberry-square&y_source=1_MjA2MTUzMTA1NS03MTUtbG9jYXRpb24ud2Vic2l0ZQ%3D%3D","","info@4everyoungmarietta.com","contact_page","310","4.9","2550 Sandy Plains Rd suite 150, Marietta, GA 30066","https://www.google.com/maps/search/?api=1&query=4Ever%20Young%20Med%20Spa%20%26%20Wellness%20Center%20-%20Marietta&query_place_id=ChIJtVT_zAcT9YgRcfZAQZlSz9g","Medical spa; Facial spa; Laser hair removal service; Skin care clinic; Weight loss service; Wellness center","Nazra Aesthetics","219","4.9","4.08","Marietta's Best Medspa, Anti Aging & Regenerative Medicine: Modern Beauty Oasis","132","5.0","3.76","Debora K Brazilian Aesthetic Center","79","4.9","2.78","","not_called","0",""
"dermani MEDSPA® East Cobb","Marietta","Georgia","30068","(404) 905-5099","https://dermanimedspa.com/east-cobb-marietta-ga/","","eastcobb@dermanimedspa.com","contact_page","173","4.9","1205 Johnson Ferry Rd Suite 129, Marietta, GA 30068","https://www.google.com/maps/search/?api=1&query=dermani%20MEDSPA%C2%AE%20East%20Cobb&query_place_id=ChIJAfocrmcN9YgRerdGZh5mTEg","Medical spa; Facial spa; Laser hair removal service","OPAL Aesthetics - East Cobb","557","5.0","0.07","OVME","251","4.9","0.64","Atlanta MediSpa & Surgery Center - East Cobb","167","4.8","0.35","","not_called","0",""
"Smiley Aesthetics Medical Spa – Botox & Weight Loss Clinic Nashville West","Nashville","Tennessee","37209","(629) 276-8951","https://smileyaesthetics.com/locations/west-nashville/","","","","172","5.0","339 White Bridge Pike, Nashville, TN 37209","https://www.google.com/maps/search/?api=1&query=Smiley%20Aesthetics%20Medical%20Spa%20%E2%80%93%20Botox%20%26%20Weight%20Loss%20Clinic%20Nashville%20West&query_place_id=ChIJQSRMpzGJZIgRwzUMzt3iFFc","Medical spa; Plastic surgery clinic; Skin care clinic","ElaMar Nashville","647","5.0","1.3","Hi, Finch","406","5.0","1.19","SLK Aesthetic Medicine","349","4.9","1.16","","not_called","0",""
"Marietta Plastic Surgery","Marietta","Georgia","30060","(678) 264-3984","https://www.mariettaplasticsurgery.com/?utm_source=google&utm_medium=organic&utm_campaign=gbp_listing","","","","1038","4.9","823 Campbell Hill St NW, Marietta, GA 30060","https://www.google.com/maps/search/?api=1&query=Marietta%20Plastic%20Surgery&query_place_id=ChIJ9-YJdEYU9YgRZyIOvqAyc9M","Medical spa; Facial spa; Hair transplantation clinic; Laser hair removal service; Plastic surgeon; Plastic surgery clinic; Skin care clinic; Tattoo removal service","4Ever Young Med Spa & Wellness Center - Marietta","310","4.9","4.35","Refinery21 Studio","302","5.0","2.08","Signature Image Atlanta","115","4.9","4.46","","not_called","0",""
"OVME","Marietta","Georgia","30068","(770) 415-6863","https://ovme.com/pages/east-cobb-atlanta-ga","","","","251","4.9","1311 Johnson Ferry Rd Suite 552, Marietta, GA 30068","https://www.google.com/maps/search/?api=1&query=OVME&query_place_id=ChIJH8_Nn8EN9YgR2hBEjoiAny4","Medical spa; Laser hair removal service","OPAL Aesthetics - East Cobb","557","5.0","0.71","dermani MEDSPA® East Cobb","173","4.9","0.64","Atlanta MediSpa & Surgery Center - East Cobb","167","4.8","0.33","","not_called","0",""
"OVME","Nashville","Tennessee","37203","(615) 647-6863","https://ovme.com/pages/the-gulch-nashville-tn","","","","92","4.9","616 9th Ave S #1A, Nashville, TN 37203","https://www.google.com/maps/search/?api=1&query=OVME&query_place_id=ChIJc3d5q-JnZIgRzN3eWsB5OCo","Medical spa; Laser hair removal service","NakedMD Med Spa Nashville","629","4.8","1.45","Melrose Aesthetics","198","5.0","1.55","Belcourt Aesthetics","86","4.8","1.61","","not_called","0",""
"Amerejuve MedSpa Marietta, GA - Laser Hair Removal, CoolSculpting, Botox & Facials","Marietta","Georgia","30067","(770) 509-0000","https://www.amerejuve.com/","","info@amerejuve.com","contact_page","122","4.5","1720 Powers Ferry Rd, Marietta, GA 30067","https://www.google.com/maps/search/?api=1&query=Amerejuve%20MedSpa%20Marietta%2C%20GA%20-%20Laser%20Hair%20Removal%2C%20CoolSculpting%2C%20Botox%20%26%20Facials&query_place_id=ChIJ82S6xbsR9YgRBvfBRhZ3k5M","Laser hair removal service; Medical spa","dermani MEDSPA® Vinings","447","4.9","3.16","Skinsations Med Spa","360","4.8","0.7","Aqua Medical Spa - Marietta","63","5.0","1.02","","not_called","0",""
"Glow Medical Spa","Franklin","Tennessee","37069","(615) 398-1102","https://www.glowfranklin.com/?utm_source=google&utm_medium=organic&utm_campaign=gbp&utm_term=Glow-Medical-Spa&utm_content=website","","info@glowfranklin.com","contact_page","245","4.9","1109 Davenport Blvd #1000, Franklin, TN 37069","https://www.google.com/maps/search/?api=1&query=Glow%20Medical%20Spa&query_place_id=ChIJU2vYw1B-ZIgRlDN3uEpoOi4","Medical spa; Facial spa; Hair removal service; Laser hair removal service; Skin care clinic","615 Aesthetics","420","5.0","1.09","Grace Aesthetics","383","5.0","1.46","Relive Health Brentwood","205","5.0","0.12","","not_called","0",""
"Fresh Start Med Spa","Marietta","GA","30064","(770) 330-6971","https://linktr.ee/KatharineMarie_NP","","kathybowling.freshstart@gmail.com","contact_page","79","4.9","https://linktr.ee/KatharineMarie_NP, 3625 Dallas Hwy Ste 835 Studio 113, Marietta, GA 30064","https://www.google.com/maps/search/?api=1&query=Fresh%20Start%20Med%20Spa&query_place_id=ChIJw-B-KvY_9YgRFp3hoJkRlc0","Medical spa; Holistic medicine practitioner; Laser hair removal service; Lymph drainage therapist; Skin care clinic; Weight loss service; Wellness program","Marietta Plastic Surgery","1038","4.9","6.29","New You Aesthetic","422","5.0","1.1","Refinery21 Studio","302","5.0","4.62","","not_called","0",""
"Splendid Skin","Franklin","Tennessee","37067","(615) 778-9992","https://www.splendidskin.com/","","info@splendidskin.com","contact_page","221","5.0","701 Cool Springs Blvd Suite 180, Franklin, TN 37067","https://www.google.com/maps/search/?api=1&query=Splendid%20Skin&query_place_id=ChIJWfskhJd5ZIgRVg8R3mOnz-s","Medical spa; Facial spa; Health and beauty shop; Laser hair removal service; Skin care clinic","Franklin Skin and Laser","461","4.9","0.81","Grace Aesthetics","383","5.0","0.97","Laserderm MedSpa LLC","62","4.2","0.88","","not_called","0",""
"Pele Aesthetics","Marietta","Georgia","30068","(678) 576-7353","https://peleaesthetics.com/","","","","93","4.9","1675 Lower Roswell Rd, Marietta, GA 30068","https://www.google.com/maps/search/?api=1&query=Pele%20Aesthetics&query_place_id=ChIJ2bxXpNUF9YgR35a-zYwH70c","Medical spa","Marietta Plastic Surgery","1038","4.9","3.1","Skinsations Med Spa","360","4.8","3.06","Amerejuve MedSpa Marietta, GA - Laser Hair Removal, CoolSculpting, Botox & Facials","122","4.5","3.61","","not_called","0",""
"Skin Pharm","Franklin","Tennessee","37067","(615) 485-9558","http://skinpharm.com/","","hello@skinpharm.com","contact_page","215","5.0","5030 Carothers Pkwy STE 201, Franklin, TN 37067","https://www.google.com/maps/search/?api=1&query=Skin%20Pharm&query_place_id=ChIJcak9jWR5ZIgR9YRpsWeYxw8","Medical spa; Health and beauty shop; Skin care clinic","OVME","313","4.9","0.89","NakedMD Med Spa Franklin","312","4.9","0.78","Splendid Skin","221","5.0","1.43","","not_called","0",""
"NXTGEN BODIES MD MedSpa & Wellness","Alpharetta","Georgia","30005","(678) 404-5137","https://www.nxtgenbodies.com/","","","","132","4.9","11975 Morris Rd #340, Alpharetta, GA 30005","https://www.google.com/maps/search/?api=1&query=NXTGEN%20BODIES%20MD%20MedSpa%20%26%20Wellness&query_place_id=ChIJbaNv7ouOmq4R6a84LGUZNPI","Medical spa; Hair replacement service; Weight loss service","AYA Medical Spa Avalon - Alpharetta","220","4.9","0.68","Skin Pharm","154","5.0","0.84","Windward Healthcare and Aesthetics","115","4.9","0.42","","not_called","0",""
"dermani MEDSPA® Cool Springs","Franklin","Tennessee","37067","(615) 567-7547","https://dermanimedspa.com/cool-springs-franklin-tn/","","info@dermanimedspa.com","contact_page","106","4.9","206A Cool Springs Blvd Suite 107, Franklin, TN 37067","https://www.google.com/maps/search/?api=1&query=dermani%20MEDSPA%C2%AE%20Cool%20Springs&query_place_id=ChIJkc4VZb5_ZIgROh2f-meb7Ko","Medical spa; Laser hair removal service","Grace Aesthetics","383","5.0","1.47","OVME","313","4.9","0.55","Skin Pharm","215","5.0","1.44","","not_called","0",""
"Pinup Skin Medical Spa","Franklin","Tennessee","37064","(615) 295-9990","http://pinupskinmedspa.com/","","admin@pinupskinmedspa.com","contact_page","79","4.9","112 E Fowlkes St, Franklin, TN 37064","https://www.google.com/maps/search/?api=1&query=Pinup%20Skin%20Medical%20Spa&query_place_id=ChIJNx_fZk1-ZIgRIpWpJLr2HWo","Medical spa; Skin care clinic; Spa","Jack + Jill Aesthetics","495","4.4","1.85","Southern Aesthetics at Dion's South Franklin","56","4.6","0.47","SkinTheoryRx","53","5.0","0.43","","not_called","0",""
"OVME","Franklin","Tennessee","37067","(615) 814-6863","https://ovme.com/pages/cool-springs-franklin-tn","","","","313","4.9","1556 W McEwen Dr Unit No. 112, Franklin, TN 37067","https://www.google.com/maps/search/?api=1&query=OVME&query_place_id=ChIJP3NcP_B_ZIgRnSdYRUKCJik","Medical spa; Laser hair removal service","Splendid Skin","221","5.0","1.26","Skin Pharm","215","5.0","0.89","APs Aesthetics and Wellness - Medical Spa","192","5.0","1.07","","not_called","0",""
"Marietta's Best Medspa, Anti Aging & Regenerative Medicine: Modern Beauty Oasis","Marietta","Georgia","30062","(404) 692-2208","https://modernbeautyoasis.com/","","","","132","5.0","2876 Johnson Ferry Rd Ste 250, Marietta, GA 30062","https://www.google.com/maps/search/?api=1&query=Marietta's%20Best%20Medspa%2C%20Anti%20Aging%20%26%20Regenerative%20Medicine%3A%20Modern%20Beauty%20Oasis&query_place_id=ChIJlwudh2UR9YgRWumG_M3WUjk","Medical spa","OVME","251","4.9","2.56","Nazra Aesthetics","219","4.9","0.73","Atlanta MediSpa & Surgery Center - East Cobb","167","4.8","2.61","","not_called","0",""
"GlamourLash Beauty Lounge","Braintree","Massachusetts","02184","(781) 566-0126","http://glamourlash.net/","","glamourlash1555@gmail.com","contact_page","112","4.8","956 Washington St, Braintree, MA 02184","https://www.google.com/maps/search/?api=1&query=GlamourLash%20Beauty%20Lounge&query_place_id=ChIJEYeCUaR944kRFL1YlFOxMjE","Eyelash salon; Eyebrow bar; Facial spa","Restore Hyper Wellness","322","4.9","5.25","Restore Hyper Wellness","254","4.9","9.0","","0","0.0","0.0","","not_called","0",""
"Bella Vi Spa & Aesthetics","Franklin","Tennessee","37067","(615) 628-7003","https://bellavimedspa.com/","","info@bellavimedspa.com","contact_page","76","4.9","3351 Aspen Grove Dr #380, Franklin, TN 37067","https://www.google.com/maps/search/?api=1&query=Bella%20Vi%20Spa%20%26%20Aesthetics&query_place_id=ChIJNdviWTF_ZIgRJMR7VJfUj64","Medical spa; Facial spa; Laser hair removal service; Medical clinic; Skin care clinic; Weight loss service; Wellness center","Grace Aesthetics","383","5.0","1.22","OVME","313","4.9","0.47","Splendid Skin","221","5.0","1.14","","not_called","0",""
"APs Aesthetics and Wellness - Medical Spa","Franklin","Tennessee","37067","(615) 996-2140","http://www.aprestigeaesthetics.com/","","info@aprestigeaesthetics.com","contact_page","192","5.0","504 Autumn Springs Ct #19, Franklin, TN 37067","https://www.google.com/maps/search/?api=1&query=APs%20Aesthetics%20and%20Wellness%20-%20Medical%20Spa&query_place_id=ChIJs1-Wk19vYogRkqU6NK7NDT8","Medical spa","615 Aesthetics","420","5.0","1.1","Grace Aesthetics","383","5.0","0.76","OVME","313","4.9","1.07","","not_called","0",""
"Franklin Skin and Laser","Franklin","Tennessee","37067","(615) 595-8177","https://franklinlaser.com/?utm_source=google&utm_medium=organic&utm_campaign=gbp","","jack@greensock.com","contact_page","461","4.9","103 International Dr #106, Franklin, TN 37067","https://www.google.com/maps/search/?api=1&query=Franklin%20Skin%20and%20Laser&query_place_id=ChIJo_XkQyB_ZIgRZFfJpHSf0bQ","Medical spa; Cosmetic surgeon; Facial spa; Laser hair removal service; Plastic surgeon; Skin care clinic; Tattoo removal service; Weight loss service","Schaffer Skin","138","5.0","0.33","REGEN Society Aesthetics + Wellness","126","5.0","0.34","Laserderm MedSpa LLC","62","4.2","0.08","","not_called","0",""
"The Look Aesthetics","Franklin","Tennessee","37064","(615) 814-2150","http://www.thelookaesthetics.com/","","","","400","5.0","5000 Hughes Crossing #110, Franklin, TN 37064","https://www.google.com/maps/search/?api=1&query=The%20Look%20Aesthetics&query_place_id=ChIJ0fsZdZeAY4gRgdAuX46dvu4","Medical spa; Skin care clinic","Jack + Jill Aesthetics","495","4.4","3.64","NakedMD Med Spa Franklin","312","4.9","3.82","Pinup Skin Medical Spa","79","4.9","4.09","","not_called","0",""
"Marvel Cosmetic MedSpa","Brentwood","Tennessee","37027","(615) 912-9904","","","","","80","5.0","201 Franklin Rd UNIT 160, Brentwood, TN 37027","https://www.google.com/maps/search/?api=1&query=Marvel%20Cosmetic%20MedSpa&query_place_id=ChIJLcHXqDZ7ZIgRXXIFXR-1PGA","Medical spa","Skin Essentials Aesthetics & Lasers","151","5.0","0.12","GLO30 Brentwood","93","5.0","0.21","Stages Skin Studio","64","5.0","0.16","","not_called","0",""
"OPAL Aesthetics - East Cobb","Marietta","Georgia","30068","(404) 953-4023","https://www.opalatlanta.com/locations/east-cobb/?y_source=1_NTI3MTE3OTktNzE1LWxvY2F0aW9uLndlYnNpdGU%3D","","","","557","5.0","1121 Johnson Ferry Rd Suite 400, Marietta, GA 30068","https://www.google.com/maps/search/?api=1&query=OPAL%20Aesthetics%20-%20East%20Cobb&query_place_id=ChIJ5z5oBzQJ9YgRyhw55qZIiDA","Medical spa; Dermatologist; Facial spa; Plastic surgeon; Skin care clinic","OVME","251","4.9","0.71","dermani MEDSPA® East Cobb","173","4.9","0.07","Atlanta MediSpa & Surgery Center - East Cobb","167","4.8","0.41","","not_called","0",""
"ReWind Medical Solutions","Franklin","Tennessee","37064","(615) 721-5121","https://rewindmedicalsolutions.com/?utm_source=gbp&utm_medium=organic&utm_campaign=gbp-listing","","rewindmedicalsolutions@gmail.com","contact_page","105","5.0","1025 Westhaven Blvd #150, Franklin, TN 37064","https://www.google.com/maps/search/?api=1&query=ReWind%20Medical%20Solutions&query_place_id=ChIJB6pDNtmBZIgRsBX0wjNVjuM","Medical spa; Wellness center","Pinup Skin Medical Spa","79","4.9","2.96","Southern Aesthetics at Dion's South Franklin","56","4.6","2.92","SkinTheoryRx","53","5.0","2.88","","not_called","0",""
"REGEN Society Aesthetics + Wellness","Brentwood","Tennessee","37027","(615) 465-0465","https://www.regensocietyaesthetics.com/","","hello@regensocietyaesthetics.com","contact_page","126","5.0","8119 Isabella Ln #100, Brentwood, TN 37027","https://www.google.com/maps/search/?api=1&query=REGEN%20Society%20Aesthetics%20%2B%20Wellness&query_place_id=ChIJifcTaq17ZIgRpgHqOFEccuk","Medical spa","Franklin Skin and Laser","461","4.9","0.34","Schaffer Skin","138","5.0","0.05","Laserderm MedSpa LLC","62","4.2","0.27","","not_called","0",""
"ABR Aesthetics","Franklin","Tennessee","37067","(479) 235-7422","http://www.abraesthetics.com/?utm_source=google&utm_medium=organic&utm_campaign=gbp","","alexandra.br.esthetics@gmail.com","contact_page","78","4.9","256 Seaboard Ln Suite G 101, Franklin, TN 37067","https://www.google.com/maps/search/?api=1&query=ABR%20Aesthetics&query_place_id=ChIJPcOk9QR7ZIgRQfErBK-CZuw","Medical spa; Skin care clinic","615 Aesthetics","420","5.0","0.86","Grace Aesthetics","383","5.0","0.57","APs Aesthetics and Wellness - Medical Spa","192","5.0","0.24","","not_called","0",""
"Premier Aesthetics Studio","Brentwood","Tennessee","37027","(615) 612-0870","https://www.premieraestheticsstudio.com/","","premieraestheticsstudio@gmail.com","contact_page","71","5.0","7061 Moores Ln Suite 4, Brentwood, TN 37027","https://www.google.com/maps/search/?api=1&query=Premier%20Aesthetics%20Studio&query_place_id=ChIJw7cotyV7ZIgR6jIpFqQ-KKk","Facial spa; Spa","615 Aesthetics","420","5.0","0.23","Grace Aesthetics","383","5.0","0.72","NexGen Aesthetic Institute","30","5.0","0.86","","not_called","0",""
"Grace Aesthetics","Franklin","Tennessee","37067","(615) 401-9963","https://graceaesthetics.com/","","","","383","5.0","1909 Mallory Ln Suite 202, Franklin, TN 37067","https://www.google.com/maps/search/?api=1&query=Grace%20Aesthetics&query_place_id=ChIJry1GWq57ZIgRG_2tNM2Xiuo","Medical spa; Skin care clinic","Franklin Skin and Laser","461","4.9","0.75","615 Aesthetics","420","5.0","0.5","ABR Aesthetics","78","4.9","0.57","","not_called","0",""
"R3 Anti Aging & Medspa","Brentwood","Tennessee","37027","(615) 835-2690","https://r3antiaging.com/","","","","223","4.9","5020 Thoroughbred Ln, Brentwood, TN 37027","https://www.google.com/maps/search/?api=1&query=R3%20Anti%20Aging%20%26%20Medspa&query_place_id=ChIJ_-OS2OR7ZIgRE3PRwDOYTGw","Medical spa","Skin Essentials Aesthetics & Lasers","151","5.0","0.21","Marvel Cosmetic MedSpa","80","5.0","0.23","Stages Skin Studio","64","5.0","0.22","","not_called","0",""
"Skin Essentials Aesthetics & Lasers","Brentwood","Tennessee","37027","(615) 979-1519","https://skinessentialstn.com/?utm_source=GMB&utm_medium=organic&utm_campaign=LeadGen&utm_content=Website","","contact@skinessentialstn.com","contact_page","151","5.0","7012 Church St E Suite 200, Brentwood, TN 37027","https://www.google.com/maps/search/?api=1&query=Skin%20Essentials%20Aesthetics%20%26%20Lasers&query_place_id=ChIJEzH8jyd7ZIgRTo6UfI-OXyk","Medical spa; Beauty product supplier; Facial spa; Skin care clinic","R3 Anti Aging & Medspa","223","4.9","0.21","Marvel Cosmetic MedSpa","80","5.0","0.12","Stages Skin Studio","64","5.0","0.04","","not_called","0",""
"Sunday Skin","Brentwood","Tennessee","37027","(615) 749-6367","https://sundayskinaesthetics.com/?utm_source=google&utm_medium=organic&utm_campaign=gbp","","info@sundayskinaesthetics.com","contact_page","233","4.9","1001 Health Park Dr suite 370, Brentwood, TN 37027","https://www.google.com/maps/search/?api=1&query=Sunday%20Skin&query_place_id=ChIJI3m2QEZ7ZIgRvFIihpOE0Uw","Medical spa; Facial spa; Health consultant; Laser hair removal service; Skin care clinic","Canvas Skin","477","5.0","0.64","Stages Skin Studio","64","5.0","1.03","Skin Edit 615","58","5.0","1.01","","not_called","0",""
"Schaffer Skin","Brentwood","Tennessee","37027","(615) 828-6674","https://schafferskin.com/","","info@schafferskin.com","contact_page","138","5.0","8115 Isabella Ln STE 10, Brentwood, TN 37027","https://www.google.com/maps/search/?api=1&query=Schaffer%20Skin&query_place_id=ChIJ9RA0BWh5ZIgRKKtr6pmFUL8","Medical spa; Laser hair removal service; Skin care clinic; Weight loss service","Franklin Skin and Laser","461","4.9","0.33","REGEN Society Aesthetics + Wellness","126","5.0","0.05","Laserderm MedSpa LLC","62","4.2","0.25","","not_called","0",""
"Stages Skin Studio","Brentwood","Tennessee","37027","","https://stagesskinstudio.com/","","HELLO@STAGESSKINSTUDIO.COM","contact_page","64","5.0","150 Pewitt Dr, Brentwood, TN 37027","https://www.google.com/maps/search/?api=1&query=Stages%20Skin%20Studio&query_place_id=ChIJBXZ6T7F7ZIgR-e4GaTUwTQw","Medical spa; Plastic surgery clinic","R3 Anti Aging & Medspa","223","4.9","0.22","Skin Essentials Aesthetics & Lasers","151","5.0","0.04","Marvel Cosmetic MedSpa","80","5.0","0.16","","not_called","0",""
"Elan Skin & Laser Med Spa of Nashville","Nashville","Tennessee","37215","(615) 814-4999","https://www.elanskinandlaser.com/","","","","206","4.7","3750 Hillsboro Pike, Nashville, TN 37215","https://www.google.com/maps/search/?api=1&query=Elan%20Skin%20%26%20Laser%20Med%20Spa%20of%20Nashville&query_place_id=ChIJq4eWhm1kZIgROJ2wYgCYeVw","Medical spa; Day spa; Facial spa; Laser hair removal service; Skin care clinic","Skin Pharm","509","5.0","1.28","OVME","284","4.8","0.55","Skin MB","231","5.0","0.53","","not_called","0",""
"Total Med Solutions","Plano","Texas","75093","(214) 987-9203","https://totalmedsolutions.com/","","","","910","4.8","6101 Windcom Ct #300, Plano, TX 75093","https://www.google.com/maps/search/?api=1&query=Total%20Med%20Solutions&query_place_id=ChIJwdaTIF8jTIYR4AGCX3n8fno","Medical spa; Health spa; Women's health clinic","Spavia Day Spa - West Plano","934","4.8","1.73","Vitalize Medical Spa","94","4.8","1.2","InjectCo MedSpa Plano","80","4.9","0.78","","not_called","0",""
"GLO30 Brentwood","Brentwood","Tennessee","37027","(615) 454-9451","https://glo30.com/brentwood-tennessee/","","franchise@glo30.com","contact_page","93","5.0","7010 Executive Center Dr suite 102, Brentwood, TN 37027","https://www.google.com/maps/search/?api=1&query=GLO30%20Brentwood&query_place_id=ChIJWaYvLJp7ZIgRMwSehSCoEPo","Medical spa; Facial spa; Skin care clinic","Skin Essentials Aesthetics & Lasers","151","5.0","0.26","SkinSpirit Brentwood","100","5.0","0.26","Marvel Cosmetic MedSpa","80","5.0","0.21","","not_called","0",""
"Skin Pharm","Plano","Texas","75024","(214) 548-3575","https://skinpharm.com/pages/skincare-plano","","hello@skinpharm.com","contact_page","180","5.0","5801 Headquarters Dr suite 920, Plano, TX 75024","https://www.google.com/maps/search/?api=1&query=Skin%20Pharm&query_place_id=ChIJcZWVxaY9TIYRKSMDnriJuiI","Medical spa; Health and beauty shop; Skin care clinic","U Med Spa","1165","4.9","0.45","It's A Secret Med Spa","380","4.8","1.12","OVME","160","4.7","0.39","","not_called","0",""
"VIO Med Spa - Burlington","Burlington","Massachusetts","01803","(781) 532-0999","https://www.viomedspa.com/locations/burlington","","burlington@viomedspa.com","contact_page","429","4.9","102 Burlington Mall Road, Burlington, MA 01803","https://www.google.com/maps/search/?api=1&query=VIO%20Med%20Spa%20-%20Burlington&query_place_id=ChIJ2REhlxOf44kRStgnlWi6VFE","Medical spa; Facial spa; Health and beauty shop; Skin care clinic; Wellness center","Age-less Weigh-less","601","5.0","2.73","Restore Hyper Wellness","417","4.9","9.25","Sono Bello Boston","266","4.0","2.73","","not_called","0",""
"Relive Health Brentwood","Franklin","Tennessee","37069","(615) 560-6648","https://relivehealth.com/brentwood-tn/","","info@relivebrentwood.com","contact_page","205","5.0","1010 Perrone Way Suite 100, Franklin, TN 37069","https://www.google.com/maps/search/?api=1&query=Relive%20Health%20Brentwood&query_place_id=ChIJO15Aha99ZIgRIr19YyICxvQ","Medical spa; Weight loss service; Wellness center","615 Aesthetics","420","5.0","1.05","Grace Aesthetics","383","5.0","1.45","Glow Medical Spa","245","4.9","0.12","","not_called","0",""
"Old City Medspa","Knoxville","Tennessee","37902","(865) 247-5057","https://oldcitymedspa.com/?utm_campaign=gmb","","","","258","4.9","104 W Summit Hill Dr SW, Knoxville, TN 37902","https://www.google.com/maps/search/?api=1&query=Old%20City%20Medspa&query_place_id=ChIJn5R4kGQXXIgRuioiqwxYtVA","Medical spa; Facial spa; Health spa; Skin care clinic; Spa; Weight loss service","Downtown Smooth Spa","633","5.0","0.44","Smiley Aesthetics Medical Spa – Botox & Weight Loss Clinic Knoxville","515","5.0","0.34","Sarah Hitchcox Aesthetics","243","5.0","4.44","","not_called","0",""
"OVME","Plano","Texas","75024","(469) 915-6863","https://ovme.com/pages/legacy-west-plano-tx","","","","160","4.7","7500 Windrose Ave. Suite B192, Plano, TX 75024","https://www.google.com/maps/search/?api=1&query=OVME&query_place_id=ChIJX0R_nmg9TIYROzWzfs-ym2s","Medical spa; Laser hair removal service","U Med Spa","1165","4.9","0.37","It's A Secret Med Spa","380","4.8","1.46","Skin Pharm","180","5.0","0.39","","not_called","0",""
"Downtown Smooth Spa","Knoxville","Tennessee","37902","(865) 230-7113","https://downtownsmooth.com/","","downtownsmoothspa@gmail.com","contact_page","633","5.0","107 Main St SW Ste 200, Knoxville, TN 37902","https://www.google.com/maps/search/?api=1&query=Downtown%20Smooth%20Spa&query_place_id=ChIJF82sTsEXXIgRnmBqePJl8vc","Day spa; Facial spa; Hair removal service; Skin care clinic; Spa","Smiley Aesthetics Medical Spa – Botox & Weight Loss Clinic Knoxville","515","5.0","0.37","Old City Medspa","258","4.9","0.44","Sarah Hitchcox Aesthetics","243","5.0","4.46","","not_called","0",""
"The Wellness Room","Knoxville","Tennessee","37922","(865) 274-0199","http://thewellnessroomknox.com/","","thewellnessroomknox@gmail.com","contact_page","509","5.0","151 Sherway Rd #1, Knoxville, TN 37922","https://www.google.com/maps/search/?api=1&query=The%20Wellness%20Room&query_place_id=ChIJLeroOasvXIgRBWUx7phu0kQ","Medical spa","Pretty Girl Aesthetics","919","5.0","1.35","Jessica Ellam Medical Aesthetics","447","5.0","1.09","A Better You Med Spa","211","4.7","1.02","","not_called","0",""
"A Better You Med Spa","Knoxville","Tennessee","37923","(865) 288-3899","https://www.abetteryoumedspatn.com/","","abetteryoumedspa1@gmail.com","contact_page","211","4.7","9307 Kingston Pike A, Knoxville, TN 37923","https://www.google.com/maps/search/?api=1&query=A%20Better%20You%20Med%20Spa&query_place_id=ChIJwVb9v5kvXIgRfK4VLAwx0oo","Medical spa; Facial spa; Spa; Teeth whitening service; Weight loss service","Pretty Girl Aesthetics","919","5.0","0.33","The Wellness Room","509","5.0","1.02","Skin & Sculpt Medical Spa","224","5.0","0.4","","not_called","0",""
"RevitalyzeMD","Knoxville","Tennessee","37919","(865) 293-5828","https://www.revitalyzemd.com/","","connect@revitalyzemd.com","contact_page","648","4.9","6504 Deane Hill Dr, Knoxville, TN 37919","https://www.google.com/maps/search/?api=1&query=RevitalyzeMD&query_place_id=ChIJSf9sJsIuXIgRuaoAL9N-Fok","Medical spa; Doctor; Medical clinic; Wellness center","Sarah Hitchcox Aesthetics","243","5.0","1.39","Create Medical Aesthetics","213","5.0","0.28","Aesthetic Elevation Knoxville","83","5.0","0.6","","not_called","0",""
"Ageless Medical Spa","Knoxville","Tennessee","37934","(865) 675-2888","https://agelessmedicalspa.com/?utm_campaign=gmb","","info@agelessmedicalspa.com","contact_page","149","4.9","11673 Parkside Dr, Knoxville, TN 37934","https://www.google.com/maps/search/?api=1&query=Ageless%20Medical%20Spa&query_place_id=ChIJsWhWJo4uXIgR6YWqr_eoxIk","Medical spa; Facial spa","Ideal Image Knoxville","975","4.8","0.58","Dolce Medical Spa","864","4.9","2.24","Beautique Medical Anti-Aging","536","5.0","2.12","","not_called","0",""
"Skin & Sculpt Medical Spa","Knoxville","Tennessee","37923","(865) 671-3630","https://skinandsculptmedspa.com/","","info@skinandsculptmedspa.com","contact_page","224","5.0","248 N Peters Rd #3, Knoxville, TN 37923","https://www.google.com/maps/search/?api=1&query=Skin%20%26%20Sculpt%20Medical%20Spa&query_place_id=ChIJPbAKxm4lXIgRu8rUR8kk918","Medical spa; Plastic surgery clinic; Skin care clinic; Weight loss service","Pretty Girl Aesthetics","919","5.0","0.09","The Wellness Room","509","5.0","1.4","Arabella Medical Aesthetics","215","5.0","0.63","","not_called","0",""
"Vitalize Medical Spa","Plano","Texas","75093","(972) 473-4999","http://www.vitalizemedicalspa.com/","","info@vitalizemedicalspa.com","contact_page","94","4.8","2633 Dallas Pkwy #201, Plano, TX 75093","https://www.google.com/maps/search/?api=1&query=Vitalize%20Medical%20Spa&query_place_id=ChIJV6fj63wjTIYR--m2GJOnfrw","Medical spa","Spavia Day Spa - West Plano","934","4.8","0.55","Total Med Solutions","910","4.8","1.2","InjectCo MedSpa Plano","80","4.9","0.47","","not_called","0",""
"Jack + Jill Aesthetics","Franklin","Tennessee","37064","(615) 724-5232","http://jackjillaesthetics.com/","","","","495","4.4","1010 Murfreesboro Rd, Franklin, TN 37064","https://www.google.com/maps/search/?api=1&query=Jack%20%2B%20Jill%20Aesthetics&query_place_id=ChIJCdP30Dp_ZIgR8sZegTGCOmQ","Medical spa","OVME","313","4.9","1.5","NakedMD Med Spa Franklin","312","4.9","1.05","Skin Pharm","215","5.0","1.5","","not_called","0",""
"RUMI Aesthetics","Plano","Texas","75025","(214) 894-4533","http://www.rumiaesthetics.com/","","%20info@rumiaesthetics.com","contact_page","69","4.7","3465 National Dr Suite 105, Plano, TX 75025","https://www.google.com/maps/search/?api=1&query=RUMI%20Aesthetics&query_place_id=ChIJCTOJVhA9TIYRQDScEjNxP-Y","Medical spa; Facial spa; Medical clinic; Skin care clinic; Spa; Weight loss service","Novuskin Med Spa Frisco","1072","4.7","1.75","SKIN Med Spa & Laser","351","4.6","2.41","Le Beau Visage Medical Spa","286","4.9","2.7","","not_called","0",""
"Jessica Ellam Medical Aesthetics","Knoxville","Tennessee","37922","(865) 357-1138","https://jessicaellamaesthetics.com/","","","","447","5.0","10315 Kingston Pike, Knoxville, TN 37922","https://www.google.com/maps/search/?api=1&query=Jessica%20Ellam%20Medical%20Aesthetics&query_place_id=ChIJCRd--p8lXIgR4ZKngMdIC2Y","Medical spa; Weight loss service","Dolce Medical Spa","864","4.9","0.43","Beautique Medical Anti-Aging","536","5.0","0.49","The Wellness Room","509","5.0","1.09","","not_called","0",""
"Create Medical Aesthetics","Knoxville","Tennessee","37919","(865) 309-0091","https://createmedspa.com/","","seo.loginuser@growth99.com","contact_page","213","5.0","6311 Kingston Pike # 4E, Knoxville, TN 37919","https://www.google.com/maps/search/?api=1&query=Create%20Medical%20Aesthetics&query_place_id=ChIJjZGlhDIlXIgRCwG3EQ9yxXk","Medical spa; Beauty salon; Facial spa; Waxing hair removal service","RevitalyzeMD","648","4.9","0.28","Sarah Hitchcox Aesthetics","243","5.0","1.13","Aesthetic Elevation Knoxville","83","5.0","0.53","","not_called","0",""
"Arabella Medical Aesthetics","Knoxville","Tennessee","37923","(865) 839-5574","http://arabellaknox.com/","","info@arabellaknox.com","contact_page","215","5.0","240 S Peters Rd # 102, Knoxville, TN 37923","https://www.google.com/maps/search/?api=1&query=Arabella%20Medical%20Aesthetics&query_place_id=ChIJ23oUa1olXIgRTmSwy2aT0Ng","Medical spa; Facial spa; Hair removal service; Hair replacement service; Laser hair removal service; Skin care clinic; Wellness center","Pretty Girl Aesthetics","919","5.0","0.58","The Wellness Room","509","5.0","1.73","Skin & Sculpt Medical Spa","224","5.0","0.63","","not_called","0",""
"Smiley Aesthetics Medical Spa – Botox & Weight Loss Clinic Knoxville","Knoxville","Tennessee","37902","(865) 350-6187","https://smileyaesthetics.com/locations/knoxville/","","","","515","5.0","525 Union Ave, Knoxville, TN 37902","https://www.google.com/maps/search/?api=1&query=Smiley%20Aesthetics%20Medical%20Spa%20%E2%80%93%20Botox%20%26%20Weight%20Loss%20Clinic%20Knoxville&query_place_id=ChIJoT9ifwqb-wgR1VFjQ9EN3yU","Medical spa; Plastic surgery clinic; Skin care clinic","RevitalyzeMD","648","4.9","5.55","Downtown Smooth Spa","633","5.0","0.37","Old City Medspa","258","4.9","0.34","","not_called","0",""
"Culture Aesthetics & Wellness","Knoxville","Tennessee","37919","(865) 500-0101","https://culturemedspa.com/?utm_source=google&utm_medium=organic&utm_campaign=GBP","","info@culturemedspa.com","contact_page","80","5.0","7645 Kingston Pike, Knoxville, TN 37919","https://www.google.com/maps/search/?api=1&query=Culture%20Aesthetics%20%26%20Wellness&query_place_id=ChIJlf0lYgAlXIgRd69Ex5DOqT8","Medical spa; Facial spa; Hair transplantation clinic; Laser hair removal service; Skin care clinic; Weight loss service; Wellness center","RevitalyzeMD","648","4.9","1.59","Arabella Medical Aesthetics","215","5.0","2.63","Create Medical Aesthetics","213","5.0","1.78","","not_called","0",""
"Nova Headspa & Medspa","McKinney","Texas","75071","(469) 688-8606","http://www.novamedspa.net/","","novamedicaltx@gmail.com","contact_page","168","5.0","2761 Virginia Pkwy, McKinney, TX 75071","https://www.google.com/maps/search/?api=1&query=Nova%20Headspa%20%26%20Medspa&query_place_id=ChIJMUoY94kTTIYR55NWiyjBio4","Medical spa; Beauty salon; Facial spa; Health and beauty shop; Laser hair removal service; Skin care clinic; Wellness center","BeauxMD Medical Aesthetics","288","5.0","2.25","VIO Med Spa","93","4.8","1.86","Revive Primary Care & Med Spa - McKinney","64","4.6","1.96","","not_called","0",""
"615 Aesthetics","Brentwood","Tennessee","37027","(615) 787-7121","http://www.615aesthetics.com/","","","","420","5.0","99 Seaboard Ln #800, Brentwood, TN 37027","https://www.google.com/maps/search/?api=1&query=615%20Aesthetics&query_place_id=ChIJEavUHjlhZIgRGwVNihjDiOs","Skin care clinic","Grace Aesthetics","383","5.0","0.5","Schaffer Skin","138","5.0","0.86","Premier Aesthetics Studio","71","5.0","0.23","","not_called","0",""
"Beauty Lounge Med Spa","Sarasota","Florida","34239","(941) 365-7707","https://beautyloungesarasota.com/","","beautyloungesarasota@gmail.com","contact_page","115","5.0","2650 S Tamiami Trl Suite 3, Sarasota, FL 34239","https://www.google.com/maps/search/?api=1&query=Beauty%20Lounge%20Med%20Spa&query_place_id=ChIJKRJ8Kc5Bw4gR2qn9sA0D0q0","Medical spa","Sarasota Plastic Surgery Center & Med Spa","371","4.9","0.25","Cosmetic Skin & Laser Center","260","4.9","0.77","Sarasota Facial Aesthetics","147","4.9","0.55","","not_called","0",""
"Lotus Skin Studio","McKinney","Texas","75070","(469) 732-9870","https://lotusskinstudios.com/","","lotusskinsstudio@gmail.com","contact_page","123","4.9","3900 S Stonebridge Dr STE 1001, McKinney, TX 75070","https://www.google.com/maps/search/?api=1&query=Lotus%20Skin%20Studio&query_place_id=ChIJ687fNYEVTIYRalXh8ySrn0o","Medical spa; Facial spa; Laser hair removal service; Skin care clinic","My Sunshine Beauty MedSpa","194","4.9","0.0","Venus Medical Aesthetics - Med Spa McKinney","118","5.0","0.44","Aneva Skin","108","5.0","0.9","","not_called","0",""
"LUX MedSpa And Wellness Center","Sarasota","Florida","34237","(941) 363-1666","https://luxmedspasarasota.com/","","info@luxmedspasarasota.com","contact_page","129","4.9","3260 Fruitville Rd, Sarasota, FL 34237","https://www.google.com/maps/search/?api=1&query=LUX%20MedSpa%20And%20Wellness%20Center&query_place_id=ChIJb73KiVs_w4gRdtXEAkRRxHo","Medical spa","Vita Aesthetics","227","5.0","0.07","Chelsea Vacca Medical Aesthetics | Sarasota Botox Fillers Microneedling CO2 Laser Tattoo Removal","198","4.9","1.62","The Aesthetic Center","194","4.9","1.25","","not_called","0",""
"Healthy Way MedSpa","Sarasota","Florida","34236","(941) 536-1181","http://www.healthywaymedspa.com/","","HealthyWayMedspa@gmail.com","contact_page","97","4.8","1460 Boulevard of the Arts, Sarasota, FL 34236","https://www.google.com/maps/search/?api=1&query=Healthy%20Way%20MedSpa&query_place_id=ChIJh801Dm9Aw4gRhqCqQzx4uYc","Medical spa","SRQ Med Spa","167","5.0","0.31","SkinSpirit Sarasota","112","5.0","0.56","Rejuvenate 528 Regenerative Aesthetics Medical Spa","75","4.9","0.57","","not_called","0",""
"Medispa At Choto","Knoxville","Tennessee","37922","(865) 218-9000","https://medispachoto.com/","","book@medispachoto.com","contact_page","213","5.0","1606 Choto Markets Way, Knoxville, TN 37922","https://www.google.com/maps/search/?api=1&query=Medispa%20At%20Choto&query_place_id=ChIJXXBW4WUpXIgRnV2a7QfNtvk","Medical spa; Laser hair removal service; Medical office; Spa; Weight loss service","Ideal Image Knoxville","975","4.8","4.9","Dolce Medical Spa","864","4.9","4.95","Beautique Medical Anti-Aging","536","5.0","4.95","","not_called","0",""
"Elite Medical Spa of Sarasota","Sarasota","Florida","34240","(941) 203-5111","https://elitemedicalspa.com/contact/","","elitemedspa@email.com","contact_page","725","4.9","6355 Initiative Blvd suite 100, Sarasota, FL 34240","https://www.google.com/maps/search/?api=1&query=Elite%20Medical%20Spa%20of%20Sarasota&query_place_id=ChIJ-U36vN9Gw4gROCMgbVbdrwk","Medical spa; Day spa; Facial spa; Laser hair removal service; Massage spa; Skin care clinic; Weight loss service","Vita Aesthetics","227","5.0","3.75","Mermaid Med Spa","136","4.9","2.46","LUX MedSpa And Wellness Center","129","4.9","3.76","","not_called","0",""
"Pretty Girl Aesthetics","Knoxville","Tennessee","37923","(865) 684-0553","https://prettygirlaes.com/","","","","919","5.0","259 N Peters Rd Suite 103, Knoxville, TN 37923","https://www.google.com/maps/search/?api=1&query=Pretty%20Girl%20Aesthetics&query_place_id=ChIJLeTOBb4vXIgRDbkHtQLEin8","Medical spa; Day spa; Facial spa; Laser hair removal service; Medical clinic; Skin care clinic; Weight loss service","The Wellness Room","509","5.0","1.35","Skin & Sculpt Medical Spa","224","5.0","0.09","Arabella Medical Aesthetics","215","5.0","0.58","","not_called","0",""
"Sparkle Skin Solutions","Sarasota","Florida","34239","(941) 888-3396","https://www.americasmedspa.com/","","","","75","4.8","3800 S Tamiami Trl Suite 204, Sarasota, FL 34239","https://www.google.com/maps/search/?api=1&query=Sparkle%20Skin%20Solutions&query_place_id=ChIJf-r6ovw5w4gRDJi9qObQeuQ","Medical spa","Sarasota Plastic Surgery Center & Med Spa","371","4.9","0.99","Cosmetic Skin & Laser Center","260","4.9","0.3","Sarasota Facial Aesthetics","147","4.9","1.26","","not_called","0",""
"My Sunshine Beauty MedSpa","McKinney","Texas","75070","(214) 683-5511","http://www.mysunshinebeauty.com/","","info@mysunshinebeauty.com","contact_page","194","4.9","3900 S Stonebridge Dr STE 1001, McKinney, TX 75070","https://www.google.com/maps/search/?api=1&query=My%20Sunshine%20Beauty%20MedSpa&query_place_id=ChIJ9xNGZBXWU0ARhsxlXI_irBc","Medical spa; Day spa; Laser hair removal service; Spa; Waxing hair removal service","Lotus Skin Studio","123","4.9","0.0","Venus Medical Aesthetics - Med Spa McKinney","118","5.0","0.44","Aneva Skin","108","5.0","0.9","","not_called","0",""
"Vita Aesthetics","Sarasota","Florida","34237","(941) 229-0039","https://vita-aestheticsfl.com/?utm_source=google&utm_medium=organic&utm_campaign=gbp","","info@vita-aesthetics.com","contact_page","227","5.0","3277 Fruitville Rd UNIT C1, Sarasota, FL 34237","https://www.google.com/maps/search/?api=1&query=Vita%20Aesthetics&query_place_id=ChIJuU6YSIJBw4gR_1ucqL7rgI4","Medical spa; Facial spa; Skin care clinic","Chelsea Vacca Medical Aesthetics | Sarasota Botox Fillers Microneedling CO2 Laser Tattoo Removal","198","4.9","1.62","The Aesthetic Center","194","4.9","1.31","LUX MedSpa And Wellness Center","129","4.9","0.07","","not_called","0",""
"Aire MedSpa","Sarasota","Florida","34238","(941) 226-9965","https://airemedspa.com/","","support@airemedspa.com","contact_page","217","5.0","7126 S Beneva Rd Unit 100, Sarasota, FL 34238","https://www.google.com/maps/search/?api=1&query=Aire%20MedSpa&query_place_id=ChIJ8T6Q8NNBw4gRAuZfToLYwro","Medical spa; Laser hair removal service; Skin care clinic; Weight loss service","Bowtique Med Spa","395","4.8","1.99","RMI Med Spa","205","4.9","1.16","Harmony Med Spa","164","5.0","1.27","","not_called","0",""
"Facial Mania Med Spa Sarasota","Sarasota","Florida","34238","(941) 337-7710","https://www.facialmaniamedspa.com/locations/facial-mania-med-spa-sarasota/","","info@facialmaniamedspa.com","contact_page","61","4.9","8776 S Tamiami Trl, Sarasota, FL 34238","https://www.google.com/maps/search/?api=1&query=Facial%20Mania%20Med%20Spa%20Sarasota&query_place_id=ChIJ1YL9Cf5Dw4gR9ykIXCaiqE8","Medical spa; Medical office; Spa","Bowtique Med Spa","395","4.8","3.63","Aire MedSpa","217","5.0","2.11","RMI Med Spa","205","4.9","3.2","","not_called","0",""
"SkinCare Physicians","Chestnut Hill","Massachusetts","02467","(617) 731-1600","http://www.skincarephysicians.net/","","","","460","4.6","1244 Boylston St, Chestnut Hill, MA 02467","https://www.google.com/maps/search/?api=1&query=SkinCare%20Physicians&query_place_id=ChIJzdGLZe1444kR_yIMi4jcCRs","Medical spa; Laser hair removal service; Dermatologist; Skin care clinic; Tattoo removal service","Joseph A Russo MD","407","4.9","1.36","Skin Spa New York - Back Bay","381","4.8","4.6","Restore Hyper Wellness","235","4.9","2.29","","not_called","0",""
"Mermaid Med Spa","Sarasota","Florida","34240","(941) 444-9942","https://mermaid-medspa.com/","","info@mermaid-medspa.com","contact_page","136","4.9","1193 Sarasota Center Blvd, Sarasota, FL 34240","https://www.google.com/maps/search/?api=1&query=Mermaid%20Med%20Spa&query_place_id=ChIJ9aR5sFk5w4gRmTlKKju1dw8","Medical spa","Elite Medical Spa of Sarasota","725","4.9","2.46","Vita Aesthetics","227","5.0","6.15","LUX MedSpa And Wellness Center","129","4.9","6.17","","not_called","0",""
"Revive Primary Care & Med Spa - McKinney","McKinney","Texas","75071","(972) 236-7060","https://revivepcms.com/mckinney/","","info@revivepcms.com","contact_page","64","4.6","4987 W University Dr STE 150, McKinney, TX 75071","https://www.google.com/maps/search/?api=1&query=Revive%20Primary%20Care%20%26%20Med%20Spa%20-%20McKinney&query_place_id=ChIJp8R8LpQVTIYRKu_J0q4rmjY","Medical clinic","Nova Headspa & Medspa","168","5.0","1.96","Hartwater Aesthetics","107","4.9","1.96","Immortal Med Spa","56","5.0","1.93","","not_called","0",""
"Eternal MedSpa Sarasota","Sarasota","Florida","34233","(941) 216-5221","https://www.eternal-medspa.com/","","clientservices@eternal-medspa.com","contact_page","119","4.9","4049 Clark Rd, Sarasota, FL 34233","https://www.google.com/maps/search/?api=1&query=Eternal%20MedSpa%20Sarasota&query_place_id=ChIJ-fCp5eZBw4gROO8ubP_JbJA","Medical spa","Bowtique Med Spa","395","4.8","2.44","Aire MedSpa","217","5.0","1.37","RMI Med Spa","205","4.9","0.31","","not_called","0",""
"Austin Aesthetic Couture","Round Rock","Texas","78664","(830) 310-2401","https://www.austinaestheticcouture.com/?utm_source=google&utm_medium=organic&utm_campaign=gbp","","angelamiller@austinaestheticcouture.com","contact_page","122","5.0","2631 Gattis School Rd #320, Round Rock, TX 78664","https://www.google.com/maps/search/?api=1&query=Austin%20Aesthetic%20Couture&query_place_id=ChIJxa4S7PTJRIYR1Wv8am-xAHk","Skin care clinic; Medical spa; Weight loss service","Ginger Allure MedSpa","191","4.9","1.85","RejuviYouth Health & Wellness Spa","56","5.0","1.22","Texas Needle Queen • Botox & Lip Filler Clinic | Round Rock, TX","53","5.0","1.69","","not_called","0",""
"River Oaks Galleria Medspa","Houston","Texas","77027","(346) 741-6772","http://www.rogmedspa.com/","","","","210","4.9","2111 W Loop S Ste 370, Houston, TX 77027","https://www.google.com/maps/search/?api=1&query=River%20Oaks%20Galleria%20Medspa&query_place_id=ChIJr95seR_BQIYRXertdTuXvVM","Medical spa","Glow Medspa Houston","421","4.7","0.5","Skinful Aesthetics","316","4.9","1.22","Galleria Aesthetics and Wellness","281","4.8","0.99","","not_called","0",""
"The MedSpa at Galleria","Houston","Texas","77027","","https://www.themedspatx.com/","","info@themedspatx.com","contact_page","118","5.0","4615 Southwest Fwy #735, Houston, TX 77027","https://www.google.com/maps/search/?api=1&query=The%20MedSpa%20at%20Galleria&query_place_id=ChIJi8by-lXBQIYRhF94BUhNp1A","Medical spa; Wellness center","Skinful Aesthetics","316","4.9","1.1","NakedMD Med Spa Houston","258","4.9","1.08","River Oaks MedSpa","187","4.8","1.07","","not_called","0",""
"VIO Med Spa","Houston","Texas","77025","(346) 771-6630","https://www.viomedspa.com/locations/houstonwestu","","casalinda@viomedspa.com","contact_page","108","4.9","3849 Bellaire Blvd, Houston, TX 77025","https://www.google.com/maps/search/?api=1&query=VIO%20Med%20Spa&query_place_id=ChIJl9VmyybBQIYRz8kvOF-JBLA","Medical spa; Facial spa; Health and beauty shop; Wellness center","PurA Medical Aesthetics","891","5.0","2.15","NakedMD Med Spa Houston","258","4.9","2.18","Glow Medical Aesthetics","235","4.9","0.5","","not_called","0",""
"Rejuvenate 528 Regenerative Aesthetics Medical Spa","Sarasota","Florida","34236","(941) 894-4990","http://rejuvenate528.com/","","Info@rejuvenate528.com","contact_page","75","4.9","1530 Dolphin St #8, Sarasota, FL 34236","https://www.google.com/maps/search/?api=1&query=Rejuvenate%20528%20Regenerative%20Aesthetics%20Medical%20Spa&query_place_id=ChIJLTUJdEZBw4gRBY_YiUq2rrA","Medical spa; Facial spa; Skin care clinic","SRQ Med Spa","167","5.0","0.27","SkinSpirit Sarasota","112","5.0","0.49","Healthy Way MedSpa","97","4.8","0.57","","not_called","0",""
"River Oaks MedSpa","Houston","Texas","77027","(713) 621-2600","http://www.riveroaksmedspa.com/","","info@riveroaksmedspa.com","contact_page","187","4.8","3100 Timmons Ln # 100, Houston, TX 77027","https://www.google.com/maps/search/?api=1&query=River%20Oaks%20MedSpa&query_place_id=ChIJL1LGdR3BQIYR5MvMIclvRtM","Medical spa; Beauty product supplier; Dermatologist; Skin care clinic; Weight loss service; Wellness center","Skinful Aesthetics","316","4.9","0.1","NakedMD Med Spa Houston","258","4.9","0.02","OVME","208","4.7","1.15","","not_called","0",""
"It's A Secret Med Spa - Houston","Houston","Texas","77007","(713) 452-1860","https://secretmedspa.com/houston-tx/","","","","306","4.4","4525 Washington Ave Suite 200, Houston, TX 77007","https://www.google.com/maps/search/?api=1&query=It's%20A%20Secret%20Med%20Spa%20-%20Houston&query_place_id=ChIJMfQFrNnBQIYRW_nnk3ZXkQw","Medical spa","Miliv Med Spa & Facials","446","4.8","0.85","Mederna Aesthetic & Wellness Medical Center","231","4.9","0.6","The Skin Clinic","178","4.9","0.83","","not_called","0",""
"Westlake Dermatology & Cosmetic Surgery - Round Rock","Round Rock","Texas","78681","(512) 583-3376","https://www.westlakedermatology.com/contact-us/locations/round-rock/?utm_source=google&utm_medium=local&utm_campaign=wdwes","","","","340","4.1","1760 Round Rock Ave, Round Rock, TX 78681","https://www.google.com/maps/search/?api=1&query=Westlake%20Dermatology%20%26%20Cosmetic%20Surgery%20-%20Round%20Rock&query_place_id=ChIJbwbN7yPSRIYRPpwvhqp8PFQ","Skin care clinic; Cosmetic surgeon; Laser hair removal service; Medical spa; Plastic surgeon; Plastic surgery clinic; Dermatologist; Weight loss service","Allure Laser & Day Spa","283","4.9","0.93","Smooth Aesthetics","250","5.0","1.52","Organica Aesthetics","78","4.8","1.6","","not_called","0",""
"Beautique Medical Anti-Aging","Knoxville","Tennessee","37922","(865) 392-1944","http://beautiquebeautiful.com/","","","","536","5.0","10542 Kingston Pike, Knoxville, TN 37922","https://www.google.com/maps/search/?api=1&query=Beautique%20Medical%20Anti-Aging&query_place_id=ChIJVVXl6gUvXIgRkeYcg2jo9J8","Medical spa","Dolce Medical Spa","864","4.9","0.13","Jessica Ellam Medical Aesthetics","447","5.0","0.49","Culture Aesthetics & Wellness","283","5.0","1.33","","not_called","0",""
"Persona Medical Spa","Houston","Texas","77098","(713) 630-0772","http://personamedicalspa.com/","","","","146","4.7","2311 W Alabama St, Houston, TX 77098","https://www.google.com/maps/search/?api=1&query=Persona%20Medical%20Spa&query_place_id=ChIJb8lQPO3AQIYRVwknJdrPmFY","Medical spa; Facial spa; Skin care clinic","PurA Medical Aesthetics","891","5.0","0.9","OVME","208","4.7","0.14","Sousan Med Spa","169","4.8","1.04","","not_called","0",""
"Amora Med Spa","Houston","Texas","77006","(713) 835-0590","http://amoramedspa.com/","","","","83","4.8","315 W Alabama St #103, Houston, TX 77006","https://www.google.com/maps/search/?api=1&query=Amora%20Med%20Spa&query_place_id=ChIJl7pCB2WXQIYR3BdnfSrywR4","Medical spa","Sisu Clinic Houston","434","4.9","0.57","ZO Skin Centre Houston","238","4.9","1.62","Nia Aesthetics MD","220","5.0","0.46","","not_called","0",""
"Montrose Med Spa","Houston","Texas","77006","(713) 485-5027","https://www.montrosemedspa.com/","","info@montrosemedspa.com","contact_page","135","4.8","2505 Dunlavy St, Houston, TX 77006","https://www.google.com/maps/search/?api=1&query=Montrose%20Med%20Spa&query_place_id=ChIJOeGkgd7BQIYRstIDWDHyQ_8","Medical spa","Sisu Clinic Houston","434","4.9","0.7","Nia Aesthetics MD","220","5.0","0.89","OVME","208","4.7","1.05","","not_called","0",""
"Harmony Med Spa","Sarasota","Florida","34231","(941) 923-8990","https://www.harmonymedspafl.com/","","","","164","5.0","2184 Gulf Gate Dr, Sarasota, FL 34231","https://www.google.com/maps/search/?api=1&query=Harmony%20Med%20Spa&query_place_id=ChIJUdByUGdBw4gRrFwruukx7Fc","Medical spa","Bowtique Med Spa","395","4.8","0.74","Cosmetic Skin & Laser Center","260","4.9","2.87","Aire MedSpa","217","5.0","1.27","","not_called","0",""
"New You Med Spa","Houston","Texas","77054","(346) 584-1800","http://newyoumedspa.net/","","","","66","4.3","7505 Fannin St Suite 550, Houston, TX 77054","https://www.google.com/maps/search/?api=1&query=New%20You%20Med%20Spa&query_place_id=ChIJfdtlJ_vBQIYR5LmYcZZldSY","Medical spa","PurA Medical Aesthetics","891","5.0","2.46","Glow Medical Aesthetics","235","4.9","2.02","Nia Aesthetics MD","220","5.0","3.08","","not_called","0",""
"The Total You Medical Spa","Houston","Texas","77043","","","","","","134","4.9","1140 Business Center Dr #403, Houston, TX 77043","https://www.google.com/maps/search/?api=1&query=The%20Total%20You%20Medical%20Spa&query_place_id=ChIJy_Iqml_bQIYRhNJAAJ03LAI","Medical spa","Hi Beautiful Aesthetics","439","4.8","4.25","Derma Theory","238","5.0","6.7","Skin 101 Medical Spa","182","4.8","0.97","","not_called","0",""
"Artavi Med Spa- Dr. Tarina Desai, MD","Houston","Texas","77007","(832) 649-7266","http://www.artavimedspa.com/","","Info@ArtaviMedSpa.com","contact_page","254","4.8","714 Yale St #2k, Houston, TX 77007","https://www.google.com/maps/search/?api=1&query=Artavi%20Med%20Spa-%20Dr.%20Tarina%20Desai%2C%20MD&query_place_id=ChIJme6xWynHQIYR7dJ0BUmD7is","Medical spa; Doctor; Skin care clinic","Dream Aesthetics Medspa","441","5.0","0.76","Mederna Aesthetic & Wellness Medical Center","231","4.9","1.05","The Skin Clinic","178","4.9","0.61","","not_called","0",""
"Glow Medspa Houston","Houston","Texas","77027","(346) 478-7600","https://glowmedspa.com/laser-treatments-med-spa-services-in-houston-tx/","","Contact@GlowMedspa.com","contact_page","421","4.7","19 Briar Hollow Ln #115, Houston, TX 77027","https://www.google.com/maps/search/?api=1&query=Glow%20Medspa%20Houston&query_place_id=ChIJ1Ws29V7BQIYRitqq8aWriQA","Medical spa; Facial spa; Laser hair removal service; Spa; Tattoo removal service","Skinful Aesthetics","316","4.9","1.25","NakedMD Med Spa Houston","258","4.9","1.34","River Oaks Galleria Medspa","210","4.9","0.5","","not_called","0",""
"Sousan Med Spa","Houston","Texas","77027","(713) 527-9878","https://sousanmedspahouston.net/","","","","169","4.8","3501 W Alabama St suit 100, Houston, TX 77027","https://www.google.com/maps/search/?api=1&query=Sousan%20Med%20Spa&query_place_id=ChIJ9wx4lxbBQIYRqkl36M6CIq8","Spa; Facial spa; Laser hair removal service; Medical spa","Skinful Aesthetics","316","4.9","0.26","NakedMD Med Spa Houston","258","4.9","0.25","OVME","208","4.7","0.91","","not_called","0",""
"Smooth Aesthetics","Round Rock","Texas","78664","(512) 262-9289","https://www.smoothaestheticsaustin.com/","","","","250","5.0","107 E Anderson Ave, Round Rock, TX 78664","https://www.google.com/maps/search/?api=1&query=Smooth%20Aesthetics&query_place_id=ChIJRahdHpTTRIYRtUYBkZD2fsM","Health and beauty shop; Wellness center","Ginger Allure MedSpa","191","4.9","0.38","Organica Aesthetics","78","4.8","0.18","Beauty Intelligence","44","4.9","0.32","","not_called","0",""
"SRQ Med Spa","Sarasota","Florida","34236","(941) 779-3004","https://srqmedspa.com/","","info@srqmedspa.com","contact_page","167","5.0","1473 Main St, Sarasota, FL 34236","https://www.google.com/maps/search/?api=1&query=SRQ%20Med%20Spa&query_place_id=ChIJTdU7zcxBw4gR7sS7bZw_Wmw","Medical spa; Facial spa; Spa; Skin care clinic; Weight loss service; Wellness center","SkinSpirit Sarasota","112","5.0","0.49","Healthy Way MedSpa","97","4.8","0.31","Rejuvenate 528 Regenerative Aesthetics Medical Spa","75","4.9","0.27","","not_called","0",""
"The Aesthetic Center","Sarasota","Florida","34239","(941) 315-1700","http://topmedspasarasota.com/","","Info@LookAmazingSarasota.com","contact_page","194","4.9","2650 Bahia Vista St STE 208, Sarasota, FL 34239","https://www.google.com/maps/search/?api=1&query=The%20Aesthetic%20Center&query_place_id=ChIJp9PVyG1Aw4gRKx8H6j60Gxs","Medical spa; Medical clinic","Sarasota Plastic Surgery Center & Med Spa","371","4.9","1.01","Vita Aesthetics","227","5.0","1.31","Sarasota Facial Aesthetics","147","4.9","1.13","","not_called","0",""
"Sarasota Facial Aesthetics","Sarasota","Florida","34239","(941) 955-8384","https://www.sarasotafacialaesthetics.com/","","","","147","4.9","1806 S Osprey Ave, Sarasota, FL 34239","https://www.google.com/maps/search/?api=1&query=Sarasota%20Facial%20Aesthetics&query_place_id=ChIJkwrODERAw4gR1ASl1vzDdPg","Medical spa; Skin care clinic","Sarasota Plastic Surgery Center & Med Spa","371","4.9","0.38","The Aesthetic Center","194","4.9","1.13","Beauty Lounge Med Spa","115","5.0","0.55","","not_called","0",""
"Lakewood Ranch Aesthetics and Wellness","Sarasota","Florida","34240","(941) 524-8096","https://www.lwraesthetics.com/","","user@domain.com","contact_page","104","5.0","6574 University Pkwy Suite 120, Sarasota, FL 34240","https://www.google.com/maps/search/?api=1&query=Lakewood%20Ranch%20Aesthetics%20and%20Wellness&query_place_id=ChIJtcu8AHU5w4gR1i-poyiW4EQ","Medical spa","Elite Medical Spa of Sarasota","725","4.9","3.22","Vita Aesthetics","227","5.0","5.71","Mermaid Med Spa","136","4.9","2.65","","not_called","0",""
"MD Aesthetica MedSpa","Houston","Texas","77055","(713) 799-0000","https://mdamedspa.com/","","","","118","4.8","9230 Katy Fwy #401, Houston, TX 77055","https://www.google.com/maps/search/?api=1&query=MD%20Aesthetica%20MedSpa&query_place_id=ChIJl2hBCorEQIYR9VKk7xtv0lU","Medical spa; Facial spa; Health spa; Plastic surgeon","Hi Beautiful Aesthetics","439","4.8","3.35","Renud Med Spa","308","4.9","3.82","Queen Aesthetics","208","5.0","3.87","","not_called","0",""
"Bowtique Med Spa","Sarasota","Florida","34231","(941) 289-3086","http://www.bowtiquemedspa.com/?utm_source=GMBlisting&utm_medium=organic&utm_campaign=sarasota","","","","395","4.8","6118 S Tamiami Trl, Sarasota, FL 34231","https://www.google.com/maps/search/?api=1&query=Bowtique%20Med%20Spa&query_place_id=ChIJjRwpr4VBw4gRXOza3A_PJQA","Medical spa","Cosmetic Skin & Laser Center","260","4.9","2.38","Aire MedSpa","217","5.0","1.99","RMI Med Spa","205","4.9","2.13","","not_called","0",""
"Cosmetic Skin & Laser Center","Sarasota","Florida","34239","(941) 951-2161","https://cslcbeauty.com/sarasota/","","email@cslcbeauty.com","contact_page","260","4.9","3847 S School Ave, Sarasota, FL 34239","https://www.google.com/maps/search/?api=1&query=Cosmetic%20Skin%20%26%20Laser%20Center&query_place_id=ChIJQfcd1FJAw4gRQOxlbF3UpMo","Medical spa; Facial spa; Laser hair removal service; Skin care clinic; Tattoo removal service","Sarasota Plastic Surgery Center & Med Spa","371","4.9","0.99","Sarasota Facial Aesthetics","147","4.9","1.32","Beauty Lounge Med Spa","115","5.0","0.77","","not_called","0",""
"RMI Med Spa","Sarasota","Florida","34233","(941) 266-9090","http://rmimedspa.com/","","rmimedspa@gmail.com","contact_page","205","4.9","3900 Clark Rd SUITE E1, Sarasota, FL 34233","https://www.google.com/maps/search/?api=1&query=RMI%20Med%20Spa&query_place_id=ChIJz8Jt529Aw4gRJlIkfygjlj0","Medical spa","Bowtique Med Spa","395","4.8","2.13","Aire MedSpa","217","5.0","1.16","Harmony Med Spa","164","5.0","1.68","","not_called","0",""
"PurA Medical Aesthetics","Houston","Texas","77005","(281) 657-6074","https://thepuralife.com/","","","","891","5.0","2222 Bissonnet St Suite 103, Houston, TX 77005","https://www.google.com/maps/search/?api=1&query=PurA%20Medical%20Aesthetics&query_place_id=ChIJY9j7YBzBQIYRzzmH-lzMprE","Medical spa","Nia Aesthetics MD","220","5.0","1.41","OVME","208","4.7","0.92","Persona Medical Spa","146","4.7","0.9","","not_called","0",""
"Royal Aesthetics & Injectables","Phoenix","Arizona","85012","(602) 730-5767","http://www.royalaestheticsaz.com/","","hello@rfuenzalida.com","contact_page","193","5.0","609 E Oregon Ave # 100, Phoenix, AZ 85012","https://www.google.com/maps/search/?api=1&query=Royal%20Aesthetics%20%26%20Injectables&query_place_id=ChIJGwPOOkYTK4cR8Nz-SBcyzSo","Medical spa","NakedMD Med Spa Phoenix","589","4.9","1.21","Morph Aesthetics","197","5.0","0.9","Rise Aesthetics","171","5.0","0.17","","not_called","0",""
"XIM Aesthetics LLC","Phoenix","Arizona","85012","(602) 686-2256","http://www.ximaesthetics.com/","","ximaesthetics@gmail.com","contact_page","69","5.0","3030 N Central Ave suite 350, Phoenix, AZ 85012","https://www.google.com/maps/search/?api=1&query=XIM%20Aesthetics%20LLC&query_place_id=ChIJbb9GmOYTK4cR7M5sSs2CyNk","Medical spa","NakedMD Med Spa Phoenix","589","4.9","2.15","Royal Aesthetics & Injectables","193","5.0","2.23","Rise Aesthetics","171","5.0","2.37","","not_called","0",""
"Metropolitan Med Spa","Houston","Texas","77027","(713) 552-1112","http://www.metmedspa.com/","","","","151","4.4","3005 W Loop S # 240, Houston, TX 77027","https://www.google.com/maps/search/?api=1&query=Metropolitan%20Med%20Spa&query_place_id=ChIJX_kd9XLBQIYRV7b-rPCOWOs","Medical spa; Hair replacement service; Laser hair removal service; Skin care clinic","Glow Medspa Houston","421","4.7","1.14","Galleria Aesthetics and Wellness","281","4.8","0.72","Derma Theory","238","5.0","1.09","","not_called","0",""
"Suddenly Slimmer Med Spa","Phoenix","Arizona","85018","(602) 952-8446","https://www.suddenlyslimmer.com/","","info@suddenlyslimmer.com","contact_page","1066","4.7","3313 E Indian School Rd, Phoenix, AZ 85018","https://www.google.com/maps/search/?api=1&query=Suddenly%20Slimmer%20Med%20Spa&query_place_id=ChIJSZSt8agNK4cR1cB4JqjhqsM","Medical spa; Day spa; Facial spa; Laser hair removal service; Massage spa; Naturopathic practitioner; Skin care clinic; Tattoo removal service; Waxing hair removal service; Weight loss service","Look Lab Med Spa | Arcadia","1374","5.0","0.3","Med 44 Arcadia","242","5.0","1.55","Vibrant Skin Bar","152","5.0","1.24","","not_called","0",""
"Chelsea Vacca Medical Aesthetics | Sarasota Botox Fillers Microneedling CO2 Laser Tattoo Removal","Sarasota","Florida","34236","(941) 441-4744","http://chelseavaccamedical.com/","","","","198","4.9","240 N Washington Blvd SUITE 450, Sarasota, FL 34236","https://www.google.com/maps/search/?api=1&query=Chelsea%20Vacca%20Medical%20Aesthetics%20%7C%20Sarasota%20Botox%20Fillers%20Microneedling%20CO2%20Laser%20Tattoo%20Removal&query_place_id=ChIJpe7W2PtBw4gRAx8G9Vxa_Xw","Medical spa; Day spa; Facial spa; Skin care clinic; Tattoo removal service","SRQ Med Spa","167","5.0","0.66","SkinSpirit Sarasota","112","5.0","0.17","Healthy Way MedSpa","97","4.8","0.69","","not_called","0",""
"Sarasota Plastic Surgery Center & Med Spa","Sarasota","Florida","34239","(941) 366-8897","https://sarasotaplasticsurgery.com/?utm_source=google&utm_medium=localsearch&utm_campaign=gmb","","","","371","4.9","2255 S Tamiami Trl, Sarasota, FL 34239","https://www.google.com/maps/search/?api=1&query=Sarasota%20Plastic%20Surgery%20Center%20%26%20Med%20Spa&query_place_id=ChIJ5ezS4U9Aw4gReviEy-6ifpc","Medical spa; Laser hair removal service; Plastic surgeon; Skin care clinic; Surgical center","Cosmetic Skin & Laser Center","260","4.9","0.99","The Aesthetic Center","194","4.9","1.01","Sarasota Facial Aesthetics","147","4.9","0.38","","not_called","0",""
"Torstveit Medical Aesthetics + TMA Med Spa","Phoenix","Arizona","85014","(602) 354-3100","http://www.tmamedspa.com/?utm_source=google&utm_medium=organic&utm_campaign=gbp","","tmamedspa329@gmail.com","contact_page","154","4.9","4520 N 12th St Suite 103, Phoenix, AZ 85014","https://www.google.com/maps/search/?api=1&query=Torstveit%20Medical%20Aesthetics%20%2B%20TMA%20Med%20Spa&query_place_id=ChIJGfPnTDATK4cRNxNOH33BwjA","Medical spa; Facial spa; Laser hair removal service; Weight loss service","NakedMD Med Spa Phoenix","589","4.9","0.51","Morph Aesthetics","197","5.0","1.05","Royal Aesthetics & Injectables","193","5.0","0.9","","not_called","0",""
"Morph Aesthetics","Phoenix","Arizona","85014","(602) 299-7418","https://www.morphaesthetics.com/","","","","197","5.0","1440 E Missouri Ave UNIT 265, Phoenix, AZ 85014","https://www.google.com/maps/search/?api=1&query=Morph%20Aesthetics&query_place_id=ChIJGY6t0PgTK4cRAioPuzv5cTg","Medical spa; Facial spa; Hair replacement service; Skin care clinic","NakedMD Med Spa Phoenix","589","4.9","0.92","Royal Aesthetics & Injectables","193","5.0","0.9","Rise Aesthetics","171","5.0","0.76","","not_called","0",""
"Nu'u Aesthetics","Phoenix","Arizona","85007","(480) 825-8383","http://www.nuuaesthetics.com/","","hero@1.2x-3-1.avif","contact_page","162","5.0","2256 N 15th Ave, Phoenix, AZ 85007","https://www.google.com/maps/search/?api=1&query=Nu'u%20Aesthetics&query_place_id=ChIJUzi26OcTK4cRw_TF0RE3pYc","Medical spa","NakedMD Med Spa Phoenix","589","4.9","3.31","Royal Aesthetics & Injectables","193","5.0","3.18","Rise Aesthetics","171","5.0","3.34","","not_called","0",""
"Sculpt AZ Medspa","Phoenix","Arizona","85016","(602) 699-3311","https://www.sculptazmedspa.com/","","frontdesk@sculptazmedspa.com","contact_page","167","5.0","3121 E Lincoln Dr, Phoenix, AZ 85016","https://www.google.com/maps/search/?api=1&query=Sculpt%20AZ%20Medspa&query_place_id=ChIJQ33hNI0NK4cRHUc6lJtGe8M","Medical spa","Med 44 Arcadia","242","5.0","2.24","Morph Aesthetics","197","5.0","2.29","NK Aesthetics","159","5.0","2.16","","not_called","0",""
"Dream Aesthetics Medspa","Houston","Texas","77007","(281) 846-6454","https://www.dreamhoustonmedspa.com/","","","","441","5.0","1515 Studemont St Suite 208, Houston, TX 77007","https://www.google.com/maps/search/?api=1&query=Dream%20Aesthetics%20Medspa&query_place_id=ChIJKYvA1SPHQIYR56YOfaFfGjw","Medical spa; Spa","It's A Secret Med Spa - Houston","306","4.4","1.05","Artavi Med Spa- Dr. Tarina Desai, MD","254","4.8","0.76","NIMS Medspa","90","4.6","0.72","","not_called","0",""
"It's A Secret Med Spa - Phoenix","Phoenix","Arizona","85016","(480) 923-3668","https://secretmedspa.com/phoenix/","","","","129","4.7","4637 N 24th St, Phoenix, AZ 85016","https://www.google.com/maps/search/?api=1&query=It's%20A%20Secret%20Med%20Spa%20-%20Phoenix&query_place_id=ChIJBeT7sqwNK4cRLaiNA3IpNuo","Medical spa","Suddenly Slimmer Med Spa","1066","4.7","1.35","NakedMD Med Spa Phoenix","589","4.9","1.04","Morph Aesthetics","197","5.0","1.45","","not_called","0",""
"Restore Hyper Wellness","Dedham","Massachusetts","02026","(781) 366-0591","http://www.restore.com/locations/ma-dedham-ma002?utm_source=gmb&utm_medium=Yext&y_source=1_NDQ1NzE5NDUtNzE1LWxvY2F0aW9uLndlYnNpdGU%3D","","frontdeskMA002@restore.com","contact_page","254","4.9","544 Legacy Pl, Dedham, MA 02026","https://www.google.com/maps/search/?api=1&query=Restore%20Hyper%20Wellness&query_place_id=ChIJq9IPhN1_44kR8UhsAsHkzx0","Medical spa; IV therapy service; Wellness center","SkinCare Physicians","460","4.6","6.42","Joseph A Russo MD","407","4.9","6.23","Restore Hyper Wellness","235","4.9","6.16","","not_called","0",""
"Restore Hyper Wellness","Lynnfield","Massachusetts","01940","(781) 650-8487","http://www.restore.com/locations/ma-lynnfield-ma004?utm_source=gmb&utm_medium=Yext&y_source=1_NjMzNjc2MTItNzE1LWxvY2F0aW9uLndlYnNpdGU%3D","","frontdeskMA004@restore.com","contact_page","417","4.9","1130 Market St, Lynnfield, MA 01940","https://www.google.com/maps/search/?api=1&query=Restore%20Hyper%20Wellness&query_place_id=ChIJi0MY-IoN44kRgxWY8FNsAes","Medical spa; IV therapy service; Wellness center","Age-less Weigh-less","601","5.0","6.54","VIO Med Spa - Burlington","429","4.9","9.25","Sono Bello Boston","266","4.0","6.54","","not_called","0",""
"Fayz Aesthetics","New Windsor","New York","12553","(845) 505-8555","http://fayzaesthetics.com/","","info@fayzaesthetics.com","contact_page","254","5.0","3211 US-9W, New Windsor, NY 12553","https://www.google.com/maps/search/?api=1&query=Fayz%20Aesthetics&query_place_id=ChIJlXWT_1oz3YkRde2VCrVokHg","Medical spa; Plastic surgeon; Weight loss service","","0","0.0","0.0","","0","0.0","0.0","","0","0.0","0.0","","not_called","0",""
"Restore Hyper Wellness","Hingham","Massachusetts","02043","(781) 385-7342","https://www.restore.com/locations/ma-hingham-ma001?utm_source=gmb&utm_medium=Yext&y_source=1_MzE2Mjk4NzMtNzE1LWxvY2F0aW9uLndlYnNpdGU%3D","","frontdeskMA001@restore.com","contact_page","322","4.9","94 Derby St Suite 211, Hingham, MA 02043","https://www.google.com/maps/search/?api=1&query=Restore%20Hyper%20Wellness&query_place_id=ChIJNb6vr4Vj44kReE15CzZfytU","Medical spa; IV therapy service; Wellness center","GlamourLash Beauty Lounge","112","4.8","5.25","","0","0.0","0.0","","0","0.0","0.0","","not_called","0",""
"Restore Hyper Wellness","Bedford","New Hampshire","03110","(603) 263-8407","https://www.restore.com/locations/nh-bedford-nh001?utm_source=gmb&utm_medium=Yext&y_source=1_MzgxNjcyNjgtNzE1LWxvY2F0aW9uLndlYnNpdGU%3D","","frontdeskNH001@restore.com","contact_page","202","4.9","28 S River Rd, Bedford, NH 03110","https://www.google.com/maps/search/?api=1&query=Restore%20Hyper%20Wellness&query_place_id=ChIJJ2Kvdx5J4okR_M-W_ST7YZY","Medical spa; IV therapy service; Wellness center","","0","0.0","0.0","","0","0.0","0.0","","0","0.0","0.0","","not_called","0",""
"Radiance Medspa","Avon","Connecticut","06001","(860) 409-9000","https://www.radianceavon.com/?utm_medium=local&utm_source=gmb&utm_campaign=info","","","","118","4.7","320 W Main St, Avon, CT 06001","https://www.google.com/maps/search/?api=1&query=Radiance%20Medspa&query_place_id=ChIJ58YC-tuo54kRn9eYI7Aj3Sw","Medical spa; Facial spa; Laser hair removal service; Skin care clinic","Samara MedSpa Avon","391","4.8","0.23","Restore Hyper Wellness","235","4.8","6.04","Radiant Beauty & Health West Hartford","155","4.5","6.88","","not_called","0",""
"Restore Hyper Wellness","Somerville","Massachusetts","02145","(617) 600-3660","http://www.restore.com/locations/ma-somerville-ma014?utm_source=gmb&utm_medium=Yext&y_source=1_OTg2OTkwODEtNzE1LWxvY2F0aW9uLndlYnNpdGU%3D","","frontdeskMA014@restore.com","contact_page","188","4.9","340 Grand Union Blvd Unit C, Somerville, MA 02145","https://www.google.com/maps/search/?api=1&query=Restore%20Hyper%20Wellness&query_place_id=ChIJ_3lfJtlw44kRhQUM0cH7zqc","Medical spa; IV therapy service; Wellness center","Skin Spa New York - Back Bay","381","4.8","2.98","Skin Spa New York North Station","231","4.9","2.13","Skin Laundry - Arsenal Yards","174","4.7","4.53","","not_called","0",""
"Restore Hyper Wellness","West Hartford","Connecticut","06117","(860) 945-4300","https://www.restore.com/locations/ct-west-hartford-ct015?utm_source=gmb&utm_medium=Yext&y_source=1_MzE2Mjk4MzktNzE1LWxvY2F0aW9uLndlYnNpdGU%3D","","frontdeskCT015@restore.com","contact_page","235","4.8","345 N Main St Ste. 105, West Hartford, CT 06117","https://www.google.com/maps/search/?api=1&query=Restore%20Hyper%20Wellness&query_place_id=ChIJJz8FzBmr54kRG5sXBzUU2eM","Medical spa; IV therapy service; Wellness center","Samara MedSpa Avon","391","4.8","6.27","Jackie La Croix","173","5.0","8.74","Radiant Beauty & Health West Hartford","155","4.5","1.44","","not_called","0",""
"Restore Hyper Wellness","Newton","Massachusetts","02461","(617) 467-5728","https://www.restore.com/locations/ma-newton-ma003?utm_source=gmb&utm_medium=Yext&y_source=1_MzE2Mjk4NzQtNzE1LWxvY2F0aW9uLndlYnNpdGU%3D","","frontdeskMA003@restore.com","contact_page","235","4.9","55 Needham St, Newton, MA 02461","https://www.google.com/maps/search/?api=1&query=Restore%20Hyper%20Wellness&query_place_id=ChIJmw6-MRGD44kRNRmObW8-CCQ","Medical spa; IV therapy service; Wellness center","SkinCare Physicians","460","4.6","2.29","Joseph A Russo MD","407","4.9","0.93","Skin Spa New York - Back Bay","381","4.8","6.86","","not_called","0",""
"Restore Hyper Wellness","Stamford","Connecticut","06905","(203) 890-9200","https://www.restore.com/locations/ct-stamford-ct002?utm_source=gmb&utm_medium=Yext&y_source=1_MzE2Mjk4MzgtNzE1LWxvY2F0aW9uLndlYnNpdGU%3D","","frontdeskCT002@restore.com","contact_page","299","4.9","1055 High Ridge Rd, Stamford, CT 06905","https://www.google.com/maps/search/?api=1&query=Restore%20Hyper%20Wellness&query_place_id=ChIJw5r3G5ihwokRA_QPFeqLWYk","Medical spa; IV therapy service; Wellness center","Beautiful Body & Face Spa","43","5.0","4.9","Lil Brit of Wax and Facials","42","5.0","4.57","","0","0.0","0.0","","not_called","0",""
"Innova MedSpa","Phoenix","Arizona","85021","(602) 973-1774","http://www.inmedspa.com/","","info@inmedspa.com","contact_page","203","5.0","1530 W Glendale Ave #106, Phoenix, AZ 85021","https://www.google.com/maps/search/?api=1&query=Innova%20MedSpa&query_place_id=ChIJQ_OfACdtK4cRUb0HSpo05pc","Medical spa; Day spa; Facial spa; Naturopathic practitioner; Spa","Royal Aesthetics & Injectables","193","5.0","2.36","Rise Aesthetics","171","5.0","2.35","NK Aesthetics","159","5.0","2.64","","not_called","0",""
"All About Me Medical Aesthetics","Phoenix","Arizona","85085","(480) 500-9312","https://allaboutmeaz.com/?utm_source=gbp&utm_medium=organic&utm_campaign=gbp-listing","","","","248","4.9","34406 N 27th Dr Building 4, Suite 128, Phoenix, AZ 85085","https://www.google.com/maps/search/?api=1&query=All%20About%20Me%20Medical%20Aesthetics&query_place_id=ChIJ5XtEqepjK4cR8mmzh3d5BBk","Medical spa; Laser hair removal service; Skin care clinic","","0","0.0","0.0","","0","0.0","0.0","","0","0.0","0.0","","not_called","0",""
"Med 44 Arcadia","Phoenix","Arizona","85018","(602) 883-4313","https://www.med44arcadia.com/","","","","242","5.0","4750 N 44th St, Phoenix, AZ 85018","https://www.google.com/maps/search/?api=1&query=Med%2044%20Arcadia&query_place_id=ChIJN5NhDRxzK4cRf8Cf3UOMa8c","Medical spa","Look Lab Med Spa | Arcadia","1374","5.0","1.3","Suddenly Slimmer Med Spa","1066","4.7","1.55","Sculpt AZ Medspa","167","5.0","2.24","","not_called","0",""
"Moon Valley Medspa","Phoenix","Arizona","85022","(602) 391-8889","https://moonvalleymedspa.com/","","info@moonvalleymedspa.com","contact_page","140","4.9","15414 N 7th St suite 3, Phoenix, AZ 85022","https://www.google.com/maps/search/?api=1&query=Moon%20Valley%20Medspa&query_place_id=ChIJX2Z77HxvK4cRKXdH10cVB6o","Medical spa; Health spa","NK Aesthetics","159","5.0","5.76","SkinSpirit Paradise Valley","146","5.0","5.14","Uptown Medispa","74","4.8","5.03","","not_called","0",""
"Reveille Botox and Beyond","San Antonio","Texas","78254","(210) 264-8922","https://www.reveillebotox.com/","","user@domain.com","contact_page","133","5.0","9910 W Loop 1604 N Ste 121, San Antonio, TX 78254","https://www.google.com/maps/search/?api=1&query=Reveille%20Botox%20and%20Beyond&query_place_id=ChIJ7WQogn9pXIYRi90OwGpFFNQ","Medical spa; Facial spa; Skin care clinic; Weight loss service","Stadia Medical Spa","1200","4.9","5.31","The Lotus | Aesthetics And Wellness","427","5.0","3.22","Schön Medical Aesthetics","140","5.0","0.07","","not_called","0",""
"The Injection Room - Eilan","San Antonio","Texas","78256","(210) 265-5361","https://www.theinjectionroom.com/","","infoaustin@theinjectionroom.com","contact_page","132","4.8","17803 La Cantera Terrace Suite 1107, San Antonio, TX 78256","https://www.google.com/maps/search/?api=1&query=The%20Injection%20Room%20-%20Eilan&query_place_id=ChIJ0R_UxrRlXIYRjQsD5jPhios","Medical spa","Jovem Medspa","553","4.9","3.72","Cutella Medical Spa","415","5.0","0.47","It's A Secret Med Spa","277","4.8","1.03","","not_called","0",""
"The Skin Elite","Castle Hills","Texas","78213","(210) 800-9696","https://www.theskinelite.com/?utm_source=GMBlisting&utm_medium=organic&utm_campaign=gmb","","info@theskinelite.com","contact_page","347","4.9","2108 NW Military Hwy, Castle Hills, TX 78213","https://www.google.com/maps/search/?api=1&query=The%20Skin%20Elite&query_place_id=ChIJmy-gR5VhXIYRQsqj1r2KbQY","Medical spa; Laser hair removal service; Skin care clinic; Weight loss service","Nova Aesthetics","1074","4.9","1.38","Anew You Medical Aesthetics and Total Wellness Center","234","4.1","3.3","The Heights Plastic Surgery Med Spa","173","4.9","3.6","","not_called","0",""
"The Injection Room - South Flores","San Antonio","Texas","78204","(210) 245-1420","https://www.theinjectionroom.com/?utm_source=google&utm_medium=organic&utm_campaign=gbp","","infoaustin@theinjectionroom.com","contact_page","485","4.8","1010 S Flores St Ste 117, San Antonio, TX 78204","https://www.google.com/maps/search/?api=1&query=The%20Injection%20Room%20-%20South%20Flores&query_place_id=ChIJCTy9wzBZXIYRBxf7Y_IUr_w","Medical spa","Khronos MedSpa & Laser","481","5.0","2.54","DermaTouch RN","334","4.9","1.86","The Heights Plastic Surgery Med Spa","173","4.9","6.68","","not_called","0",""
"The Heights Plastic Surgery Med Spa","San Antonio","Texas","78209","(210) 963-5889","https://theheightsplasticmedspa.com/contact/med-spa-san-antonio/?utm_source=google&utm_medium=organic&utm_campaign=google_business_profile","","drdecherd@drdecherd.com","contact_page","173","4.9","156 W Sunset Rd Suite 202, San Antonio, TX 78209","https://www.google.com/maps/search/?api=1&query=The%20Heights%20Plastic%20Surgery%20Med%20Spa&query_place_id=ChIJI_lDEKj1XIYRl3WzAw7pHzk","Medical spa; Laser hair removal service; Plastic surgery clinic; Weight loss service","Nova Aesthetics","1074","4.9","2.4","MEDICTECH SPA - MED SPA","521","4.9","0.09","The Skin Elite","347","4.9","3.6","","not_called","0",""
"Azul Cosmetic Surgery and Medical Spa | Sarasota","Sarasota","Florida","34240","(941) 254-6494","https://www.azulbeauty.com/","","","","105","5.0","6600 University Pkwy Suite 202, Sarasota, FL 34240","https://www.google.com/maps/search/?api=1&query=Azul%20Cosmetic%20Surgery%20and%20Medical%20Spa%20%7C%20Sarasota&query_place_id=ChIJ9WRSf185w4gRGHD7FI9yA54","Medical spa; Cosmetics store; Laser hair removal service; Plastic surgery clinic; Skin care clinic; Wellness center","Elite Medical Spa of Sarasota","725","4.9","3.23","Vita Aesthetics","227","5.0","5.75","Mermaid Med Spa","136","4.9","2.6","","not_called","0",""
"Moderne Medical Aesthetics","Scottsdale","Arizona","85260","(480) 477-7726","http://www.modernemedical.com/","","support@modernemedical.com","contact_page","387","5.0","9180 E Desert Cove Ave Ste 103, Scottsdale, AZ 85260","https://www.google.com/maps/search/?api=1&query=Moderne%20Medical%20Aesthetics&query_place_id=ChIJ1crMr5t1K4cRLBvisIXatXc","Medical spa; Skin care clinic","The Flawless Lab - Medspa","974","5.0","1.99","ZONA MED SPA","532","4.9","0.81","Aesthetic Assets","349","5.0","2.0","","not_called","0",""
"The Skin Atelier","San Antonio","Texas","78209","(210) 504-9993","https://theskinatelier-sa.com/","","meredith.naber@theskinatelier-sa.com","contact_page","78","5.0","366 W Sunset Rd Bldg 2, San Antonio, TX 78209","https://www.google.com/maps/search/?api=1&query=The%20Skin%20Atelier&query_place_id=ChIJ2VAUzLj1XIYRzoqQIqB7uPs","Medical spa","Nova Aesthetics","1074","4.9","2.06","MEDICTECH SPA - MED SPA","521","4.9","0.43","The Skin Elite","347","4.9","3.28","","not_called","0",""
"Spa Black","San Antonio","Texas","78240","(210) 796-1399","http://www.spablack.com/","","gina@legalforcelaw.com","contact_page","416","4.6","7272 Wurzbach Rd #804, San Antonio, TX 78240","https://www.google.com/maps/search/?api=1&query=Spa%20Black&query_place_id=ChIJPTfGj_BdXIYRhLXaNoME944","Medical spa; Plastic surgeon; Skin care clinic","Stadia Medical Spa","1200","4.9","1.73","The Skin Elite","347","4.9","4.18","Haus Of Aesthetics Med Spa LLC","128","5.0","1.05","","not_called","0",""
"BabyFace Scottsdale Med Spa","Scottsdale","Arizona","85255","(602) 705-8145","https://www.babyfacellc.com/","","leighasher@babyfacellc.com","contact_page","244","4.9","8888 E Pinnacle Peak Rd Suite # 11, Scottsdale, AZ 85255","https://www.google.com/maps/search/?api=1&query=BabyFace%20Scottsdale%20Med%20Spa&query_place_id=ChIJ6fI7B7F3K4cRLcaus8PkBg4","Medical spa; Skin care clinic","Look Lab Med Spa | Scottsdale","900","5.0","0.21","MDSkin Lounge","398","4.9","3.29","Arizona Aesthetics | Hair Restoration & Stem Cell Therapy","343","4.8","1.78","","not_called","0",""
"Arizona Aesthetics | Hair Restoration & Stem Cell Therapy","Scottsdale","Arizona","85255","(844) 558-0822","http://www.arizonaaesthetics.com/","","info@arizonaaesthetics.com","contact_page","343","4.8","7450 E Pinnacle Peak Rd Ste 258, Scottsdale, AZ 85255","https://www.google.com/maps/search/?api=1&query=Arizona%20Aesthetics%20%7C%20Hair%20Restoration%20%26%20Stem%20Cell%20Therapy&query_place_id=ChIJG-5iAxF3K4cRBz9Ze_n3rhk","Medical spa; Hair replacement service; Health and beauty shop; Health spa; Pain management physician; Vitamin & supplements store; Weight loss service","Look Lab Med Spa | Scottsdale","900","5.0","1.65","MDSkin Lounge","398","4.9","3.73","Adam & Eve Medical Aesthetics","269","4.9","4.8","","not_called","0",""
"Institute of Aesthetics, Beauty & Wellness","Scottsdale","Arizona","85260","(480) 822-0766","http://instituteofaesthetics.com/","","info@instituteofaesthetics.com","contact_page","217","5.0","14220 N Northsight Blvd Ste 150, Scottsdale, AZ 85260","https://www.google.com/maps/search/?api=1&query=Institute%20of%20Aesthetics%2C%20Beauty%20%26%20Wellness&query_place_id=ChIJpcGkDGp1K4cRJ1Gj9m5amAs","Medical spa","The Flawless Lab - Medspa","974","5.0","0.24","Moderne Medical Aesthetics","387","5.0","2.23","Amplified Beauty","326","4.8","2.17","","not_called","0",""
"NK Aesthetics","Phoenix","Arizona","85020","(602) 777-0125","http://www.nkaesthetics.com/","","natalia@nkaesthetics.com","contact_page","159","5.0","7325 N 16th St Suite 140 Street, Phoenix, AZ 85020","https://www.google.com/maps/search/?api=1&query=NK%20Aesthetics&query_place_id=ChIJfWpRykp1K4cReixuGnS9OCc","Skin care clinic; Medical spa","Morph Aesthetics","197","5.0","1.92","Rise Aesthetics","171","5.0","2.24","Sculpt AZ Medspa","167","5.0","2.16","","not_called","0",""
"Believe Aesthetics & Wellness","San Antonio","Texas","78248","(210) 451-0619","http://www.believeaesthetics.com/?utm_source=google&utm_medium=organic&utm_campaign=gbp","","info@believeaesthetics.com","contact_page","149","5.0","1407 W Bitters Rd Suite 103, San Antonio, TX 78248","https://www.google.com/maps/search/?api=1&query=Believe%20Aesthetics%20%26%20Wellness&query_place_id=ChIJS8XrRIdhXIYRPi-Kpih-TVE","Medical spa; Laser hair removal service; Skin care clinic; Weight loss service","Esthetica Medspa San Antonio","1065","4.7","2.17","Jules Aesthetics & Wellness","408","5.0","2.05","Anew You Medical Aesthetics and Total Wellness Center","234","4.1","1.91","","not_called","0",""
"Nude Aesthetics Med Spa Scottsdale","Scottsdale","Arizona","85251","(623) 278-8252","https://www.nude-aesthetics.com/","","contact@nude-aesthetics.com","contact_page","566","5.0","4260 N Drinkwater Blvd Ste 5, Scottsdale, AZ 85251","https://www.google.com/maps/search/?api=1&query=Nude%20Aesthetics%20Med%20Spa%20Scottsdale&query_place_id=ChIJAQbQIFcLK4cR47SvV1eWuz0","Medical spa; Health and beauty shop; Health spa; Skin care clinic","Alani Skin MD","681","4.8","0.38","Skin Beautiful","562","5.0","0.09","The Perfect Secret Med Spa","543","5.0","0.48","","not_called","0",""
"Elite Medspa Scottsdale","Scottsdale","Arizona","85253","(480) 306-7766","https://elitemedspaaz.com/","","","","324","4.8","7001 N Scottsdale Rd #164, Scottsdale, AZ 85253","https://www.google.com/maps/search/?api=1&query=Elite%20Medspa%20Scottsdale&query_place_id=ChIJdxK_kz4LK4cRXKWb73rs2Wk","Medical spa; Facial spa; Hair replacement service; Health spa; Laser hair removal service; Medical clinic; Skin care clinic; Weight loss service; Wellness center","Clear Dermatology & Aesthetics Center - Paradise Valley","831","4.9","0.63","Esthetic Finesse","553","5.0","1.57","Perfect Dose","427","5.0","0.45","","not_called","0",""
"Center for Aesthetic and Laser Medicine Scottsdale","Scottsdale","Arizona","85254","(480) 591-3500","https://www.usdermatologypartners.com/locations/arizona/scottsdale/10900-n-scottsdale-rd-ste-201/","","","","333","4.9","10900 N Scottsdale Rd Suite 201, Scottsdale, AZ 85254","https://www.google.com/maps/search/?api=1&query=Center%20for%20Aesthetic%20and%20Laser%20Medicine%20Scottsdale&query_place_id=ChIJpfG4Z4d1K4cR8jVMvTAHVLI","Skin care clinic; Laser hair removal service","Inside Out Aesthetics","1003","5.0","0.46","Scottsdale Sculpt","169","4.9","1.37","Esthetic Solutions Med Spa","99","4.8","0.52","","not_called","0",""
"Glo Medspa","Scottsdale","Arizona","85253","(480) 245-6881","http://www.glomedspas.com/","","glomedspa1@gmail.com","contact_page","84","4.8","10505 N 69th St #1000, Scottsdale, AZ 85253","https://www.google.com/maps/search/?api=1&query=Glo%20Medspa&query_place_id=ChIJIctMAet0K4cRD_xPeVGs5sY","Spa; Medical office; Medical spa","Inside Out Aesthetics","1003","5.0","0.19","Center for Aesthetic and Laser Medicine Scottsdale","333","4.9","0.47","Scottsdale Sculpt","169","4.9","1.1","","not_called","0",""
"Franco Wellness & Aesthetics - Scottsdale AZ","Scottsdale","Arizona","85251","(480) 393-3028","http://www.adanfranco.co/","","info@franco-wa.com","contact_page","263","5.0","3501 N Scottsdale Rd UNIT 336, Scottsdale, AZ 85251","https://www.google.com/maps/search/?api=1&query=Franco%20Wellness%20%26%20Aesthetics%20-%20Scottsdale%20AZ&query_place_id=ChIJxVZfRE91K4cRubmou-iItd8","Medical spa; Medical clinic","Alani Skin MD","681","4.8","0.25","The Perfect Secret Med Spa","543","5.0","0.16","Young Again Cosmetic Injections","528","5.0","0.36","","not_called","0",""
"DermaTouch RN","San Antonio","Texas","78212","(210) 742-9605","https://www.dermatouchrn.com/","","","","334","4.9","222 W Cypress St Suite 100, San Antonio, TX 78212","https://www.google.com/maps/search/?api=1&query=DermaTouch%20RN&query_place_id=ChIJfXgwDHxfXIYRkMUqShN5a9w","Medical spa; Laser hair removal service; Skin care clinic","The Injection Room - South Flores","485","4.8","1.86","Khronos MedSpa & Laser","481","5.0","0.71","The Heights Plastic Surgery Med Spa","173","4.9","4.87","","not_called","0",""
"Profile Aesthetics","Scottsdale","Arizona","85258","(480) 933-9319","https://profileaesthetics.com/?UTM_source=GBP_listing&UTM_medium=organic&source=gmb","","info@profileaesthetics.com","contact_page","141","5.0","10165 N 92nd St #101, Scottsdale, AZ 85258","https://www.google.com/maps/search/?api=1&query=Profile%20Aesthetics&query_place_id=ChIJW5Q_5ewLK4cRue58QddU1hE","Medical spa; Facial spa; Health and beauty shop; Health spa; Skin care clinic; Weight loss service; Wellness center","ZONA MED SPA","532","4.9","0.34","Moderne Medical Aesthetics","387","5.0","0.57","Aesthetic Assets","349","5.0","1.58","","not_called","0",""
"Alani Skin MD","Scottsdale","Arizona","85251","(480) 993-2218","https://alaniskinmd.com/locations/scottsdale-az/?utm_source=GBP&utm_medium=GBP&utm_campaign=gbp+scottsdale","","scottsdale@alaniskinmd.com","contact_page","681","4.8","7246 E 1st St Suite 102, Scottsdale, AZ 85251","https://www.google.com/maps/search/?api=1&query=Alani%20Skin%20MD&query_place_id=ChIJ8RNrhMALK4cRcckWf5NYpUQ","Medical spa; Facial spa; Laser hair removal service; Spa","Nude Aesthetics Med Spa Scottsdale","566","5.0","0.38","The Perfect Secret Med Spa","543","5.0","0.13","Young Again Cosmetic Injections","528","5.0","0.24","","not_called","0",""
"Blume Skin & Body","Scottsdale","Arizona","85255","(480) 808-4461","https://blumeskintreatment.com/?utm_source=google&utm_medium=organic&utm_campaign=gbp","","","","160","4.9","8575 E Princess Dr #123, Scottsdale, AZ 85255","https://www.google.com/maps/search/?api=1&query=Blume%20Skin%20%26%20Body&query_place_id=ChIJ5eZqUtZ1K4cRQKD2rnyiX1c","Medical spa; Facial spa; Laser hair removal service; Registered general nurse; Skin care clinic","The Flawless Lab - Medspa","974","5.0","2.29","Look Lab Med Spa | Scottsdale","900","5.0","3.68","MDSkin Lounge","398","4.9","0.7","","not_called","0",""
"NEOS Med Spa Tempe","Tempe","Arizona","85284","(480) 425-7662","https://www.neosmedspa.com/","","info@neosmedspa.com","contact_page","165","4.9","1730 E Warner Rd STE 3, Tempe, AZ 85284","https://www.google.com/maps/search/?api=1&query=NEOS%20Med%20Spa%20Tempe&query_place_id=ChIJZQNqe-QGK4cRIl2lrkObM2s","Medical spa; Laser hair removal service; Skin care clinic; Weight loss service","Perfect Skin Center","478","4.8","1.07","Dolce Medical Spa - Tempe","385","5.0","0.13","Derma Health Skin & Laser","369","4.8","1.25","","not_called","0",""
"Adam & Eve Medical Aesthetics","Scottsdale","Arizona","85266","(480) 575-6584","https://www.adamandevemedspa.com/","","","","269","4.9","31309 N Scottsdale Rd Ste.100, Scottsdale, AZ 85266","https://www.google.com/maps/search/?api=1&query=Adam%20%26%20Eve%20Medical%20Aesthetics&query_place_id=ChIJCR9OjgxzK4cRgXA_fkXgiH0","Medical spa; Laser hair removal service; Skin care clinic","Look Lab Med Spa | Scottsdale","900","5.0","5.21","MDSkin Lounge","398","4.9","8.28","Arizona Aesthetics | Hair Restoration & Stem Cell Therapy","343","4.8","4.8","","not_called","0",""
"Your Endless Wellness","Tempe","Arizona","85282","(480) 567-0236","http://www.yourendlesswellness.com/","","hello@yourendlesswellness.com","contact_page","64","4.9","2101 E Broadway Rd Suite 12, Tempe, AZ 85282","https://www.google.com/maps/search/?api=1&query=Your%20Endless%20Wellness&query_place_id=ChIJi9UjoegNK4cRCwYAI-AST3Q","Medical spa; Laboratory; Skin care clinic","Elemental Aesthetics","184","5.0","2.47","Affordable Laser & Skin","175","4.9","0.23","Feel Young Again Aesthetics","21","5.0","0.23","","not_called","0",""
"Elite Medical Beauty","Tempe","Arizona","85284","(480) 382-9944","http://www.elitemedicalbeauty.com/","","","","103","5.0","953 E Elliot Rd # 101, Tempe, AZ 85284","https://www.google.com/maps/search/?api=1&query=Elite%20Medical%20Beauty&query_place_id=ChIJi_D-UI8FK4cRqT5KPXRIil4","Medical spa; Facial spa; Health and beauty shop; Health spa; Medical clinic; Skin care clinic; Weight loss service; Wellness center","Dolce Medical Spa - Tempe","385","5.0","1.21","NEOS Med Spa Tempe","165","4.9","1.19","Lavish Beauty RN","92","5.0","0.69","","not_called","0",""
"ZONA MED SPA","Scottsdale","Arizona","85258","(480) 299-4975","http://www.zonamedspa.com/","","","","532","4.9","9767 N 91st St Suite B102, Scottsdale, AZ 85258","https://www.google.com/maps/search/?api=1&query=ZONA%20MED%20SPA&query_place_id=ChIJjxdkLbF1K4cRNnlutvnLeNo","Medical spa; Hair removal service; Plastic surgeon; Skin care clinic; Wellness center","Moderne Medical Aesthetics","387","5.0","0.81","Aesthetic Assets","349","5.0","1.24","Amplified Beauty","326","4.8","0.84","","not_called","0",""
"Inside Out Aesthetics","Scottsdale","Arizona","85254","(480) 307-9901","https://insideoutaesthetics.com/?y_source=1_MTAwMzE4MTc2NS03MTUtbG9jYXRpb24ud2Vic2l0ZQ%3D%3D","","","","1003","5.0","6865 E Becker Ln Suite 100, Scottsdale, AZ 85254","https://www.google.com/maps/search/?api=1&query=Inside%20Out%20Aesthetics&query_place_id=ChIJL6hYI-10K4cRRHL6cIwrUpw","Medical spa; Dermatologist; Laser hair removal service; Plastic surgery clinic; Skin care clinic","Center for Aesthetic and Laser Medicine Scottsdale","333","4.9","0.46","Scottsdale Sculpt","169","4.9","1.28","Esthetic Solutions Med Spa","99","4.8","0.58","","not_called","0",""
"Bella Medspa Arizona","Tempe","Arizona","85283","(480) 420-8067","https://bellamedicalspaarizona.com/","","info@karlacabreranp.com","contact_page","275","5.0","209 E Baseline Rd Suite E106 Office #1, Tempe, AZ 85283","https://www.google.com/maps/search/?api=1&query=Bella%20Medspa%20Arizona&query_place_id=ChIJ_buRg0oFK4cR0X5ywSnDbRc","Medical spa","Vivi Esthetics LLC","68","5.0","0.04","BBY Aesthetics Lip Blush Studio","63","4.9","0.67","Innovation skin care","54","4.7","0.02","","not_called","0",""
"Vivi Esthetics LLC","Tempe","Arizona","85283","(602) 513-2320","https://viviesthetics.com/","","","","68","5.0","227E E Baseline Rd Suite J3 #8, Tempe, AZ 85283","https://www.google.com/maps/search/?api=1&query=Vivi%20Esthetics%20LLC&query_place_id=ChIJWX5cQCJTKocR5AsMJfYZ5Hw","Facial spa; Skin care clinic","Bella Medspa Arizona","275","5.0","0.04","BBY Aesthetics Lip Blush Studio","63","4.9","0.65","Innovation skin care","54","4.7","0.06","","not_called","0",""
"Perfect Skin Center","Tempe","Arizona","85284","(480) 897-3623","https://perfectskincenter.com/?utm_source=gbp&utm_medium=organic","","","","478","4.8","2177 E Warner Rd #105, Tempe, AZ 85284","https://www.google.com/maps/search/?api=1&query=Perfect%20Skin%20Center&query_place_id=ChIJ4WcyGBoHK4cRdOj9W4QIqSA","Medical spa; Laser hair removal service; Plastic surgery clinic; Skin care clinic","Dolce Medical Spa - Tempe","385","5.0","1.15","Derma Health Skin & Laser","369","4.8","0.19","NEOS Med Spa Tempe","165","4.9","1.07","","not_called","0",""
"Affordable Laser & Skin","Tempe","Arizona","85282","(480) 655-1518","http://www.affordablelaser.com/","","","","175","4.9","1969 E Broadway Rd #4, Tempe, AZ 85282","https://www.google.com/maps/search/?api=1&query=Affordable%20Laser%20%26%20Skin&query_place_id=ChIJ5xcrMeUIK4cRCYtpFXYhnXo","Laser hair removal service; Facial spa; Medical spa","Elemental Aesthetics","184","5.0","2.57","Your Endless Wellness","64","4.9","0.23","Derma Liax Aesthetics LLC.","23","5.0","2.74","","not_called","0",""
"Breathe Medical Aesthetics, LLC","Chandler","Arizona","85224","(480) 786-5668","https://breathemedicalaesthetics.com/","","breathefrontdesk@gmail.com","contact_page","72","4.9","600 S Dobson Rd D-34, Chandler, AZ 85224","https://www.google.com/maps/search/?api=1&query=Breathe%20Medical%20Aesthetics%2C%20LLC&query_place_id=ChIJE0drV7kAK4cRY3_WjQ0tM0U","Medical spa","CurateMD Skin Bar and Wellness Clinic","378","5.0","2.35","Beauty Elements","183","4.9","0.81","Precision Skin Studio","93","5.0","0.4","","not_called","0",""
"Scottsdale Med Spa","Scottsdale","Arizona","85251","(480) 454-6959","https://scottsdalemedspa.beauty/?utm_source=GBP","","","","142","4.9","7045 E 3rd Ave, Scottsdale, AZ 85251","https://www.google.com/maps/search/?api=1&query=Scottsdale%20Med%20Spa&query_place_id=ChIJTzIl7bcLK4cRfTpQ9IApkds","Medical spa","Alani Skin MD","681","4.8","0.36","Nude Aesthetics Med Spa Scottsdale","566","5.0","0.4","Skin Beautiful","562","5.0","0.4","","not_called","0",""
"Flawless Faces MedSpa Chandler Botox, Lip Fillers And Laser Hair Removal","Chandler","Arizona","85248","(602) 622-7000","https://flawlessfacesaz.com/","","hello@flawlessfacesaz.com","contact_page","512","5.0","3165 S Alma School Rd # 29, Chandler, AZ 85248","https://www.google.com/maps/search/?api=1&query=Flawless%20Faces%20MedSpa%20Chandler%20Botox%2C%20Lip%20Fillers%20And%20Laser%20Hair%20Removal&query_place_id=ChIJQYPDoT4BK4cRYuQriHQM3uQ","Medical spa; Facial spa; Laser hair removal service; Permanent make-up clinic; Skin care clinic; Waxing hair removal service; Weight loss service","CurateMD Skin Bar and Wellness Clinic","378","5.0","0.46","Precision Skin Studio","93","5.0","2.54","Uptown Medispa","72","5.0","1.65","","not_called","0",""
"Uptown Medispa","Chandler","Arizona","85248","(480) 680-0323","https://www.uptownchandler.com/","","hello@rfuenzalida.com","contact_page","72","5.0","4955 S Alma School Rd #11, Chandler, AZ 85248","https://www.google.com/maps/search/?api=1&query=Uptown%20Medispa&query_place_id=ChIJYRlSdc4BK4cRSJtHJbln5-Y","Medical spa; Facial spa; Skin care clinic; Weight loss service; Wellness center","Flawless Faces MedSpa Chandler Botox, Lip Fillers And Laser Hair Removal","512","5.0","1.65","CurateMD Skin Bar and Wellness Clinic","378","5.0","2.1","Breeze Med Spa","253","4.9","4.02","","not_called","0",""
"Chandler Med Spa PLLC","Chandler","Arizona","85249","(480) 369-1921","https://www.chandlermedspa.com/","","info@indiantypefoundry.com","contact_page","100","4.9","990 E Riggs Rd # 8, Chandler, AZ 85249","https://www.google.com/maps/search/?api=1&query=Chandler%20Med%20Spa%20PLLC&query_place_id=ChIJP29cfIRVKocRxtF2c7M7tvM","Medical spa","LaVida MedSpa – Chandler","1120","4.9","3.52","Flawless Faces MedSpa Chandler Botox, Lip Fillers And Laser Hair Removal","512","5.0","3.34","Breeze Med Spa","253","4.9","2.71","","not_called","0",""
"Laserderm MedSpa LLC","Franklin","Tennessee","37067","(615) 465-2219","https://www.laserdermmedspa.com/","","","","62","4.2","615 Bakers Bridge Ave Suite 145 Unit 5, Franklin, TN 37067","https://www.google.com/maps/search/?api=1&query=Laserderm%20MedSpa%20LLC&query_place_id=ChIJHxqVaFB-ZIgRPV56Sg0lpFI","Medical spa","Franklin Skin and Laser","461","4.9","0.08","Schaffer Skin","138","5.0","0.25","REGEN Society Aesthetics + Wellness","126","5.0","0.27","","not_called","0",""
"LaVida MedSpa – Chandler","Chandler","Arizona","85286","(480) 629-4985","http://www.lavidamedspa.com/","","","","1120","4.9","3020 S Gilbert Rd #3, Chandler, AZ 85286","https://www.google.com/maps/search/?api=1&query=LaVida%20MedSpa%20%E2%80%93%20Chandler&query_place_id=ChIJY8ic4RWrK4cRqpx3253rUMY","Medical spa; Facial spa; Hair removal service; Skin care clinic","URBAN Medical - Gilbert, Arizona","309","5.0","2.59","Breeze Med Spa","253","4.9","1.2","Honor Aesthetics and Wellness","134","5.0","0.18","","not_called","0",""
"Honor Aesthetics and Wellness","Chandler","Arizona","85286","(480) 372-9799","http://honoraesthetics.com/","","hello@honoraesthetics.com","contact_page","134","5.0","3200 S Gilbert Rd # 116, Chandler, AZ 85286","https://www.google.com/maps/search/?api=1&query=Honor%20Aesthetics%20and%20Wellness&query_place_id=ChIJKwodxMmrK4cR3IAhRAiNfkc","Skin care clinic; Medical spa","LaVida MedSpa – Chandler","1120","4.9","0.18","Breeze Med Spa","253","4.9","1.03","SkinWay Medspa","140","5.0","2.66","","not_called","0",""
"Elemental Aesthetics","Mesa","Arizona","85202","(480) 659-1390","https://www.elementalaesthetics.com/","","info@elementalaesthetics.com","contact_page","184","5.0","2222 S Dobson Rd Unit 201, Mesa, AZ 85202","https://www.google.com/maps/search/?api=1&query=Elemental%20Aesthetics&query_place_id=ChIJ-2Z24ysJK4cRRK3aZQZdBhk","Medical spa; Skin care clinic","Affordable Laser & Skin","175","4.9","2.57","Hush Rx","123","5.0","2.56","Your Endless Wellness","64","4.9","2.47","","not_called","0",""
"Hush Rx","Chandler","Arizona","85224","(602) 851-6319","https://hushrxmedspa.com/","","contact@sansoxygen.com","contact_page","123","5.0","2390 N Alma School Rd #119, Chandler, AZ 85224","https://www.google.com/maps/search/?api=1&query=Hush%20Rx&query_place_id=ChIJR_82q-ypK4cR8MKLuJiIJPU","Medical spa","Perfect Skin Center","478","4.8","2.02","Derma Health Skin & Laser","369","4.8","1.84","Raise The Bar Med Spa","238","5.0","2.24","","not_called","0",""
"CurateMD Skin Bar and Wellness Clinic","Chandler","Arizona","85286","(602) 854-4944","https://curatemdskinbar.com/","","nichole@curatemdskinbar.com","contact_page","378","5.0","2745 S Alma School Rd Suite 3, Chandler, AZ 85286","https://www.google.com/maps/search/?api=1&query=CurateMD%20Skin%20Bar%20and%20Wellness%20Clinic&query_place_id=ChIJb4fVWWwBK4cRBsfadTuTLLw","Medical spa; Facial spa; Laser hair removal service; Plastic surgeon; Skin care clinic; Weight loss service","Flawless Faces MedSpa Chandler Botox, Lip Fillers And Laser Hair Removal","512","5.0","0.46","Precision Skin Studio","93","5.0","2.14","Uptown Medispa","72","5.0","2.1","","not_called","0",""
"Breeze Med Spa","Chandler","Arizona","85249","(480) 852-4883","http://www.breezemedspaaz.com/","","info@breezemedspaaz.com","contact_page","253","4.9","4225 S Gilbert Rd Ste 1, Chandler, AZ 85249","https://www.google.com/maps/search/?api=1&query=Breeze%20Med%20Spa&query_place_id=ChIJu9kSDfkdKW8RJB6PbtF9sms","Medical spa","LaVida MedSpa – Chandler","1120","4.9","1.2","Honor Aesthetics and Wellness","134","5.0","1.03","Chandler Med Spa PLLC","100","4.9","2.71","","not_called","0",""
"BBY Aesthetics Lip Blush Studio","Tempe","Arizona","85283","(602) 600-6723","https://bbyspa.com/","","bbyspa.az@gmail.com","contact_page","63","4.9","5777 S Rural Rd #5, Tempe, AZ 85283","https://www.google.com/maps/search/?api=1&query=BBY%20Aesthetics%20Lip%20Blush%20Studio&query_place_id=ChIJ1xBIOSwIK4cRnxIm5NhSMgY","Medical spa; Laser hair removal service","Bella Medspa Arizona","275","5.0","0.67","Vivi Esthetics LLC","68","5.0","0.65","Innovation skin care","54","4.7","0.68","","not_called","0",""
"Lavish Beauty RN","Tempe","Arizona","85284","(480) 933-2328","https://www.lavishrn.com/","","","","92","5.0","51 W Elliot Rd Suite 112 - Room G, Tempe, AZ 85284","https://www.google.com/maps/search/?api=1&query=Lavish%20Beauty%20RN&query_place_id=ChIJ4fYlrcoHK4cRZ3MkrNj8fy4","Medical spa; Skin care clinic","Peach Skin & Laser","1420","4.9","1.65","Dolce Medical Spa - Tempe","385","5.0","1.75","NEOS Med Spa Tempe","165","4.9","1.78","","not_called","0",""
"Rise Aesthetics","Phoenix","Arizona","85014","(623) 252-5729","https://riseaesthetics.co/","","","","171","5.0","5333 N 7th St Suite C-223, Phoenix, AZ 85014","https://www.google.com/maps/search/?api=1&query=Rise%20Aesthetics&query_place_id=ChIJmU1p4VITK4cRZ5dMqP0upww","Medical spa; Skin care clinic","NakedMD Med Spa Phoenix","589","4.9","1.19","Morph Aesthetics","197","5.0","0.76","Royal Aesthetics & Injectables","193","5.0","0.17","","not_called","0",""
"Precision Skin Studio","Chandler","Arizona","85224","(623) 777-8270","http://precisionskinstudio.com/","","","","93","5.0","2221 W Pecos Rd STE 6, Chandler, AZ 85224","https://www.google.com/maps/search/?api=1&query=Precision%20Skin%20Studio&query_place_id=ChIJ7y6djHgBK4cRjssyHI0-LmQ","Medical spa; Health and beauty shop; Medical clinic; Nurse practitioner; Women's health clinic; Skin care clinic; Weight loss service; Wellness center; Wellness program","Beauty Elements","183","4.9","1.17","Breathe Medical Aesthetics, LLC","72","4.9","0.4","Botox and Lip Fillers by Viso Aesthetics","31","4.8","0.33","","not_called","0",""
"Beauty Elements","Chandler","Arizona","85224","(602) 860-0887","http://beautyelements-medspa.com/","","","","183","4.9","2160 W Chandler Blvd #19, Chandler, AZ 85224","https://www.google.com/maps/search/?api=1&query=Beauty%20Elements&query_place_id=ChIJR-YRYwwBK4cRFrb7CziQlsk","Medical spa","Derma Health Skin & Laser","369","4.8","1.95","Precision Skin Studio","93","5.0","1.17","Breathe Medical Aesthetics, LLC","72","4.9","0.81","","not_called","0",""
"The Glam Nurse","Scottsdale","Arizona","85251","(480) 527-7646","http://theglamnurse.com/","","info@theglamnurse.com","contact_page","256","5.0","7109 E 2nd St #104, Scottsdale, AZ 85251","https://www.google.com/maps/search/?api=1&query=The%20Glam%20Nurse&query_place_id=ChIJ5f05MjELK4cR9J5dHCEK0vY","Medical spa; Skin care clinic","Alani Skin MD","681","4.8","0.2","Nude Aesthetics Med Spa Scottsdale","566","5.0","0.55","The Perfect Secret Med Spa","543","5.0","0.22","","not_called","0",""
"Bonita Aesthetics & Wellness","Gilbert","Arizona","85296","(928) 504-1590","https://www.bonitaaestheticswellness.com/","","eben@eyebytes.com","contact_page","124","5.0","1090 S Gilbert Rd Suite 106, Gilbert, AZ 85296","https://www.google.com/maps/search/?api=1&query=Bonita%20Aesthetics%20%26%20Wellness&query_place_id=ChIJJ2w36hipK4cRgEz170Rcm4Q","Medical spa; Beauty salon; Facial spa; Health spa; Skin care clinic; Specialized clinic","Cleanse Modern Day Spa","454","5.0","0.0","Raise The Bar Med Spa","238","5.0","2.18","Bloom AZ Med Spa","122","5.0","0.07","","not_called","0",""
"Giovanni Med Spa","Gilbert","Arizona","85295","(480) 714-8686","http://giovannimedspa.com/","","hello@giovannimedspa.com","contact_page","208","4.9","2586 S Val Vista Dr Suite 104, Gilbert, AZ 85295","https://www.google.com/maps/search/?api=1&query=Giovanni%20Med%20Spa&query_place_id=ChIJQSD9Tm-pK4cRgAvCAjU-WL0","Medical spa; Spa","Heyday Skincare Gilbert","779","5.0","0.81","Skin Ritual","407","4.9","0.12","Derma Health","348","4.9","0.51","","not_called","0",""
"The Glow Lab","Gilbert","Arizona","85295","(480) 771-7202","https://www.theglowlabaz.com/","","hello@theglowlabaz.com","contact_page","236","5.0","3126 S Higley Rd #107, Gilbert, AZ 85295","https://www.google.com/maps/search/?api=1&query=The%20Glow%20Lab&query_place_id=ChIJPRwb77QFK4cR9pgWU2GFvc4","Medical spa; Weight loss service; Wellness center","Heyday Skincare Gilbert","779","5.0","1.6","Skin Ritual","407","4.9","1.98","Derma Health","348","4.9","1.69","","not_called","0",""
"URBAN Medical - Gilbert, Arizona","Gilbert","Arizona","85295","(480) 336-9034","https://urbanmedical.com/","","info@urbanaesthetics.co","contact_page","309","5.0","3011 S Lindsay Rd Suite 120, Gilbert, AZ 85295","https://www.google.com/maps/search/?api=1&query=URBAN%20Medical%20-%20Gilbert%2C%20Arizona&query_place_id=ChIJs_23sG6rK4cR1x5cf-7CB2E","Medical spa; Laser hair removal service; Medical clinic; Weight loss service","Skin Ritual","407","4.9","1.21","SKINovative","336","4.9","1.16","Giovanni Med Spa","208","4.9","1.09","","not_called","0",""
"Derma Health Skin & Laser","Chandler","Arizona","85224","(480) 470-5747","https://dermahealthinstitute.com/","","","","369","4.8","2905 W Warner Rd # 17, Chandler, AZ 85224","https://www.google.com/maps/search/?api=1&query=Derma%20Health%20Skin%20%26%20Laser&query_place_id=ChIJ88WStRAHK4cRepYivLUeK5s","Medical spa; Facial spa; Laser hair removal service; Skin care clinic","Perfect Skin Center","478","4.8","0.19","Dolce Medical Spa - Tempe","385","5.0","1.34","NEOS Med Spa Tempe","165","4.9","1.25","","not_called","0",""
"Vibrant Skin Bar","Phoenix","Arizona","85018","(480) 691-3900","https://vibrantskinbar.com/","","info@vibrantskin.com","contact_page","152","5.0","4325 E Indian School Rd Suite 130, Phoenix, AZ 85018","https://www.google.com/maps/search/?api=1&query=Vibrant%20Skin%20Bar&query_place_id=ChIJs5AnX6gNK4cRSHMppJE1zek","Medical spa; Facial spa; Health and beauty shop; Health spa; Laser hair removal service; Skin care clinic; Spa; Weight loss service; Wellness center; Wellness program","Look Lab Med Spa | Arcadia","1374","5.0","0.94","Suddenly Slimmer Med Spa","1066","4.7","1.24","Med 44 Arcadia","242","5.0","0.88","","not_called","0",""
"Bloom AZ Med Spa","Gilbert","Arizona","85296","(480) 417-7470","https://www.bloomazmedspa.com/?utm_source=google&utm_medium=wix_google_business_profile&utm_campaign=4706585928911256674","","bloomazmedspa@outlook.com","contact_page","122","5.0","1030 S Gilbert Rd Suite 107, Gilbert, AZ 85296","https://www.google.com/maps/search/?api=1&query=Bloom%20AZ%20Med%20Spa&query_place_id=ChIJV4--DP6tK4cRTnz4b0OylS0","Medical spa","Cleanse Modern Day Spa","454","5.0","0.07","Raise The Bar Med Spa","238","5.0","2.12","Bonita Aesthetics & Wellness","124","5.0","0.07","","not_called","0",""
"Skin Ritual","Gilbert","Arizona","85295","(480) 702-2442","https://skinritualaz.com/","","info@skinritualaz.com","contact_page","407","4.9","1684 E Boston St Suite 102, Gilbert, AZ 85295","https://www.google.com/maps/search/?api=1&query=Skin%20Ritual&query_place_id=ChIJsRH3OCutK4cR1z8nas0I3F0","Medical spa","Heyday Skincare Gilbert","779","5.0","0.69","Derma Health","348","4.9","0.39","SKINovative","336","4.9","0.06","","not_called","0",""
"SkinWay Medspa","Gilbert","Arizona","85297","(480) 335-3535","https://skinwaymedspa.com/?utm_source=google&utm_medium=organic&utm_campaign=gbp","","info@skinwaymedspa.com","contact_page","140","5.0","3635 S Val Vista Dr #203, Gilbert, AZ 85297","https://www.google.com/maps/search/?api=1&query=SkinWay%20Medspa&query_place_id=ChIJk12IZ42tK4cRFYPpiEdhxKo","Medical spa; Facial spa; Laser hair removal service; Skin care clinic; Wellness center","Skin Ritual","407","4.9","1.32","URBAN Medical - Gilbert, Arizona","309","5.0","1.34","Giovanni Med Spa","208","4.9","1.3","","not_called","0",""
"Kulture Aesthetics","Gilbert","Arizona","85234","(602) 600-8796","http://www.kultureaesthetics.com/","","jenniferNP@kultureaesthetics.com","contact_page","91","5.0","2451 E Baseline Rd #230, Gilbert, AZ 85234","https://www.google.com/maps/search/?api=1&query=Kulture%20Aesthetics&query_place_id=ChIJE9sdshsHK4cRedehR3kcwPU","Medical spa; Skin care clinic","Alani Skin MD","1394","4.9","1.67","Pure MedSpa","118","4.9","1.37","Aesthetics AZ","70","5.0","2.51","","not_called","0",""
"Pure MedSpa","Gilbert","Arizona","85233","(480) 869-3511","http://www.puremedspaaz.com/","","puremedspallc@gmail.com","contact_page","118","4.9","201 W Guadalupe Rd 102 suite 102, Gilbert, AZ 85233","https://www.google.com/maps/search/?api=1&query=Pure%20MedSpa&query_place_id=ChIJO_CH9OepK4cRNyGvgcTQUJc","Medical spa","Raise The Bar Med Spa","238","5.0","1.96","Kulture Aesthetics","91","5.0","1.37","LBC Aesthetics + Wellness","85","5.0","1.55","","not_called","0",""
"Lux Injections","Gilbert","Arizona","85297","(480) 863-5256","https://www.luxinjections.com/","","luxinjections3@gmail.com","contact_page","78","5.0","4365 E Pecos Rd Suite 113, Gilbert, AZ 85297","https://www.google.com/maps/search/?api=1&query=Lux%20Injections&query_place_id=ChIJ7SyJ7WKpK4cR5ffsTbF_oBY","Medical spa; Skin care clinic","Heyday Skincare Gilbert","779","5.0","2.98","Derma Health","348","4.9","3.13","The Glow Lab","236","5.0","1.48","","not_called","0",""
"Derma Health","Gilbert","Arizona","85295","(480) 470-5747","http://www.dhiskin.com/","","","","348","4.9","2484 S Santan Village Pkwy Suite J-105, Gilbert, AZ 85295","https://www.google.com/maps/search/?api=1&query=Derma%20Health&query_place_id=ChIJf-hSFOStK4cRgKLKHKo3eGQ","Medical spa","Heyday Skincare Gilbert","779","5.0","0.31","Skin Ritual","407","4.9","0.39","SKINovative","336","4.9","0.44","","not_called","0",""
"The Beauty Boss Co.","Gilbert","Arizona","85296","(480) 680-8825","https://thebeautyboss.co/","","","","119","5.0","3150 E Ray Rd #134, Gilbert, AZ 85296","https://www.google.com/maps/search/?api=1&query=The%20Beauty%20Boss%20Co.&query_place_id=ChIJmxbYLgOpK4cRRGUY5HOSOk4","Medical spa","Heyday Skincare Gilbert","779","5.0","1.55","Skin Ritual","407","4.9","2.23","Derma Health","348","4.9","1.86","","not_called","0",""
"Aesthetics AZ","Gilbert","Arizona","85296","(480) 581-4505","https://aestheticsofaz.com/","","info@indiantypefoundry.com","contact_page","70","5.0","397 S Gilbert Rd Suite 110, Gilbert, AZ 85296","https://www.google.com/maps/search/?api=1&query=Aesthetics%20AZ&query_place_id=ChIJ3SB-_F6_xQoRZf0dAcDMqJw","Medical spa","Cleanse Modern Day Spa","454","5.0","0.94","Bonita Aesthetics & Wellness","124","5.0","0.94","Bloom AZ Med Spa","122","5.0","0.89","","not_called","0",""
"LBC Aesthetics + Wellness","Gilbert","Arizona","85296","(480) 980-9378","http://www.lbcaestheticsandwellness.com/","","HELLO@LBCAESTHETICSANDWELLNESS.COM","contact_page","85","5.0","428 S Gilbert Rd #104, Gilbert, AZ 85296","https://www.google.com/maps/search/?api=1&query=LBC%20Aesthetics%20%2B%20Wellness&query_place_id=ChIJe4uVoCevK4cR22DceroBq_0","Medical spa","Cleanse Modern Day Spa","454","5.0","0.81","Bonita Aesthetics & Wellness","124","5.0","0.81","Bloom AZ Med Spa","122","5.0","0.76","","not_called","0",""
"Peach Skin & Laser","Tempe","Arizona","85284","(480) 690-6900","http://www.peachskinlaser.com/","","","","1420","4.9","1342 W Warner Rd STE 105, Tempe, AZ 85284","https://www.google.com/maps/search/?api=1&query=Peach%20Skin%20%26%20Laser&query_place_id=ChIJJfR53zMHK4cRrYW8N4703so","Laser hair removal service; Medical spa; Skin care clinic","Dolce Medical Spa - Tempe","385","5.0","2.77","Luminescence Aesthetic Medicine","161","5.0","2.41","Elite Medical Beauty","103","5.0","2.22","","not_called","0",""
"Heyday Skincare Gilbert","Gilbert","Arizona","85295","(480) 520-6844","https://www.heydayskincare.com/pages/san-tan","","gilbert@heydayskincare.com","contact_page","779","5.0","2150 E Williams Field Rd #115, Gilbert, AZ 85295","https://www.google.com/maps/search/?api=1&query=Heyday%20Skincare%20Gilbert&query_place_id=ChIJPTWaYFqtK4cRJEOMPJVdk2Q","Facial spa; Day spa; Skin care clinic; Spa","Skin Ritual","407","4.9","0.69","Derma Health","348","4.9","0.31","SKINovative","336","4.9","0.73","","not_called","0",""
"Excel Med Spa","Gilbert","Arizona","85297","(480) 955-6525","https://www.excelmedspa.com/services","","","","74","4.7","3303 S Lindsay Rd STE 115, Gilbert, AZ 85297","https://www.google.com/maps/search/?api=1&query=Excel%20Med%20Spa&query_place_id=ChIJoy5iNYOrK4cRVKfrTBfHCn0","Spa; Facial spa; Laser hair removal service; Weight loss service","SKINovative","336","4.9","1.48","URBAN Medical - Gilbert, Arizona","309","5.0","0.51","Giovanni Med Spa","208","4.9","1.4","","not_called","0",""
"Raise The Bar Med Spa","Gilbert","Arizona","85233","(480) 493-5069","https://raisethebarmedspa.com/","","","","238","5.0","1543 W Elliot Rd #104, Gilbert, AZ 85233","https://www.google.com/maps/search/?api=1&query=Raise%20The%20Bar%20Med%20Spa&query_place_id=ChIJfaZ79JapK4cRuu6oXfdnogQ","Medical spa; Beauty product supplier; Facial spa; Health and beauty shop; Health spa; Skin care clinic; Tanning salon","Cleanse Modern Day Spa","454","5.0","2.18","Bonita Aesthetics & Wellness","124","5.0","2.18","Bloom AZ Med Spa","122","5.0","2.12","","not_called","0",""
"The Beauty Lab Medical Aesthetics","Mesa","Arizona","85212","(480) 877-0054","https://thebeautylabaz.com/","","info@thebeautylabaz.com","contact_page","156","5.0","8950 E Germann Rd Suite 18, Mesa, AZ 85212","https://www.google.com/maps/search/?api=1&query=The%20Beauty%20Lab%20Medical%20Aesthetics&query_place_id=ChIJb7zAfkJNKocRexWemZziXSg","Medical spa; Skin care clinic","Flawless Reflections Body and Skin Therapy LLC","477","4.9","4.78","The Glow Lab","236","5.0","4.86","Skinfinity Medspa","185","4.9","4.26","","not_called","0",""
"LaVida MedSpa of Mesa","Mesa","Arizona","85215","(480) 844-2767","https://lavidamedspa.com/","","","","376","4.9","2837 N Power Rd #108, Mesa, AZ 85215","https://www.google.com/maps/search/?api=1&query=LaVida%20MedSpa%20of%20Mesa&query_place_id=ChIJq2Foe_SlK4cRI6T3lj85jxk","Medical spa; Facial spa; Hair removal service; Skin care clinic","Frost Aesthetics & Wellness","289","5.0","5.89","Karma Aesthetics and Wellness","274","5.0","5.81","Vitality Med Spa","170","4.8","4.18","","not_called","0",""
"Frost Aesthetics & Wellness","Mesa","Arizona","85206","(480) 389-6579","https://emilyfrostaesthetics.com/","","frosty0316@gmail.com","contact_page","289","5.0","4338 E Florian Ave #102, Mesa, AZ 85206","https://www.google.com/maps/search/?api=1&query=Frost%20Aesthetics%20%26%20Wellness&query_place_id=ChIJT_MS3y2vK4cRJsygH054Ux8","Medical spa; Day spa; Facial spa; Skin care clinic; Spa; Wellness center","Alani Skin MD","1394","4.9","1.28","Karma Aesthetics and Wellness","274","5.0","1.22","Kulture Aesthetics","91","5.0","2.59","","not_called","0",""
"Skinfinity Medspa","Gilbert","Arizona","85295","(480) 514-9295","https://azskinandbody.com/","","","","185","4.9","3939 E Williams Field Rd, Gilbert, AZ 85295","https://www.google.com/maps/search/?api=1&query=Skinfinity%20Medspa&query_place_id=ChIJtSLwutqtK4cRgS4tYJOgvV8","Medical spa; Hair removal service; Laser hair removal service; Plastic surgery clinic; Skin care clinic; Tanning salon; Weight loss service","Heyday Skincare Gilbert","779","5.0","2.21","Skin Ritual","407","4.9","2.83","Derma Health","348","4.9","2.45","","not_called","0",""
"Stunning Aesthetics","Mesa","Arizona","85215","(602) 282-8884","https://stunningaesthetics.com/","","kitsia@stunningaesthetics.com","contact_page","65","5.0","5609 E McKellips Rd Suite A108 Room 5, Mesa, AZ 85215","https://www.google.com/maps/search/?api=1&query=Stunning%20Aesthetics&query_place_id=ChIJF-r3Zo2lK4cRVX8BWhHCU5A","Facial spa; Skin care clinic","LaVida MedSpa of Mesa","376","4.9","1.91","Frost Aesthetics & Wellness","289","5.0","4.16","Karma Aesthetics and Wellness","274","5.0","4.33","","not_called","0",""
"Alani Skin MD","Mesa","Arizona","85206","(480) 397-0278","https://alaniskinmd.com/locations/mesa-az/?utm_source=GBP&utm_medium=GBP&utm_campaign=gbp+mesa","","mesa@alaniskinmd.com","contact_page","1394","4.9","3850 E Baseline Rd STE 109, Mesa, AZ 85206","https://www.google.com/maps/search/?api=1&query=Alani%20Skin%20MD&query_place_id=ChIJ7_30ICavK4cRdC_Yv72Dbyk","Medical spa; Facial spa; Laser hair removal service; Spa","Frost Aesthetics & Wellness","289","5.0","1.28","Karma Aesthetics and Wellness","274","5.0","1.86","Kulture Aesthetics","91","5.0","1.67","","not_called","0",""
"Vitality Med Spa","Mesa","Arizona","85213","(480) 854-8000","http://www.vitalitymedspa.com/arizona-weight-loss-clinic/mesa-az-med-spa/","","mesavitality@gmail.com","contact_page","170","4.8","1955 N Val Vista Dr #101, Mesa, AZ 85213","https://www.google.com/maps/search/?api=1&query=Vitality%20Med%20Spa&query_place_id=ChIJ7eMPhpSlK4cRXJykeGFl0J0","Medical spa; Medical clinic","LaVida MedSpa of Mesa","376","4.9","4.18","Frost Aesthetics & Wellness","289","5.0","3.91","Valley Aesthetics","69","4.6","4.39","","not_called","0",""
"SKINovative","Gilbert","Arizona","85295","(480) 917-7546","http://www.gilbertmedspa.com/","","","","336","4.9","2557 S Val Vista Dr STE 101, Gilbert, AZ 85295","https://www.google.com/maps/search/?api=1&query=SKINovative&query_place_id=ChIJVZENS3GsK4cRy4tz5IAsDyU","Skin care clinic; Nutritionist","Heyday Skincare Gilbert","779","5.0","0.73","Skin Ritual","407","4.9","0.06","Derma Health","348","4.9","0.44","","not_called","0",""
"Cleanse Modern Day Spa","Gilbert","Arizona","85296","(480) 420-3977","http://www.cleansemoderndayspa.com/","","","","454","5.0","1090 S Gilbert Rd Suite 106, Gilbert, AZ 85296","https://www.google.com/maps/search/?api=1&query=Cleanse%20Modern%20Day%20Spa&query_place_id=ChIJvbjKCMGpK4cRB3eW59LKHcQ","Day spa; Facial spa; Massage spa; Skin care clinic; Spa","Raise The Bar Med Spa","238","5.0","2.18","Bonita Aesthetics & Wellness","124","5.0","0.0","Bloom AZ Med Spa","122","5.0","0.07","","not_called","0",""
"McAuley & Co Aesthetics","Mesa","Arizona","85206","(480) 934-0199","http://mcauleyco.com/","","hello@mcauleyco.com","contact_page","64","5.0","6642 E Baseline Rd STE 104, Mesa, AZ 85206","https://www.google.com/maps/search/?api=1&query=McAuley%20%26%20Co%20Aesthetics&query_place_id=ChIJyYx2RuKpK4cRVe9u0pWHvCI","Medical spa","Alani Skin MD","1394","4.9","3.33","Frost Aesthetics & Wellness","289","5.0","2.92","Karma Aesthetics and Wellness","274","5.0","1.7","","not_called","0",""
"Viva MD","Atlanta","Georgia","30305","(404) 618-4142","https://www.vivamd.org/","","info@vivamdclinic.com","contact_page","129","5.0","3091 E Shadowlawn Ave NE, Atlanta, GA 30305","https://www.google.com/maps/search/?api=1&query=Viva%20MD&query_place_id=ChIJAYZS5lwT9YgRFrZjXrHOIPc","Medical spa; Beauty salon; Dermatologist; Hair replacement service; Medical clinic; Skin care clinic; Weight loss service","OVME","464","4.7","0.13","Ecobel Med Spa","412","4.8","0.19","Skin Pharm","323","5.0","0.1","","not_called","0",""
"SLM Medspa","Atlanta","Georgia","30318","(678) 820-1020","https://www.slmmedspa.com/","","info@slmmedspa.com","contact_page","100","4.9","1465 Howell Ml Rd Ste 200A, Atlanta, GA 30318","https://www.google.com/maps/search/?api=1&query=SLM%20Medspa&query_place_id=ChIJ6-uzHRAF9YgRJYqIHQ1MCB8","Medical spa; Eyelash salon; Facial spa; Hair removal service; Skin care clinic; Waxing hair removal service","4Ever Young Med Spa & Wellness Center - Atlanta Midtown","1167","5.0","1.68","AYA Medical Spa Colony Square - Midtown","211","4.8","1.9","Truffles Aesthetics","130","4.9","1.96","","not_called","0",""
"Derm Clinic M.D.","Atlanta","Georgia","30342","(404) 937-3760","https://www.dermclinicmd.com/","","dermclinicmktg@gmail.com","contact_page","302","5.0","Tuxedo Atrium, 3833 Roswell Rd NE Suite 108, Atlanta, GA 30342","https://www.google.com/maps/search/?api=1&query=Derm%20Clinic%20M.D.&query_place_id=ChIJo1r7sWgP9YgRpuWEQKTQ3fw","Medical spa; Plastic surgery clinic; Skin care clinic","NYAH Med Spa","323","4.4","0.48","SkynBar","286","5.0","0.14","SkinSpirit Buckhead","146","4.9","1.02","","not_called","0",""
"Slim Studio FACE & BODY","Atlanta","Georgia","30305","(404) 410-7777","https://slimstudioatlanta.com/","","","","196","4.8","56 E Andrews Dr NW Suite 11, Atlanta, GA 30305","https://www.google.com/maps/search/?api=1&query=Slim%20Studio%20FACE%20%26%20BODY&query_place_id=ChIJQyIJhxkP9YgRH_SxnMgaEgo","Medical spa","OVME","464","4.7","0.34","Artisan Beauté - Buckhead","412","4.9","0.15","Blue Divine Aesthetics","328","4.6","0.17","","not_called","0",""
"Esthetic Solutions Med Spa","Scottsdale","Arizona","85253","(480) 280-6062","https://estheticsolutions.com/","","operations@estheticsolutions.com","contact_page","99","4.8","10201 N Scottsdale Rd #9, Scottsdale, AZ 85253","https://www.google.com/maps/search/?api=1&query=Esthetic%20Solutions%20Med%20Spa&query_place_id=ChIJUcI8UqILK4cRxvZNBdV6bmQ","Medical spa; Beauty product supplier; Beauty supply store; Cosmetics industry; Cosmetics store; Health and beauty shop; Spa; Wellness center","Inside Out Aesthetics","1003","5.0","0.58","Center for Aesthetic and Laser Medicine Scottsdale","333","4.9","0.52","Scottsdale Sculpt","169","4.9","0.85","","not_called","0",""
"Karma Aesthetics and Wellness","Mesa","Arizona","85206","(480) 369-1870","https://karmaaestheticsandwellness.com/","","","","274","5.0","1423 S Higley Rd STE 103, Mesa, AZ 85206","https://www.google.com/maps/search/?api=1&query=Karma%20Aesthetics%20and%20Wellness&query_place_id=ChIJ1ZZUN5axK4cRxo-dwxwzk6Y","Medical spa","Alani Skin MD","1394","4.9","1.86","Frost Aesthetics & Wellness","289","5.0","1.22","Kulture Aesthetics","91","5.0","3.49","","not_called","0",""
"KORA Aesthetics","Scottsdale","AZ","85253","(480) 630-7566","https://koraaesthetics.com/","","","","73","5.0","Inside “Otto, 10505 N 69th St #1300, Scottsdale, AZ 85253","https://www.google.com/maps/search/?api=1&query=KORA%20Aesthetics&query_place_id=ChIJee6LqHNy9asRsBXDBO3P5Xg","Medical spa; Skin care clinic; Wellness center","Inside Out Aesthetics","1003","5.0","0.22","Center for Aesthetic and Laser Medicine Scottsdale","333","4.9","0.49","Scottsdale Sculpt","169","4.9","1.06","","not_called","0",""
"Sachi Aesthetics","Scottsdale","Arizona","85258","(480) 454-8188","https://sachiaesthetics.com/","","","","84","4.9","8370 East Vía de Ventura K205, Scottsdale, AZ 85258","https://www.google.com/maps/search/?api=1&query=Sachi%20Aesthetics&query_place_id=ChIJf7Bnhh4LK4cRwGvRpPPKT7A","Medical spa; Skin care clinic","ZONA MED SPA","532","4.9","1.71","Aesthetic Assets","349","5.0","0.61","Elite Medspa Scottsdale","324","4.8","1.7","","not_called","0",""
"Flawless Reflections Body and Skin Therapy LLC","Mesa","Arizona","85212","(480) 659-9828","https://www.flawlessreflections.com/","","ContactUs@Flawless-Reflections.com","contact_page","477","4.9","4425 S Mountain Rd #103, Mesa, AZ 85212","https://www.google.com/maps/search/?api=1&query=Flawless%20Reflections%20Body%20and%20Skin%20Therapy%20LLC&query_place_id=ChIJy1K9MpSzK4cR9gsyS0vQxYE","Medical spa; Beauty product supplier; Eyebrow bar; Eyelash salon; Facial spa; Hair removal service; Laser hair removal service; Massage spa; Skin care clinic; Tattoo removal service","Skinfinity Medspa","185","4.9","6.82","The Beauty Lab Medical Aesthetics","156","5.0","4.78","The Beauty Boss Co.","119","5.0","7.6","","not_called","0",""
"Beverly Hills Rejuvenation Center - Paradise Valley","Phoenix","Arizona","85028","(480) 398-8400","https://www.bhrcenter.com/location/paradise-valley-az/","","","","125","4.9","10633 N Tatum Blvd Ste 104, Phoenix, AZ 85028","https://www.google.com/maps/search/?api=1&query=Beverly%20Hills%20Rejuvenation%20Center%20-%20Paradise%20Valley&query_place_id=ChIJY4a7yjdzK4cR1DU4_Hl2wTU","Medical spa; Health spa; Laser hair removal service; Skin care clinic; Wellness center","Inside Out Aesthetics","1003","5.0","2.5","The Connection","174","4.7","0.06","SkinSpirit Paradise Valley","146","5.0","1.28","","not_called","0",""
"Scottsdale Sculpt","Scottsdale","Arizona","85253","(623) 414-9025","http://scottsdalesculpt.com/","","anapbm@gmail.com","contact_page","169","4.9","8787 N Scottsdale Rd Suite a 105, Scottsdale, AZ 85253","https://www.google.com/maps/search/?api=1&query=Scottsdale%20Sculpt&query_place_id=ChIJRWnhv0V1K4cRoK4sttNeya0","Medical spa; Laser hair removal service; Skin care clinic","Inside Out Aesthetics","1003","5.0","1.28","Center for Aesthetic and Laser Medicine Scottsdale","333","4.9","1.37","Esthetic Solutions Med Spa","99","4.8","0.85","","not_called","0",""
"Clear Dermatology & Aesthetics Center - Paradise Valley","Paradise Valley","Arizona","85253","(480) 398-1550","http://cleardermatology.net/","","info@cleardermatology.net","contact_page","831","4.9","7125 E Lincoln Dr Suite A101, Paradise Valley, AZ 85253","https://www.google.com/maps/search/?api=1&query=Clear%20Dermatology%20%26%20Aesthetics%20Center%20-%20Paradise%20Valley&query_place_id=ChIJz-YIcTMLK4cR-5fTPcoLGwk","Medical spa; Laser hair removal service; Dermatologist; Skin care clinic","Skin Beautiful","562","5.0","2.24","Esthetic Finesse","553","5.0","0.95","Perfect Dose","427","5.0","0.18","","not_called","0",""
"Aesthetic Assets","Scottsdale","Arizona","85258","(480) 699-8089","https://aestheticassets.com//?utm_source=google&utm_medium=organic&utm_campaign=gbp-website","","","","349","5.0","8415 N Pima Rd #115, Scottsdale, AZ 85258","https://www.google.com/maps/search/?api=1&query=Aesthetic%20Assets&query_place_id=ChIJDadBk8J1K4cR5jyyYh9Mb3k","Medical spa","ZONA MED SPA","532","4.9","1.24","Profile Aesthetics","141","5.0","1.58","Derma Health Skin & Laser","128","4.9","1.59","","not_called","0",""
"Elase Medical Spa - South Tampa","Tampa","Florida","33629","(813) 921-8770","https://elase.com/locations/south-tampa/?UTM_source=GMB_listing&UTM_medium=organic&utm_campaign=southtampa","","southtampa@elase.com","contact_page","160","4.9","1155 S Dale Mabry Hwy #8, Tampa, FL 33629","https://www.google.com/maps/search/?api=1&query=Elase%20Medical%20Spa%20-%20South%20Tampa&query_place_id=ChIJ4QnfbmLDwogRmsptZCmSDCU","Medical spa; Facial spa; Hair replacement service; Skin care clinic","Skin NV Tampa Med Spa","607","4.8","0.39","Viso Juvé","348","5.0","1.03","BevelUp Midtown","324","4.8","1.43","","not_called","0",""
"Skin NV Tampa Med Spa","Tampa","Florida","33609","(813) 839-4141","http://www.skinnv.com/","","info@skinnv.com","contact_page","607","4.8","3715 W Swann Ave, Tampa, FL 33609","https://www.google.com/maps/search/?api=1&query=Skin%20NV%20Tampa%20Med%20Spa&query_place_id=ChIJuQ6TcSjDwogR1VIRi1F8crA","Medical spa; Facial spa; Laser hair removal service; Skin care clinic","Viso Juvé","348","5.0","1.41","BevelUp Midtown","324","4.8","1.05","Elevate Medical Spa","265","5.0","1.27","","not_called","0",""
"Center for Dermatology & Plastic Surgery","Paradise Valley","Arizona","85253","(480) 905-8485","https://azcdps.com/?utm_source=gbp&utm_medium=organic&utm_campaign=website_link&y_source=1_NjYyNDA0ODktNzE1LWxvY2F0aW9uLndlYnNpdGU%3D","","","","154","4.8","5206 N Scottsdale Rd, Paradise Valley, AZ 85253","https://www.google.com/maps/search/?api=1&query=Center%20for%20Dermatology%20%26%20Plastic%20Surgery&query_place_id=ChIJKdiEI5ULK4cRaetdg0SZXig","Skin care clinic; Plastic surgeon; Dermatologist","Clear Dermatology & Aesthetics Center - Paradise Valley","831","4.9","1.21","Nude Aesthetics Med Spa Scottsdale","566","5.0","1.12","Skin Beautiful","562","5.0","1.03","","not_called","0",""
"Valley Aesthetics","Mesa","Arizona","85204","(480) 779-4008","https://valleyaesthetics.com/","","","","69","4.6","1121 S Gilbert Rd UNIT 102, Mesa, AZ 85204","https://www.google.com/maps/search/?api=1&query=Valley%20Aesthetics&query_place_id=ChIJi8y1t7upK4cRLjIhB_JdFKc","Medical spa","Alani Skin MD","1394","4.9","2.48","Pure MedSpa","118","4.9","2.17","Kulture Aesthetics","91","5.0","1.28","","not_called","0",""
"Esthetic Finesse","Paradise Valley","Arizona","85253","(480) 908-9695","http://estheticfinesse.com/gbp","","hello@estheticfinesse.com","contact_page","553","5.0","5520 N 69th Pl, Paradise Valley, AZ 85253","https://www.google.com/maps/search/?api=1&query=Esthetic%20Finesse&query_place_id=ChIJVVVFcHQLK4cR0tkTHotF6U8","Medical spa; Medical Center; Skin care clinic; Wellness center","Clear Dermatology & Aesthetics Center - Paradise Valley","831","4.9","0.95","Nude Aesthetics Med Spa Scottsdale","566","5.0","1.49","Skin Beautiful","562","5.0","1.4","","not_called","0",""
"Cell Renew Medical Spa Downtown","Tampa","Florida","33602","(813) 600-0666","https://www.cellrenewtampa.com/","","admin@cellrenewtampa.com","contact_page","427","4.9","1212 E Whiting St UNIT 102, Tampa, FL 33602","https://www.google.com/maps/search/?api=1&query=Cell%20Renew%20Medical%20Spa%20Downtown&query_place_id=ChIJqz_bi9_FwogRFZSIEVMY96k","Medical spa; Cosmetics store; Dermatologist; Health spa; Laser hair removal service; Aged care; Skin care clinic; Spa","SOHO Wellness & Med Spa | Tampa","752","4.8","1.36","ÉLAN Aesthetics","438","5.0","1.86","BevelUp Midtown","324","4.8","3.51","","not_called","0",""
"The Connection","Phoenix","Arizona","85028","","https://kalologie.com/our-locations/kalologie-in-paradise-valley","","","","174","4.7","4740 E Shea Blvd Suite 106, Phoenix, AZ 85028","https://www.google.com/maps/search/?api=1&query=The%20Connection&query_place_id=ChIJoS1WZy6vK4cR-8rPIASkrzs","Medical spa; IV therapy service","Inside Out Aesthetics","1003","5.0","2.54","SkinSpirit Paradise Valley","146","5.0","1.3","Beverly Hills Rejuvenation Center - Paradise Valley","125","4.9","0.06","","not_called","0",""
"Deluxe Med Spa Beauty","Miami","Florida","33130","(786) 901-0611","https://deluxemedspabeauty.com/","","","","267","4.9","Downtown 1st, 30 SW 1st St #1001, Miami, FL 33130","https://www.google.com/maps/search/?api=1&query=Deluxe%20Med%20Spa%20Beauty&query_place_id=ChIJ9QShWb232YgRErcFd8RYjwc","Medical spa","Sisu Clinic Miami","342","4.9","0.38","DinStyle Aesthetics Services BRICKELL","151","4.6","0.43","Bella Vida Aesthetics & Wellness","150","4.8","0.2","","not_called","0",""
"EVO Medical Spa","Tampa","Florida","33606","(813) 425-5005","https://www.evomedicalspa.com/","","","","102","5.0","1001 W Cleveland St, Tampa, FL 33606","https://www.google.com/maps/search/?api=1&query=EVO%20Medical%20Spa&query_place_id=ChIJo1DPyNfFwogRsJutxlTjEC0","Medical spa; Wellness center","SOHO Wellness & Med Spa | Tampa","752","4.8","0.09","Skin NV Tampa Med Spa","607","4.8","2.17","ÉLAN Aesthetics","438","5.0","0.52","","not_called","0",""
"Luminescence Aesthetic Medicine","Chandler","Arizona","85226","(480) 785-1746","https://www.luminescenceaz.com/","","","","161","5.0","40 S Kyrene Rd Ste 1, Chandler, AZ 85226","https://www.google.com/maps/search/?api=1&query=Luminescence%20Aesthetic%20Medicine&query_place_id=ChIJmd9a1nwEK4cRdo-aJsD2UPk","Medical spa; Facial spa; Laser hair removal service; Skin care clinic","Peach Skin & Laser","1420","4.9","2.41","Dolce Medical Spa - Tempe","385","5.0","2.85","NEOS Med Spa Tempe","165","4.9","2.98","","not_called","0",""
"Aspire MedSpa & Beauty Bar","Tampa","Florida","33618","(813) 738-8770","https://aspiremedspas.com/","","","","680","4.9","12932 N Dale Mabry Hwy, Tampa, FL 33618","https://www.google.com/maps/search/?api=1&query=Aspire%20MedSpa%20%26%20Beauty%20Bar&query_place_id=ChIJo6gGK7zBwogR3wZhH2o8WGg","Medical spa; Facial spa; Laser hair removal service","SOHO Wellness & Med Spa | Tampa","752","4.8","8.59","BevelUp Midtown","324","4.8","7.68","Tre Medspa","263","4.8","7.1","","not_called","0",""
"BevelUp Midtown","Tampa","Florida","33607","(813) 807-7200","https://bevelup.com/","","hello@bevelup.com","contact_page","324","4.8","3720 Midtown Dr, Tampa, FL 33607","https://www.google.com/maps/search/?api=1&query=BevelUp%20Midtown&query_place_id=ChIJ_aXOM2DDwogR-7jXrYXY9VY","Medical spa; Day spa; Facial spa; Health spa; IV therapy service; Medical clinic; Permanent make-up clinic; Plastic surgery clinic; Skin care clinic; Wellness center","Skin NV Tampa Med Spa","607","4.8","1.05","ÉLAN Aesthetics","438","5.0","2.06","VIVIFY Med Spa","168","4.9","2.16","","not_called","0",""
"Silk Med Spa","Tampa","Florida","33629","(813) 548-3520","http://www.silkmedspatampa.com/","","contact@silklaserhair.com","contact_page","91","5.0","3902 Henderson Blvd #205, Tampa, FL 33629","https://www.google.com/maps/search/?api=1&query=Silk%20Med%20Spa&query_place_id=ChIJFW845TnFwogRUc2Xfd2Wsps","Skin care clinic; Facial spa; Laser hair removal service","Skin NV Tampa Med Spa","607","4.8","0.5","Viso Juvé","348","5.0","0.91","BevelUp Midtown","324","4.8","1.52","","not_called","0",""
"Elevate Medical Spa","Tampa","Florida","33629","(813) 765-4416","http://elevatetpa.com/","","ampa@elevatetpa.com","contact_page","265","5.0","2605 S MacDill Ave Suite C, Tampa, FL 33629","https://www.google.com/maps/search/?api=1&query=Elevate%20Medical%20Spa&query_place_id=ChIJ-WuXrvjDwogRNsE1VON_ct8","Medical spa","Skin NV Tampa Med Spa","607","4.8","1.27","ÉLAN Aesthetics","438","5.0","1.56","Viso Juvé","348","5.0","1.36","","not_called","0",""
"ÉLAN Aesthetics","Tampa","Florida","33606","(813) 440-8743","http://elan-aesthetics.com/","","user@domain.com","contact_page","438","5.0","1503 W Swann Ave, Tampa, FL 33606","https://www.google.com/maps/search/?api=1&query=%C3%89LAN%20Aesthetics&query_place_id=ChIJFW3-F-nFwogRxGHOVpfMKTw","Medical spa","SOHO Wellness & Med Spa | Tampa","752","4.8","0.61","Skin NV Tampa Med Spa","607","4.8","1.81","Cell Renew Medical Spa Downtown","427","4.9","1.86","","not_called","0",""
"Opulent Med Spa","Tampa","Florida","33611","(813) 443-0085","https://theopulentmedspa.com/","","","","98","4.8","5244 Bridge St, Tampa, FL 33611","https://www.google.com/maps/search/?api=1&query=Opulent%20Med%20Spa&query_place_id=ChIJ37Wb3FHdwogRe7EVm-GbeTo","Medical spa; Facial spa; Weight loss service","Skin NV Tampa Med Spa","607","4.8","3.67","Viso Juvé","348","5.0","2.27","Elevate Medical Spa","265","5.0","3.13","","not_called","0",""
"The Atlanta Aesthetician ""Aesthetics of Atlanta","Atlanta","Georgia","30328","(470) 730-4660","http://atlantaaesthetician.com/","","","","71","4.5","6160 Peachtree Dunwoody Rd NE suite A 105, Atlanta, GA 30328","https://www.google.com/maps/search/?api=1&query=The%20Atlanta%20Aesthetician%20%22Aesthetics%20of%20Atlanta&query_place_id=ChIJG8OYM8wF9YgRF9D74nxgwZU","Medical spa; Facial spa; Laser hair removal service; Skin care clinic; Wellness center","WIFH","378","4.9","0.18","Lifespring Antiaging & Aesthetic Medicine","324","4.2","0.62","CULT Aesthetics","292","5.0","0.49","","not_called","0",""
"Get Refreshed","Miami","Florida","33145","(305) 988-9504","https://www.getrefreshed.com/","","info@getrefreshed.life","contact_page","237","4.6","2455 SW 27th Ave Suite 200, Miami, FL 33145","https://www.google.com/maps/search/?api=1&query=Get%20Refreshed&query_place_id=ChIJEZ22toSy2YgRGHFuhlzVi2E","Medical spa","BEIAMED MEDSPA & CLINIC","426","4.6","0.53","Azala Skin Clinic","410","4.9","1.31","Medilight Aesthetic Clinic - Coral Gables","138","4.9","1.31","","not_called","0",""
"Viso Juvé","Tampa","Florida","33629","(813) 374-1574","https://visojuve.com/?utm_source=GMBlisting&utm_medium=organic&utm_campaign=gmb","","","","348","5.0","4247 W Bay to Bay Blvd, Tampa, FL 33629","https://www.google.com/maps/search/?api=1&query=Viso%20Juv%C3%A9&query_place_id=ChIJI7ABRSzDwogR2gOsCUt-13k","Medical spa; Dermatologist; Esthetics service; Facial spa; Laser hair removal service","Skin NV Tampa Med Spa","607","4.8","1.41","Elevate Medical Spa","265","5.0","1.36","Elase Medical Spa - South Tampa","160","4.9","1.03","","not_called","0",""
"SOHO Wellness & Med Spa | Tampa","Tampa","Florida","33606","(813) 512-6920","https://soho-wellness.com/","","","","752","4.8","103 S Boulevard, Tampa, FL 33606","https://www.google.com/maps/search/?api=1&query=SOHO%20Wellness%20%26%20Med%20Spa%20%7C%20Tampa&query_place_id=ChIJf330iYTEwogRieyLXpjenTU","Medical spa; Day spa; Spa","ÉLAN Aesthetics","438","5.0","0.61","Cell Renew Medical Spa Downtown","427","4.9","1.36","BevelUp Midtown","324","4.8","2.23","","not_called","0",""
"Tre Medspa","Tampa","Florida","33626","(813) 749-0918","http://www.tremedspa.com/","","info@tremedspa.com","contact_page","263","4.8","11013 Countryway Blvd, Tampa, FL 33626","https://www.google.com/maps/search/?api=1&query=Tre%20Medspa&query_place_id=ChIJJ4TqDAzrwogRKCwooxetzr0","Medical spa","Ultimate Image Cosmetic Medical Center","327","4.6","5.97","The Garden Medical Spa, Wellness & Massage","207","4.6","5.46","Revive Medical Spa LLC.","160","5.0","5.99","","not_called","0",""
"Slater Aesthetics & Anti-Aging","Atlanta","Georgia","30342","(770) 777-7707","https://slateraesthetics.com/?utm_campaign=gmb","","drslaterclinic@gmail.com","contact_page","232","4.9","4840 Roswell Rd NE, Atlanta, GA 30342","https://www.google.com/maps/search/?api=1&query=Slater%20Aesthetics%20%26%20Anti-Aging&query_place_id=ChIJAZBtbhwP9YgRTQOm4vzj5iM","Medical spa; Facial spa; Hair transplantation clinic; Laser hair removal service; Skin care clinic; Plastic surgery clinic; Reproductive health clinic; Weight loss service; Wellness center; Wellness program","Charette Cosmetics Medical Spa - Atlanta","2480","4.9","1.8","SkynBar","286","5.0","1.82","LUX Med Spa","170","4.8","0.3","","not_called","0",""
"SkynBar","Atlanta","Georgia","30342","(470) 305-5850","https://skynbaratlanta.com/","","","","286","5.0","3872 Roswell Rd NE Suite D4, Atlanta, GA 30342","https://www.google.com/maps/search/?api=1&query=SkynBar&query_place_id=ChIJOx9qzmAP9YgRbdG7imrm7FQ","Medical spa; Facial spa; Skin care clinic","NYAH Med Spa","323","4.4","0.61","Derm Clinic M.D.","302","5.0","0.14","SkinSpirit Buckhead","146","4.9","1.15","","not_called","0",""
"LJ Aesthetics Medicine, LLC","St. Petersburg","Florida","33704","(727) 201-2471","http://www.ljaestheticsmed.com/","","info@ljaestheticsmed.com","contact_page","219","5.0","1535 Dr M.L.K. Jr St N, St. Petersburg, FL 33704","https://www.google.com/maps/search/?api=1&query=LJ%20Aesthetics%20Medicine%2C%20LLC&query_place_id=ChIJlZJRmGvhwogR2BTeqY1NYWU","Medical spa","Glow St. Pete Med Spa","985","5.0","0.95","Coco Med Spa","351","5.0","0.56","Sunshine City Med Spa","196","5.0","0.46","","not_called","0",""
"dermani MEDSPA® Vinings","Atlanta","Georgia","30339","(770) 884-8102","https://dermanimedspa.com/vinings-ga/","","vinings@dermanimedspa.com","contact_page","447","4.9","4300 Paces Ferry Rd SE Suite 245, Atlanta, GA 30339","https://www.google.com/maps/search/?api=1&query=dermani%20MEDSPA%C2%AE%20Vinings&query_place_id=ChIJQ4xy-G4Q9YgRllWerAvmK2E","Medical spa; Facial spa; Laser hair removal service","Buckhead Facial Plastic Surgery: Theresa M. Jarmuz, MD","292","4.8","2.52","Chin Up! Aesthetics Atlanta","134","5.0","0.98","Amerejuve MedSpa Marietta, GA - Laser Hair Removal, CoolSculpting, Botox & Facials","122","4.5","3.16","","not_called","0",""
"Glow St. Pete Med Spa","St. Petersburg","Florida","33704","(727) 212-6989","http://www.glowstpete.com/","","beautiful@glowstpete.com","contact_page","985","5.0","2901 4th St N, St. Petersburg, FL 33704","https://www.google.com/maps/search/?api=1&query=Glow%20St.%20Pete%20Med%20Spa&query_place_id=ChIJ6WmuwRbhwogRxrxbNz4s-ss","Medical spa","Coco Med Spa","351","5.0","1.05","LJ Aesthetics Medicine, LLC","219","5.0","0.95","Sunshine City Med Spa","196","5.0","0.61","","not_called","0",""
"St Pete Wellness & MedSpa","St. Petersburg","Florida","33701","(727) 873-0500","https://www.stpetewellnessmedspa.com/","","stpetemedspa@gmail.com","contact_page","1745","5.0","Plaza Tower, 111 2nd Ave NE Suite 1405, Floor-14, St. Petersburg, FL 33701","https://www.google.com/maps/search/?api=1&query=St%20Pete%20Wellness%20%26%20MedSpa&query_place_id=ChIJL3EWrgfhwogRSjqZ97c7rfg","Medical spa; Day spa; Facial spa; Massage spa","Coco Med Spa","351","5.0","0.68","LJ Aesthetics Medicine, LLC","219","5.0","1.17","Moxy Medical Spa","180","5.0","0.96","","not_called","0",""
"Sunshine City Med Spa","St. Petersburg","Florida","33704","(727) 344-9201","https://www.sunshinecityma.com/","","Mandy@sunshinecitymedspa.com","contact_page","196","5.0","2323 Dr M.L.K. Jr St N, St. Petersburg, FL 33704","https://www.google.com/maps/search/?api=1&query=Sunshine%20City%20Med%20Spa&query_place_id=ChIJL075ll7hwogRV-5tmZGZO04","Medical spa","Glow St. Pete Med Spa","985","5.0","0.61","Coco Med Spa","351","5.0","0.87","LJ Aesthetics Medicine, LLC","219","5.0","0.46","","not_called","0",""
"iConcierge Med Spa","St. Petersburg","Florida","33702","(727) 295-6779","https://iconciergemedspa.com/","","info@iconciergemedspa.com","contact_page","380","5.0","455 99th Ave N, St. Petersburg, FL 33702","https://www.google.com/maps/search/?api=1&query=iConcierge%20Med%20Spa&query_place_id=ChIJ4esqA1rvwogRuZKzPis-dUc","Medical spa; Facial spa; Laser hair removal service; Skin care clinic; Weight loss service; Wellness center","Glow St. Pete Med Spa","985","5.0","4.43","Skinspirations","307","4.9","2.61","Indulgence Medical Day Spa","277","4.9","0.46","","not_called","0",""
"Venus Med Spa","Tampa","Florida","33609","(813) 774-5754","http://www.venusmedspa.com/","","","","104","4.8","405 S Dale Mabry Hwy, Tampa, FL 33609","https://www.google.com/maps/search/?api=1&query=Venus%20Med%20Spa&query_place_id=ChIJ9yhXqlbCwogR6af_x7gIhXc","Medical spa","Skin NV Tampa Med Spa","607","4.8","0.23","Viso Juvé","348","5.0","1.56","BevelUp Midtown","324","4.8","0.85","","not_called","0",""
"Elase Medical Spa - St. Pete","St. Petersburg","Florida","33713","(727) 620-2977","https://elase.com/locations/st-pete/?UTM_source=GMB_listing&UTM_medium=organic&utm_campaign=stpete","","stpete@elase.com","contact_page","119","5.0","2299 9th Ave N #1b, St. Petersburg, FL 33713","https://www.google.com/maps/search/?api=1&query=Elase%20Medical%20Spa%20-%20St.%20Pete&query_place_id=ChIJIc0XUPbjwogR67H-WHFBHGU","Medical spa; Facial spa; Skin care clinic","LJ Aesthetics Medicine, LLC","219","5.0","1.11","AR Aesthetics","164","5.0","0.94","Optimal Wellness St. Pete","136","5.0","0.88","","not_called","0",""
"Modern Medical Aesthetics St. Petersburg","St. Petersburg","Florida","33716","(727) 362-4101","https://modernmedicalfl.com/","","","","175","5.0","104 Main St N, St. Petersburg, FL 33716","https://www.google.com/maps/search/?api=1&query=Modern%20Medical%20Aesthetics%20St.%20Petersburg&query_place_id=ChIJExmizNjlwogRZvfUtKC5BDg","Medical spa; Facial spa; Laser hair removal service; Skin care clinic","iConcierge Med Spa","380","5.0","2.46","Skinspirations","307","4.9","0.24","Indulgence Medical Day Spa","277","4.9","2.87","","not_called","0",""
"Coco Med Spa","St. Petersburg","Florida","33701","(727) 954-6166","http://www.cocomedspa.com/","","","","351","5.0","327 11th Ave N Suite 104, St. Petersburg, FL 33701","https://www.google.com/maps/search/?api=1&query=Coco%20Med%20Spa&query_place_id=ChIJPfMLZgDhwogRSa5PPP3VhKk","Medical spa; Facial spa; Laser hair removal service; Medical clinic; Skin care clinic; Waxing hair removal service","St Pete Wellness & MedSpa","1745","5.0","0.68","Glow St. Pete Med Spa","985","5.0","1.05","LJ Aesthetics Medicine, LLC","219","5.0","0.56","","not_called","0",""
"Moxy Medical Spa","St. Petersburg","Florida","33705","(727) 373-8008","http://moxymedicalspa.com/","","","","180","5.0","1010 Central Ave STE 107, St. Petersburg, FL 33705","https://www.google.com/maps/search/?api=1&query=Moxy%20Medical%20Spa&query_place_id=ChIJ7UHYHCriwogR3872H7mQBGA","Medical spa; Spa","St Pete Wellness & MedSpa","1745","5.0","0.96","Coco Med Spa","351","5.0","1.07","AR Aesthetics","164","5.0","0.6","","not_called","0",""
"Perfect Dose","Scottsdale","Arizona","85253","(480) 823-0119","https://www.theperfectdose.com/","","","","427","5.0","6590 N Scottsdale Rd, Scottsdale, AZ 85253","https://www.google.com/maps/search/?api=1&query=Perfect%20Dose&query_place_id=ChIJxwDKvDgLK4cRvAL6MjKaTDU","Medical spa","Clear Dermatology & Aesthetics Center - Paradise Valley","831","4.9","0.18","Esthetic Finesse","553","5.0","1.13","Elite Medspa Scottsdale","324","4.8","0.45","","not_called","0",""
"Cult Aesthetics","St. Petersburg","Florida","33713","","http://www.cultmedspa.com/","","natalie@cultmedspa.com","contact_page","79","5.0","2865 Central Ave, St. Petersburg, FL 33713","https://www.google.com/maps/search/?api=1&query=Cult%20Aesthetics&query_place_id=ChIJ3c28KBsBdqsR9BPEt-Aw7EQ","Medical spa","Moxy Medical Spa","180","5.0","1.45","AR Aesthetics","164","5.0","1.57","Optimal Wellness St. Pete","136","5.0","1.01","","not_called","0",""
"Aesthetic skin studio","Clearwater","Florida","33756","(727) 418-1684","https://aestheticskinstudioclearwater.com/","","aestheticskinstudiobyval@gmail.com","contact_page","117","4.9","710 S Ft Harrison Ave, Clearwater, FL 33756","https://www.google.com/maps/search/?api=1&query=Aesthetic%20skin%20studio&query_place_id=ChIJG3vaC6XxwogR3_OnXkUclTc","Medical spa","Golden Glow Medical Spa","847","4.8","2.77","Radiance Medspa","248","4.8","3.07","Aria Med Spa","115","5.0","1.99","","not_called","0",""
"Indulgence Medical Day Spa","St. Petersburg","Florida","33702","(727) 577-9250","https://www.indulgencemedicaldayspa.com/?utm_source=google&utm_medium=local&utm_campaign=gbp","","info@indulgencemedicaldayspa.com","contact_page","277","4.9","9210 4th St N, St. Petersburg, FL 33702","https://www.google.com/maps/search/?api=1&query=Indulgence%20Medical%20Day%20Spa&query_place_id=ChIJUROb6prmwogRG9JGBoSvP7I","Medical spa; Day spa; Hair removal service; Health spa; IV therapy service; Laser hair removal service; Massage spa; Permanent make-up clinic; Skin care clinic; Weight loss service","Glow St. Pete Med Spa","985","5.0","3.98","iConcierge Med Spa","380","5.0","0.46","Skinspirations","307","4.9","3.03","","not_called","0",""
"St. Pete Aesthetics | The Medical Spa Experts","St. Petersburg","Florida","33702","(727) 291-4167","https://buffaloaesthetics.com/locations/st-pete-aesthetics/?utm_source=GMBlisting&utm_medium=organic&utm_campaign=gmb-st-petersburg","","","","202","5.0","7005 4th St N #1, St. Petersburg, FL 33702","https://www.google.com/maps/search/?api=1&query=St.%20Pete%20Aesthetics%20%7C%20The%20Medical%20Spa%20Experts&query_place_id=ChIJPesttGvnwogR7mq7-E59wXk","Medical spa; Facial spa; Laser hair removal service; Skin care clinic","Glow St. Pete Med Spa","985","5.0","2.58","iConcierge Med Spa","380","5.0","1.85","Indulgence Medical Day Spa","277","4.9","1.4","","not_called","0",""
"Ultimate Image Cosmetic Medical Center","Clearwater","Florida","33761","(727) 799-7000","http://www.ultimateimagetampabay.com/","","example@mysite.com","contact_page","327","4.6","2750 McMullen Booth Rd STE 101, Clearwater, FL 33761","https://www.google.com/maps/search/?api=1&query=Ultimate%20Image%20Cosmetic%20Medical%20Center&query_place_id=ChIJu0cWHHTywogRVrnizhW4QB8","Medical spa; Doctor; Skin care clinic; Spa","RedBamboo Medi-Spa","222","4.7","0.54","The Garden Medical Spa, Wellness & Massage","207","4.6","1.11","Revive Medical Spa LLC.","160","5.0","0.03","","not_called","0",""
"AR Aesthetics","St. Petersburg","Florida","33705","(727) 203-5544","http://www.ar-aesthetics.com/?utm_source=google&utm_medium=organic&utm_campaign=gbp","","","","164","5.0","1025 7th Ave N, St. Petersburg, FL 33705","https://www.google.com/maps/search/?api=1&query=AR%20Aesthetics&query_place_id=ChIJuzRShG7jwogRryswjMAzX-E","Medical spa; Beauty salon; Cosmetic surgeon; Facial spa; Skin care clinic; Spa; Weight loss service","Coco Med Spa","351","5.0","0.68","LJ Aesthetics Medicine, LLC","219","5.0","0.51","Moxy Medical Spa","180","5.0","0.6","","not_called","0",""
"Lueur Aesthetics","Clearwater","Florida","33765","(727) 592-5414","https://lueuraesthetics360.com/","","info@lueuraesthetics360.com","contact_page","113","4.9","1822 Drew St Suite 105, Clearwater, FL 33765","https://www.google.com/maps/search/?api=1&query=Lueur%20Aesthetics&query_place_id=ChIJLVlzuR7zwogRRZsEBgzBt1s","Medical spa","Lux Injectables","220","4.8","2.27","Aesthetic skin studio","117","4.9","2.46","Aria Med Spa","115","5.0","2.24","","not_called","0",""
"Aria Med Spa","Clearwater","Florida","33756","(727) 509-3077","https://aria-medspa.com/","","","","115","5.0","1481 Belleair Rd, Clearwater, FL 33756","https://www.google.com/maps/search/?api=1&query=Aria%20Med%20Spa&query_place_id=ChIJX8BL2afxwogRHJMlJcs_Z00","Medical spa; Dermatologist; Facial spa; Laser hair removal service; Permanent make-up clinic; Skin care clinic; Waxing hair removal service; Weight loss service","Golden Glow Medical Spa","847","4.8","1.88","Aesthetic skin studio","117","4.9","1.99","Lueur Aesthetics","113","4.9","2.24","","not_called","0",""
"Hermann Aesthetics & Wellness","St. Petersburg","Florida","33710","(727) 278-3992","https://doctorhermann.com/","","email@domain.com","contact_page","349","4.9","6387 Central Ave, St. Petersburg, FL 33710","https://www.google.com/maps/search/?api=1&query=Hermann%20Aesthetics%20%26%20Wellness&query_place_id=ChIJk-DaeNDiwogRs0Wt-8ad9A8","Medical spa; Beauty product supplier; Wellness center","Optimal Wellness St. Pete","136","5.0","4.18","Elase Medical Spa - St. Pete","119","5.0","3.77","Cult Aesthetics","79","5.0","3.16","","not_called","0",""
"Golden Glow Medical Spa","Largo","Florida","33770","(727) 683-0894","http://www.goldenglowmedicalspa.com/","","info@goldenglowmedicalspa.com","contact_page","847","4.8","150 Clearwater Largo Rd #3, Largo, FL 33770","https://www.google.com/maps/search/?api=1&query=Golden%20Glow%20Medical%20Spa&query_place_id=ChIJK1nYiHP6wogRnzI7wseVB1k","Medical spa; Body shaping class; Cosmetics industry; Facial spa; Health spa; Laser hair removal service; Skin care clinic","Radiance Medspa","248","4.8","1.4","Nu Age Aesthetics","157","4.9","3.51","Aesthetic skin studio","117","4.9","2.77","","not_called","0",""
"Goldfingers Aesthetics of Clearwater","Clearwater","Florida","33761","(727) 378-9338","https://www.goldfingersaesthetics.com/clearwater/?utm_source=GMBlisting&utm_medium=organic&utm_campaign=gmb","","","","124","4.9","2745 FL-580 #101, Clearwater, FL 33761","https://www.google.com/maps/search/?api=1&query=Goldfingers%20Aesthetics%20of%20Clearwater&query_place_id=ChIJoeGSBI_twogRCjVmSzgIumg","Medical spa; Permanent make-up clinic; Skin care clinic","Ultimate Image Cosmetic Medical Center","327","4.6","0.08","RedBamboo Medi-Spa","222","4.7","0.51","The Garden Medical Spa, Wellness & Massage","207","4.6","1.14","","not_called","0",""
"Ageless Advanced Aesthetics","Clearwater","Florida","33761","(727) 240-1763","http://www.agelessadvancedaesthetics.com/","","info@aaaface.com","contact_page","67","5.0","2719 FL-580, Clearwater, FL 33761","https://www.google.com/maps/search/?api=1&query=Ageless%20Advanced%20Aesthetics&query_place_id=ChIJAwreBYvuwogRUU5V0TnUHCA","Medical spa","Ultimate Image Cosmetic Medical Center","327","4.6","0.18","RedBamboo Medi-Spa","222","4.7","0.47","The Garden Medical Spa, Wellness & Massage","207","4.6","1.2","","not_called","0",""
"Lux Injectables","Clearwater","Florida","33765","(727) 698-8225","http://luxinjectables.com/?utm_campaign=gmb-posts&utm_medium=organic&utm_source=organic","","contact@luxinjectables.com","contact_page","220","4.8","2500 Sunset Point Rd, Clearwater, FL 33765","https://www.google.com/maps/search/?api=1&query=Lux%20Injectables&query_place_id=ChIJFZiD0mbxwogRU4mzV5wiXCI","Medical spa; Facial spa; Skin care clinic","RedBamboo Medi-Spa","222","4.7","2.13","Lueur Aesthetics","113","4.9","2.27","Venus Med Spa","105","4.7","1.55","","not_called","0",""
"Revive Medical Spa LLC.","Clearwater","Florida","33761","(727) 218-8364","https://www.myrevivespa.com/","","revivemedspaclearwater@gmail.com","contact_page","160","5.0","3090 Charles Ave, Clearwater, FL 33761","https://www.google.com/maps/search/?api=1&query=Revive%20Medical%20Spa%20LLC.&query_place_id=ChIJs6AmDgbtwogRqdDw-IPFNZk","Medical spa","Ultimate Image Cosmetic Medical Center","327","4.6","0.03","RedBamboo Medi-Spa","222","4.7","0.5","The Garden Medical Spa, Wellness & Massage","207","4.6","1.14","","not_called","0",""
"Onyxx Wellness and Aesthetics","Clearwater","Florida","33756","(727) 325-2773","https://www.onyxxwa.com/","","contact@onyxxwa.com","contact_page","97","4.8","1000 Lakeview Rd Suite 3, Clearwater, FL 33756","https://www.google.com/maps/search/?api=1&query=Onyxx%20Wellness%20and%20Aesthetics&query_place_id=ChIJgTX2v2PxwogRqoOgV9RpDbY","Medical spa; Laser hair removal service; Skin care clinic; Spa; Weight loss service; Wellness center","Golden Glow Medical Spa","847","4.8","2.27","Radiance Medspa","248","4.8","2.85","Aesthetic skin studio","117","4.9","0.68","","not_called","0",""
"Skinspirations","Clearwater","Florida","33762","(727) 571-1923","https://www.skinspirations.com/","","info@skinspirations.com","contact_page","307","4.9","13577 Feather Sound Dr Suite 350, Clearwater, FL 33762","https://www.google.com/maps/search/?api=1&query=Skinspirations&query_place_id=ChIJfXBSQ-jlwogR2Ydc-cN6l3w","Medical spa; Doctor; Laser hair removal service; Skin care clinic; Tattoo removal service","iConcierge Med Spa","380","5.0","2.61","Indulgence Medical Day Spa","277","4.9","3.03","St. Pete Aesthetics | The Medical Spa Experts","202","5.0","4.34","","not_called","0",""
"Atlanta MediSpa & Surgery Center - East Cobb","Marietta","Georgia","30068","(678) 213-2220","http://www.atlantamedispa.com/","","PhysiciansAesthetics@gmail.com","contact_page","167","4.8","1232 Johnson Ferry Rd, Marietta, GA 30068","https://www.google.com/maps/search/?api=1&query=Atlanta%20MediSpa%20%26%20Surgery%20Center%20-%20East%20Cobb&query_place_id=ChIJG_KTfp4N9YgRy66Q9xHSTnk","Medical spa; Hair transplantation clinic; Laser hair removal service; Medical office; Skin care clinic; Weight loss service","OPAL Aesthetics - East Cobb","557","5.0","0.41","OVME","251","4.9","0.33","dermani MEDSPA® East Cobb","173","4.9","0.35","","not_called","0",""
"Refinery21 Studio","Marietta","Georgia","30064","(678) 324-7760","https://refinery21-studio.zoca.com/?utm_source=googlemaps&utm_medium=googlemapsprofile&utm_campaign=googlemaps","","refinery21studio@gmail.com","contact_page","302","5.0","999 Whitlock Ave NW UNIT 12, Marietta, GA 30064","https://www.google.com/maps/search/?api=1&query=Refinery21%20Studio&query_place_id=ChIJ7S3jXWQ_9YgRAZMETUp6UII","Facial spa; Beauty salon; Eyebrow bar; Eyelash salon; Massage spa; Medical spa; Skin care clinic; Spa; Waxing hair removal service","Marietta Plastic Surgery","1038","4.9","2.08","New You Aesthetic","422","5.0","5.21","Signature Image Atlanta","115","4.9","2.57","","not_called","0",""
"The Garden Medical Spa, Wellness & Massage","Clearwater","Florida","33761","(727) 330-7548","https://www.thegardenmedspa.com/about-us/our-clearwater-med-spa/?utm_source=google&utm_medium=local&utm_campaign=clearwater-practice-website","","","","207","4.6","3165 McMullen Booth Rd, Clearwater, FL 33761","https://www.google.com/maps/search/?api=1&query=The%20Garden%20Medical%20Spa%2C%20Wellness%20%26%20Massage&query_place_id=ChIJ9-NTTL_twogRlzziAdw2_JE","Medical spa; Facial spa; Massage spa; Skin care clinic; Tattoo removal service","Ultimate Image Cosmetic Medical Center","327","4.6","1.11","RedBamboo Medi-Spa","222","4.7","1.64","Revive Medical Spa LLC.","160","5.0","1.14","","not_called","0",""
"DrSkin Plastic Surgery, Regenerative & Medical Spa","Gilbert","Arizona","85234","(602) 726-4218","https://drskinmedspa.com/?utm_source=GMBlisting&utm_medium=organic&utm_campaign=gmb","","","","65","5.0","1458 N Higley Rd Suite 102, Gilbert, AZ 85234","https://www.google.com/maps/search/?api=1&query=DrSkin%20Plastic%20Surgery%2C%20Regenerative%20%26%20Medical%20Spa&query_place_id=ChIJH0jgWR2vK4cRrKAySj2byyk","Medical spa; Plastic surgery clinic; Wellness center","Alani Skin MD","1394","4.9","1.51","Frost Aesthetics & Wellness","289","5.0","1.6","Karma Aesthetics and Wellness","274","5.0","0.89","","not_called","0",""
"Jackie La Croix","Glastonbury","Connecticut","06033","(860) 885-8860","https://mysite.vagaro.com/jackielacroix","","","","173","5.0","74 New London Turnpike, Glastonbury, CT 06033","https://www.google.com/maps/search/?api=1&query=Jackie%20La%20Croix&query_place_id=ChIJnWor4SRR5okRdIq9dyYrciI","Skin care clinic; Electrolysis hair removal service","Restore Hyper Wellness","235","4.8","8.74","Radiant Beauty & Health West Hartford","155","4.5","7.82","","0","0.0","0.0","","not_called","0",""
"Skinology Wellness & Aesthetics","Clearwater","Florida","33759","(727) 232-4648","http://skinologycenter.com/?utm_source=GMBlisting&utm_medium=organic&utm_campaign=gmb","","","","95","4.9","2970 Gulf to Bay Blvd C, Clearwater, FL 33759","https://www.google.com/maps/search/?api=1&query=Skinology%20Wellness%20%26%20Aesthetics&query_place_id=ChIJH0fL-VDvwogRBRdxahAxWkY","Medical spa; Facial spa; Laser hair removal service; Weight loss service","RedBamboo Medi-Spa","222","4.7","3.63","Lux Injectables","220","4.8","2.37","Nu Age Aesthetics","157","4.9","3.49","","not_called","0",""
"Lumière Aesthetics & Wellness","Nashville","Tennessee","37204","(615) 645-2120","http://www.lumiereaesthetics.co/","","support@lumiereaesthetics.co","contact_page","60","5.0","810 Gale Park Ln #106, Nashville, TN 37204","https://www.google.com/maps/search/?api=1&query=Lumi%C3%A8re%20Aesthetics%20%26%20Wellness&query_place_id=ChIJ7RHiCI9lZIgR7kq5SnbnDSY","Medical spa","Skin Pharm","509","5.0","1.65","Melrose Aesthetics","198","5.0","0.62","Anastacia Aesthetics","101","4.9","1.22","","not_called","0",""
"Radiance Medspa","Belleair Bluffs","Florida","33770","(727) 518-7100","https://www.radiancemedspa.com/?utm_source=google&utm_medium=local&utm_campaign=gbpbelleairbluffs","","","","248","4.8","2894 W Bay Dr, Belleair Bluffs, FL 33770","https://www.google.com/maps/search/?api=1&query=Radiance%20Medspa&query_place_id=ChIJ-xLsrAP6wogRj-_xcTV_55w","Medical spa; Laser hair removal service; Skin care clinic","Golden Glow Medical Spa","847","4.8","1.4","Nu Age Aesthetics","157","4.9","4.9","Aesthetic skin studio","117","4.9","3.07","","not_called","0",""
"Uptown Medispa","Phoenix","Arizona","85020","(626) 714-1070","http://www.uptownmedispa.com/","","","","74","4.8","1825 E Northern Ave Suite 200, Phoenix, AZ 85020","https://www.google.com/maps/search/?api=1&query=Uptown%20Medispa&query_place_id=ChIJ_4kDqZhyK4cRc8FMw2dsywU","Medical spa; Facial spa; Laser hair removal service; Waxing hair removal service; Weight loss service; Wellness center","Morph Aesthetics","197","5.0","2.8","Sculpt AZ Medspa","167","5.0","2.41","NK Aesthetics","159","5.0","0.91","","not_called","0",""
"Melrose Aesthetics","Nashville","Tennessee","37204","(615) 592-1989","https://www.melroseaesthetics.com/","","info@melroseaesthetics.com","contact_page","198","5.0","805 Bradford Ave, Nashville, TN 37204","https://www.google.com/maps/search/?api=1&query=Melrose%20Aesthetics&query_place_id=ChIJub5VGQJlZIgRI4PrSNXabJg","Medical spa; Skin care clinic","Skin Pharm","509","5.0","1.41","Anastacia Aesthetics","101","4.9","1.3","Radianté Spa Nashville","95","5.0","1.26","","not_called","0",""
"SLK Aesthetic Medicine","Nashville","Tennessee","37209","(615) 647-5951","https://slkclinic.com/slk-clinic-nashville/?utm_source=google&utm_medium=organic&utm_campaign=gbp&utm_term=SLK-Aesthetic-Medicine-Nashville&utm_content=website","","","","349","4.9","5202 Centennial Blvd Suite 110, Nashville, TN 37209","https://www.google.com/maps/search/?api=1&query=SLK%20Aesthetic%20Medicine&query_place_id=ChIJkbB8w0RhZIgRO6PNhMTpDaA","Medical spa; Skin care clinic","ElaMar Nashville","647","5.0","1.15","Hi, Finch","406","5.0","0.12","Smiley Aesthetics Training Facility & Med Spa – Nashville","223","5.0","1.16","","not_called","0",""
"Reflection Aesthetics Co","Nashville","Tennessee","37208","(615) 695-9302","https://reflectionaestheticsco.com/","","info@reflectionaestheticsco.com","contact_page","120","5.0","1216 4th Ave N STE 108, Nashville, TN 37208","https://www.google.com/maps/search/?api=1&query=Reflection%20Aesthetics%20Co&query_place_id=ChIJYXIAtgRhZIgRSpjbl1owRLg","Medical spa; Skin care clinic","NakedMD Med Spa Nashville","629","4.8","1.86","The Aesthetics Club Nashville - By Nash Injections by Hannah","275","5.0","0.13","Toxxology®","131","5.0","0.52","","not_called","0",""
"Hatef Aesthetics & Plastic Surgery","Nashville","Tennessee","37205","(615) 678-6273","http://hatefaesthetics.com/","","user@domain.com","contact_page","450","4.9","6200 TN-100 Suite 101, Nashville, TN 37205","https://www.google.com/maps/search/?api=1&query=Hatef%20Aesthetics%20%26%20Plastic%20Surgery&query_place_id=ChIJ3X506m1jZIgREtu-GHeedvQ","Medical spa; Laser hair removal service; Plastic surgery clinic; Skin care clinic","OVME","284","4.8","3.17","Skin MB","231","5.0","3.16","Smiley Aesthetics Training Facility & Med Spa – Nashville","223","5.0","3.69","","not_called","0",""
"Smiley Aesthetics Training Facility & Med Spa – Nashville","Nashville","Tennessee","37209","(629) 276-8914","https://smileyaesthetics.com/?utm_source=cumulus&utm_medium=onlinepresence&utm_campaign=gbp","","","","223","5.0","339 White Bridge Pike, Nashville, TN 37209","https://www.google.com/maps/search/?api=1&query=Smiley%20Aesthetics%20Training%20Facility%20%26%20Med%20Spa%20%E2%80%93%20Nashville&query_place_id=ChIJES2RLfBlZIgR99pDXBn9bK4","Medical spa","ElaMar Nashville","647","5.0","1.3","Hi, Finch","406","5.0","1.19","SLK Aesthetic Medicine","349","4.9","1.16","","not_called","0",""
"RedBamboo Medi-Spa","Clearwater","Florida","33761","(727) 726-6100","http://www.redbamboomedispa.com/","","Info@RedBambooMediSpa.com","contact_page","222","4.7","2516 McMullen Booth Rd C, Clearwater, FL 33761","https://www.google.com/maps/search/?api=1&query=RedBamboo%20Medi-Spa&query_place_id=ChIJ5QXFX9_twogRhH2410g-Aw4","Medical spa; Facial spa","Ultimate Image Cosmetic Medical Center","327","4.6","0.54","Revive Medical Spa LLC.","160","5.0","0.5","Goldfingers Aesthetics of Clearwater","124","4.9","0.51","","not_called","0",""
"Anastacia Aesthetics","Nashville","Tennessee","37212","(615) 630-2021","http://www.anastaciaaesthetics.com/","","info@anastaciaaesthetics.com","contact_page","101","4.9","3202 Belmont Blvd, Nashville, TN 37212","https://www.google.com/maps/search/?api=1&query=Anastacia%20Aesthetics&query_place_id=ChIJG4AhtppmZIgRRmLabHk0Y8E","Medical spa; Beauty product supplier; Esthetics service; Laser hair removal service; Skin care clinic; Tanning salon; Waxing hair removal service","Skin Pharm","509","5.0","0.76","Skin MB","231","5.0","1.47","Elan Skin & Laser Med Spa of Nashville","206","4.7","0.94","","not_called","0",""
"Face and Body Concept","Miami","Florida","33130","(786) 472-6262","http://fbconcept.net/","","","","94","4.9","175 SW 7th St #1109, Miami, FL 33130","https://www.google.com/maps/search/?api=1&query=Face%20and%20Body%20Concept&query_place_id=ChIJb7xFuc232YgRI-X_0JaH7xY","Medical spa","Solea Brickell Spa","341","4.4","0.2","No Filter Medical Spa","196","4.9","0.16","DinStyle Aesthetics Services BRICKELL","151","4.6","0.01","","not_called","0",""
"DinStyle Aesthetics Services BRICKELL","Miami","Florida","33130","(786) 681-6811","https://dinstyles.com/","","","","151","4.6","175 SW 7th St STE 1207, Miami, FL 33130","https://www.google.com/maps/search/?api=1&query=DinStyle%20Aesthetics%20Services%20BRICKELL&query_place_id=ChIJSQLyPYW22YgRzZCwzQVEFxg","Medical spa","Solea Brickell Spa","341","4.4","0.2","No Filter Medical Spa","196","4.9","0.17","Face and Body Concept","94","4.9","0.01","","not_called","0",""
"LightTouch Med Spa","Orlando","Florida","32809","(407) 440-2025","https://www.lighttouchorlando.com/","","info@lighttouchorlando.com","contact_page","941","4.8","1718 Sand Lake Rd Unit C110, Orlando, FL 32809","https://www.google.com/maps/search/?api=1&query=LightTouch%20Med%20Spa&query_place_id=ChIJZz8OoAh954gRgL0cyEZ2ZHE","Medical spa; Laser hair removal service; Skin care clinic","New U Med Spa","525","4.9","4.86","Natural Glamorous Medspa","299","4.9","2.31","VIO Med Spa","240","4.8","4.97","","not_called","0",""
"Nu Age Aesthetics","Clearwater","Florida","33764","(727) 656-0165","https://www.nuageaesthetics.com/","","","","157","4.9","4625 E Bay Dr Building 300, Suite 304, Clearwater, FL 33764","https://www.google.com/maps/search/?api=1&query=Nu%20Age%20Aesthetics&query_place_id=ChIJr15TUqf7wogRVlwo2MfR0Jk","Medical spa; Laser hair removal service; Permanent make-up clinic; Skin care clinic","Golden Glow Medical Spa","847","4.8","3.51","Aria Med Spa","115","5.0","2.8","Lueur Aesthetics","113","4.9","3.94","","not_called","0",""
"VIO Med Spa","Orlando","Florida","32806","(407) 635-1846","https://www.viomedspa.com/locations/sodo","","tamaya@viomedspa.com","contact_page","240","4.8","2205 S Orange Ave, Orlando, FL 32806","https://www.google.com/maps/search/?api=1&query=VIO%20Med%20Spa&query_place_id=ChIJO0C52jB754gRkdH4u-3r0vU","Medical spa; Facial spa; Health and beauty shop; Skin care clinic","LightTouch Med Spa","941","4.8","4.97","LUXE Med Spa Aesthetics","784","5.0","1.67","Bijoux Med Spa","271","5.0","1.05","","not_called","0",""
"Sand Lake MedSpa","Orlando","Florida","32819","(321) 347-2687","http://www.sandlakemedspa.com/","","","","163","4.8","7575 Kingspointe Pkwy STE 15, Orlando, FL 32819","https://www.google.com/maps/search/?api=1&query=Sand%20Lake%20MedSpa&query_place_id=ChIJFREMDsF_54gRuVN72Moct78","Medical spa; Spa","LightTouch Med Spa","941","4.8","2.33","Bloom Aesthetics","552","4.7","3.18","New U Med Spa","525","4.9","3.05","","not_called","0",""
"Dr. Phillips Medical Spa","Orlando","Florida","32819","(407) 797-2399","http://www.drphillipsmedicalspa.com/","","drphillipsmedicalspa@gmail.com","contact_page","179","4.8","7345 W Sand Lake Rd STE 407, Orlando, FL 32819","https://www.google.com/maps/search/?api=1&query=Dr.%20Phillips%20Medical%20Spa&query_place_id=ChIJtcmWtjp_54gRHYrskJl_oW4","Medical spa; Doctor; Medical clinic; Spa","Bloom Aesthetics","552","4.7","0.55","New U Med Spa","525","4.9","1.44","Facial Mania Med Spa Orlando","301","5.0","2.9","","not_called","0",""
"Venus Med Spa","Clearwater","Florida","33761","(727) 475-6230","http://www.venusmedspa.com/","","","","105","4.7","2543 Countryside Blvd #5, Clearwater, FL 33761","https://www.google.com/maps/search/?api=1&query=Venus%20Med%20Spa&query_place_id=ChIJc0608_7twogR4nHHXyGROA8","Medical spa","Ultimate Image Cosmetic Medical Center","327","4.6","1.51","RedBamboo Medi-Spa","222","4.7","1.3","Revive Medical Spa LLC.","160","5.0","1.5","","not_called","0",""
"Aqua Medical Spa - Marietta","Marietta","Georgia","30067","(770) 952-1977","https://aquamedicalspa.com/locations/georgia/marietta/?utm_source=gmb&utm_medium=organic","","","","63","5.0","2550 Windy Hill Rd SE #204, Marietta, GA 30067","https://www.google.com/maps/search/?api=1&query=Aqua%20Medical%20Spa%20-%20Marietta&query_place_id=ChIJ9-x0KP0R9YgRtkL_iagE9p4","Medical spa","dermani MEDSPA® Vinings","447","4.9","2.53","Skinsations Med Spa","360","4.8","1.57","Amerejuve MedSpa Marietta, GA - Laser Hair Removal, CoolSculpting, Botox & Facials","122","4.5","1.02","","not_called","0",""
"Natural Glamorous Medspa","Orlando","Florida","32819","(407) 378-1389","http://naturalglamorous.com/","","","","299","4.9","6979 Kingspointe Pkwy Suite 10, Orlando, FL 32819","https://www.google.com/maps/search/?api=1&query=Natural%20Glamorous%20Medspa&query_place_id=ChIJ6beoMAVx54gRs0avoEh4A78","Medical spa; Facial spa; Laser hair removal service; Skin care clinic","LightTouch Med Spa","941","4.8","2.31","Bloom Aesthetics","552","4.7","3.33","New U Med Spa","525","4.9","3.29","","not_called","0",""
"Celine Med Spa Orlando - Fillers Injectables & Hydrafacial","Orlando","Florida","32836","(407) 409-8666","https://celinemedspa.com/?utm_source=google&utm_medium=organic&utm_campaign=gmb","","","","147","5.0","11895 S Apopka Vineland Rd #130, Orlando, FL 32836","https://www.google.com/maps/search/?api=1&query=Celine%20Med%20Spa%20Orlando%20-%20Fillers%20Injectables%20%26%20Hydrafacial&query_place_id=ChIJT43ws7OB3YgRUmaTL-Mx9Yw","Medical spa; Beauty salon; Day spa; Facial spa; Hair removal service; Health and beauty shop; Health spa; Laser hair removal service; Skin care clinic; Spa","Windermere Medical Spa","767","4.9","4.28","Bloom Aesthetics","552","4.7","3.9","New U Med Spa","525","4.9","2.98","","not_called","0",""
"Bloom Aesthetics","Orlando","Florida","32819","(407) 465-1995","https://www.bloomaestheticsfl.com/","","","","552","4.7","7932 W Sand Lake Rd STE 106, Orlando, FL 32819","https://www.google.com/maps/search/?api=1&query=Bloom%20Aesthetics&query_place_id=ChIJv8HnRw-A3YgRH0K0AS4cyro","Medical spa; Facial spa; Health spa; Laser hair removal service; Skin care clinic","New U Med Spa","525","4.9","1.45","Facial Mania Med Spa Orlando","301","5.0","3.0","Natural Glamorous Medspa","299","4.9","3.33","","not_called","0",""
"Couture Med Spa","Nashua","New Hampshire","03063","(603) 600-8877","https://couturemedspa.com/office/nashua/","","","","143","4.6","449 Amherst St, Nashua, NH 03063","https://www.google.com/maps/search/?api=1&query=Couture%20Med%20Spa&query_place_id=ChIJSSrKrCm344kRk1geKep3tfM","Medical spa; Facial spa; Laser hair removal service; Skin care clinic; Tattoo removal service","","0","0.0","0.0","","0","0.0","0.0","","0","0.0","0.0","","not_called","0",""
"BEIAMED MEDSPA & CLINIC","Miami","Florida","33145","(786) 953-5254","https://beiamedispa.com/","","","","426","4.6","2253 SW 22nd St, Miami, FL 33145","https://www.google.com/maps/search/?api=1&query=BEIAMED%20MEDSPA%20%26%20CLINIC&query_place_id=ChIJE19QaBDH2YgROiy3Cc5RO84","Medical spa; Laser hair removal service; Permanent make-up clinic; Skin care clinic; Surgical center; Weight loss service; Wellness center","Brickell Cosmetic Center-Aesthetics & Dermatology","438","4.6","1.35","Get Refreshed","237","4.6","0.53","Only Med Glam Aesthetics & Wellness","106","5.0","1.15","","not_called","0",""
"Optimal Wellness St. Pete","St. Petersburg","Florida","33712","(727) 201-9095","https://optimalwellnessstpete.com/","","","","136","5.0","1640 Central Ave, St. Petersburg, FL 33712","https://www.google.com/maps/search/?api=1&query=Optimal%20Wellness%20St.%20Pete&query_place_id=ChIJzeUWChLjwogRmKiRwi2CtAs","Medical spa; Alternative medicine practitioner; IV therapy service; Laser hair removal service; Skin care clinic; Weight loss service","LJ Aesthetics Medicine, LLC","219","5.0","1.24","Moxy Medical Spa","180","5.0","0.44","AR Aesthetics","164","5.0","0.75","","not_called","0",""
"New U Med Spa","Orlando","Florida","32819","(407) 853-2676","https://newumedspaorlando.com/","","info@drjantiagingclinic.com","contact_page","525","4.9","7300 Sand Lake Commons Blvd Ste 227 A, Orlando, FL 32819","https://www.google.com/maps/search/?api=1&query=New%20U%20Med%20Spa&query_place_id=ChIJ955Q6ruB3YgRlyOMN4xmsXs","Medical spa; Facial spa; Hair replacement service; Laser hair removal service; Medical clinic; Women's health clinic; Skin care clinic","Bloom Aesthetics","552","4.7","1.45","Natural Glamorous Medspa","299","4.9","3.29","Spa Blue","207","4.7","1.46","","not_called","0",""
"Winter Park Medspa","Orlando","Florida","32804","(407) 539-1111","http://winterparkmedspa.com/","","info@ndiscovered.com","contact_page","62","4.9","4025 Edgewater Dr, Orlando, FL 32804","https://www.google.com/maps/search/?api=1&query=Winter%20Park%20Medspa&query_place_id=ChIJKRvTZnpw54gRtX0DhISBM2M","Medical spa; Day spa","Wymore Laser & Anti-Aging Medicine in Winter Park, FL","343","4.9","1.08","Winter Park Skin®","150","4.9","1.82","AK Aesthetics","146","4.9","1.4","","not_called","0",""
"Hi, Finch","Nashville","Tennessee","37209","(615) 899-2351","https://hifinch.com/","","info@hifinch.com","contact_page","406","5.0","1410 51st Ave N #108, Nashville, TN 37209","https://www.google.com/maps/search/?api=1&query=Hi%2C%20Finch&query_place_id=ChIJcQjpRZBhZIgRMUrTlTevWKc","Medical spa; Family practice physician; Skin care clinic","ElaMar Nashville","647","5.0","1.05","NSI Wellness | Aesthetics","364","4.9","2.27","SLK Aesthetic Medicine","349","4.9","0.12","","not_called","0",""
"Bijoux Med Spa","Orlando","Florida","32801","(407) 213-4569","https://www.bijouxmedspa.com/?utm_source=google&utm_medium=organic&utm_campaign=gbp","","info@www.bijouxmedspa.com","contact_page","271","5.0","810 Lucerne Ter, Orlando, FL 32801","https://www.google.com/maps/search/?api=1&query=Bijoux%20Med%20Spa&query_place_id=ChIJm8WXwCV754gRuSvxBqKwX_8","Medical spa; Facial spa; Laser hair removal service; Skin care clinic","LUXE Med Spa Aesthetics","784","5.0","0.64","VIO Med Spa","240","4.8","1.05","Vitality Medical Aesthetics","62","4.9","2.32","","not_called","0",""
"Couture Med Spa","Winter Park","Florida","32789","(407) 907-6300","https://www.couturemedspa.com/","","connect@couturemedspa.com","contact_page","438","4.7","1155 N Orange Ave, Winter Park, FL 32789","https://www.google.com/maps/search/?api=1&query=Couture%20Med%20Spa&query_place_id=ChIJ1wo8fQtw54gRoYfCkulJujc","Medical spa; Facial spa; Laser hair removal service; Tattoo removal service; Weight loss service","Aesthetic Lane","158","4.9","0.59","AO Esthetics","143","4.9","0.61","Illumine Medspa","139","3.5","0.4","","not_called","0",""
"Windermere Medical Spa","Orlando","Florida","32836","(321) 445-1115","https://www.windermeremedicalspa.com/","","support@windermeremedicalspa.com","contact_page","767","4.9","9005 Taborfield Ave, Orlando, FL 32836","https://www.google.com/maps/search/?api=1&query=Windermere%20Medical%20Spa&query_place_id=ChIJSQdPsmGA54gR2qg1hILeltY","Medical spa; Health consultant; Health spa; Medical office; Spa; Wellness center","Bloom Aesthetics","552","4.7","4.18","New U Med Spa","525","4.9","4.79","Facial Mania Med Spa Orlando","301","5.0","5.63","","not_called","0",""
"180 MedSpa","Winter Park","Florida","32789","(407) 314-0351","https://180medspa.com/","","info@180medspa.com","contact_page","145","4.8","2021 W Fairbanks Ave, Winter Park, FL 32789","https://www.google.com/maps/search/?api=1&query=180%20MedSpa&query_place_id=ChIJBcdmnAxw54gRxXJMmJaiTe8","Medical spa; Beauty salon; Facial spa; Health and beauty shop; Laser hair removal service; Women's health clinic; Plastic surgery clinic; Skin care clinic; Spa; Weight loss service","Couture Med Spa","438","4.7","0.97","Wymore Laser & Anti-Aging Medicine in Winter Park, FL","343","4.9","0.87","Winter Park Skin®","150","4.9","0.96","","not_called","0",""
"Polished Beauty MedSpa","Winter Park","Florida","32789","(321) 999-9748","https://polishedbeautymedspa.com/","","info@polishedbeautymedspa.com","contact_page","75","4.9","525 N Park Ave #120, Winter Park, FL 32789","https://www.google.com/maps/search/?api=1&query=Polished%20Beauty%20MedSpa&query_place_id=ChIJJ3txBVSL3YgRlisuPu7uJVY","Medical spa","Look Lab Med Spa","914","5.0","0.23","Cosmetic Skin & Laser Center","343","4.8","0.92","SkinCeuticals SkinLab Winter Park","172","5.0","0.74","","not_called","0",""
"Joules Aesthetics","Winter Park","Florida","32789","(407) 951-6003","https://www.joulesmedicalaesthetics.com/","","rosalyn@joulesmedicalaesthetics.com","contact_page","81","5.0","501 N Orlando Ave Suite 307, Winter Park, FL 32789","https://www.google.com/maps/search/?api=1&query=Joules%20Aesthetics&query_place_id=ChIJafdNm7Bx54gRt6RdkLaBOEc","Medical spa; Facial spa; Laser hair removal service; Skin care clinic","Cosmetic Skin & Laser Center","343","4.8","0.4","SkinCeuticals SkinLab Winter Park","172","5.0","0.28","Aesthetic Lane","158","4.9","0.91","","not_called","0",""
"Windermere Medical Spa","Winter Park","Florida","32789","(321) 445-1115","https://windermeremedicalspa.com/","","support@windermeremedicalspa.com","contact_page","91","4.9","2600 Temple Dr, Winter Park, FL 32789","https://www.google.com/maps/search/?api=1&query=Windermere%20Medical%20Spa&query_place_id=ChIJUYvIfXFv54gRQyK6E4Yvgbw","Medical spa; Health consultant; Health spa; Medical Center; Spa; Wellness program","Look Lab Med Spa","914","5.0","2.01","Cosmetic Skin & Laser Center","343","4.8","1.95","Dr. Phillips Aesthetics","191","5.0","1.87","","not_called","0",""
"Spa Blue","Orlando","Florida","32819","(407) 505-6430","https://www.orlandospablue.com/","","","","207","4.7","7565 W Sand Lake Rd, Orlando, FL 32819","https://www.google.com/maps/search/?api=1&query=Spa%20Blue&query_place_id=ChIJSz2vNSp_54gRDSvtDni4fNg","Medical spa; Facial spa; Hair replacement service; Laser hair removal service; Skin care clinic","Bloom Aesthetics","552","4.7","0.32","New U Med Spa","525","4.9","1.46","Facial Mania Med Spa Orlando","301","5.0","2.88","","not_called","0",""
"Cosmetic Skin & Laser Center","Winter Park","Florida","32789","(407) 636-7539","https://cslcbeauty.com/winterpark/","","email@cslcbeauty.com","contact_page","343","4.8","2105 N Park Ave, Winter Park, FL 32789","https://www.google.com/maps/search/?api=1&query=Cosmetic%20Skin%20%26%20Laser%20Center&query_place_id=ChIJD2kPt2Bw54gRIlOi5SyFoBQ","Medical spa; Cosmetic surgeon; Facial spa; Laser hair removal service; Skin care clinic; Tattoo removal service","SkinCeuticals SkinLab Winter Park","172","5.0","0.55","Aesthetic Lane","158","4.9","1.08","Winter Park Skin®","150","4.9","0.49","","not_called","0",""
"Aesthetic Lane","Winter Park","Florida","32789","(407) 601-0753","https://aestheticlane.com/?utm_source=google&utm_medium=organic&utm_campaign=gbp","","info@aestheticlane.com","contact_page","158","4.9","470 W New England Ave #100, Winter Park, FL 32789","https://www.google.com/maps/search/?api=1&query=Aesthetic%20Lane&query_place_id=ChIJ4-MesfZ654gRWFpHet-IPm4","Medical spa; Skin care clinic; Spa","Look Lab Med Spa","914","5.0","0.36","Couture Med Spa","438","4.7","0.59","AO Esthetics","143","4.9","0.27","","not_called","0",""
"LUXE Med Spa Aesthetics","Orlando","Florida","32801","(407) 250-5145","https://www.luxemedspaaesthetics.com/?utm_source=google&utm_medium=organic&utm_campaign=gbp","","","","784","5.0","55 W Church St Suite 206, Orlando, FL 32801","https://www.google.com/maps/search/?api=1&query=LUXE%20Med%20Spa%20Aesthetics&query_place_id=ChIJb-_I8apv54gRuopRbOEjNTA","Medical spa; Facial spa; Health spa; Skin care clinic; Spa; Weight loss service; Wellness center","Bijoux Med Spa","271","5.0","0.64","VIO Med Spa","240","4.8","1.67","Vitality Medical Aesthetics","62","4.9","1.76","","not_called","0",""
"Loutfi Aesthetics","Winter Park","Florida","32789","(407) 731-4258","https://loutfiaesthetics.com/","","info@loutfiaesthetics.com","contact_page","122","5.0","925 S Denning Dr #4, Winter Park, FL 32789","https://www.google.com/maps/search/?api=1&query=Loutfi%20Aesthetics&query_place_id=ChIJ1-pBHrBx54gR40lMxxo92fE","Medical spa; Esthetics service","Couture Med Spa","438","4.7","0.06","Aesthetic Lane","158","4.9","0.53","AO Esthetics","143","4.9","0.56","","not_called","0",""
"Perfect Skin Esthetics Paramedical Skin Revision Clinic","Winter Park","Florida","32792","(407) 494-4484","http://perfectskinesthetics.com/","","info@ndiscovered.com","contact_page","62","4.9","2431 Aloma Ave STE 134, Winter Park, FL 32792","https://www.google.com/maps/search/?api=1&query=Perfect%20Skin%20Esthetics%20Paramedical%20Skin%20Revision%20Clinic&query_place_id=ChIJuZoSanhv54gRcwgzHam0t_o","Medical spa; Day spa; Facial spa; Health and beauty shop; Health spa; Skin care clinic; Skin care products vending machine; Spa; Wellness program","Look Lab Med Spa","914","5.0","1.85","Dr. Phillips Aesthetics","191","5.0","0.37","Aesthetic Lane","158","4.9","2.19","","not_called","0",""
"Vitality Medical Aesthetics","Orlando","Florida","32803","(407) 315-1089","https://vitalityaesthetic.com/","","stephanie@vitalityaesthetic.com","contact_page","62","4.9","1318 N Mills Ave, Orlando, FL 32803","https://www.google.com/maps/search/?api=1&query=Vitality%20Medical%20Aesthetics&query_place_id=ChIJNXts4Jd754gRglyhOmpRQIc","Medical spa; Laser hair removal service; Tattoo removal service","LUXE Med Spa Aesthetics","784","5.0","1.76","Couture Med Spa","438","4.7","1.83","Illumine Medspa","139","3.5","2.13","","not_called","0",""
"AK Aesthetics","Winter Park","Florida","32789","(407) 777-1308","https://linktr.ee/akaestheticsfl","","akaestheticsfl@gmail.com","contact_page","146","4.9","108 Wymore Rd, Winter Park, FL 32789","https://www.google.com/maps/search/?api=1&query=AK%20Aesthetics&query_place_id=ChIJ-4TnUW1x54gRPKb0Rc2Oir8","Medical spa; Facial spa; Skin care clinic; Spa","Wymore Laser & Anti-Aging Medicine in Winter Park, FL","343","4.9","0.33","Cosmetic Skin & Laser Center","343","4.8","1.27","SkinCeuticals SkinLab Winter Park","172","5.0","1.33","","not_called","0",""
"AO Esthetics","Winter Park","Florida","32789","(407) 751-8736","https://www.aoesthetics.com/","","","","143","4.9","601A S New York Ave Suite 116, Winter Park, FL 32789","https://www.google.com/maps/search/?api=1&query=AO%20Esthetics&query_place_id=ChIJs_9KLTNl54gRJt6KrECRPws","Spa; Facial spa","Look Lab Med Spa","914","5.0","0.39","Couture Med Spa","438","4.7","0.61","Aesthetic Lane","158","4.9","0.27","","not_called","0",""
"Facial Mania Med Spa Orlando","Orlando","Florida","32819","(407) 329-6618","https://www.facialmaniamedspa.com/facial-mania-med-spa-orlando/","","info@facialmaniamedspa.com","contact_page","301","5.0","5042 Dr Phillips Blvd, Orlando, FL 32819","https://www.google.com/maps/search/?api=1&query=Facial%20Mania%20Med%20Spa%20Orlando&query_place_id=ChIJF3XwjcZ_54gRdp0KUNYpMMg","Medical spa; Day spa; Facial spa; Health spa; Laser hair removal service; Skin care clinic; Spa; Weight loss service; Wellness center","Bloom Aesthetics","552","4.7","3.0","New U Med Spa","525","4.9","4.33","Natural Glamorous Medspa","299","4.9","3.92","","not_called","0",""
"SkinCeuticals SkinLab Winter Park","Winter Park","Florida","32789","(689) 345-5121","https://www.skinlabwpv.com/","","","","172","5.0","480 N Orlando Ave suite c110, Winter Park, FL 32789","https://www.google.com/maps/search/?api=1&query=SkinCeuticals%20SkinLab%20Winter%20Park&query_place_id=ChIJzan0oWVx54gRgqdzVQ7hbhc","Medical spa","Cosmetic Skin & Laser Center","343","4.8","0.55","Aesthetic Lane","158","4.9","0.63","Winter Park Skin®","150","4.9","0.45","","not_called","0",""
"Dr. Phillips Aesthetics","Winter Park","Florida","32792","(321) 335-7717","https://drphillipsaesthetics.net/","","","","191","5.0","242 N Edinburgh Dr, Winter Park, FL 32792","https://www.google.com/maps/search/?api=1&query=Dr.%20Phillips%20Aesthetics&query_place_id=ChIJt06AHP1v54gRK4Ns0wMBbiw","Medical spa; Facial spa; Laser hair removal service; Medical Center; Weight loss service","Look Lab Med Spa","914","5.0","1.55","Aesthetic Lane","158","4.9","1.87","AO Esthetics","143","4.9","1.71","","not_called","0",""
"Puar Elevated Beauty","Lake Mary","Florida","32746","(407) 843-7827","https://thepuar.com/","","info@thepuar.com","contact_page","137","4.9","next to dentist, 229 Wheelhouse Ln Suite 1231, Lake Mary, FL 32746","https://www.google.com/maps/search/?api=1&query=Puar%20Elevated%20Beauty&query_place_id=ChIJl-sRQSZt54gRgfg9T1BrNHs","Medical spa; Cosmetic surgeon; Cosmetics industry; Day spa; Esthetics service; Medical clinic","The Rose Spa Of Lake Mary","272","5.0","0.63","Glo Aesthetics","86","4.9","0.19","Estheticis by Adelina LLC","34","5.0","0.63","","not_called","0",""
"Goldfingers Aesthetics & Plastic Surgery - Lake Mary","Lake Mary","Florida","32746","(407) 405-3388","https://www.goldfingersaesthetics.com/lake-mary/?utm_source=GMBlisting&utm_medium=organic&utm_campaign=gmb","","","","110","4.6","115 International Pkwy #101, Lake Mary, FL 32746","https://www.google.com/maps/search/?api=1&query=Goldfingers%20Aesthetics%20%26%20Plastic%20Surgery%20-%20Lake%20Mary&query_place_id=ChIJUX6GAcVy54gRRYmfP4Bo6aE","Medical spa; Permanent make-up clinic; Plastic surgery clinic","RenuMe Medspa","184","5.0","0.21","Eterna M.D. Medical Rejuvenation Center","135","4.9","0.12","The Aesthetic Lounge","40","5.0","0.79","","not_called","0",""
"RenuMe Medspa","Lake Mary","Florida","32746","(407) 697-9057","http://renumemed.com/","","info.renume@gmail.com","contact_page","184","5.0","1337 S International Pkwy #1311, Lake Mary, FL 32746","https://www.google.com/maps/search/?api=1&query=RenuMe%20Medspa&query_place_id=ChIJMzXJ9BgN54gRS1V9Gg_jBtw","Medical spa","Eterna M.D. Medical Rejuvenation Center","135","4.9","0.08","Goldfingers Aesthetics & Plastic Surgery - Lake Mary","110","4.6","0.21","The Aesthetic Lounge","40","5.0","0.64","","not_called","0",""
"Catherine Hinds Institute of Esthetics","Woburn","Massachusetts","01801","(781) 935-3344","https://catherinehinds.edu/","","cservice@catherinehindscompany.com","contact_page","88","4.7","300 Wildwood Ave, Woburn, MA 01801","https://www.google.com/maps/search/?api=1&query=Catherine%20Hinds%20Institute%20of%20Esthetics&query_place_id=ChIJOyULHeR044kRN3KmE7-z7Sg","Beauty school; Skin care clinic; Spa","Age-less Weigh-less","601","5.0","1.34","VIO Med Spa - Burlington","429","4.9","3.87","Restore Hyper Wellness","417","4.9","5.42","","not_called","0",""
"Couture Med Spa","Lake Mary","Florida","32746","(407) 917-5151","https://www.couturemedspa.com/?utm_source=google&utm_medium=organic&utm_campaign=gbp","","connect@couturemedspa.com","contact_page","434","4.7","1109 International Pkwy #1651, Lake Mary, FL 32746","https://www.google.com/maps/search/?api=1&query=Couture%20Med%20Spa&query_place_id=ChIJpaJfZCEN54gRfzo0fnX9eZY","Medical spa; Facial spa; Laser hair removal service; Tattoo removal service; Weight loss service","HLC Wellness and Aesthetic","337","4.9","0.82","Goldfingers Aesthetics & Plastic Surgery - Lake Mary","110","4.6","1.84","Modern Skin Aesthetics","43","5.0","0.23","","not_called","0",""
"Trés Jolie Medical Spa","Lake Mary","Florida","32746","(407) 915-6570","https://www.tresjoliemedispa.com/","","info@tresjoliemedispa.com","contact_page","1439","5.0","138 W Crystal Lake Ave #1100, Lake Mary, FL 32746","https://www.google.com/maps/search/?api=1&query=Tr%C3%A9s%20Jolie%20Medical%20Spa&query_place_id=ChIJZz041k5t54gRymqTIPwN76w","Medical spa; Beauty product supplier; Beauty salon; Facial spa; Hair removal service; Health and beauty shop; Laser hair removal service; Massage spa; Skin care clinic; Teeth whitening service","The Rose Spa Of Lake Mary","272","5.0","0.06","Puar Elevated Beauty","137","4.9","0.7","Glow Wellness & Aesthetics","40","5.0","0.18","","not_called","0",""
"Eterna M.D. Medical Rejuvenation Center","Lake Mary","Florida","32746","(407) 664-1073","https://eternamd.com/","","info@eternamd.com","contact_page","135","4.9","1307 S International Pkwy STE 2091, Lake Mary, FL 32746","https://www.google.com/maps/search/?api=1&query=Eterna%20M.D.%20Medical%20Rejuvenation%20Center&query_place_id=ChIJWVq3X8Zy54gRYly0iz3Nztw","Cosmetic surgeon; Hair transplantation clinic; Medical spa; Skin care clinic; Weight loss service","RenuMe Medspa","184","5.0","0.08","Goldfingers Aesthetics & Plastic Surgery - Lake Mary","110","4.6","0.12","The Aesthetic Lounge","40","5.0","0.69","","not_called","0",""
"Concierge Cosmetics & Aesthetics","Jacksonville","Florida","32224","(904) 402-4255","https://conciergecosmeticsandaesthetics.com/","","conciergecosmeticsjax@gmail.com","contact_page","175","4.9","14215 Spartina Ct Unit 200-5, Jacksonville, FL 32224","https://www.google.com/maps/search/?api=1&query=Concierge%20Cosmetics%20%26%20Aesthetics&query_place_id=ChIJtxxfAthL5IgRM9BDT-0e3PY","Medical spa; Beauty supply store; Dermatologist","New Day Medspa Jacksonville","705","4.4","5.37","Modern Aesthetic Centers - Gate Parkway","457","4.9","4.78","OVME","362","5.0","5.31","","not_called","0",""
"VIO Med Spa","Jacksonville","Florida","32258","(904) 454-8010","https://www.viomedspa.com/locations/jacksonville","","tamaya@viomedspa.com","contact_page","130","4.7","13820 Old St Augustine Rd Unit 401, Jacksonville, FL 32258","https://www.google.com/maps/search/?api=1&query=VIO%20Med%20Spa&query_place_id=ChIJkS8wyarN5YgRwp5M6YbPlnc","Medical spa; Facial spa; Health and beauty shop; Skin care clinic","Modern Aesthetic Centers - Gate Parkway","457","4.9","7.47","Modern Aesthetic Centers - St. Johns","396","5.0","3.69","Luxe Aesthetics Jacksonville","103","5.0","5.79","","not_called","0",""
"Wymore Laser & Anti-Aging Medicine in Winter Park, FL","Winter Park","Florida","32789","(407) 622-2252","https://www.wymorelaser.com/?utm_campaign=gmb","","info@thewclinics.com","contact_page","343","4.9","610 Wymore Rd, Winter Park, FL 32789","https://www.google.com/maps/search/?api=1&query=Wymore%20Laser%20%26%20Anti-Aging%20Medicine%20in%20Winter%20Park%2C%20FL&query_place_id=ChIJWVoBHIpw54gRMhrcYrSSGUs","Medical spa; Hair removal service; Laser hair removal service; Plastic surgeon; Skin care clinic; Tattoo removal service; Weight loss service","Winter Park Skin®","150","4.9","0.94","AK Aesthetics","146","4.9","0.33","180 MedSpa","145","4.8","0.87","","not_called","0",""
"Luxe Aesthetics Jacksonville","Jacksonville","Florida","32257","(904) 440-3428","https://luxeaestheticsjacksonville.com/","","luxeaestheticsjax@gmail.com","contact_page","103","5.0","9889 San Jose Blvd #7, Jacksonville, FL 32257","https://www.google.com/maps/search/?api=1&query=Luxe%20Aesthetics%20Jacksonville&query_place_id=ChIJbUVRz2HJ5YgRNHw-bMKIuQc","Medical spa","VIO Med Spa","130","4.7","5.79","Premier Medical Spa","121","4.5","4.67","Body Brilliance Med Spa","76","5.0","4.64","","not_called","0",""
"Modern Aesthetic Centers - Gate Parkway","Jacksonville","Florida","32256","(904) 928-9400","https://www.macflorida.com/","","Info@macflorida.com","contact_page","457","4.9","11525 Vlg Xing Dr Unit 2000, Jacksonville, FL 32256","https://www.google.com/maps/search/?api=1&query=Modern%20Aesthetic%20Centers%20-%20Gate%20Parkway&query_place_id=ChIJL9cXOEo15IgRXSlanV8gb-A","Medical spa; Facial spa; Hair removal service; Laser hair removal service; Permanent make-up clinic; Weight loss service; Wellness center","New Day Medspa Jacksonville","705","4.4","0.91","OVME","362","5.0","0.86","Premier Medical Spa","121","4.5","4.21","","not_called","0",""
"Premier Medical Spa","Jacksonville","Florida","32216","(904) 955-0605","https://premiermedicalspa.com/","","PremierMedicalSpa@yahoo.com","contact_page","121","4.5","6817 Southpoint Pkwy STE 2501, Jacksonville, FL 32216","https://www.google.com/maps/search/?api=1&query=Premier%20Medical%20Spa&query_place_id=ChIJyxZ6ZPa15YgRTYfE6pjVEFM","Medical spa; Dermatologist; Facial spa","New Day Medspa Jacksonville","705","4.4","3.38","Modern Aesthetic Centers - Gate Parkway","457","4.9","4.21","OVME","362","5.0","3.44","","not_called","0",""
"Revive Aesthetics","Jacksonville","Florida","32217","(904) 446-8611","http://www.reviveaestheticsjax.com/","","reviveaestheticsjax@gmail.com","contact_page","64","5.0","4465 Baymeadows Rd Ste 7, Jacksonville, FL 32217","https://www.google.com/maps/search/?api=1&query=Revive%20Aesthetics&query_place_id=ChIJR3OhxKDJ5YgRsr2H5EdX9nI","Medical spa","New Day Medspa Jacksonville","705","4.4","5.08","Premier Medical Spa","121","4.5","2.98","Luxe Aesthetics Jacksonville","103","5.0","1.69","","not_called","0",""
"New Day Medspa Jacksonville","Jacksonville","Florida","32246","(904) 652-0652","https://www.newdaymedspa.com/?utm_source=google&utm_medium=business_manager&utm_campaign=jacksonville","","hello@newdaymedspa.com","contact_page","705","4.4","4866 Big Island Drive #5, Jacksonville, FL 32246","https://www.google.com/maps/search/?api=1&query=New%20Day%20Medspa%20Jacksonville&query_place_id=ChIJy8u6kVi15YgROzPF2uujsiY","Medical spa; Facial spa; Laser hair removal service; Skin care clinic","Modern Aesthetic Centers - Gate Parkway","457","4.9","0.91","OVME","362","5.0","0.07","Premier Medical Spa","121","4.5","3.38","","not_called","0",""
"VIO Med Spa","Jacksonville","Florida","32246","(904) 800-4846","https://www.viomedspa.com/locations/vio-med-spa-tamaya","","tamaya@viomedspa.com","contact_page","69","4.8","12675 Beach Blvd #100, Jacksonville, FL 32246","https://www.google.com/maps/search/?api=1&query=VIO%20Med%20Spa&query_place_id=ChIJpSVdct9L5IgRE3c73VmRflo","Medical spa; Facial spa; Health and beauty shop; Skin care clinic","New Day Medspa Jacksonville","705","4.4","3.67","Modern Aesthetic Centers - Gate Parkway","457","4.9","3.58","OVME","362","5.0","3.61","","not_called","0",""
"Glo Aesthetics","Lake Mary","Florida","32746","(407) 782-1377","http://www.gloface.com/","","gloaestheticsfl@gmail.com","contact_page","86","4.9","155 Middle St #1051, Lake Mary, FL 32746","https://www.google.com/maps/search/?api=1&query=Glo%20Aesthetics&query_place_id=ChIJww_mwUgN54gRTu82QZXwoY0","Spa; Medical spa","The Rose Spa Of Lake Mary","272","5.0","0.82","Puar Elevated Beauty","137","4.9","0.19","Estheticis by Adelina LLC","34","5.0","0.49","","not_called","0",""
"Schweiger Dermatology Group - Altamont","Altamont","NY","12009","(518) 690-0177","https://www.schweigerderm.com/location/new-york/altamont/","","","","718","4.9","2508, 2500 Western Ave and, Altamont, NY 12009","https://www.google.com/maps/search/?api=1&query=Schweiger%20Dermatology%20Group%20-%20Altamont&query_place_id=ChIJ042fG1R13okRsb3ept6gxmY","Medical spa; Cosmetic surgeon; Doctor; Laser hair removal service; Medical clinic; Dermatologist; Pediatric dermatologist; Skin care clinic","Rockmore Plastic Surgery: Jeffrey Rockmore, MD","201","4.7","8.55","","0","0.0","0.0","","0","0.0","0.0","","not_called","0",""
"OVME","Jacksonville","Florida","32246","(904) 750-6863","https://ovme.com/pages/markets-town-center-jacksonville-fl","","","","362","5.0","4880 Big Island Drive #3, Jacksonville, FL 32246","https://www.google.com/maps/search/?api=1&query=OVME&query_place_id=ChIJA8gLsovL5YgR9x33BmVZ-dA","Medical spa; Laser hair removal service","New Day Medspa Jacksonville","705","4.4","0.07","Modern Aesthetic Centers - Gate Parkway","457","4.9","0.86","Premier Medical Spa","121","4.5","3.44","","not_called","0",""
"Winter Park Skin®","Winter Park","Florida","32789","(407) 765-6227","http://www.winterparkskin.com/","","","","150","4.9","1600 Lee Rd, Winter Park, FL 32789","https://www.google.com/maps/search/?api=1&query=Winter%20Park%20Skin%C2%AE&query_place_id=ChIJm4jXnxBw54gRntaFA7h0rsU","Medical spa","Cosmetic Skin & Laser Center","343","4.8","0.49","SkinCeuticals SkinLab Winter Park","172","5.0","0.45","AK Aesthetics","146","4.9","0.9","","not_called","0",""
"Modern Aesthetic Centers - St. Johns","St Johns","Florida","32259","(904) 526-7480","https://www.macflorida.com/","","Info@macflorida.com","contact_page","396","5.0","2050 St. Johns Pkwy Ste 106, St Johns, FL 32259","https://www.google.com/maps/search/?api=1&query=Modern%20Aesthetic%20Centers%20-%20St.%20Johns&query_place_id=ChIJDbhHYozN5YgR1UF4ml49Wt0","Medical spa; Facial spa; Hair removal service; Hair replacement service; Laser hair removal service; Permanent make-up clinic; Weight loss service; Wellness center","VIO Med Spa","130","4.7","3.69","Luxe Aesthetics Jacksonville","103","5.0","9.12","GoBeyond Aesthetics & Lifestyle Medicine","71","4.8","9.18","","not_called","0",""
"The Rose Spa Of Lake Mary","Lake Mary","Florida","32746","(689) 204-2773","http://www.theroselakemary.com/","","info@TheRoseLakeMary.com","contact_page","272","5.0","156 N 4th St Suite 1470, Lake Mary, FL 32746","https://www.google.com/maps/search/?api=1&query=The%20Rose%20Spa%20Of%20Lake%20Mary&query_place_id=ChIJVUu5xOht54gR0jN8XD4O0UM","Medical spa; Eyebrow bar; Eyelash salon; Facial spa; Health spa","Trés Jolie Medical Spa","1439","5.0","0.06","Puar Elevated Beauty","137","4.9","0.63","Glow Wellness & Aesthetics","40","5.0","0.22","","not_called","0",""
"CMA - Center for Modern Aesthetic Medicine","Jacksonville","Florida","32207","(904) 772-5828","https://cmamedicine.com/?utm_source=gbp","","info@cmamedicine.com","contact_page","249","4.8","1478 Riverplace Blvd #110, Jacksonville, FL 32207","https://www.google.com/maps/search/?api=1&query=CMA%20-%20Center%20for%20Modern%20Aesthetic%20Medicine&query_place_id=ChIJQUFignG35YgRs65N02x7Xmk","Medical spa; Facial spa; Laser hair removal service; Medical Center; Skin care clinic; Tattoo removal service","New Day Medspa Jacksonville","705","4.4","8.65","Premier Medical Spa","121","4.5","5.72","Luxe Aesthetics Jacksonville","103","5.0","8.56","","not_called","0",""
"VIVIFY Med Spa","Tampa","Florida","33606","(813) 588-5150","https://www.vivifyps.com/vivify-medspa/?utm_source=GMBlisting&utm_medium=organic&utm_campaign=gmb-medspa","","","","168","4.9","1000 W Kennedy Blvd #202, Tampa, FL 33606","https://www.google.com/maps/search/?api=1&query=VIVIFY%20Med%20Spa&query_place_id=ChIJibZg5GrFwogRcEATgbHQM6c","Medical spa","SOHO Wellness & Med Spa | Tampa","752","4.8","0.07","ÉLAN Aesthetics","438","5.0","0.57","Cell Renew Medical Spa Downtown","427","4.9","1.43","","not_called","0",""
"The Jax Aesthetician Collective","Jacksonville","Florida","32225","(904) 889-9214","http://jaxaesthetician.com/","","thejaxaesthetician@gmail.com","contact_page","139","5.0","13111 Atlantic Blvd #2, Jacksonville, FL 32225","https://www.google.com/maps/search/?api=1&query=The%20Jax%20Aesthetician%20Collective&query_place_id=ChIJy43khtdJ5IgR33CPK5KUfY0","Medical spa","New Day Medspa Jacksonville","705","4.4","6.17","Modern Aesthetic Centers - Gate Parkway","457","4.9","6.15","OVME","362","5.0","6.13","","not_called","0",""
"Body Brilliance Med Spa","Jacksonville","Florida","32216","(904) 914-4149","http://www.bodybrilliancemedspa.com/","","beauty@bodybrilliancemedspa.com","contact_page","76","5.0","6817 Southpoint Pkwy Unit 1603, Jacksonville, FL 32216","https://www.google.com/maps/search/?api=1&query=Body%20Brilliance%20Med%20Spa&query_place_id=ChIJN6ro94LL5YgRxPfHnf9aPvA","Medical spa","New Day Medspa Jacksonville","705","4.4","3.41","Modern Aesthetic Centers - Gate Parkway","457","4.9","4.24","OVME","362","5.0","3.47","","not_called","0",""
"Diamond Face Esthetics","Naples","Florida","34102","(239) 544-8200","http://www.diamondfaceesthetics.com/","","customerservice@diamondfaceesthetics.com","contact_page","87","5.0","704 Goodlette-Frank Rd Suite 233, Naples, FL 34102","https://www.google.com/maps/search/?api=1&query=Diamond%20Face%20Esthetics&query_place_id=ChIJFVA02V8F24gR69aVgC2C47I","Facial spa; Beauty salon; Skin care clinic","Kim Gallo Esthetics","195","5.0","0.28","MD Health Spa","166","5.0","0.53","SkinCo Naples","92","5.0","0.29","","not_called","0",""
"Healing Rivers Aesthetics","Naples","Florida","34102","(239) 397-0747","http://healingriversaesthetics.com/","","healingriversaesthetics@gmail.com","contact_page","84","5.0","1250 Tamiami Trl N Unit 208, Naples, FL 34102","https://www.google.com/maps/search/?api=1&query=Healing%20Rivers%20Aesthetics&query_place_id=ChIJBw0BgVbh2ogRx7nQZ6YgBM0","Medical spa","MD Health Spa","166","5.0","0.6","Cristina Lévon Aesthetics","98","5.0","0.0","Diamond Face Esthetics","87","5.0","0.67","","not_called","0",""
"Kim Gallo Esthetics","Naples","Florida","34102","(239) 920-1888","https://kimgalloesthetics.com/","","kim@kimgalloesthetics.com","contact_page","195","5.0","501 Goodlette-Frank Rd STE D100, Naples, FL 34102","https://www.google.com/maps/search/?api=1&query=Kim%20Gallo%20Esthetics&query_place_id=ChIJS9qAwwsd24gRXzYtIwhNO98","Facial spa; Skin care clinic; Waxing hair removal service","MD Health Spa","166","5.0","0.32","SkinCo Naples","92","5.0","0.02","Diamond Face Esthetics","87","5.0","0.28","","not_called","0",""
"Naples Laser & Skin Aesthetics","Naples","Florida","34103","(239) 304-9613","https://napleslaserandskinaesthetics.com/","","napleslaserandskinaesthetics@gmail.com","contact_page","63","4.9","3641 10th St N Suite B, Naples, FL 34103","https://www.google.com/maps/search/?api=1&query=Naples%20Laser%20%26%20Skin%20Aesthetics&query_place_id=ChIJea6f_20f24gRiylpdxpHmUU","Medical spa","Jewell Medical Spa - Mr. Injectable","195","5.0","1.16","ELIXIR Medical Spa","133","4.9","0.67","Skin Deep Naples","126","4.9","0.18","","not_called","0",""
"MD Health Spa","Naples","Florida","34102","(239) 963-6022","https://ymdhealthspa.com/","","info@ymdhealthspa.com","contact_page","166","5.0","625 9th St N Unit 304, Naples, FL 34102","https://www.google.com/maps/search/?api=1&query=MD%20Health%20Spa&query_place_id=ChIJsctTDDjh2ogRLe_RYB-BnI4","Medical spa; Medical office","Kim Gallo Esthetics","195","5.0","0.32","Cristina Lévon Aesthetics","98","5.0","0.6","SkinCo Naples","92","5.0","0.33","","not_called","0",""
"Jewell Medical Spa - Mr. Injectable","Naples","Florida","34103","(239) 448-3383","http://www.jewellmedicalspa.com/","","chris.jewell@jewellmedicalspa.com","contact_page","195","5.0","1044 Castello Dr STE 213, Naples, FL 34103","https://www.google.com/maps/search/?api=1&query=Jewell%20Medical%20Spa%20-%20Mr.%20Injectable&query_place_id=ChIJH2dIq8Af24gRmab-rwPXTIA","Medical spa","D-Lux Medspa","173","4.9","0.55","The Laser Lounge Spa Naples","130","4.9","0.21","Azul Cosmetic Surgery and Medical Spa | Naples Park Shore","120","4.9","0.07","","not_called","0",""
"Belcourt Aesthetics","Nashville","Tennessee","37212","(615) 622-4544","https://www.belcourtaesthetics.com/","","","","86","4.8","2129 Belcourt Ave, Nashville, TN 37212","https://www.google.com/maps/search/?api=1&query=Belcourt%20Aesthetics&query_place_id=ChIJ87g-qVRnZIgR-DWYJeO5nks","Medical spa; Doctor; Hair transplantation clinic; Laser hair removal service; Medical clinic; Plastic surgery clinic; Skin care clinic; Weight loss service; Wellness center","NakedMD Med Spa Nashville","629","4.8","1.22","Skin Pharm","509","5.0","0.7","NSI Wellness | Aesthetics","364","4.9","0.85","","not_called","0",""
"Cristina Lévon Aesthetics","Naples","Florida","34102","(239) 919-7059","http://www.cristinalevon.com/","","Cristina@cristinalevon.com","contact_page","98","5.0","1250 Tamiami Trl N Unit 208, Naples, FL 34102","https://www.google.com/maps/search/?api=1&query=Cristina%20L%C3%A9von%20Aesthetics&query_place_id=ChIJ231mCarh2ogRdY6ba-rSrHw","Medical spa","MD Health Spa","166","5.0","0.6","Diamond Face Esthetics","87","5.0","0.67","Healing Rivers Aesthetics","84","5.0","0.0","","not_called","0",""
"Theo European Medical Skincare","Naples","Florida","34102","(239) 238-7821","https://theomedicalskincare.com/","","eben@eyebytes.com","contact_page","77","5.0","660 Tamiami Trl N # 38, Naples, FL 34102","https://www.google.com/maps/search/?api=1&query=Theo%20European%20Medical%20Skincare&query_place_id=ChIJ8y6h9VEd24gR_YHvNr-jqpw","Medical spa; Facial spa; Skin care clinic","Kim Gallo Esthetics","195","5.0","0.29","MD Health Spa","166","5.0","0.06","Cristina Lévon Aesthetics","98","5.0","0.56","","not_called","0",""
"Beauty Theory","Jacksonville","Florida","32207","(904) 575-4085","http://beautytheoryjax.com/","","info@beautytheoryjax.com","contact_page","100","5.0","1626 Hendricks Ave, Jacksonville, FL 32207","https://www.google.com/maps/search/?api=1&query=Beauty%20Theory&query_place_id=ChIJfTZDDdS35YgR9uk0A7ouxkc","Medical spa","CMA - Center for Modern Aesthetic Medicine","249","4.8","0.68","Premier Medical Spa","121","4.5","5.22","Luxe Aesthetics Jacksonville","103","5.0","7.89","","not_called","0",""
"Naples Skin Clinic","Naples","Florida","34104","(239) 777-1370","https://naplesskinclinic.com/","","example@mysite.com","contact_page","81","5.0","3960 Radio Rd STE 109, Naples, FL 34104","https://www.google.com/maps/search/?api=1&query=Naples%20Skin%20Clinic&query_place_id=ChIJRR2rToAc24gR88wDG2kZ2Pw","Medical spa; Dermatologist; Facial spa","Kim Gallo Esthetics","195","5.0","2.01","SkinCo Naples","92","5.0","2.01","Diamond Face Esthetics","87","5.0","1.87","","not_called","0",""
"BeU Medical Spa Naples","Naples","Florida","34109","(239) 734-3741","https://www.beumedspa.com/","","beumedspa@gmail.com","contact_page","280","4.9","6622 Willow Park Dr #202, Naples, FL 34109","https://www.google.com/maps/search/?api=1&query=BeU%20Medical%20Spa%20Naples&query_place_id=ChIJ0xSDcywd24gR5USMGNoCJvs","Medical spa","Jewell Medical Spa - Mr. Injectable","195","5.0","2.44","D-Lux Medspa","173","4.9","2.17","The Laser Lounge Spa Naples","130","4.9","2.39","","not_called","0",""
"4Ever Young Med Spa & Wellness Center - Naples","Naples","Florida","34108","(239) 674-0879","https://4everyoungantiaging.com/naples/?utm_source=gbp&utm_medium=organic&utm_campaign=gbp-naples&y_source=1_MjA2MTUzMTAzNy03MTUtbG9jYXRpb24ud2Vic2l0ZQ%3D%3D","","info@4everyoungnaples.com","contact_page","310","4.9","9100 Strada Pl Suite 2135, Naples, FL 34108","https://www.google.com/maps/search/?api=1&query=4Ever%20Young%20Med%20Spa%20%26%20Wellness%20Center%20-%20Naples&query_place_id=ChIJOXcCgcwf24gRBvQHfOQkJPU","Medical spa; Wellness center","Revital Med Spa and IV Drip Bar","344","5.0","0.57","BeU Medical Spa Naples","280","4.9","2.78","D-Lux Medspa","173","4.9","2.74","","not_called","0",""
"Azul Cosmetic Surgery and Medical Spa | Naples Park Shore","Naples","Florida","34103","(239) 374-2582","https://azulbeauty.com/","","","","120","4.9","4850 Tamiami Trl N #230, Naples, FL 34103","https://www.google.com/maps/search/?api=1&query=Azul%20Cosmetic%20Surgery%20and%20Medical%20Spa%20%7C%20Naples%20Park%20Shore&query_place_id=ChIJbymur_0f24gRMsVTyW7AmLU","Medical spa","Jewell Medical Spa - Mr. Injectable","195","5.0","0.07","D-Lux Medspa","173","4.9","0.59","The Laser Lounge Spa Naples","130","4.9","0.24","","not_called","0",""
"D-Lux Medspa","Naples","Florida","34108","(239) 776-4956","http://dluxmedspa.com/","","239-776-4956dlux@dluxmedspa.com","contact_page","173","4.9","6100 Trail Blvd Suite 205, Naples, FL 34108","https://www.google.com/maps/search/?api=1&query=D-Lux%20Medspa&query_place_id=ChIJCRFTfiYc24gRzljjqj-Ka3Q","Medical spa","Jewell Medical Spa - Mr. Injectable","195","5.0","0.55","The Laser Lounge Spa Naples","130","4.9","0.36","Azul Cosmetic Surgery and Medical Spa | Naples Park Shore","120","4.9","0.59","","not_called","0",""
"Skin Deep Naples","Naples","Florida","34103","(239) 260-5060","http://www.skindeepnaples.com/","","info@skindeepnaples.com","contact_page","126","4.9","3363 Tamiami Trl N, Naples, FL 34103","https://www.google.com/maps/search/?api=1&query=Skin%20Deep%20Naples&query_place_id=ChIJRyCUxsQd24gRvzeuL2XQweM","Medical spa; Facial spa; Laser hair removal service; Skin care clinic; Tattoo removal service","Jewell Medical Spa - Mr. Injectable","195","5.0","1.31","ELIXIR Medical Spa","133","4.9","0.65","Azul Cosmetic Surgery and Medical Spa | Naples Park Shore","120","4.9","1.26","","not_called","0",""
"SkinCo Naples","Naples","Florida","34102","(239) 986-9096","https://skinconaples.myaestheticrecord.com/online-booking?fbclid=PAVERFWAN4c_pleHRuA2FlbQIxMABzcnRjBmFwcF9pZA8xMjQwMjQ1NzQyODc0MTQAAae0DBmE2zkgLDRywGuN80w26S1AQ2ATZ6Z7o9denRa1vKTqP8WeXQjt295sKA_aem_FWhahoEIIQ-uxXM45Bf9XQ","","","","92","5.0","501 Goodlette-Frank Rd B106, Naples, FL 34102","https://www.google.com/maps/search/?api=1&query=SkinCo%20Naples&query_place_id=ChIJ32-otBDh2ogRGFE3y7-kPJo","Medical spa; Facial spa; Skin care clinic","Kim Gallo Esthetics","195","5.0","0.02","MD Health Spa","166","5.0","0.33","Diamond Face Esthetics","87","5.0","0.29","","not_called","0",""
"Revital Med Spa and IV Drip Bar","Naples","Florida","34108","(239) 372-3211","http://www.revitalmedswfl.com/","","","","344","5.0","868 99th Ave N, Naples, FL 34108","https://www.google.com/maps/search/?api=1&query=Revital%20Med%20Spa%20and%20IV%20Drip%20Bar&query_place_id=ChIJ0Ww5zhz92ogReAbhxWS7N6s","Medical spa","4Ever Young Med Spa & Wellness Center - Naples","310","4.9","0.57","BeU Medical Spa Naples","280","4.9","3.28","D-Lux Medspa","173","4.9","3.29","","not_called","0",""
"ELIXIR Medical Spa","Naples","Florida","34103","(239) 221-1707","https://elixirbeautyusa.com/","","elixirbeautyusa@gmail.com","contact_page","133","4.9","2977 Goodlette-Frank Rd unit 41, Naples, FL 34103","https://www.google.com/maps/search/?api=1&query=ELIXIR%20Medical%20Spa&query_place_id=ChIJy3Tq7Jjh2ogRPQnlM9sHmJA","Medical spa","Skin Deep Naples","126","4.9","0.65","Cristina Lévon Aesthetics","98","5.0","1.33","Von & Co Medical Aesthetics Studio","96","5.0","0.73","","not_called","0",""
"Kenzi Medical and Aesthetics Group","Naples","Florida","34102","(239) 544-5369","https://www.kenzispa.com/","","Info@kenzispa.com","contact_page","65","4.8","900 6th Ave S STE 303, Naples, FL 34102","https://www.google.com/maps/search/?api=1&query=Kenzi%20Medical%20and%20Aesthetics%20Group&query_place_id=ChIJk1Y9ib_h2ogRiqU_5lpUKeg","Medical spa; Facial spa; Medical office; Skin care clinic; Weight loss service; Wellness center","Kim Gallo Esthetics","195","5.0","0.95","MD Health Spa","166","5.0","0.96","SkinCo Naples","92","5.0","0.92","","not_called","0",""
"Von & Co Medical Aesthetics Studio","Naples","Florida","34102","(239) 448-3897","http://www.vonandcoaesthetics.com/?utm_campaign=gmb","","","","96","5.0","2120 Tamiami Trl N, Naples, FL 34102","https://www.google.com/maps/search/?api=1&query=Von%20%26%20Co%20Medical%20Aesthetics%20Studio&query_place_id=ChIJNyIoodLh2ogRrkahbctY0oc","Medical spa","ELIXIR Medical Spa","133","4.9","0.73","Cristina Lévon Aesthetics","98","5.0","0.67","Healing Rivers Aesthetics","84","5.0","0.67","","not_called","0",""
"Rose Milk Aesthetics","Houston","Texas","77009","(832) 557-8151","http://rosemilkaesthetics.com/","","info@rosemilkaesthetics.com","contact_page","362","5.0","6815 N Main St Suite A, Houston, TX 77009","https://www.google.com/maps/search/?api=1&query=Rose%20Milk%20Aesthetics&query_place_id=ChIJeXg9tArHQIYRSPP7V61anh0","Medical spa","Dream Aesthetics Medspa","441","5.0","2.59","Artavi Med Spa- Dr. Tarina Desai, MD","254","4.8","2.04","The Skin Clinic","178","4.9","2.34","","not_called","0",""
"Hi Beautiful Aesthetics","Houston","Texas","77063","(281) 846-6895","http://www.hibeautifulaesthetics.com/","","","","439","4.8","9400 Westheimer Rd Suite #4, Houston, TX 77063","https://www.google.com/maps/search/?api=1&query=Hi%20Beautiful%20Aesthetics&query_place_id=ChIJuy9pdCrDQIYRrwt2oraHarA","Medical spa; Facial spa; Laser hair removal service","Galleria Aesthetics and Wellness","281","4.8","3.56","Derma Theory","238","5.0","3.21","The Total You Medical Spa","134","4.9","4.25","","not_called","0",""
"Glow Medical Aesthetics","Houston","Texas","77025","(713) 338-9577","https://www.glowhouston.com/?utm_source=google&utm_medium=organic&utm_campaign=gbp&utm_term=Glow-Medical-Aesthetics&utm_content=website","","info@glowhouston.com","contact_page","235","4.9","3429 W Holcombe Blvd, Houston, TX 77025","https://www.google.com/maps/search/?api=1&query=Glow%20Medical%20Aesthetics&query_place_id=ChIJrerdWEnAQIYRZs5i7Hk26yw","Medical spa; Hair removal service; Laser hair removal service; Skin care clinic; Tattoo removal service; Weight loss service","PurA Medical Aesthetics","891","5.0","1.79","River Oaks Skin Institute","144","5.0","2.16","BotoxRN and MedSpa-Houston","121","4.6","1.65","","not_called","0",""
"Inside Out Med Spa","Naples","Florida","34113","(239) 331-0032","https://insideoutmedspa.com/","","","","92","4.9","12260 Tamiami Trl E STE 102, Naples, FL 34113","https://www.google.com/maps/search/?api=1&query=Inside%20Out%20Med%20Spa&query_place_id=ChIJn1TTEOTl2ogRJUgiEs7e6sw","Medical spa","Naples Skin Clinic","81","5.0","6.69","Gulf Coast Medspa","68","5.0","0.6","Kenzi Medical and Aesthetics Group","65","4.8","7.36","","not_called","0",""
"Evolve Aesthetics Medspa","Houston","Texas","77007","(346) 302-5199","https://www.evolveaestheticsmedspa.com/","","INFO@EVOLVEAESTHETICSMEDSPA.COM","contact_page","107","4.7","1203 Bingham St, Houston, TX 77007","https://www.google.com/maps/search/?api=1&query=Evolve%20Aesthetics%20Medspa&query_place_id=ChIJE_Azex6_QIYRRWv5GnugsQU","Medical spa","Dream Aesthetics Medspa","441","5.0","1.3","NIMS Medspa","90","4.6","1.87","Tru Essence Cosmetic and Medical Spa","66","4.3","1.77","","not_called","0",""
"Cloud 9 Med Spa Naples","Naples","Florida","34102","(239) 253-1325","http://cloud9medspanaples.com/","","","","80","5.0","1012 Goodlette Rd N Suite 101, Naples, FL 34102","https://www.google.com/maps/search/?api=1&query=Cloud%209%20Med%20Spa%20Naples&query_place_id=ChIJwQE2NrYf24gRZvjehCEY6X4","Medical spa","Kim Gallo Esthetics","195","5.0","0.46","Cristina Lévon Aesthetics","98","5.0","0.47","SkinCo Naples","92","5.0","0.49","","not_called","0",""
"Mederna Aesthetic & Wellness Medical Center","Houston","Texas","77007","(832) 272-0401","https://medernaofficial.com/?utm_source=google&utm_medium=organic&utm_campaign=gbp","","Info@medernaofficial.com","contact_page","231","4.9","5225 Katy Fwy Suite 370, Houston, TX 77007","https://www.google.com/maps/search/?api=1&query=Mederna%20Aesthetic%20%26%20Wellness%20Medical%20Center&query_place_id=ChIJh4kKVA3HQIYRWCZ5zbsvFj8","Medical spa; Laser hair removal service; Weight loss service","It's A Secret Med Spa - Houston","306","4.4","0.6","Artavi Med Spa- Dr. Tarina Desai, MD","254","4.8","1.05","The Skin Clinic","178","4.9","0.51","","not_called","0",""
"HLC Wellness and Aesthetic","Lake Mary","Florida","32746","(407) 990-1510","https://hlcwellness.com/","","","","337","4.9","925 Williston Park Point #1003, Lake Mary, FL 32746","https://www.google.com/maps/search/?api=1&query=HLC%20Wellness%20and%20Aesthetic&query_place_id=ChIJkVBBZFIN54gRfch6OC27Slk","Medical spa; Facial spa; Weight loss service; Wellness center","Couture Med Spa","434","4.7","0.82","Modern Skin Aesthetics","43","5.0","0.71","Estheticis by Adelina LLC","34","5.0","1.18","","not_called","0",""
"Skinful Aesthetics","Houston","Texas","77027","(281) 697-8080","http://www.skinfulaesthetics.com/?utm_source=google&utm_medium=organic&utm_campaign=gbp","","iman@skinfulaesthetics.com","contact_page","316","4.9","3701 W Alabama St #300, Houston, TX 77027","https://www.google.com/maps/search/?api=1&query=Skinful%20Aesthetics&query_place_id=ChIJa0ktmWzBQIYR8QXNNUPor5k","Medical spa; Facial spa","NakedMD Med Spa Houston","258","4.9","0.09","OVME","208","4.7","1.17","River Oaks MedSpa","187","4.8","0.1","","not_called","0",""
"Gulf Coast Medspa","Naples","Florida","34114","(239) 682-1885","http://www.gcmedspa.com/","","gcmedspa3@gmail.com","contact_page","68","5.0","6845 Collier Blvd #103, Naples, FL 34114","https://www.google.com/maps/search/?api=1&query=Gulf%20Coast%20Medspa&query_place_id=ChIJv6dF7UXl2ogR6z-5owz9KIs","Medical spa","Inside Out Med Spa","92","4.9","0.6","Naples Skin Clinic","81","5.0","7.05","Kenzi Medical and Aesthetics Group","65","4.8","7.85","","not_called","0",""
"Renud Med Spa","Houston","Texas","77024","(713) 637-9001","https://www.renudmedspa.com/","","contact@renudmedspa.com","contact_page","308","4.9","710 N Post Oak Rd #200, Houston, TX 77024","https://www.google.com/maps/search/?api=1&query=Renud%20Med%20Spa&query_place_id=ChIJN2aE-hTBQIYRZhLibK-xCjQ","Medical spa","Glow Medspa Houston","421","4.7","1.91","Mederna Aesthetic & Wellness Medical Center","231","4.9","2.54","River Oaks Galleria Medspa","210","4.9","2.31","","not_called","0",""
"Sisu Clinic Houston","Houston","Texas","77006","(346) 701-5029","http://www.sisuclinic.com/","","hello@sisuclinic.com","contact_page","434","4.9","888 Westheimer Rd unit 129, Houston, TX 77006","https://www.google.com/maps/search/?api=1&query=Sisu%20Clinic%20Houston&query_place_id=ChIJmQjKANG_QIYRISoichEUJJ8","Skin care clinic; Medical clinic; Medical spa","Miliv Med Spa & Facials","446","4.8","1.19","ZO Skin Centre Houston","238","4.9","1.06","Nia Aesthetics MD","220","5.0","0.68","","not_called","0",""
"NIMS Medspa","Houston","Texas","77007","(832) 834-6865","http://www.nimsmedspa.com/","","","","90","4.6","3939 Washington Ave #220, Houston, TX 77007","https://www.google.com/maps/search/?api=1&query=NIMS%20Medspa&query_place_id=ChIJUYjCZFu_QIYRLdFlCDiUAOQ","Medical spa","Miliv Med Spa & Facials","446","4.8","0.63","Dream Aesthetics Medspa","441","5.0","0.72","It's A Secret Med Spa - Houston","306","4.4","0.4","","not_called","0",""
"ZO Skin Centre Houston","Houston","Texas","77019","(832) 831-4933","https://houstonskinhealth.com/","","info@houstonskinhealth.com","contact_page","238","4.9","810 Waugh Dr Suite 101, Houston, TX 77019","https://www.google.com/maps/search/?api=1&query=ZO%20Skin%20Centre%20Houston&query_place_id=ChIJLyiiPY7BQIYR1_Glq19lX5Q","Medical spa; Beauty supply store; Day spa; Dermatologist; Hair removal service; Health spa; Laser hair removal service; Skin care clinic; Spa","Miliv Med Spa & Facials","446","4.8","0.14","Sisu Clinic Houston","434","4.9","1.06","It's A Secret Med Spa - Houston","306","4.4","0.96","","not_called","0",""
"The Skin Clinic","Houston","Texas","77007","(832) 564-0344","http://theskinclinichtx.com/","","info@theskinclinichtx.com%20","contact_page","178","4.9","600 N Shepherd Dr Ste 124, Houston, TX 77007","https://www.google.com/maps/search/?api=1&query=The%20Skin%20Clinic&query_place_id=ChIJXfIVOr7BQIYRpFlfFIutMNE","Medical spa","It's A Secret Med Spa - Houston","306","4.4","0.83","Artavi Med Spa- Dr. Tarina Desai, MD","254","4.8","0.61","Mederna Aesthetic & Wellness Medical Center","231","4.9","0.51","","not_called","0",""
"Celeb Aesthetics & Wellness- Botox, Sculptra, PDO threads, Microneedling, Facials , Lip filler, Facial balancing","Houston","Texas","77057","(713) 829-0955","http://www.celebaesthetics.com/","","","","93","5.0","5787 San Felipe St, Houston, TX 77057","https://www.google.com/maps/search/?api=1&query=Celeb%20Aesthetics%20%26%20Wellness-%20Botox%2C%20Sculptra%2C%20PDO%20threads%2C%20Microneedling%2C%20Facials%20%2C%20Lip%20filler%2C%20Facial%20balancing&query_place_id=ChIJq-9ctwbDQIYR_xkuh8YutEc","Medical spa; Wellness center","Galleria Aesthetics and Wellness","281","4.8","0.98","Derma Theory","238","5.0","1.11","River Oaks Galleria Medspa","210","4.9","1.4","","not_called","0",""
"OVME","Houston","Texas","77098","(346) 703-6863","https://ovme.com/pages/river-oaks-houston-tx","","","","208","4.7","3021 Kirby Dr, Houston, TX 77098","https://www.google.com/maps/search/?api=1&query=OVME&query_place_id=ChIJK8imxazBQIYRbQaRbM5P-Wg","Medical spa; Laser hair removal service","PurA Medical Aesthetics","891","5.0","0.92","Sousan Med Spa","169","4.8","0.91","Persona Medical Spa","146","4.7","0.14","","not_called","0",""
"Nia Aesthetics MD","Houston","Texas","77006","(210) 595-9324","https://niaaestheticsmd.com/","","","","220","5.0","4203 Montrose Blvd # 440, Houston, TX 77006","https://www.google.com/maps/search/?api=1&query=Nia%20Aesthetics%20MD&query_place_id=ChIJv_jykvS_QIYRMdS4mBpUFJg","Medical spa; Hair replacement service; Skin care clinic; Weight loss service","PurA Medical Aesthetics","891","5.0","1.41","Sisu Clinic Houston","434","4.9","0.68","River Oaks Skin Institute","144","5.0","1.35","","not_called","0",""
"Skin 101 Medical Spa","Houston","Texas","77043","(832) 649-7939","http://www.skin101houston.com/","","skin101houston@gmail.com","contact_page","182","4.8","11300 Katy Fwy B625, Houston, TX 77043","https://www.google.com/maps/search/?api=1&query=Skin%20101%20Medical%20Spa&query_place_id=ChIJuxNyZ5TEQIYREuDj3K-DOw4","Medical spa; Facial spa; Laser hair removal service; Skin care clinic; Spa","Hi Beautiful Aesthetics","439","4.8","4.59","Derma Theory","238","5.0","7.32","The Total You Medical Spa","134","4.9","0.97","","not_called","0",""
"VIO Med Spa Sugar Land","Sugar Land","Texas","77478","(713) 256-0073","https://www.viomedspa.com/locations/sugar-land","","casalinda@viomedspa.com","contact_page","226","4.8","15850 Southwest Fwy Suite 250, Sugar Land, TX 77478","https://www.google.com/maps/search/?api=1&query=VIO%20Med%20Spa%20Sugar%20Land&query_place_id=ChIJYZSQW1LnQIYRowdE9dPJMJ4","Medical spa; Facial spa; Health and beauty shop; Skin care clinic; Weight loss service; Wellness center","Advanced Dermatology – Sugar Land, TX","2415","4.7","0.36","LaserAway Sugar Land","665","4.8","0.63","Sugar Land Medical Spa","405","4.8","0.28","","not_called","0",""
"The Laser Lounge Spa Naples","Naples","Florida","34103","(239) 747-0211","https://naples.thelaserloungespa.com/","","","","130","4.9","5100 Tamiami Trl N Suite 104, Naples, FL 34103","https://www.google.com/maps/search/?api=1&query=The%20Laser%20Lounge%20Spa%20Naples&query_place_id=ChIJT_0yTRUe24gRoromAO4IVNs","Medical spa","Jewell Medical Spa - Mr. Injectable","195","5.0","0.21","D-Lux Medspa","173","4.9","0.36","Azul Cosmetic Surgery and Medical Spa | Naples Park Shore","120","4.9","0.24","","not_called","0",""
"Premier Health Spa","Sugar Land","Texas","77478","(346) 368-2995","http://premierhealthspa.com/","","premierhealthspaa@gmail.com","contact_page","260","5.0","3527 Hwy 6 suite 140, Sugar Land, TX 77478","https://www.google.com/maps/search/?api=1&query=Premier%20Health%20Spa&query_place_id=ChIJrRqrMND7oCcRkXVVHHgAFTo","Medical spa; Health spa","Advanced Dermatology – Sugar Land, TX","2415","4.7","1.6","LaserAway Sugar Land","665","4.8","1.46","Sugar Land Medical Spa","405","4.8","1.52","","not_called","0",""
"Sugar Land Medical Spa","Sugar Land","Texas","77479","(281) 277-7721","https://sugarlandmedspa.com/?utm_source=google&utm_medium=organic&utm_campaign=google_business_profile","","kimberlyevansmd@hotmail.com","contact_page","405","4.8","16062 Southwest Fwy, Sugar Land, TX 77479","https://www.google.com/maps/search/?api=1&query=Sugar%20Land%20Medical%20Spa&query_place_id=ChIJm8oyk8bmQIYRQ-VwaQYQo_U","Medical spa; Medical clinic; Women's health clinic; Skin care clinic; Weight loss service; Wellness center","Advanced Dermatology – Sugar Land, TX","2415","4.7","0.63","LaserAway Sugar Land","665","4.8","0.38","VIO Med Spa Sugar Land","226","4.8","0.28","","not_called","0",""
"Injection Bar","Richmond","Texas","77407","(346) 460-1559","http://www.injection-bar.com/","","info@injection-bar.com","contact_page","155","4.8","18502 W Bellfort Suite# 116, Richmond, TX 77407","https://www.google.com/maps/search/?api=1&query=Injection%20Bar&query_place_id=ChIJ2fxJ5eThQIYRly5qAp0XZ9g","Medical spa; Medical clinic; Spa","Advanced Dermatology – Sugar Land, TX","2415","4.7","6.43","Vira Medspa","198","5.0","5.6","Oasis Aesthetics & Wellness","144","5.0","6.24","","not_called","0",""
"River Oaks Skin Institute","Houston","Texas","77098","(713) 899-4472","https://rosihtx.com/","","info@rosihtx.com","contact_page","144","5.0","3700 Greenbriar Dr, Houston, TX 77098","https://www.google.com/maps/search/?api=1&query=River%20Oaks%20Skin%20Institute&query_place_id=ChIJe-JcCS3BQIYRfgKkZsEkvbQ","Medical spa; Beauty salon; Skin care clinic","PurA Medical Aesthetics","891","5.0","0.52","OVME","208","4.7","0.44","Sousan Med Spa","169","4.8","1.25","","not_called","0",""
"DermaTouch RN","Houston","Texas","77070","(281) 895-9090","https://www.dermatouchrn.com/","","","","1816","4.9","13725 Falba Rd, Houston, TX 77070","https://www.google.com/maps/search/?api=1&query=DermaTouch%20RN&query_place_id=ChIJg9T5pPLNQIYREdcETFYIuz8","Medical spa; Laser hair removal service; Skin care clinic","","0","0.0","0.0","","0","0.0","0.0","","0","0.0","0.0","","not_called","0",""
"GoBeyond Aesthetics & Lifestyle Medicine","Jacksonville","Florida","32256","(904) 516-7920","http://gobeyondaesthetics.com/","","","","71","4.8","9770 Baymeadows Rd #117, Jacksonville, FL 32256","https://www.google.com/maps/search/?api=1&query=GoBeyond%20Aesthetics%20%26%20Lifestyle%20Medicine&query_place_id=ChIJKbUNUXzL5YgR6OM4zIvniac","Medical spa; Holistic medicine practitioner; Laser hair removal service; Weight loss service; Wellness center","New Day Medspa Jacksonville","705","4.4","2.72","Modern Aesthetic Centers - Gate Parkway","457","4.9","2.84","OVME","362","5.0","2.76","","not_called","0",""
"Elite DOC Health and Beauty: Naz Keshwani, M.D.","Sugar Land","Texas","77479","(832) 446-3206","https://elitedochealthandbeauty.com/","","","","509","4.9","4665 Sweetwater Blvd #200, Sugar Land, TX 77479","https://www.google.com/maps/search/?api=1&query=Elite%20DOC%20Health%20and%20Beauty%3A%20Naz%20Keshwani%2C%20M.D.&query_place_id=ChIJBTqThqbmQIYR82ZNqIxukas","Medical spa; Dermatologist; Facial spa; Family practice physician; Laser hair removal service; Skin care clinic; Spa; Weight loss service; Wellness center","LaserAway Sugar Land","665","4.8","0.88","Sugar Land Medical Spa","405","4.8","1.22","Oasis Aesthetics & Wellness","144","5.0","1.04","","not_called","0",""
"BotoxRN and MedSpa-Houston","Houston","Texas","77027","(832) 831-1356","https://botoxrn.com/","","","","121","4.6","3895 Southwest Fwy, Houston, TX 77027","https://www.google.com/maps/search/?api=1&query=BotoxRN%20and%20MedSpa-Houston&query_place_id=ChIJ4fbFt5fBQIYRHOKDMghdrNQ","Medical spa; Facial spa; Health spa; Skin care clinic","Skinful Aesthetics","316","4.9","0.68","NakedMD Med Spa Houston","258","4.9","0.6","River Oaks MedSpa","187","4.8","0.59","","not_called","0",""
"Vira Medspa","Sugar Land","Texas","77479","(346) 531-2611","https://www.viramedspa.com/","","info@viramedspa.com","contact_page","198","5.0","800 Bonaventure Wy ste 149, Sugar Land, TX 77479","https://www.google.com/maps/search/?api=1&query=Vira%20Medspa&query_place_id=ChIJ0SsaQV_nQIYRJ1qNqHcKjIc","Medical spa","Advanced Dermatology – Sugar Land, TX","2415","4.7","1.2","LaserAway Sugar Land","665","4.8","1.28","Sugar Land Medical Spa","405","4.8","1.08","","not_called","0",""
"Ruaa MedSpa","Sugar Land","Texas","77479","(713) 715-1515","https://ruaamedicalspa.com/","","","","176","4.9","5501 Cabrera Dr Suite 803, Sugar Land, TX 77479","https://www.google.com/maps/search/?api=1&query=Ruaa%20MedSpa&query_place_id=ChIJEenl8a3lQIYRwI-N_Du2hy8","Medical spa","LaserAway Sugar Land","665","4.8","3.68","Elite DOC Health and Beauty: Naz Keshwani, M.D.","509","4.9","3.57","Premier Health Spa","260","5.0","2.86","","not_called","0",""
"Renew Wellness Center - Sugar Land","Sugar Land","Texas","77478","(832) 491-2852","https://renewwellnesscenter.com/","","","","312","4.9","210 Century Square Blvd Ste 100, Sugar Land, TX 77478","https://www.google.com/maps/search/?api=1&query=Renew%20Wellness%20Center%20-%20Sugar%20Land&query_place_id=ChIJw2rSW5TmQIYR1oY9xL3Wkog","Medical spa; Hair transplantation clinic; Laser hair removal service; Mental health service; Women's health clinic; Skin care clinic; Weight loss service","Advanced Dermatology – Sugar Land, TX","2415","4.7","1.53","Sugar Land Medical Spa","405","4.8","2.14","VIO Med Spa Sugar Land","226","4.8","1.86","","not_called","0",""
"Sarah Hitchcox Aesthetics","Knoxville","Tennessee","37919","(865) 419-4234","https://hitchcoxaesthetics.com/?utm_campaign=gmb","","sarah@hitchcoxaesthetics.com","contact_page","243","5.0","5113 Kingston Pike Suite 15, Knoxville, TN 37919","https://www.google.com/maps/search/?api=1&query=Sarah%20Hitchcox%20Aesthetics&query_place_id=ChIJT25n7649XIgRyzkQqbTa0DY","Medical spa","RevitalyzeMD","648","4.9","1.39","Create Medical Aesthetics","213","5.0","1.13","Aesthetic Elevation Knoxville","83","5.0","1.46","","not_called","0",""
"BotoxRN","Sugar Land","Texas","77478","(832) 268-6976","https://botoxrn.com/","","","","215","4.6","13511 Southwest Fwy, Sugar Land, TX 77478","https://www.google.com/maps/search/?api=1&query=BotoxRN&query_place_id=ChIJoX-TQVPmQIYR_qJZYm7HeY0","Medical spa; Facial spa; Health spa; Skin care clinic","Advanced Dermatology – Sugar Land, TX","2415","4.7","1.84","Sugar Land Medical Spa","405","4.8","2.41","Renew Wellness Center - Sugar Land","312","4.9","0.54","","not_called","0",""
"Revitalize Medi-Spa","Sugar Land","Texas","77479","(832) 520-2616","https://revitalizemedispa.co/services/","","","","78","5.0","19875 Southwest Fwy #260, Sugar Land, TX 77479","https://www.google.com/maps/search/?api=1&query=Revitalize%20Medi-Spa&query_place_id=ChIJK1fpSOvjQIYRAwoFfKiyv14","Medical spa","LaserAway Sugar Land","665","4.8","4.1","Elite DOC Health and Beauty: Naz Keshwani, M.D.","509","4.9","3.32","Vira Medspa","198","5.0","3.88","","not_called","0",""
"It's A Secret Med Spa - The Woodlands","The Woodlands","Texas","77380","(832) 406-4735","https://secretmedspa.com/woodlands-texas/","","","","120","4.7","1900 Lake Woodlands Dr #500, The Woodlands, TX 77380","https://www.google.com/maps/search/?api=1&query=It's%20A%20Secret%20Med%20Spa%20-%20The%20Woodlands&query_place_id=ChIJf9ftQDo3R4YRV_YJxx2E7sI","Medical spa","East Shore Salon and Medspa","422","4.9","0.76","Vedas Medical Spa","346","4.6","1.12","Avante Laser & MediSpa","326","4.9","1.59","","not_called","0",""
"Gen B Medspa","The Woodlands","Texas","77381","(239) 423-2889","http://genbmedspa.com/","","genbmedspa@gmail.com","contact_page","62","5.0","9001 Forest Crossing Dr d2, The Woodlands, TX 77381","https://www.google.com/maps/search/?api=1&query=Gen%20B%20Medspa&query_place_id=ChIJpTvc5DAxR4YRoDvT5jsHYSE","Medical spa","LaserAway Woodlands","871","4.9","0.24","Vedas Medical Spa","346","4.6","0.7","Avante Laser & MediSpa","326","4.9","0.42","","not_called","0",""
"Glow Medical Aesthetics, Weight Loss, Wellness & Primary Care Knoxville","Powell","TN","37849","(865) 947-4569","https://www.glowmed.com/","","glowmed@ymail.com","contact_page","631","4.9","7714 Conner Road #106 Knoxville, Powell, TN 37849","https://www.google.com/maps/search/?api=1&query=Glow%20Medical%20Aesthetics%2C%20Weight%20Loss%2C%20Wellness%20%26%20Primary%20Care%20Knoxville&query_place_id=ChIJB2xvL-o-XIgR2fpDxeuQHHg","Weight loss service; Medical clinic; Medical office; Wellness center","Downtown Smooth Spa","633","5.0","7.93","Smiley Aesthetics Medical Spa – Botox & Weight Loss Clinic Knoxville","515","5.0","7.64","Old City Medspa","258","4.9","7.5","","not_called","0",""
"Avante Laser & MediSpa","The Woodlands","Texas","77381","(281) 419-0080","https://avantemedispa.com/?utm_campaign=gmb","","","","326","4.9","8708 Technology Forest Pl Suite 125, The Woodlands, TX 77381","https://www.google.com/maps/search/?api=1&query=Avante%20Laser%20%26%20MediSpa&query_place_id=ChIJC_S7jt02R4YR8fNdWJkuWHM","Medical spa; Facial spa; Laser hair removal service; Skin care clinic; Weight loss service","LaserAway Woodlands","871","4.9","0.62","myEvergreen MedSpa","391","5.0","1.51","Vedas Medical Spa","346","4.6","0.51","","not_called","0",""
"Oasis Aesthetics & Wellness","Sugar Land","Texas","77479","(281) 800-9050","https://www.oasismedcenter.com/","","Info@dryeyeandwellness.com","contact_page","144","5.0","13440 University Blvd #130, Sugar Land, TX 77479","https://www.google.com/maps/search/?api=1&query=Oasis%20Aesthetics%20%26%20Wellness&query_place_id=ChIJ9y0H247hQIYRXkLzJqr2iWU","Medical spa; Skin care clinic","LaserAway Sugar Land","665","4.8","1.53","Elite DOC Health and Beauty: Naz Keshwani, M.D.","509","4.9","1.04","Sugar Land Medical Spa","405","4.8","1.67","","not_called","0",""
"Aesthetic Elevation Knoxville","Knoxville","Tennessee","37909","(865) 313-3409","https://aestheticelevation.com/","","email@domain.com","contact_page","83","5.0","705 Gate Ln Ste 201, Knoxville, TN 37909","https://www.google.com/maps/search/?api=1&query=Aesthetic%20Elevation%20Knoxville&query_place_id=ChIJVxJMiiQjXIgRuwfHj77h2-k","Medical spa; Skin care clinic","RevitalyzeMD","648","4.9","0.6","Sarah Hitchcox Aesthetics","243","5.0","1.46","Create Medical Aesthetics","213","5.0","0.53","","not_called","0",""
"Derma Theory","Houston","Texas","77056","(713) 887-5988","https://www.vagaro.com/dermatheory/services","","","","238","5.0","3033 Chimney Rock Rd #105, Houston, TX 77056","https://www.google.com/maps/search/?api=1&query=Derma%20Theory&query_place_id=ChIJKVY4aFfDQIYRuhJcZLNTvTQ","Medical spa; Skin care clinic","Galleria Aesthetics and Wellness","281","4.8","0.46","Metropolitan Med Spa","151","4.4","1.09","The MedSpa at Galleria","118","5.0","1.44","","not_called","0",""
"Nu-U Medspa","The Woodlands","Texas","77380","(832) 402-1500","https://mynuumedspa.com/","","","","62","4.6","200 Valleywood Rd A200, The Woodlands, TX 77380","https://www.google.com/maps/search/?api=1&query=Nu-U%20Medspa&query_place_id=ChIJgbCIA6E1R4YRs6qeEDcRPhc","Medical spa; Body shaping class; Day spa; Facial spa; IV therapy service; Laser hair removal service; Plastic surgery clinic; Skin care clinic; Weight loss service; Wellness center","Z Med Clinic and Med Spa, Weight Loss, Hormone Therapy and IV Clinic","589","4.7","0.52","Seychelles Med & Laser Spa","440","4.9","0.43","East Shore Salon and Medspa","422","4.9","2.22","","not_called","0",""
"Naked SKN Aesthetics - Skincare & Wellness Spa","The Woodlands","Texas","77380","(832) 888-9186","http://www.nakedskn.com/","","info@www.nakedskn.com","contact_page","100","5.0","2219 Sawdust Rd STE 1403, The Woodlands, TX 77380","https://www.google.com/maps/search/?api=1&query=Naked%20SKN%20Aesthetics%20-%20Skincare%20%26%20Wellness%20Spa&query_place_id=ChIJ7bjd5Pg3R4YReok7Auumbe8","Facial spa; Beauty salon; Medical spa; Skin care clinic; Wellness center","Z Med Clinic and Med Spa, Weight Loss, Hormone Therapy and IV Clinic","589","4.7","1.54","Seychelles Med & Laser Spa","440","4.9","1.6","East Shore Salon and Medspa","422","4.9","1.83","","not_called","0",""
"Amerejuve Medspa","The Woodlands","Texas","77384","(713) 960-6262","https://www.amerejuve.com/","","info@amerejuve.com","contact_page","335","4.8","3091 College Park Dr # 275, The Woodlands, TX 77384","https://www.google.com/maps/search/?api=1&query=Amerejuve%20Medspa&query_place_id=ChIJcRR-RdgwR4YRTzPJIfyhDB8","Laser hair removal service; Medical spa","myEvergreen MedSpa","391","5.0","1.13","Avante Laser & MediSpa","326","4.9","1.78","InjectCo","155","5.0","1.32","","not_called","0",""
"Visionary Aesthetics","Sugar Land","Texas","77478","(281) 201-6597","https://sugarlandaesthetics.com/","","","","106","5.0","1480 Hwy 6 Suite A, Sugar Land, TX 77478","https://www.google.com/maps/search/?api=1&query=Visionary%20Aesthetics&query_place_id=ChIJD9Zh5nfnQIYRycmrwxpkAQM","Medical spa; Skin care clinic; Spa; Weight loss service","Advanced Dermatology – Sugar Land, TX","2415","4.7","0.75","LaserAway Sugar Land","665","4.8","0.75","Sugar Land Medical Spa","405","4.8","0.5","","not_called","0",""
"InjectCo","Shenandoah","Texas","77380","(281) 326-9985","https://injectco.com/services/med-spa-the-woodlands-tx/?utm_source=google&utm_medium=organic&utm_campaign=gbp-woodlands","","Hello@injectco.com","contact_page","155","5.0","250 Ed English Dr #3D, Shenandoah, TX 77380","https://www.google.com/maps/search/?api=1&query=InjectCo&query_place_id=ChIJj6toiLM3R4YRoLie8xKYm1A","Medical spa; Facial spa; Hair replacement service; Men's health physician; Women's health clinic; Skin care clinic; Weight loss service; Wellness center","myEvergreen MedSpa","391","5.0","0.33","Amerejuve Medspa","335","4.8","1.32","It's A Secret Med Spa - The Woodlands","120","4.7","1.82","","not_called","0",""
"Galleria Aesthetics and Wellness","Houston","Texas","77056","(713) 552-1112","https://galleriaesthetics.com/?mozlocalutm_source=google","","","","281","4.8","5373 W Alabama St #120, Houston, TX 77056","https://www.google.com/maps/search/?api=1&query=Galleria%20Aesthetics%20and%20Wellness&query_place_id=ChIJ8ZwATWTBQIYRDDFvSI-MUIw","Medical spa","Derma Theory","238","5.0","0.46","River Oaks Galleria Medspa","210","4.9","0.99","Metropolitan Med Spa","151","4.4","0.72","","not_called","0",""
"myEvergreen MedSpa","Shenandoah","Texas","77384","(346) 769-3653","https://myevergreenmedspa.com/the-woodlands/?utm_source=gbp&utm_medium=organic&utm_campaign=location-listing-MEGSH&y_source=1_MjAxODI1NjQ0NC03MTUtbG9jYXRpb24ud2Vic2l0ZQ%3D%3D","","","","391","5.0","18354 I-45 Suite 100, Shenandoah, TX 77384","https://www.google.com/maps/search/?api=1&query=myEvergreen%20MedSpa&query_place_id=ChIJZ9bQeTA5R4YRg_HlJENkNBA","Medical spa; Skin care clinic","Amerejuve Medspa","335","4.8","1.13","Avante Laser & MediSpa","326","4.9","1.51","InjectCo","155","5.0","0.33","","not_called","0",""
"Medical Aesthetics & Laser","The Woodlands","Texas","77380","(281) 419-2220","https://www.medical-al.com/","","info@medical-al.com","contact_page","87","5.0","9180 Pinecroft Dr Suite 120, The Woodlands, TX 77380","https://www.google.com/maps/search/?api=1&query=Medical%20Aesthetics%20%26%20Laser&query_place_id=ChIJVzt1s902R4YRa5wjxh0cs-I","Medical spa","myEvergreen MedSpa","391","5.0","0.99","Vedas Medical Spa","346","4.6","1.31","InjectCo","155","5.0","1.01","","not_called","0",""
"East Shore Salon and Medspa","The Woodlands","Texas","77380","(936) 271-2566","https://eastshoremedspa.com/","","","","422","4.9","207 E Shore Dr #290, The Woodlands, TX 77380","https://www.google.com/maps/search/?api=1&query=East%20Shore%20Salon%20and%20Medspa&query_place_id=ChIJbWibha03R4YRNUogQ2Q3b0c","Medical spa","Vedas Medical Spa","346","4.6","1.36","Avante Laser & MediSpa","326","4.9","1.87","It's A Secret Med Spa - The Woodlands","120","4.7","0.76","","not_called","0",""
"The Aesthetic Company","Knoxville","Tennessee","37922","(865) 748-8337","https://www.theaecompany.com/","","","","89","5.0","9700 Kingston Pike, Knoxville, TN 37922","https://www.google.com/maps/search/?api=1&query=The%20Aesthetic%20Company&query_place_id=ChIJhfGPfgsvXIgRRbemZA8xM1I","Medical spa","Pretty Girl Aesthetics","919","5.0","1.39","The Wellness Room","509","5.0","0.22","Jessica Ellam Medical Aesthetics","447","5.0","1.05","","not_called","0",""
"Advanced Aesthetics & Wellness","Shenandoah","Texas","77385","(346) 202-3070","http://www.aawtexas.com/?utm_source=GBP","","aawbyrenata@gmail.com","contact_page","74","5.0","19075 I-45 #250, Shenandoah, TX 77385","https://www.google.com/maps/search/?api=1&query=Advanced%20Aesthetics%20%26%20Wellness&query_place_id=ChIJfalYUWA3R4YR6qhmxrlACAg","Medical spa; Dermatologist; Health spa; Skin care clinic; Weight loss service; Wellness center; Wellness program","myEvergreen MedSpa","391","5.0","0.48","Amerejuve Medspa","335","4.8","1.59","InjectCo","155","5.0","0.31","","not_called","0",""
"Radiance Medical Aesthetics & Wellness","The Woodlands","Texas","77382","(281) 367-4700","https://woodlandsradiancespa.com/?utm_source=google&utm_medium=local&utm_campaign=woodlands-practice-website","","","","344","4.7","9940 Woodlands Pkwy Suite 600, The Woodlands, TX 77382","https://www.google.com/maps/search/?api=1&query=Radiance%20Medical%20Aesthetics%20%26%20Wellness&query_place_id=ChIJs3QSHbUxR4YRHUbkNmtvCiA","Medical spa; Wellness center","LaserAway Woodlands","871","4.9","5.65","Face to Face Spa at The Woodlands","144","4.7","5.12","Dr. Summer Rose MD Aesthetics","109","5.0","3.94","","not_called","0",""
"Z Med Clinic and Med Spa, Weight Loss, Hormone Therapy and IV Clinic","Spring","Texas","77380","(281) 292-3030","https://www.zmedclinic.com/locations/spring-tx/?utm_campaign=gmb","","","","589","4.7","314 Sawdust Rd #119, Spring, TX 77380","https://www.google.com/maps/search/?api=1&query=Z%20Med%20Clinic%20and%20Med%20Spa%2C%20Weight%20Loss%2C%20Hormone%20Therapy%20and%20IV%20Clinic&query_place_id=ChIJhdDwLjA0R4YRVgXn-mJ6s_4","Medical spa; Facial spa; Laser hair removal service; Skin care clinic; Tattoo removal service; Wellness center","Seychelles Med & Laser Spa","440","4.9","0.12","East Shore Salon and Medspa","422","4.9","2.6","Integrated Aesthetics - The Woodlands","131","5.0","0.98","","not_called","0",""
"Body BeneFits Medspa Health & Wellness voted #1","The Woodlands","Texas","77381","(281) 292-8882","http://www.bodybenefitswoodlands.com/","","info@bodybenefitswoodlands.com","contact_page","81","4.7","4840 W Panther Creek Dr #100, The Woodlands, TX 77381","https://www.google.com/maps/search/?api=1&query=Body%20BeneFits%20Medspa%20Health%20%26%20Wellness%20voted%20%231&query_place_id=ChIJrTe5ZBYxR4YReqosvhKx_vA","Medical spa; Day spa; Facial spa; Health and beauty shop; Holistic medicine practitioner; Laser hair removal service; Naturopathic practitioner; Skin care clinic; Teeth whitening service; Weight loss service","LaserAway Woodlands","871","4.9","1.49","East Shore Salon and Medspa","422","4.9","1.75","Vedas Medical Spa","346","4.6","1.63","","not_called","0",""
"Seychelles Med & Laser Spa","The Woodlands","Texas","77380","(281) 843-8725","http://www.seychellesmedspa.com/","","","","440","4.9","25230 Borough Park Dr, The Woodlands, TX 77380","https://www.google.com/maps/search/?api=1&query=Seychelles%20Med%20%26%20Laser%20Spa&query_place_id=ChIJnyZQjy80R4YRMDbDawABBI8","Medical spa; Skin care clinic","Z Med Clinic and Med Spa, Weight Loss, Hormone Therapy and IV Clinic","589","4.7","0.12","East Shore Salon and Medspa","422","4.9","2.57","Integrated Aesthetics - The Woodlands","131","5.0","0.88","","not_called","0",""
"Face to Face Spa at The Woodlands","The Woodlands","Texas","77381","(281) 466-2807","https://facetofacespa.com/the-woodlands/","","thewoodlands@facetofacespa.com","contact_page","144","4.7","4775 W Panther Creek Dr #220B, The Woodlands, TX 77381","https://www.google.com/maps/search/?api=1&query=Face%20to%20Face%20Spa%20at%20The%20Woodlands&query_place_id=ChIJ20KCzwoxR4YRQtNc9ufJYSs","Medical spa; Eyelash salon; Facial spa","LaserAway Woodlands","871","4.9","1.42","East Shore Salon and Medspa","422","4.9","1.94","Vedas Medical Spa","346","4.6","1.69","","not_called","0",""
"Oasis Laser MedSpa","Katy","Texas","77494","(713) 999-4494","https://oasislasermedicalspa.com/","","","","297","4.8","25145 Star Ln #301, Katy, TX 77494","https://www.google.com/maps/search/?api=1&query=Oasis%20Laser%20MedSpa&query_place_id=ChIJz3CY60onQYYRIfQH5JTG6Nc","Medical spa","All Is Well Holistic Spa","1787","4.7","0.59","Katy Med Tech Spa","1208","4.9","0.05","Shining Way Esthetics","151","4.9","0.41","","not_called","0",""
"MedSPA Katy Sapphira Prive","Katy","Texas","77449","(281) 717-8909","https://priveglowkaty.com/","","howdy@priveglowkaty.com","contact_page","118","4.9","2039 N Mason Rd Ste 603, Katy, TX 77449","https://www.google.com/maps/search/?api=1&query=MedSPA%20Katy%20Sapphira%20Prive&query_place_id=ChIJGSzMG3onQYYR-HrCVSKN1_Q","Medical spa; Facial spa; Laser hair removal service; Skin care clinic; Weight loss service","Selah MediSpa","424","4.8","2.09","Le Chloé Med Spa","158","4.8","0.02","Katy Medi Spa","103","4.6","2.06","","not_called","0",""
"Vita Bella Medical Spa","Katy","Texas","77494","(832) 203-3705","http://www.vitabellaspa.com/","","lavitaebellakaty@gmail.com","contact_page","74","4.9","26717 Westheimer Pkwy Ste 102, Katy, TX 77494","https://www.google.com/maps/search/?api=1&query=Vita%20Bella%20Medical%20Spa&query_place_id=ChIJe8LDZoUnQYYRBx_MFWNODLQ","Medical spa; Facial spa; Laser hair removal service; Skin care clinic; Spa","Katy Med Tech Spa","1208","4.9","1.15","Oasis Laser MedSpa","297","4.8","1.11","Zero Age MedSpa","197","5.0","1.11","","not_called","0",""
"Integrated Aesthetics - The Woodlands","Spring","Texas","77386","(281) 845-4981","https://www.integratedaesthetics.com/?utm_source=GMBlisting&utm_medium=organic&utm_campaign=Woodlands","","","","131","5.0","26118 I-45, Spring, TX 77386","https://www.google.com/maps/search/?api=1&query=Integrated%20Aesthetics%20-%20The%20Woodlands&query_place_id=ChIJwxksilk3R4YR25drpDnrD1I","Medical spa; Hair replacement service; Dermatologist; Skin care clinic","Z Med Clinic and Med Spa, Weight Loss, Hormone Therapy and IV Clinic","589","4.7","0.98","Seychelles Med & Laser Spa","440","4.9","0.88","East Shore Salon and Medspa","422","4.9","2.0","","not_called","0",""
"Lab De Skin KATY","Katy","Texas","77494","(832) 437-8128","http://www.labdeskin.com/","","contact@labdeskin.com","contact_page","108","4.8","25830 Westheimer Pkwy #850, Katy, TX 77494","https://www.google.com/maps/search/?api=1&query=Lab%20De%20Skin%20KATY&query_place_id=ChIJLdcoLQAhQYYRPzXrpsn0K5I","Medical spa","Katy Med Tech Spa","1208","4.9","1.59","Oasis Laser MedSpa","297","4.8","1.57","Shining Way Esthetics","151","4.9","1.5","","not_called","0",""
"Katy Med Tech Spa","Katy","Texas","77494","(832) 554-4948","http://www.katymedtechspa.com/","","","","1208","4.9","25145 Star Ln #1002, Katy, TX 77494","https://www.google.com/maps/search/?api=1&query=Katy%20Med%20Tech%20Spa&query_place_id=ChIJBw-QML5uj0sRp2nKXOfrXl0","Facial spa; Massage spa; Medical spa; Spa; Weight loss service; Wellness program","All Is Well Holistic Spa","1787","4.7","0.57","Oasis Laser MedSpa","297","4.8","0.05","Shining Way Esthetics","151","4.9","0.37","","not_called","0",""
"Zero Age MedSpa","Katy","Texas","77494","(281) 769-9608","https://www.zeroagemedspa.com/","","Info@zeroagemedspa.com","contact_page","197","5.0","1325 Main St Suite 604, Katy, TX 77494","https://www.google.com/maps/search/?api=1&query=Zero%20Age%20MedSpa&query_place_id=ChIJTXlAw5ElQYYRqd2931zpaCM","Medical spa; Facial spa; Laser hair removal service; Permanent make-up clinic; Skin care clinic; Weight loss service; Wellness center","Katy Med Tech Spa","1208","4.9","1.19","Oasis Laser MedSpa","297","4.8","1.14","Viata Aesthetics and Wellness","127","5.0","0.42","","not_called","0",""
"Katy Medi Spa","Katy","Texas","77450","(832) 678-8199","https://katymedispa.com/","","info@Katymedispa.com","contact_page","103","4.6","21238 Kingsland Blvd Ste. 1B, Katy, TX 77450","https://www.google.com/maps/search/?api=1&query=Katy%20Medi%20Spa&query_place_id=ChIJtS7jRUMnQYYRhLd-P15sAHM","Medical spa; Facial spa; Laser hair removal service; Skin care products vending machine; Weight loss service","Selah MediSpa","424","4.8","0.39","H-Town Aesthetics","129","5.0","1.25","Dream Aesthetic by Dr. Ortiz","117","5.0","0.26","","not_called","0",""
"YenCare MedSpa","Katy","Texas","77494","(281) 505-7168","http://yencare-studio.square.site/","","","","70","4.9","26717 Westheimer Pkwy Suite 1001, Katy, TX 77494","https://www.google.com/maps/search/?api=1&query=YenCare%20MedSpa&query_place_id=ChIJDb0L8lonQYYR4nWmpTXOgvE","Medical spa; Beautician; Facial spa","Katy Med Tech Spa","1208","4.9","1.19","Oasis Laser MedSpa","297","4.8","1.15","Zero Age MedSpa","197","5.0","1.22","","not_called","0",""
"LUXE Medical Aesthetics","Katy","Texas","77450","(833) 998-5893","https://theluxeeffect.com/","","luxemedicalaesthetics@gmail.com","contact_page","78","4.9","21770 Kingsland Blvd, Katy, TX 77450","https://www.google.com/maps/search/?api=1&query=LUXE%20Medical%20Aesthetics&query_place_id=ChIJfx5rWBInQYYR86TdhORsXH8","Medical spa","Selah MediSpa","424","4.8","0.12","H-Town Aesthetics","129","5.0","1.44","Dream Aesthetic by Dr. Ortiz","117","5.0","0.64","","not_called","0",""
"All Is Well Holistic Spa","Katy","Texas","77494","(832) 913-8186","https://alliswellspa.com/?y_source=1_MjAxODczNTUtNzE1LWxvY2F0aW9uLndlYnNpdGU%3D","","sales@alliswellspa.com","contact_page","1787","4.7","2001 Katy Mills Blvd STE I, Katy, TX 77494","https://www.google.com/maps/search/?api=1&query=All%20Is%20Well%20Holistic%20Spa&query_place_id=ChIJf4y0LpomQYYROphiMVNb5b0","Medical spa; Facial spa; Massage spa; Skin care clinic; Wellness center","Katy Med Tech Spa","1208","4.9","0.57","Oasis Laser MedSpa","297","4.8","0.59","Shining Way Esthetics","151","4.9","0.81","","not_called","0",""
"Dream Aesthetic by Dr. Ortiz","Katy","Texas","77450","(346) 539-2104","https://yourdreamaesthetic.com/","","info@yourdreamaesthetic.com","contact_page","117","5.0","20923 Kingsland Blvd, Katy, TX 77450","https://www.google.com/maps/search/?api=1&query=Dream%20Aesthetic%20by%20Dr.%20Ortiz&query_place_id=ChIJ8XMA2JknQYYROBEpmeSx2cc","Medical spa; Dermatologist; Medical clinic","Selah MediSpa","424","4.8","0.64","Le Chloé Med Spa","158","4.8","2.13","H-Town Aesthetics","129","5.0","1.2","","not_called","0",""
"Selah MediSpa","Katy","Texas","77450","(281) 201-4067","http://www.selahmedispa.com/","","selahmedispa08@gmail.com","contact_page","424","4.8","21715 Kingsland Blvd #100, Katy, TX 77450","https://www.google.com/maps/search/?api=1&query=Selah%20MediSpa&query_place_id=ChIJmz12wUYnQYYRH69SlKKHhQg","Medical clinic","H-Town Aesthetics","129","5.0","1.34","Dream Aesthetic by Dr. Ortiz","117","5.0","0.64","Katy Medi Spa","103","4.6","0.39","","not_called","0",""
"Amerejuve MedSpa, Katy TX - Laser Hair Removal, CoolSculpting & Botox Katy","Katy","Texas","77494","(713) 960-6262","https://www.amerejuve.com/","","info@amerejuve.com","contact_page","200","4.7","2717 Commercial Center Blvd SuiteE170, Katy, TX 77494","https://www.google.com/maps/search/?api=1&query=Amerejuve%20MedSpa%2C%20Katy%20TX%20-%20Laser%20Hair%20Removal%2C%20CoolSculpting%20%26%20Botox%20Katy&query_place_id=ChIJM-_3OyYhQYYRUEBDsSA15-4","Laser hair removal service; Medical spa","SkinSpirit Katy","170","4.9","0.26","Lab De Skin KATY","108","4.8","1.76","HTX Aesthetics","71","5.0","1.32","","not_called","0",""
"Vedas Medical Spa","The Woodlands","Texas","77381","(281) 298-5476","http://www.vedasmedspa.com/","","","","346","4.6","2626 Research Forest Dr, The Woodlands, TX 77381","https://www.google.com/maps/search/?api=1&query=Vedas%20Medical%20Spa&query_place_id=ChIJN84HmcTNQIYROD6JV9hiRUs","Medical spa; Skin care clinic; Weight loss service; Wellness program","LaserAway Woodlands","871","4.9","0.94","East Shore Salon and Medspa","422","4.9","1.36","Avante Laser & MediSpa","326","4.9","0.51","","not_called","0",""
"Le Chloé Med Spa","Katy","Texas","77449","(281) 394-0370","https://www.lechloemedspa.com/","","info@lechloemedspa.com","contact_page","158","4.8","2023 N Mason Rd #204, Katy, TX 77449","https://www.google.com/maps/search/?api=1&query=Le%20Chlo%C3%A9%20Med%20Spa&query_place_id=ChIJfTVhc7EnQYYRBPzcBqZPn7M","Medical spa; Facial spa; Hair removal service; Laser hair removal service; Weight loss service","Selah MediSpa","424","4.8","2.09","MedSPA Katy Sapphira Prive","118","4.9","0.02","Katy Medi Spa","103","4.6","2.06","","not_called","0",""
"H-Town Aesthetics","Katy","Texas","77450","(832) 600-1907","https://htownaesthetics.com/?utm_source=google&utm_medium=organic&utm_campaign=gbp","","contact@htownaesthetics.com","contact_page","129","5.0","21003 Highland Knolls Dr Ste.300, Katy, TX 77450","https://www.google.com/maps/search/?api=1&query=H-Town%20Aesthetics&query_place_id=ChIJ70k54wwnQYYReAQfDI-NQAE","Medical spa; Facial spa; Laser hair removal service; Skin care clinic","Selah MediSpa","424","4.8","1.34","Dream Aesthetic by Dr. Ortiz","117","5.0","1.2","Katy Medi Spa","103","4.6","1.25","","not_called","0",""
"Sisu Clinic Miami","Miami","Florida","33131","(786) 635-1565","http://www.sisuclinic.com/","","hello@sisuclinic.com","contact_page","342","4.9","Centre, 701 S Miami Ave Unit 364c, Miami, FL 33131","https://www.google.com/maps/search/?api=1&query=Sisu%20Clinic%20Miami&query_place_id=ChIJ-VlitVK32YgRQnGXGlTX9Kc","Skin care clinic; Medical clinic; Medical spa","LUX MedSpa Brickell","2227","5.0","0.11","Miami Aesthetic - Pat Pazmiño, MD, FACS","344","4.7","0.22","Solea Brickell Spa","341","4.4","0.08","","not_called","0",""
"NuYou Medical Aesthetics","Miami","Florida","33132","(305) 204-0659","http://www.lovethenuyou.com/","","inquiries@lovethenuyou.com","contact_page","465","5.0","888 Biscayne Blvd Suite 505, Room 532, Miami, FL 33132","https://www.google.com/maps/search/?api=1&query=NuYou%20Medical%20Aesthetics&query_place_id=ChIJU-ijche32YgRDpOGzMX_vsk","Medical spa; Cosmetics store; Dermatologist; Hair replacement service; Plastic surgery clinic; Skin care clinic; Spa; Spa and health club; Weight loss service; Wellness program","Sisu Clinic Miami","342","4.9","1.04","Deluxe Med Spa Beauty","267","4.9","0.68","Bella Vida Aesthetics & Wellness","150","4.8","0.62","","not_called","0",""
"Dr. Summer Rose MD Aesthetics","The Woodlands","Texas","77375","(281) 724-2322","https://www.drsummerrose.com/","","contact@drsummerrose.com","contact_page","109","5.0","26400 Kuykendahl Rd Ste 16, The Woodlands, TX 77375","https://www.google.com/maps/search/?api=1&query=Dr.%20Summer%20Rose%20MD%20Aesthetics&query_place_id=ChIJ6eWCTIgxR4YR97gPhIHQQKg","Medical spa","LaserAway Woodlands","871","4.9","4.47","Radiance Medical Aesthetics & Wellness","344","4.7","3.94","Face to Face Spa at The Woodlands","144","4.7","3.13","","not_called","0",""
"HTX Aesthetics","Katy","Texas","77450","(832) 841-4043","https://www.htx-aesthetics.com/","","","","71","5.0","22167 Westheimer Pkwy # 120, Katy, TX 77450","https://www.google.com/maps/search/?api=1&query=HTX%20Aesthetics&query_place_id=ChIJy7nyXtAhQYYREyuOhTI4QV8","Medical spa; Skin care clinic","Selah MediSpa","424","4.8","2.85","Amerejuve MedSpa, Katy TX - Laser Hair Removal, CoolSculpting & Botox Katy","200","4.7","1.32","SkinSpirit Katy","170","4.9","1.43","","not_called","0",""
"Zia Medical Aesthetics","Miami","Florida","33130","(754) 223-8802","http://www.ziamedicalaesthetics.com/","","info@ziamedicalaesthetics.com","contact_page","66","5.0","40 SW 13th St Suite #904, Miami, FL 33130","https://www.google.com/maps/search/?api=1&query=Zia%20Medical%20Aesthetics&query_place_id=ChIJ4bWdSBu32YgRitrPEJb0L5M","Facial spa; Medical spa","LUX MedSpa Brickell","2227","5.0","0.35","Miami Aesthetic - Pat Pazmiño, MD, FACS","344","4.7","0.32","Euphoria Aesthetics","305","4.8","0.01","","not_called","0",""
"MDW Aesthetics Miami","Miami","Florida","33130","(305) 995-5439","https://www.mdwaesthetics.com/","","brickell@mdwaesthetics.com","contact_page","106","4.8","40 SW 13th St Ste 1001, Miami, FL 33130","https://www.google.com/maps/search/?api=1&query=MDW%20Aesthetics%20Miami&query_place_id=ChIJoeJqOt632YgRiwXx3l9AHEA","Medical spa; Medical clinic; Skin care clinic; Spa","LUX MedSpa Brickell","2227","5.0","0.34","Miami Aesthetic - Pat Pazmiño, MD, FACS","344","4.7","0.3","Euphoria Aesthetics","305","4.8","0.01","","not_called","0",""
"No Filter Medical Spa","Miami","Florida","33130","(305) 619-2651","https://nofiltermedspa.com/","","info@nofiltermedspa.com","contact_page","196","4.9","829 SW 1st Ave, Miami, FL 33130","https://www.google.com/maps/search/?api=1&query=No%20Filter%20Medical%20Spa&query_place_id=ChIJIwS0toq32YgRtdNmpvUoV8A","Medical spa; Facial spa; Laser hair removal service; Spa","LUX MedSpa Brickell","2227","5.0","0.12","Solea Brickell Spa","341","4.4","0.1","DinStyle Aesthetics Services BRICKELL","151","4.6","0.17","","not_called","0",""
"Euphoria Aesthetics","Miami","Florida","33130","(786) 801-4479","http://305euphoria.com/","","","","305","4.8","40 SW 13th St #404, Miami, FL 33130","https://www.google.com/maps/search/?api=1&query=Euphoria%20Aesthetics&query_place_id=ChIJP9G5pNK32YgREHFOe_7jZG0","Medical spa","LUX MedSpa Brickell","2227","5.0","0.34","Miami Aesthetic - Pat Pazmiño, MD, FACS","344","4.7","0.31","Dr. Hamadiya Miami Wellness and Aesthetic Center","282","5.0","0.3","","not_called","0",""
"Bella Vida Aesthetics & Wellness","Miami","Florida","33131","(786) 338-8346","https://bellavidaaesthetics.com/","","info@bellavidaaesthetics.com","contact_page","150","4.8","151 SE 1st St Ph 05, Miami, FL 33131","https://www.google.com/maps/search/?api=1&query=Bella%20Vida%20Aesthetics%20%26%20Wellness&query_place_id=ChIJhTDBsA-32YgR8ZnGIpTv4tc","Medical spa; Wellness center","LUX MedSpa Brickell","2227","5.0","0.54","Sisu Clinic Miami","342","4.9","0.43","Solea Brickell Spa","341","4.4","0.51","","not_called","0",""
"The Aesthetics MD & Wellness | Coral Gables & South Miami | Dermal Filler, Weight Loss, Laser, Cosmetic Med Spa","Coral Gables","Florida","33134","(305) 586-3242","https://theaestheticsmd.com/","","theaestheticsmd@gmail.com","contact_page","80","5.0","747 Ponce de Leon Blvd STE 501, Coral Gables, FL 33134","https://www.google.com/maps/search/?api=1&query=The%20Aesthetics%20MD%20%26%20Wellness%20%7C%20Coral%20Gables%20%26%20South%20Miami%20%7C%20Dermal%20Filler%2C%20Weight%20Loss%2C%20Laser%2C%20Cosmetic%20Med%20Spa&query_place_id=ChIJ99Qx7oS32YgRTN4PpSiVN7s","Medical spa","Med Aesthetics Miami","433","4.8","0.79","Ilu Collective","195","5.0","0.63","The Plump Room","188","5.0","0.87","","not_called","0",""
"Skin Spa New York - Miami Beach Medical Spa","Miami Beach","Florida","33139","(305) 397-8484","https://skinspanewyork.com/pages/miami-beach?utm_source=google&utm_medium=organic&utm_campaign=google-business-profile-miami-beach","","info@skinspanewyork.com","contact_page","69","4.7","1614 Alton Rd Suite 206, Miami Beach, FL 33139","https://www.google.com/maps/search/?api=1&query=Skin%20Spa%20New%20York%20-%20Miami%20Beach%20Medical%20Spa&query_place_id=ChIJhecWaou12YgR2L4GXrZg2qY","Medical spa; Facial spa; Laser hair removal service; Massage spa; Skin care clinic; Spa","VIIV WELLNESS HAUS","290","5.0","0.36","BODYWELLE","211","4.8","0.55","Chadia Ali MedSpa & Aesthetics","108","5.0","1.03","","not_called","0",""
"Med Aesthetics Miami","Miami","FL","33134","(305) 356-7402","https://medaestheticsmiami.com/?utm_source=google&utm_medium=organic&utm_content=gables&utm_campaign=gmb","","aventura@medaestheticsmiami.com","contact_page","433","4.8","2020 Ponce de Leon Suite 106, Coral Gables, Miami, FL 33134","https://www.google.com/maps/search/?api=1&query=Med%20Aesthetics%20Miami&query_place_id=ChIJkxNWdMS22YgROy0QtiWx41o","Medical spa; Beautician; Beauty product supplier; Beauty salon; Day spa; Facial spa; Health and beauty shop; Laser hair removal service; Skin care clinic; Wellness center","Ilu Collective","195","5.0","0.2","The Plump Room","188","5.0","0.12","Medilight Aesthetic Clinic - Coral Gables","138","4.9","0.49","","not_called","0",""
"Rejuvaline Medspa at Flamingo","Miami Beach","Florida","33139","(786) 884-0110","https://rejuvalinemedspa.com/miami-beach/","","","","72","4.9","1508 Bay Rd, Miami Beach, FL 33139","https://www.google.com/maps/search/?api=1&query=Rejuvaline%20Medspa%20at%20Flamingo&query_place_id=ChIJ33wPW2K12YgR4IbuHBDmFEc","Medical spa; Bridal shop; Facial spa; Laser hair removal service; Massage spa; Health and beauty shop; Wellness program","VIIV WELLNESS HAUS","290","5.0","0.46","BODYWELLE","211","4.8","0.49","Chadia Ali MedSpa & Aesthetics","108","5.0","0.97","","not_called","0",""
"LUX MedSpa Brickell","Miami","Florida","33130","(305) 988-9388","https://www.luxmedspabrickell.com/","","info@luxmedspabrickell.com","contact_page","2227","5.0","805 S Miami Ave 9th Floor, Miami, FL 33130","https://www.google.com/maps/search/?api=1&query=LUX%20MedSpa%20Brickell&query_place_id=ChIJtRS0HVy32YgRsiZz9ho-xq4","Medical spa; Facial spa; Lymph drainage therapist; Massage spa; Day spa","Miami Aesthetic - Pat Pazmiño, MD, FACS","344","4.7","0.13","Sisu Clinic Miami","342","4.9","0.11","Solea Brickell Spa","341","4.4","0.06","","not_called","0",""
"Charette Cosmetics Medical Spa - Miami Beach","Miami Beach","Florida","33140","(404) 430-4378 ext. 3","https://charettecosmetics.com/miami/?utm_source=google&utm_medium=organic&utm_campaign=GBPMiami","","customerservice@charettecosmetics.com","contact_page","581","5.0","400 W 41st St Suite 201, Miami Beach, FL 33140","https://www.google.com/maps/search/?api=1&query=Charette%20Cosmetics%20Medical%20Spa%20-%20Miami%20Beach&query_place_id=ChIJ-VkNhhuz2YgR3tgNIZtgN94","Medical spa; Facial spa; Laser hair removal service; Skin care clinic; Spa; Tattoo removal service; Weight loss service; Wellness program","VIIV WELLNESS HAUS","290","5.0","1.6","Miami Beach Laser & Aesthetics","123","5.0","0.73","Skin Spa New York - Miami Beach Medical Spa","69","4.7","1.87","","not_called","0",""
"Chadia Ali MedSpa & Aesthetics","Miami Beach","Florida","33139","(754) 327-9802","https://www.chadiaalimedspa.com/","","Contact@chadiaalimedspa.com","contact_page","108","5.0","1107 5th St suite 170, Miami Beach, FL 33139","https://www.google.com/maps/search/?api=1&query=Chadia%20Ali%20MedSpa%20%26%20Aesthetics&query_place_id=ChIJP34kziy12YgRBxkR0_thaLk","Medical spa; Spa","VIIV WELLNESS HAUS","290","5.0","1.38","BODYWELLE","211","4.8","0.48","Rejuvaline Medspa at Flamingo","72","4.9","0.97","","not_called","0",""
"ReJuve Aesthetics Miami","Miami","Florida","33132","(786) 813-0119","http://rejuve.miami/","","rejuveaestheticsmiami@gmail.com","contact_page","76","5.0","245 NE 14th St, Miami, FL 33132","https://www.google.com/maps/search/?api=1&query=ReJuve%20Aesthetics%20Miami&query_place_id=ChIJqTNuOI232YgRpQJgo9E6gNU","Facial spa","NuYou Medical Aesthetics","465","5.0","0.41","Sisu Clinic Miami","342","4.9","1.44","Deluxe Med Spa Beauty","267","4.9","1.08","","not_called","0",""
"VIIV WELLNESS HAUS","Miami Beach","Florida","33139","(786) 550-6249","http://viivwellnesshaus.com/?utm_source=google&utm_medium=organic&utm_campaign=gbp","","viivwellnesshaus@gmail.com","contact_page","290","5.0","1874 West Ave Suite 1, Miami Beach, FL 33139","https://www.google.com/maps/search/?api=1&query=VIIV%20WELLNESS%20HAUS&query_place_id=ChIJt9Fe9pGEgGgRLoKIU_Jw6k8","Medical spa; Laser hair removal service; Skin care clinic; Weight loss service; Wellness center","BODYWELLE","211","4.8","0.9","Rejuvaline Medspa at Flamingo","72","4.9","0.46","Skin Spa New York - Miami Beach Medical Spa","69","4.7","0.36","","not_called","0",""
"BODYWELLE","Miami Beach","Florida","33139","(305) 877-5084","https://alonsomartinmd.com/?utm_source=GMB&utm_medium=organic&utm_campaign=GMB","","","","211","4.8","1060 Alton Rd, Miami Beach, FL 33139","https://www.google.com/maps/search/?api=1&query=BODYWELLE&query_place_id=ChIJFxABNm6t2YgRfPkzpeu5HS8","Medical spa; Hair transplantation clinic; Laser hair removal service; Medical clinic; Skin care clinic; Weight loss service; Wellness center","VIIV WELLNESS HAUS","290","5.0","0.9","Chadia Ali MedSpa & Aesthetics","108","5.0","0.48","Rejuvaline Medspa at Flamingo","72","4.9","0.49","","not_called","0",""
"Miami Aesthetic - Pat Pazmiño, MD, FACS","Miami","Florida","33131","(305) 576-3443","https://miamiaesthetic.com/?UTM_source=GBP_listing&UTM_medium=organic&source=gmb","","","","344","4.7","848 Brickell Ave STE 820, Miami, FL 33131","https://www.google.com/maps/search/?api=1&query=Miami%20Aesthetic%20-%20Pat%20Pazmi%C3%B1o%2C%20MD%2C%20FACS&query_place_id=ChIJF3pAo4O22YgR-WpDxB3eE1M","Plastic surgery clinic; Doctor; Medical spa; Plastic surgeon; Surgical center","LUX MedSpa Brickell","2227","5.0","0.13","Sisu Clinic Miami","342","4.9","0.22","Solea Brickell Spa","341","4.4","0.19","","not_called","0",""
"Brickell Cosmetic Center-Aesthetics & Dermatology","Miami","Florida","33129","(305) 456-6001","https://brickellcosmetic.com/","","","","438","4.6","2730 SW 3rd Ave Ste 100, Miami, FL 33129","https://www.google.com/maps/search/?api=1&query=Brickell%20Cosmetic%20Center-Aesthetics%20%26%20Dermatology&query_place_id=ChIJt7xbx4m22YgRiCc1jctvNNA","Medical spa; Dermatologist","Euphoria Aesthetics","305","4.8","1.07","No Filter Medical Spa","196","4.9","1.21","MDW Aesthetics Miami","106","4.8","1.08","","not_called","0",""
"Miami Beach Laser & Aesthetics","Miami Beach","Florida","33140","(305) 610-8284","http://www.miamibeachlaserandaesthetics.com/","","info@miamibeachlaserandaesthetics.com","contact_page","123","5.0","4302 Alton Rd Suite 740, Miami Beach, FL 33140","https://www.google.com/maps/search/?api=1&query=Miami%20Beach%20Laser%20%26%20Aesthetics&query_place_id=ChIJS4dcz66z2YgRhj8_hQOVv5E","Medical spa","Charette Cosmetics Medical Spa - Miami Beach","581","5.0","0.73","VIIV WELLNESS HAUS","290","5.0","1.37","Skin Spa New York - Miami Beach Medical Spa","69","4.7","1.71","","not_called","0",""
"Monaco MedSpa","Miami","Florida","33137","(786) 536-6117","https://www.monacomedspa.com/?utm_source=GMBlisting&utm_medium=organic&utm_campaign=gmb","","officemanager@monacomedspa.com","contact_page","150","5.0","2930 NE 2nd Ct, Miami, FL 33137","https://www.google.com/maps/search/?api=1&query=Monaco%20MedSpa&query_place_id=ChIJyVdcXaix2YgRMNbOy53MdC0","Medical spa; Beauty salon; Day spa; Doctor; Facial spa; Hair replacement service; Skin care clinic; Spa","NuYou Medical Aesthetics","465","5.0","1.53","Sisu Clinic Miami","342","4.9","2.56","Deluxe Med Spa Beauty","267","4.9","2.19","","not_called","0",""
"Skin Spa New York - Back Bay","Boston","Massachusetts","02115","(617) 236-1444","https://skinspanewyork.com/pages/boston-back-bay-spa","","info@skinspanewyork.com","contact_page","381","4.8","284 Newbury St Floor 3, Boston, MA 02115","https://www.google.com/maps/search/?api=1&query=Skin%20Spa%20New%20York%20-%20Back%20Bay&query_place_id=ChIJo9Y9lw9644kRR5soqeEBYyk","Medical spa; Facial spa; Laser hair removal service; Massage spa; Skin care clinic; Spa","Skin Spa New York North Station","231","4.9","1.64","Restore Hyper Wellness","188","4.9","2.98","Skin Laundry - Arsenal Yards","174","4.7","3.95","","not_called","0",""
"Rockmore Plastic Surgery: Jeffrey Rockmore, MD","Latham","New York","12110","(518) 328-3330","https://www.rockmoreplasticsurgery.com/?utm_source=google&utm_medium=local&utm_campaign=latham-practice-website","","","","201","4.7","15 Old Loudon Rd, Latham, NY 12110","https://www.google.com/maps/search/?api=1&query=Rockmore%20Plastic%20Surgery%3A%20Jeffrey%20Rockmore%2C%20MD&query_place_id=ChIJh3_-sRYL3okRJClx52gGqCM","Medical spa; Plastic surgeon; Skin care clinic","Schweiger Dermatology Group - Altamont","718","4.9","8.55","","0","0.0","0.0","","0","0.0","0.0","","not_called","0",""
"Solea Brickell Spa","Miami","Florida","33131","(786) 418-4515","https://soleabrickellspa.com/","","info@soleabrickellspa.com","contact_page","341","4.4","701 S Miami Ave Suite 311A, Miami, FL 33131","https://www.google.com/maps/search/?api=1&query=Solea%20Brickell%20Spa&query_place_id=ChIJdxTDfYO32YgR_dV5rECP7_E","Medical spa; Laser hair removal service; Sauna; Spa; Spa and health club","LUX MedSpa Brickell","2227","5.0","0.06","Miami Aesthetic - Pat Pazmiño, MD, FACS","344","4.7","0.19","Sisu Clinic Miami","342","4.9","0.08","","not_called","0",""
"Luminous MediSpa","Katy","Texas","77494","(281) 665-3666","http://www.luminousmedispa.com/","","","","138","4.9","410 W Grand Pkwy S #310, Katy, TX 77494","https://www.google.com/maps/search/?api=1&query=Luminous%20MediSpa&query_place_id=ChIJywhTBNcnQYYR4gZmJ4pWG_E","Medical spa; Laser hair removal service; Skin care clinic","Shining Way Esthetics","151","4.9","1.1","Blissful Aesthetics","49","5.0","0.49","NakedMD Med Spa Katy","43","5.0","1.01","","not_called","0",""
"Samara MedSpa Avon","Avon","Connecticut","06001","(860) 996-4096","https://samaramedspa.com/?utm_source=google&utm_medium=organic&utm_campaign=gbp","","info@samaramedspa.com","contact_page","391","4.8","380 W Main St, Avon, CT 06001","https://www.google.com/maps/search/?api=1&query=Samara%20MedSpa%20Avon&query_place_id=ChIJk-BzR5Cv54kR7Z17Hetyy7Q","Medical spa; Facial spa; Laser hair removal service; Skin care clinic","Restore Hyper Wellness","235","4.8","6.27","Radiant Beauty & Health West Hartford","155","4.5","7.11","Radiance Medspa","118","4.7","0.23","","not_called","0",""
"Body Rx Miami Anti-Aging & Medspa","Coral Gables","Florida","33146","(305) 330-6900","https://bodyrxantiaging.com/","","","","298","4.8","3850 Bird Rd #103B, Coral Gables, FL 33146","https://www.google.com/maps/search/?api=1&query=Body%20Rx%20Miami%20Anti-Aging%20%26%20Medspa&query_place_id=ChIJzcX1Vuq32YgRYnXj4RZI93c","Medical clinic; Medical spa; Wellness center","ALEXIS LAUREN | Coral Gables","447","5.0","0.12","Facial Mania Med Spa - Coral Gables","342","4.7","0.26","Medilight Aesthetic Clinic - Coral Gables","138","4.9","0.88","","not_called","0",""
"Tru Essence Cosmetic and Medical Spa","Houston","Texas","77002","(713) 485-5200","http://truessencespa.com/","","","","66","4.3","2000 Crawford St Suite 107, Houston, TX 77002","https://www.google.com/maps/search/?api=1&query=Tru%20Essence%20Cosmetic%20and%20Medical%20Spa&query_place_id=ChIJD0lV8RW_QIYRg98dsMHFA_8","Medical spa","Sisu Clinic Houston","434","4.9","1.44","Nia Aesthetics MD","220","5.0","1.64","Evolve Aesthetics Medspa","107","4.7","1.77","","not_called","0",""
"Viata Aesthetics and Wellness","Katy","Texas","77494","(346) 307-4917","http://viataaestheticsandwellness.com/","","","","127","5.0","26077 Nelson Way #802, Katy, TX 77494","https://www.google.com/maps/search/?api=1&query=Viata%20Aesthetics%20and%20Wellness&query_place_id=ChIJq852siQlQYYR5qWS8mEq3JA","Medical spa; Health spa; Skin care clinic; Spa","All Is Well Holistic Spa","1787","4.7","1.49","Katy Med Tech Spa","1208","4.9","1.52","Oasis Laser MedSpa","297","4.8","1.48","","not_called","0",""
"Now You Glow","Coral Gables","Florida","33134","(305) 316-4810","https://nowyouglowmedspa.com/","","info@glowaesthetics.life","contact_page","99","5.0","147 Alhambra Cir Suite 215, Coral Gables, FL 33134","https://www.google.com/maps/search/?api=1&query=Now%20You%20Glow&query_place_id=ChIJv-e0Tei32YgRHjLYGAHJqog","Medical spa; Wellness center","Med Aesthetics Miami","433","4.8","0.13","Ilu Collective","195","5.0","0.24","The Plump Room","188","5.0","0.01","","not_called","0",""
"FaceMe Aesthetics - Botox Miami / Microneedling Miami","Coral Gables","Florida","33146","(305) 204-5708","https://facemeaesthetic.com/","","hi@typemade.mx","contact_page","87","4.9","358 San Lorenzo Ave Suite 3225-5, Coral Gables, FL 33146","https://www.google.com/maps/search/?api=1&query=FaceMe%20Aesthetics%20-%20Botox%20Miami%20%2F%20Microneedling%20Miami&query_place_id=ChIJsfYHbFy32YgRyaSOyIJBP8A","Medical spa; Facial spa; Skin care clinic","ALEXIS LAUREN | Coral Gables","447","5.0","0.16","Azala Skin Clinic","410","4.9","1.07","Facial Mania Med Spa - Coral Gables","342","4.7","0.21","","not_called","0",""
"ALEXIS LAUREN | Coral Gables","Coral Gables","Florida","33146","(305) 686-3393","https://alexislauren.com/","","info@alexislauren.com","contact_page","447","5.0","4203 Ponce de Leon Blvd Unit 110, Coral Gables, FL 33146","https://www.google.com/maps/search/?api=1&query=ALEXIS%20LAUREN%20%7C%20Coral%20Gables&query_place_id=ChIJFaagi_-32YgR8InijBo7QhQ","Medical spa; Day spa; Doctor; Facial spa; Health and beauty shop; Laser hair removal service; Medical clinic; Skin care clinic; Spa","Azala Skin Clinic","410","4.9","0.99","Facial Mania Med Spa - Coral Gables","342","4.7","0.2","Body Rx Miami Anti-Aging & Medspa","298","4.8","0.12","","not_called","0",""
"Vanity Point & Wellness","Coral Gables","Florida","33146","(305) 799-4576","http://vanitypointwellness.com/","","","","68","5.0","1553 San Ignacio Ave Suite B, Coral Gables, FL 33146","https://www.google.com/maps/search/?api=1&query=Vanity%20Point%20%26%20Wellness&query_place_id=ChIJS2xehAXB2YgRRStZ5rOar7U","Medical spa","ALEXIS LAUREN | Coral Gables","447","5.0","2.48","Azala Skin Clinic","410","4.9","2.93","Facial Mania Med Spa - Coral Gables","342","4.7","2.45","","not_called","0",""
"Ilu Collective","Coral Gables","Florida","33134","(786) 539-3085","http://ilucollective.com/","","info@ilucollective.com","contact_page","195","5.0","135 Madeira Ave, Coral Gables, FL 33134","https://www.google.com/maps/search/?api=1&query=Ilu%20Collective&query_place_id=ChIJv298GKa32YgRroVH1WT-zYc","Medical spa; Skin care clinic","Med Aesthetics Miami","433","4.8","0.2","The Plump Room","188","5.0","0.24","Now You Glow","99","5.0","0.24","","not_called","0",""
"Facial Mania Med Spa - Coral Gables","Coral Gables","Florida","33146","(305) 376-7261","https://facialmaniamedspamiami.com/","","","","342","4.7","4015 Laguna St, Coral Gables, FL 33146","https://www.google.com/maps/search/?api=1&query=Facial%20Mania%20Med%20Spa%20-%20Coral%20Gables&query_place_id=ChIJL_2G4_q32YgRlc_hiAh_FwQ","Medical spa","ALEXIS LAUREN | Coral Gables","447","5.0","0.2","Body Rx Miami Anti-Aging & Medspa","298","4.8","0.26","Medilight Aesthetic Clinic - Coral Gables","138","4.9","0.88","","not_called","0",""
"VIO Med Spa Casa Linda","Dallas","Texas","75218","(214) 764-0350","https://www.viomedspa.com/locations/casa-linda","","casalinda@viomedspa.com","contact_page","112","4.7","9440 Garland Rd, Dallas, TX 75218","https://www.google.com/maps/search/?api=1&query=VIO%20Med%20Spa%20Casa%20Linda&query_place_id=ChIJAacsSDGhToYR9b-GeygF6KQ","Medical spa; Facial spa; Health and beauty shop; Skin care clinic; Wellness center","UPKEEP Med Spa","887","4.9","4.79","Aesteem Aesthetics","124","4.9","4.18","Alchemy 43 Dallas-Lakewood","111","4.9","2.97","","not_called","0",""
"Joseph A Russo MD","Newton Centre","Massachusetts","02459","(617) 964-1440","https://josepharussomd.com/?utm_source=google&utm_medium=organic&utm_campaign=gbp","","","","407","4.9","575 Boylston St, Newton Centre, MA 02459","https://www.google.com/maps/search/?api=1&query=Joseph%20A%20Russo%20MD&query_place_id=ChIJjywWOHWC44kRF-9J7WA7WOo","Plastic surgeon; Medical spa; Plastic surgery clinic; Skin care clinic; Store","SkinCare Physicians","460","4.6","1.36","Skin Spa New York - Back Bay","381","4.8","5.93","Restore Hyper Wellness","254","4.9","6.23","","not_called","0",""
"Culture Aesthetics & Wellness","Knoxville","Tennessee","37934","(865) 500-0101","https://culturemedspa.com/?utm_source=google&utm_medium=organic&utm_campaign=GBP","","info@culturemedspa.com","contact_page","283","5.0","116 Concord Rd #100, Knoxville, TN 37934","https://www.google.com/maps/search/?api=1&query=Culture%20Aesthetics%20%26%20Wellness&query_place_id=ChIJg_h4Ol9qFk4RoRg9S94T6ak","Medical spa; Facial spa; Hair transplantation clinic; Laser hair removal service; Skin care clinic; Weight loss service; Wellness center","Ideal Image Knoxville","975","4.8","1.32","Dolce Medical Spa","864","4.9","1.39","Beautique Medical Anti-Aging","536","5.0","1.33","","not_called","0",""
"Only Med Glam Aesthetics & Wellness","Miami","Florida","33145","(786) 355-7770","https://www.onlymedglam.com/","","onlymedglamteam@gmail.com","contact_page","106","5.0","3400 Coral Wy #302, Miami, FL 33145","https://www.google.com/maps/search/?api=1&query=Only%20Med%20Glam%20Aesthetics%20%26%20Wellness&query_place_id=ChIJo2qRhqa52YgRDtIDMZ-InK0","Medical spa; Facial spa; Laser hair removal service; Weight loss service; Wellness center","Ilu Collective","195","5.0","0.66","The Plump Room","188","5.0","0.57","Medilight Aesthetic Clinic - Coral Gables","138","4.9","0.6","","not_called","0",""
"Well Labs+ Medspa Dallas","Dallas","Texas","75209","(214) 238-2251","https://dallas.wellabsplus.com/","","","","359","4.9","5009 W Lovers Ln, Dallas, TX 75209","https://www.google.com/maps/search/?api=1&query=Well%20Labs%2B%20Medspa%20Dallas&query_place_id=ChIJjxoGJHyeToYR6Yq2dQEElwI","Medical spa; Facial spa; Spa","Total Med Solutions","343","4.8","1.55","Sanjiva Medical Spa","246","5.0","0.49","Just Injected","203","5.0","2.13","","not_called","0",""
"The Plump Room","Coral Gables","Florida","33134","(786) 590-0209","http://theplumproommiami.com/?utm_source=google&utm_medium=organic&utm_campaign=gbp","","sixandsouth@gmail.com","contact_page","188","5.0","147 Alhambra Cir # 205, Coral Gables, FL 33134","https://www.google.com/maps/search/?api=1&query=The%20Plump%20Room&query_place_id=ChIJz63BzQe32YgRZ5cnBguQEY0","Medical spa; Facial spa; Health spa; Skin care clinic; Spa","Med Aesthetics Miami","433","4.8","0.12","Ilu Collective","195","5.0","0.24","Medilight Aesthetic Clinic - Coral Gables","138","4.9","0.41","","not_called","0",""
"Glamour Medical Aesthetics","Miami","Florida","33180","(786) 505-9514","https://glamourmedical.com/","","","","115","5.0","2820 NE 214th St Ste 823, Miami, FL 33180","https://www.google.com/maps/search/?api=1&query=Glamour%20Medical%20Aesthetics&query_place_id=ChIJvS_wZvis2YgRJJpDkmLy6BU","Medical spa; Plastic surgery clinic; Skin care clinic","Unique Clinic","339","4.9","0.07","VIO Med Spa","313","5.0","0.46","LoveLand Medical Spa","231","4.9","0.44","","not_called","0",""
"VIO Med Spa","Aventura","Florida","33180","(954) 272-8330","https://www.viomedspa.com/locations/aventura","","valrico@viomedspa.com","contact_page","313","5.0","2980 NE 207th St, Aventura, FL 33180","https://www.google.com/maps/search/?api=1&query=VIO%20Med%20Spa&query_place_id=ChIJIzhq6HKt2YgR8fBztTuoiKM","Medical spa; Facial spa; Health and beauty shop; Laser hair removal service; Skin care clinic; Weight loss service; Wellness center","Unique Clinic","339","4.9","0.5","LoveLand Medical Spa","231","4.9","0.26","Med Aesthetics Miami in Aventura","196","4.8","0.44","","not_called","0",""
"LoveLand Medical Spa","Aventura","Florida","33180","(786) 629-5683","http://lovelandmedspa.com/?utm_source=google&utm_medium=wix_google_business_profile&utm_campaign=12343198781545584431","","info@lovelandmedspa.com","contact_page","231","4.9","20632 Biscayne Blvd, Aventura, FL 33180","https://www.google.com/maps/search/?api=1&query=LoveLand%20Medical%20Spa&query_place_id=ChIJtfrCw-it2YgRG2cqHpwetHQ","Medical spa","The Beauty Clinic","760","5.0","1.63","Unique Clinic","339","4.9","0.44","VIO Med Spa","313","5.0","0.26","","not_called","0",""
"Med Aesthetics Miami in Aventura","Aventura","Florida","33180","(305) 356-7402","https://www.medaestheticsmiami.com/?utm_source=google&utm_medium=organic&utm_content=aventura&utm_campaign=gmb","","aventura@medaestheticsmiami.com","contact_page","196","4.8","Beacon Tower, 20200 W Dixie Hwy Suite G-11, Aventura, FL 33180","https://www.google.com/maps/search/?api=1&query=Med%20Aesthetics%20Miami%20in%20Aventura&query_place_id=ChIJW88tczut2YgRH9N0RL50cms","Medical spa; Beautician; Beauty salon; Facial spa; Laser hair removal service; Skin care clinic; Wellness center","The Beauty Clinic","760","5.0","1.39","Unique Clinic","339","4.9","0.7","VIO Med Spa","313","5.0","0.44","","not_called","0",""
"Aguilar Aesthetics Medspa & Wellness","Aventura","Florida","33180","(754) 837-2717","https://aguilaraesthetics.com/","","medspa@aguilaraesthetics.org","contact_page","182","5.0","2820 NE 214th St Suite 905, Aventura, FL 33180","https://www.google.com/maps/search/?api=1&query=Aguilar%20Aesthetics%20Medspa%20%26%20Wellness&query_place_id=ChIJSddmUBgD2YgRW1ut0krSa_8","Medical spa; Health spa; Medical clinic; Medical laboratory; Nutritionist; Skin care clinic; Tattoo removal service; Weight loss service; Wellness center","Unique Clinic","339","4.9","0.05","VIO Med Spa","313","5.0","0.47","LoveLand Medical Spa","231","4.9","0.44","","not_called","0",""
"Aventura Aesthetics Spa","Sunny Isles Beach","Florida","33160","(305) 454-0449","http://aventuraesthetics.square.site/","","aventuraesthetics@gmail.com","contact_page","92","4.9","19201 Collins Ave CU-204-A, Sunny Isles Beach, FL 33160","https://www.google.com/maps/search/?api=1&query=Aventura%20Aesthetics%20Spa&query_place_id=ChIJPV0RxKyt2YgRhYRJPPhbT44","Medical spa; Facial spa; Health and beauty shop; Laser hair removal service; Massage spa; Permanent make-up clinic; Skin care clinic; Spa; Weight loss service","The Beauty Clinic","760","5.0","1.87","VIO Med Spa","313","5.0","1.63","LoveLand Medical Spa","231","4.9","1.86","","not_called","0",""
"The Beauty Clinic","Aventura","Florida","33160","(305) 882-9439","https://thebeautyclinic.com/","","info@thebeautyclinic.com","contact_page","760","5.0","18157 Biscayne Blvd, Aventura, FL 33160","https://www.google.com/maps/search/?api=1&query=The%20Beauty%20Clinic&query_place_id=ChIJh_EVz2qt2YgRbItGjZGUeF4","Medical spa","VIO Med Spa","313","5.0","1.66","LoveLand Medical Spa","231","4.9","1.63","Med Aesthetics Miami in Aventura","196","4.8","1.39","","not_called","0",""
"Queen Aesthetics","Houston","Texas","77024","(832) 426-4489","https://www.queenaesthetics.net/","","","","208","5.0","333 W Loop N Fwy Suite# 440, Houston, TX 77024","https://www.google.com/maps/search/?api=1&query=Queen%20Aesthetics&query_place_id=ChIJ7Rb6SS3BQIYRbj-tCh_7N7E","Medical spa; Dermatologist; Skin care clinic","Glow Medspa Houston","421","4.7","1.47","Renud Med Spa","308","4.9","0.44","Galleria Aesthetics and Wellness","281","4.8","2.53","","not_called","0",""
"AYA Medical Spa Dallas - University Park","Dallas","Texas","75205","(469) 765-3011","https://ayaskin.com/locations/snider-plaza?utm_source=googlemybusiness&utm_medium=organic&utm_campaign=texas-snider-plaza","","","","139","5.0","6825 Snider Plaza, Dallas, TX 75205","https://www.google.com/maps/search/?api=1&query=AYA%20Medical%20Spa%20Dallas%20-%20University%20Park&query_place_id=ChIJo_L80uifToYRmY82xz8pKrg","Medical spa","UPKEEP Med Spa","887","4.9","2.16","ZO Skin Centre","486","4.9","2.1","Well Labs+ Medspa Dallas","359","4.9","2.13","","not_called","0",""
"Miliv Med Spa & Facials","Houston","Texas","77019","(713) 585-0715","https://milivmed-spa.com/","","support@organicbsi.com","contact_page","446","4.8","524 Waugh Dr, Houston, TX 77019","https://www.google.com/maps/search/?api=1&query=Miliv%20Med%20Spa%20%26%20Facials&query_place_id=ChIJIQNO4XDBQIYRwzhP7SIMFLw","Facial spa; Health spa; Medical spa; Spa","Dream Aesthetics Medspa","441","5.0","1.13","Sisu Clinic Houston","434","4.9","1.19","It's A Secret Med Spa - Houston","306","4.4","0.85","","not_called","0",""
"Young Again Cosmetic Injections","Scottsdale","Arizona","85251","(480) 980-2996","https://www.youngagaincosmeticinjections.com/","","diane@yamedspa.com","contact_page","528","5.0","7046 E Main St Suite 110, Scottsdale, AZ 85251","https://www.google.com/maps/search/?api=1&query=Young%20Again%20Cosmetic%20Injections&query_place_id=ChIJo5CRjKkLK4cRsaiubQxac1A","Medical spa","Alani Skin MD","681","4.8","0.24","Nude Aesthetics Med Spa Scottsdale","566","5.0","0.47","The Perfect Secret Med Spa","543","5.0","0.33","","not_called","0",""
"Skin Beautiful","Scottsdale","Arizona","85251","(480) 578-6364","https://skinbeautifulaz.com/","","Laura@skinbeautifulaz.com","contact_page","562","5.0","7325 E 6th Ave, Scottsdale, AZ 85251","https://www.google.com/maps/search/?api=1&query=Skin%20Beautiful&query_place_id=ChIJrUiWzqELK4cReuPmmhd_Gg0","Medical spa","Alani Skin MD","681","4.8","0.45","Nude Aesthetics Med Spa Scottsdale","566","5.0","0.09","The Perfect Secret Med Spa","543","5.0","0.56","","not_called","0",""
"Shining Way Esthetics","Katy","Texas","77494","(281) 497-4463","https://www.shiningwayesthetics.com/?utm_source=Google&utm_medium=GMB&utm_campaign=Organic","","","","151","4.9","24646 Kingsland Blvd, Katy, TX 77494","https://www.google.com/maps/search/?api=1&query=Shining%20Way%20Esthetics&query_place_id=ChIJ_bKrDfXcQIYROXBQdhcuvTs","Medical spa; Facial spa; Laser hair removal service; Permanent make-up clinic; Tattoo removal service; Waxing hair removal service","All Is Well Holistic Spa","1787","4.7","0.81","Katy Med Tech Spa","1208","4.9","0.37","Oasis Laser MedSpa","297","4.8","0.41","","not_called","0",""
"The Flawless Lab - Medspa","Scottsdale","Arizona","85260","(480) 550-6242","https://theflawlesslab.com/","","reception@theflawlesslab.com","contact_page","974","5.0","13840 N Northsight Blvd #117, Scottsdale, AZ 85260","https://www.google.com/maps/search/?api=1&query=The%20Flawless%20Lab%20-%20Medspa&query_place_id=ChIJj4M5Wtl1K4cRszC5SHIMXmI","Medical spa; Facial spa; Laser hair removal service; Skin care clinic","Moderne Medical Aesthetics","387","5.0","1.99","Amplified Beauty","326","4.8","1.94","Institute of Aesthetics, Beauty & Wellness","217","5.0","0.24","","not_called","0",""
"Dr. Hamadiya Miami Wellness and Aesthetic Center","Miami","Florida","33131","(305) 469-1188","https://drhamadiya.com/","","","","282","5.0","999 Brickell Ave #920, Miami, FL 33131","https://www.google.com/maps/search/?api=1&query=Dr.%20Hamadiya%20Miami%20Wellness%20and%20Aesthetic%20Center&query_place_id=ChIJq7ByHUiv2YgRRHegqHb-Lo4","Doctor; Cosmetics industry; Medical Center; Medical clinic; Medical spa; Skin care clinic; Specialized clinic","LUX MedSpa Brickell","2227","5.0","0.22","Miami Aesthetic - Pat Pazmiño, MD, FACS","344","4.7","0.09","Solea Brickell Spa","341","4.4","0.28","","not_called","0",""
"Unique Clinic","Aventura","Florida","33180","(954) 895-4707","https://www.uclinicmiami.com/","","uclinicmiami@gmail.com","contact_page","339","4.9","2801 NE 213th St Ste 1111, Aventura, FL 33180","https://www.google.com/maps/search/?api=1&query=Unique%20Clinic&query_place_id=ChIJYcHGURSt2YgR3TqRhJdXOqQ","Medical spa; Skin care clinic","VIO Med Spa","313","5.0","0.5","LoveLand Medical Spa","231","4.9","0.44","Med Aesthetics Miami in Aventura","196","4.8","0.7","","not_called","0",""
"New Heights Med Spa","Houston","Texas","77057","(832) 460-1900","http://newheightsmedspa.com/","","","","64","4.3","6363 Richmond Ave #503, Houston, TX 77057","https://www.google.com/maps/search/?api=1&query=New%20Heights%20Med%20Spa&query_place_id=ChIJs-Hb5NjDQIYRF-imp4tZkxk","Spa; Day spa; Laser hair removal service; Medical spa","Hi Beautiful Aesthetics","439","4.8","2.07","Galleria Aesthetics and Wellness","281","4.8","1.6","Derma Theory","238","5.0","1.19","","not_called","0",""
"It’s A Secret Med Spa","Scottsdale","Arizona","85254","(480) 685-2647","https://secretmedspa.com/scottsdale-az/","","","","106","4.3","7012 E Greenway Pkwy Suite 140, Scottsdale, AZ 85254","https://www.google.com/maps/search/?api=1&query=It%E2%80%99s%20A%20Secret%20Med%20Spa&query_place_id=ChIJEX-yOT51K4cRdeAse6PqeU0","Medical spa","Inside Out Aesthetics","1003","5.0","2.8","The Flawless Lab - Medspa","974","5.0","2.05","Center for Aesthetic and Laser Medicine Scottsdale","333","4.9","2.58","","not_called","0",""
"The Perfect Secret Med Spa","Scottsdale","Arizona","85251","(480) 647-8991","https://www.itstheperfectsecret.com/","","admin@itstheperfectsecret.com","contact_page","543","5.0","7301 E 2nd St Ste 200, Scottsdale, AZ 85251","https://www.google.com/maps/search/?api=1&query=The%20Perfect%20Secret%20Med%20Spa&query_place_id=ChIJoxcu0fZ1K4cRflxDm7fM5Z8","Medical spa","Alani Skin MD","681","4.8","0.13","Nude Aesthetics Med Spa Scottsdale","566","5.0","0.48","Young Again Cosmetic Injections","528","5.0","0.33","","not_called","0",""
"DS Skin & Lips Medical Spa","Scottsdale","Arizona","85257","(480) 864-5100","https://www.dsskinandlips.com/","","info@dsskinandlips.com","contact_page","328","4.8","617 N Scottsdale Rd Ste. B, Scottsdale, AZ 85257","https://www.google.com/maps/search/?api=1&query=DS%20Skin%20%26%20Lips%20Medical%20Spa&query_place_id=ChIJiyvkxFIPkFQRARJWGTSSyYw","Medical spa","Alani Skin MD","681","4.8","2.58","The Perfect Secret Med Spa","543","5.0","2.46","Franco Wellness & Aesthetics - Scottsdale AZ","263","5.0","2.33","","not_called","0",""
"Derma Health Skin & Laser","Scottsdale","Arizona","85258","(480) 470-5747","https://www.dhiskin.com/","","","","128","4.9","10390 N 90th St A, Scottsdale, AZ 85258","https://www.google.com/maps/search/?api=1&query=Derma%20Health%20Skin%20%26%20Laser&query_place_id=ChIJy7LwNYF1K4cRQZe_Nx6HlP8","Medical spa","ZONA MED SPA","532","4.9","0.61","Moderne Medical Aesthetics","387","5.0","0.51","Aesthetic Assets","349","5.0","1.59","","not_called","0",""
"Injections by Megan","Scottsdale","Arizona","85258","(602) 793-0370","https://injectionsbymegan.com/","","megan@injectionsbymegan.com","contact_page","60","4.9","8415 N Pima Rd STE 200, Scottsdale, AZ 85258","https://www.google.com/maps/search/?api=1&query=Injections%20by%20Megan&query_place_id=ChIJ_V5lSC11K4cRIXEvK8giBKo","Medical spa; Facial spa; Medical clinic; Permanent make-up clinic; Plastic surgery clinic; Skin care clinic","ZONA MED SPA","532","4.9","1.26","Aesthetic Assets","349","5.0","0.01","Profile Aesthetics","141","5.0","1.59","","not_called","0",""
"Amplified Beauty","Scottsdale","Arizona","85260","(602) 854-6496","http://amplified-beauty.com/","","","","326","4.8","10752 N 89th Pl Unit C-231, Scottsdale, AZ 85260","https://www.google.com/maps/search/?api=1&query=Amplified%20Beauty&query_place_id=ChIJ0bTtHFELK4cR7N6jc8uy7Vo","Medical spa; Laser hair removal service; Skin care clinic","ZONA MED SPA","532","4.9","0.84","Moderne Medical Aesthetics","387","5.0","0.32","Aesthetic Assets","349","5.0","1.9","","not_called","0",""
"Medilight Aesthetic Clinic - Coral Gables","Coral Gables","Florida","33134","(786) 413-0785","http://medilight.us/en/","","","","138","4.9","2710 Ponce de Leon Blvd, Coral Gables, FL 33134","https://www.google.com/maps/search/?api=1&query=Medilight%20Aesthetic%20Clinic%20-%20Coral%20Gables&query_place_id=ChIJqZdL-3S32YgR6mb3mcJTPT4","Medical spa; Facial spa; Spa and health club; Weight loss service","Med Aesthetics Miami","433","4.8","0.49","Ilu Collective","195","5.0","0.64","The Plump Room","188","5.0","0.41","","not_called","0",""
"Avalon Medical Spa","Dartmouth","Massachusetts","02747","(774) 202-7049","http://avalonmedicalspa.net/","","","","77","4.9","77 Wolcott Ave, Dartmouth, MA 02747","https://www.google.com/maps/search/?api=1&query=Avalon%20Medical%20Spa&query_place_id=ChIJWV--e7jj5IkRwptLzg09Aew","Medical spa","","0","0.0","0.0","","0","0.0","0.0","","0","0.0","0.0","","not_called","0",""
"Azala Skin Clinic","Miami","Florida","33133","(786) 949-5512","http://www.azalaskinclinic.com/?utm_source=GMBlisting&utm_medium=organic&utm_campaign=gmb","","","","410","4.9","Third Floor Suite, 3444 Main Hwy Unit 23, Miami, FL 33133","https://www.google.com/maps/search/?api=1&query=Azala%20Skin%20Clinic&query_place_id=ChIJ6U5Omtu32YgRAQemkK01x6s","Medical spa","ALEXIS LAUREN | Coral Gables","447","5.0","0.99","Facial Mania Med Spa - Coral Gables","342","4.7","1.19","Body Rx Miami Anti-Aging & Medspa","298","4.8","0.95","","not_called","0",""
